unique_id,ds,customer_prediction,sales_prediction
store_1,2015-07-20,486.06,3727.445
store_1,2015-07-21,446.065,3443.395
store_1,2015-07-22,461.36,3508.745
store_1,2015-07-23,470.705,3577.855
store_1,2015-07-24,462.035,3617.725
store_1,2015-07-25,475.375,3806.19
store_1,2015-07-26,0.0,0.0
store_1,2015-07-27,570.98,5167.185
store_1,2015-07-28,534.435,4874.215
store_1,2015-07-29,551.45,4816.255
store_1,2015-07-30,548.46,4764.01
store_1,2015-07-31,541.455,4745.85
store_1,2015-08-01,490.27,4257.37
store_1,2015-08-02,0.0,0.0
store_1,2015-08-03,592.62,5392.185
store_1,2015-08-04,524.31,4658.15
store_1,2015-08-05,504.145,4382.385
store_1,2015-08-06,509.63,4352.21
store_1,2015-08-07,508.23,4490.36
store_1,2015-08-08,476.645,3870.085
store_1,2015-08-09,0.0,0.0
store_1,2015-08-10,499.31,3841.25
store_1,2015-08-11,446.11,3418.535
store_1,2015-08-12,426.925,3396.165
store_1,2015-08-13,442.595,3527.045
store_1,2015-08-14,466.18,3671.385
store_1,2015-08-15,470.71,3974.41
store_1,2015-08-16,0.0,0.0
store_1,2015-08-17,587.03,5193.385
store_1,2015-08-18,512.48,4539.535
store_1,2015-08-19,495.525,4191.525
store_1,2015-08-20,500.495,4148.38
store_1,2015-08-21,514.585,4248.595
store_1,2015-08-22,482.83,3934.955
store_1,2015-08-23,0.0,0.0
store_1,2015-08-24,495.77,3764.655
store_1,2015-08-25,445.485,3453.935
store_1,2015-08-26,435.045,3390.95
store_1,2015-08-27,450.41,3554.02
store_1,2015-08-28,465.905,3685.665
store_1,2015-08-29,460.475,3832.945
store_10,2015-07-20,595.465,5652.22
store_10,2015-07-21,545.355,5168.74
store_10,2015-07-22,555.04,5267.29
store_10,2015-07-23,582.05,5480.485
store_10,2015-07-24,638.85,6297.085
store_10,2015-07-25,595.47,5813.995
store_10,2015-07-26,0.0,0.0
store_10,2015-07-27,750.295,9284.07
store_10,2015-07-28,648.3,7931.075
store_10,2015-07-29,657.365,7330.335
store_10,2015-07-30,676.33,7350.65
store_10,2015-07-31,711.29,7951.235
store_10,2015-08-01,638.375,6038.475
store_10,2015-08-02,0.0,0.0
store_10,2015-08-03,777.465,9115.97
store_10,2015-08-04,648.745,7524.835
store_10,2015-08-05,606.925,7019.75
store_10,2015-08-06,641.795,7159.17
store_10,2015-08-07,670.22,7568.93
store_10,2015-08-08,624.15,6054.82
store_10,2015-08-09,0.0,0.0
store_10,2015-08-10,603.005,5754.705
store_10,2015-08-11,544.825,5207.98
store_10,2015-08-12,535.605,5198.435
store_10,2015-08-13,567.655,5608.72
store_10,2015-08-14,608.145,6347.615
store_10,2015-08-15,631.11,6209.53
store_10,2015-08-16,0.0,0.0
store_10,2015-08-17,807.73,9503.985
store_10,2015-08-18,701.945,7850.525
store_10,2015-08-19,661.97,7098.235
store_10,2015-08-20,671.45,7083.875
store_10,2015-08-21,710.465,7598.005
store_10,2015-08-22,646.72,6163.515
store_10,2015-08-23,0.0,0.0
store_10,2015-08-24,610.035,5931.595
store_10,2015-08-25,548.565,5408.43
store_10,2015-08-26,543.105,5335.435
store_10,2015-08-27,578.635,5642.58
store_10,2015-08-28,620.47,6304.09
store_10,2015-08-29,632.07,6228.11
store_100,2015-07-20,654.15,5206.54
store_100,2015-07-21,595.085,4805.445
store_100,2015-07-22,618.01,4936.725
store_100,2015-07-23,627.475,4908.595
store_100,2015-07-24,646.435,5299.395
store_100,2015-07-25,723.915,6052.445
store_100,2015-07-26,0.0,0.0
store_100,2015-07-27,816.485,8378.385
store_100,2015-07-28,732.31,7579.225
store_100,2015-07-29,757.185,7570.505
store_100,2015-07-30,763.725,7655.965
store_100,2015-07-31,772.585,7979.44
store_100,2015-08-01,729.405,6411.65
store_100,2015-08-02,0.0,0.0
store_100,2015-08-03,881.675,9164.63
store_100,2015-08-04,740.215,7529.085
store_100,2015-08-05,712.88,7112.505
store_100,2015-08-06,713.785,6959.51
store_100,2015-08-07,728.375,7044.81
store_100,2015-08-08,719.695,6482.86
store_100,2015-08-09,0.0,0.0
store_100,2015-08-10,708.445,5926.55
store_100,2015-08-11,656.335,5519.125
store_100,2015-08-12,663.475,5489.205
store_100,2015-08-13,646.3,5715.79
store_100,2015-08-14,679.285,6055.74
store_100,2015-08-15,726.375,6314.86
store_100,2015-08-16,0.0,0.0
store_100,2015-08-17,868.535,9247.66
store_100,2015-08-18,769.48,7794.015
store_100,2015-08-19,734.59,7186.915
store_100,2015-08-20,743.05,7177.515
store_100,2015-08-21,745.79,7356.495
store_100,2015-08-22,717.6,6357.68
store_100,2015-08-23,0.0,0.0
store_100,2015-08-24,688.6,6176.655
store_100,2015-08-25,627.965,5632.525
store_100,2015-08-26,611.635,5488.785
store_100,2015-08-27,627.44,5806.75
store_100,2015-08-28,671.03,6421.975
store_100,2015-08-29,711.125,6552.46
store_101,2015-07-20,575.05,4247.69
store_101,2015-07-21,519.7,3928.665
store_101,2015-07-22,541.525,4224.65
store_101,2015-07-23,555.035,4257.675
store_101,2015-07-24,537.91,4121.275
store_101,2015-07-25,378.945,2957.295
store_101,2015-07-26,0.0,0.0
store_101,2015-07-27,716.105,7278.66
store_101,2015-07-28,625.345,6062.725
store_101,2015-07-29,625.775,5632.41
store_101,2015-07-30,675.48,5718.955
store_101,2015-07-31,626.765,5237.225
store_101,2015-08-01,373.495,2962.185
store_101,2015-08-02,0.0,0.0
store_101,2015-08-03,745.91,7427.205
store_101,2015-08-04,623.37,5918.4
store_101,2015-08-05,608.045,5486.215
store_101,2015-08-06,616.24,5240.73
store_101,2015-08-07,594.325,4818.965
store_101,2015-08-08,370.185,2938.145
store_101,2015-08-09,0.0,0.0
store_101,2015-08-10,546.735,4314.475
store_101,2015-08-11,509.25,3919.35
store_101,2015-08-12,525.275,4113.995
store_101,2015-08-13,539.925,4220.265
store_101,2015-08-14,553.19,4140.645
store_101,2015-08-15,370.76,2897.32
store_101,2015-08-16,0.0,0.0
store_101,2015-08-17,705.615,6705.675
store_101,2015-08-18,631.72,5580.375
store_101,2015-08-19,599.325,5083.75
store_101,2015-08-20,612.505,5098.825
store_101,2015-08-21,609.725,4899.7
store_101,2015-08-22,380.875,2887.86
store_101,2015-08-23,0.0,0.0
store_101,2015-08-24,547.525,3995.85
store_101,2015-08-25,500.725,3699.95
store_101,2015-08-26,494.915,3800.1
store_101,2015-08-27,519.325,4069.715
store_101,2015-08-28,548.81,4212.355
store_101,2015-08-29,374.355,2891.6
store_102,2015-07-20,864.825,6102.88
store_102,2015-07-21,798.315,5678.33
store_102,2015-07-22,772.685,5599.0
store_102,2015-07-23,809.21,5762.15
store_102,2015-07-24,765.93,5467.77
store_102,2015-07-25,804.555,5751.27
store_102,2015-07-26,0.0,0.0
store_102,2015-07-27,1043.475,9240.3
store_102,2015-07-28,952.43,8194.685
store_102,2015-07-29,938.64,7861.44
store_102,2015-07-30,968.35,7912.875
store_102,2015-07-31,883.53,6946.56
store_102,2015-08-01,831.17,5869.335
store_102,2015-08-02,0.0,0.0
store_102,2015-08-03,1144.105,9893.905
store_102,2015-08-04,978.835,8191.185
store_102,2015-08-05,922.275,7583.245
store_102,2015-08-06,904.045,7450.61
store_102,2015-08-07,841.555,6698.01
store_102,2015-08-08,808.805,6059.28
store_102,2015-08-09,0.0,0.0
store_102,2015-08-10,869.93,6288.095
store_102,2015-08-11,813.4,5769.135
store_102,2015-08-12,785.075,5643.085
store_102,2015-08-13,805.035,5887.2
store_102,2015-08-14,792.295,5643.605
store_102,2015-08-15,798.735,5873.55
store_102,2015-08-16,0.0,0.0
store_102,2015-08-17,1092.935,9038.45
store_102,2015-08-18,976.235,7719.255
store_102,2015-08-19,942.32,7155.47
store_102,2015-08-20,938.095,7077.585
store_102,2015-08-21,898.725,6571.225
store_102,2015-08-22,826.65,5929.535
store_102,2015-08-23,0.0,0.0
store_102,2015-08-24,905.265,6181.47
store_102,2015-08-25,821.02,5751.145
store_102,2015-08-26,772.75,5346.53
store_102,2015-08-27,804.69,5688.59
store_102,2015-08-28,773.555,5523.94
store_102,2015-08-29,771.75,5660.56
store_103,2015-07-20,819.9,6679.745
store_103,2015-07-21,727.395,5903.795
store_103,2015-07-22,733.655,5905.33
store_103,2015-07-23,735.995,5962.63
store_103,2015-07-24,743.845,5932.66
store_103,2015-07-25,797.07,6525.005
store_103,2015-07-26,0.0,0.0
store_103,2015-07-27,1029.91,10888.075
store_103,2015-07-28,909.435,9831.265
store_103,2015-07-29,876.325,9102.97
store_103,2015-07-30,922.84,8947.13
store_103,2015-07-31,884.735,8291.05
store_103,2015-08-01,844.165,7097.75
store_103,2015-08-02,0.0,0.0
store_103,2015-08-03,1110.05,11980.2
store_103,2015-08-04,912.91,9341.165
store_103,2015-08-05,867.41,8603.46
store_103,2015-08-06,865.315,8523.085
store_103,2015-08-07,843.005,7866.81
store_103,2015-08-08,826.055,7245.075
store_103,2015-08-09,0.0,0.0
store_103,2015-08-10,864.775,7774.62
store_103,2015-08-11,786.595,7164.18
store_103,2015-08-12,774.61,6791.88
store_103,2015-08-13,798.285,7004.795
store_103,2015-08-14,832.915,6893.06
store_103,2015-08-15,852.515,7202.905
store_103,2015-08-16,0.0,0.0
store_103,2015-08-17,1109.735,12349.385
store_103,2015-08-18,959.93,10137.2
store_103,2015-08-19,939.36,9281.235
store_103,2015-08-20,915.19,8976.015
store_103,2015-08-21,918.475,8623.335
store_103,2015-08-22,838.265,7224.895
store_103,2015-08-23,0.0,0.0
store_103,2015-08-24,858.545,7911.865
store_103,2015-08-25,776.21,7397.645
store_103,2015-08-26,776.02,7216.315
store_103,2015-08-27,796.775,7453.735
store_103,2015-08-28,849.06,7887.2
store_103,2015-08-29,841.825,7617.95
store_104,2015-07-20,406.54,4534.05
store_104,2015-07-21,360.625,4115.865
store_104,2015-07-22,371.615,4125.96
store_104,2015-07-23,354.77,4050.025
store_104,2015-07-24,388.12,4383.04
store_104,2015-07-25,429.41,5206.975
store_104,2015-07-26,0.0,0.0
store_104,2015-07-27,561.95,7774.75
store_104,2015-07-28,481.575,6647.21
store_104,2015-07-29,473.995,6183.26
store_104,2015-07-30,454.685,5818.34
store_104,2015-07-31,460.92,5948.985
store_104,2015-08-01,435.865,5253.585
store_104,2015-08-02,0.0,0.0
store_104,2015-08-03,584.415,7960.935
store_104,2015-08-04,488.52,6434.565
store_104,2015-08-05,453.43,5617.995
store_104,2015-08-06,448.28,5493.015
store_104,2015-08-07,459.82,5685.085
store_104,2015-08-08,435.715,5154.425
store_104,2015-08-09,0.0,0.0
store_104,2015-08-10,434.985,4947.74
store_104,2015-08-11,386.535,4509.4
store_104,2015-08-12,380.985,4359.72
store_104,2015-08-13,403.375,4545.72
store_104,2015-08-14,421.735,4868.525
store_104,2015-08-15,426.325,4905.365
store_104,2015-08-16,0.0,0.0
store_104,2015-08-17,557.255,7638.845
store_104,2015-08-18,490.725,6399.735
store_104,2015-08-19,463.215,5869.785
store_104,2015-08-20,463.945,5779.63
store_104,2015-08-21,473.74,5857.16
store_104,2015-08-22,446.605,5169.255
store_104,2015-08-23,0.0,0.0
store_104,2015-08-24,429.73,4976.915
store_104,2015-08-25,377.83,4530.105
store_104,2015-08-26,385.83,4505.64
store_104,2015-08-27,398.96,4694.535
store_104,2015-08-28,422.095,5111.385
store_104,2015-08-29,433.84,5047.63
store_105,2015-07-20,505.53,5135.22
store_105,2015-07-21,474.65,4908.335
store_105,2015-07-22,472.12,5097.825
store_105,2015-07-23,495.43,5259.01
store_105,2015-07-24,507.65,5379.51
store_105,2015-07-25,491.43,5070.7
store_105,2015-07-26,0.0,0.0
store_105,2015-07-27,664.115,8329.95
store_105,2015-07-28,572.01,7347.18
store_105,2015-07-29,562.77,6868.98
store_105,2015-07-30,585.39,6757.275
store_105,2015-07-31,584.205,6715.675
store_105,2015-08-01,500.255,5116.52
store_105,2015-08-02,0.0,0.0
store_105,2015-08-03,705.73,9016.765
store_105,2015-08-04,585.045,7171.745
store_105,2015-08-05,547.92,6588.94
store_105,2015-08-06,564.315,6449.79
store_105,2015-08-07,548.005,6155.465
store_105,2015-08-08,493.745,5136.605
store_105,2015-08-09,0.0,0.0
store_105,2015-08-10,526.75,5391.12
store_105,2015-08-11,474.27,4915.635
store_105,2015-08-12,479.485,4956.75
store_105,2015-08-13,508.165,5305.355
store_105,2015-08-14,529.635,5206.1
store_105,2015-08-15,507.895,5002.355
store_105,2015-08-16,0.0,0.0
store_105,2015-08-17,708.985,8380.04
store_105,2015-08-18,598.815,6866.79
store_105,2015-08-19,586.87,6554.02
store_105,2015-08-20,610.005,6602.305
store_105,2015-08-21,595.975,6468.33
store_105,2015-08-22,517.115,5009.365
store_105,2015-08-23,0.0,0.0
store_105,2015-08-24,518.78,5023.425
store_105,2015-08-25,470.965,4589.5
store_105,2015-08-26,469.91,4688.51
store_105,2015-08-27,506.635,5113.0
store_105,2015-08-28,527.88,5336.76
store_105,2015-08-29,496.3,5044.045
store_106,2015-07-20,720.295,5684.42
store_106,2015-07-21,732.31,5541.515
store_106,2015-07-22,659.34,5087.75
store_106,2015-07-23,676.54,4997.84
store_106,2015-07-24,780.585,5983.845
store_106,2015-07-25,535.25,4285.915
store_106,2015-07-26,0.0,0.0
store_106,2015-07-27,915.895,9235.42
store_106,2015-07-28,906.04,8820.73
store_106,2015-07-29,837.23,8049.145
store_106,2015-07-30,848.435,7517.515
store_106,2015-07-31,892.0,8157.135
store_106,2015-08-01,587.02,4904.325
store_106,2015-08-02,0.0,0.0
store_106,2015-08-03,937.1,9554.03
store_106,2015-08-04,828.805,8144.285
store_106,2015-08-05,764.58,7187.45
store_106,2015-08-06,763.935,6751.655
store_106,2015-08-07,817.695,7408.245
store_106,2015-08-08,579.88,4867.195
store_106,2015-08-09,0.0,0.0
store_106,2015-08-10,776.645,6204.375
store_106,2015-08-11,711.75,5850.02
store_106,2015-08-12,678.415,5605.835
store_106,2015-08-13,697.87,5596.055
store_106,2015-08-14,760.91,6266.36
store_106,2015-08-15,604.175,5111.575
store_106,2015-08-16,0.0,0.0
store_106,2015-08-17,965.825,9769.72
store_106,2015-08-18,882.93,8477.95
store_106,2015-08-19,804.335,7521.505
store_106,2015-08-20,820.575,7231.205
store_106,2015-08-21,838.03,7548.55
store_106,2015-08-22,625.605,5187.185
store_106,2015-08-23,0.0,0.0
store_106,2015-08-24,781.695,6366.605
store_106,2015-08-25,709.24,6038.5
store_106,2015-08-26,669.6,5820.53
store_106,2015-08-27,696.975,5986.53
store_106,2015-08-28,732.44,6477.295
store_106,2015-08-29,592.42,5339.755
store_107,2015-07-20,424.735,4328.93
store_107,2015-07-21,393.085,4054.465
store_107,2015-07-22,438.2,4513.05
store_107,2015-07-23,439.875,4638.11
store_107,2015-07-24,442.715,4639.075
store_107,2015-07-25,454.89,4779.415
store_107,2015-07-26,0.0,0.0
store_107,2015-07-27,653.735,8575.02
store_107,2015-07-28,551.925,7403.49
store_107,2015-07-29,547.985,7016.945
store_107,2015-07-30,541.93,6741.91
store_107,2015-07-31,533.915,6489.555
store_107,2015-08-01,501.675,5099.97
store_107,2015-08-02,0.0,0.0
store_107,2015-08-03,688.15,8783.72
store_107,2015-08-04,535.805,6863.625
store_107,2015-08-05,516.25,6527.66
store_107,2015-08-06,525.6,6493.15
store_107,2015-08-07,510.475,6176.125
store_107,2015-08-08,474.44,5052.775
store_107,2015-08-09,0.0,0.0
store_107,2015-08-10,476.73,5185.11
store_107,2015-08-11,433.12,4945.945
store_107,2015-08-12,437.025,4943.005
store_107,2015-08-13,463.65,5335.18
store_107,2015-08-14,485.795,5467.24
store_107,2015-08-15,484.79,5400.545
store_107,2015-08-16,0.0,0.0
store_107,2015-08-17,676.49,8819.975
store_107,2015-08-18,564.14,7272.51
store_107,2015-08-19,549.965,6898.415
store_107,2015-08-20,555.27,7027.34
store_107,2015-08-21,538.17,6754.7
store_107,2015-08-22,484.8,5275.845
store_107,2015-08-23,0.0,0.0
store_107,2015-08-24,460.545,5346.905
store_107,2015-08-25,410.695,4955.62
store_107,2015-08-26,429.03,5123.31
store_107,2015-08-27,448.475,5602.43
store_107,2015-08-28,485.75,5953.985
store_107,2015-08-29,466.11,5349.55
store_108,2015-07-20,749.78,6763.755
store_108,2015-07-21,663.675,6339.77
store_108,2015-07-22,681.945,6340.585
store_108,2015-07-23,700.46,6660.68
store_108,2015-07-24,751.88,7049.095
store_108,2015-07-25,684.91,6528.66
store_108,2015-07-26,0.0,0.0
store_108,2015-07-27,987.375,11303.455
store_108,2015-07-28,872.7,10037.85
store_108,2015-07-29,850.48,9481.775
store_108,2015-07-30,885.47,9632.065
store_108,2015-07-31,905.07,9853.05
store_108,2015-08-01,736.17,7163.75
store_108,2015-08-02,0.0,0.0
store_108,2015-08-03,1007.88,11850.465
store_108,2015-08-04,842.305,9458.855
store_108,2015-08-05,805.64,8846.34
store_108,2015-08-06,801.57,8634.545
store_108,2015-08-07,820.53,8757.6
store_108,2015-08-08,716.985,6940.025
store_108,2015-08-09,0.0,0.0
store_108,2015-08-10,798.485,7469.585
store_108,2015-08-11,712.205,6820.235
store_108,2015-08-12,676.32,6448.075
store_108,2015-08-13,695.565,6666.045
store_108,2015-08-14,753.41,7302.535
store_108,2015-08-15,719.33,6893.465
store_108,2015-08-16,0.0,0.0
store_108,2015-08-17,1016.365,11465.74
store_108,2015-08-18,882.175,9666.66
store_108,2015-08-19,855.96,8949.82
store_108,2015-08-20,863.125,8840.835
store_108,2015-08-21,873.6,8943.76
store_108,2015-08-22,755.405,7078.71
store_108,2015-08-23,0.0,0.0
store_108,2015-08-24,765.3,7045.24
store_108,2015-08-25,679.44,6408.285
store_108,2015-08-26,684.655,6406.665
store_108,2015-08-27,702.93,6675.83
store_108,2015-08-28,759.71,7542.655
store_108,2015-08-29,743.335,7248.18
store_109,2015-07-20,717.68,4578.135
store_109,2015-07-21,667.145,4172.535
store_109,2015-07-22,737.93,4783.625
store_109,2015-07-23,651.89,4271.78
store_109,2015-07-24,663.265,4185.3
store_109,2015-07-25,649.67,4250.58
store_109,2015-07-26,0.0,0.0
store_109,2015-07-27,1010.33,8919.29
store_109,2015-07-28,881.865,7471.74
store_109,2015-07-29,910.71,7415.29
store_109,2015-07-30,845.435,6557.04
store_109,2015-07-31,767.7,5610.875
store_109,2015-08-01,658.87,4381.02
store_109,2015-08-02,0.0,0.0
store_109,2015-08-03,1064.535,9393.325
store_109,2015-08-04,893.4,7311.27
store_109,2015-08-05,858.045,7047.215
store_109,2015-08-06,779.055,6169.885
store_109,2015-08-07,742.49,5429.47
store_109,2015-08-08,656.025,4499.05
store_109,2015-08-09,0.0,0.0
store_109,2015-08-10,779.23,5573.93
store_109,2015-08-11,744.275,5216.915
store_109,2015-08-12,730.76,5205.315
store_109,2015-08-13,703.145,4905.035
store_109,2015-08-14,726.945,4834.845
store_109,2015-08-15,653.605,4541.435
store_109,2015-08-16,0.0,0.0
store_109,2015-08-17,1076.485,9458.16
store_109,2015-08-18,940.335,7936.5
store_109,2015-08-19,884.97,7153.055
store_109,2015-08-20,854.195,6670.09
store_109,2015-08-21,812.56,6133.62
store_109,2015-08-22,659.44,4506.31
store_109,2015-08-23,0.0,0.0
store_109,2015-08-24,786.14,5890.245
store_109,2015-08-25,712.575,5589.405
store_109,2015-08-26,717.475,5422.6
store_109,2015-08-27,706.27,5422.485
store_109,2015-08-28,728.25,5207.905
store_109,2015-08-29,657.365,4705.61
store_11,2015-07-20,856.605,7961.78
store_11,2015-07-21,816.46,7265.055
store_11,2015-07-22,841.415,7403.645
store_11,2015-07-23,835.125,7291.62
store_11,2015-07-24,834.38,7250.54
store_11,2015-07-25,556.19,5057.38
store_11,2015-07-26,0.0,0.0
store_11,2015-07-27,1070.13,11976.72
store_11,2015-07-28,1011.59,10645.485
store_11,2015-07-29,982.45,10570.37
store_11,2015-07-30,967.495,9809.045
store_11,2015-07-31,926.345,9409.265
store_11,2015-08-01,596.09,5510.78
store_11,2015-08-02,0.0,0.0
store_11,2015-08-03,1103.93,12252.195
store_11,2015-08-04,968.48,9860.18
store_11,2015-08-05,932.35,9809.485
store_11,2015-08-06,918.665,9118.715
store_11,2015-08-07,904.02,8875.8
store_11,2015-08-08,562.185,5384.13
store_11,2015-08-09,0.0,0.0
store_11,2015-08-10,858.46,8129.1
store_11,2015-08-11,821.985,7589.705
store_11,2015-08-12,798.99,7581.94
store_11,2015-08-13,831.665,7776.66
store_11,2015-08-14,864.17,7780.035
store_11,2015-08-15,575.86,5331.675
store_11,2015-08-16,0.0,0.0
store_11,2015-08-17,1106.2,12334.04
store_11,2015-08-18,980.155,10308.365
store_11,2015-08-19,938.35,9837.475
store_11,2015-08-20,923.44,9525.205
store_11,2015-08-21,917.355,9393.895
store_11,2015-08-22,576.725,5405.46
store_11,2015-08-23,0.0,0.0
store_11,2015-08-24,838.37,7811.91
store_11,2015-08-25,780.59,7489.89
store_11,2015-08-26,778.63,7613.995
store_11,2015-08-27,819.965,8126.035
store_11,2015-08-28,838.31,8423.845
store_11,2015-08-29,572.255,5468.805
store_110,2015-07-20,396.99,4408.05
store_110,2015-07-21,350.61,3906.035
store_110,2015-07-22,373.855,4050.99
store_110,2015-07-23,392.635,4286.3
store_110,2015-07-24,432.64,4927.44
store_110,2015-07-25,444.22,4994.2
store_110,2015-07-26,0.0,0.0
store_110,2015-07-27,470.89,6185.325
store_110,2015-07-28,426.705,5446.73
store_110,2015-07-29,417.99,5295.205
store_110,2015-07-30,432.71,5440.75
store_110,2015-07-31,478.935,6023.565
store_110,2015-08-01,438.545,5051.825
store_110,2015-08-02,0.0,0.0
store_110,2015-08-03,479.835,6366.94
store_110,2015-08-04,422.135,5361.67
store_110,2015-08-05,410.495,5139.725
store_110,2015-08-06,438.355,5389.275
store_110,2015-08-07,487.16,5930.47
store_110,2015-08-08,445.215,5140.85
store_110,2015-08-09,0.0,0.0
store_110,2015-08-10,398.535,4424.245
store_110,2015-08-11,363.265,3989.185
store_110,2015-08-12,371.67,4113.3
store_110,2015-08-13,405.775,4549.4
store_110,2015-08-14,442.45,5091.22
store_110,2015-08-15,438.935,5133.635
store_110,2015-08-16,0.0,0.0
store_110,2015-08-17,518.405,6553.305
store_110,2015-08-18,446.145,5645.705
store_110,2015-08-19,437.865,5349.315
store_110,2015-08-20,475.16,5741.145
store_110,2015-08-21,500.165,6156.74
store_110,2015-08-22,454.555,5325.82
store_110,2015-08-23,0.0,0.0
store_110,2015-08-24,393.325,4420.795
store_110,2015-08-25,343.78,3941.075
store_110,2015-08-26,368.77,4069.36
store_110,2015-08-27,413.345,4802.505
store_110,2015-08-28,443.08,5403.8
store_110,2015-08-29,438.3,5159.335
store_111,2015-07-20,1147.21,8594.87
store_111,2015-07-21,1028.59,7841.85
store_111,2015-07-22,1003.23,7674.18
store_111,2015-07-23,1038.505,7800.59
store_111,2015-07-24,1064.475,8052.885
store_111,2015-07-25,1105.445,8814.03
store_111,2015-07-26,0.0,0.0
store_111,2015-07-27,1368.65,12479.68
store_111,2015-07-28,1274.49,11208.765
store_111,2015-07-29,1199.31,10513.46
store_111,2015-07-30,1177.905,10023.785
store_111,2015-07-31,1131.765,9702.13
store_111,2015-08-01,1110.315,8889.13
store_111,2015-08-02,0.0,0.0
store_111,2015-08-03,1459.905,12958.835
store_111,2015-08-04,1300.3,11099.795
store_111,2015-08-05,1192.95,10003.205
store_111,2015-08-06,1194.805,9796.94
store_111,2015-08-07,1186.605,9620.865
store_111,2015-08-08,1092.45,8921.075
store_111,2015-08-09,0.0,0.0
store_111,2015-08-10,1152.41,8586.25
store_111,2015-08-11,1089.41,7881.3
store_111,2015-08-12,1043.1,7598.095
store_111,2015-08-13,1055.17,7671.33
store_111,2015-08-14,1054.905,7761.245
store_111,2015-08-15,1066.47,8238.995
store_111,2015-08-16,0.0,0.0
store_111,2015-08-17,1388.74,12093.715
store_111,2015-08-18,1267.83,10279.965
store_111,2015-08-19,1188.66,9250.375
store_111,2015-08-20,1158.475,9033.385
store_111,2015-08-21,1105.02,8810.35
store_111,2015-08-22,1115.315,8197.43
store_111,2015-08-23,0.0,0.0
store_111,2015-08-24,1111.605,7841.575
store_111,2015-08-25,1027.04,7469.32
store_111,2015-08-26,1004.195,7080.8
store_111,2015-08-27,1022.005,7387.43
store_111,2015-08-28,1038.445,7564.355
store_111,2015-08-29,1077.32,7991.605
store_112,2015-07-20,736.79,5489.515
store_112,2015-07-21,687.845,5142.96
store_112,2015-07-22,735.205,5468.685
store_112,2015-07-23,692.71,5113.18
store_112,2015-07-24,779.625,5786.71
store_112,2015-07-25,682.065,5333.885
store_112,2015-07-26,0.0,0.0
store_112,2015-07-27,970.91,8941.72
store_112,2015-07-28,868.135,8065.7
store_112,2015-07-29,866.605,7870.935
store_112,2015-07-30,889.87,7558.255
store_112,2015-07-31,918.975,7877.65
store_112,2015-08-01,728.475,5526.0
store_112,2015-08-02,0.0,0.0
store_112,2015-08-03,1017.495,9675.88
store_112,2015-08-04,857.91,7838.315
store_112,2015-08-05,823.41,7373.305
store_112,2015-08-06,808.995,7109.465
store_112,2015-08-07,827.095,7117.365
store_112,2015-08-08,704.85,5563.12
store_112,2015-08-09,0.0,0.0
store_112,2015-08-10,815.365,6108.235
store_112,2015-08-11,747.84,5639.105
store_112,2015-08-12,737.98,5646.715
store_112,2015-08-13,741.57,5790.5
store_112,2015-08-14,771.84,5948.655
store_112,2015-08-15,716.735,5541.14
store_112,2015-08-16,0.0,0.0
store_112,2015-08-17,1038.205,9624.885
store_112,2015-08-18,898.19,7934.43
store_112,2015-08-19,865.075,7399.08
store_112,2015-08-20,848.245,7131.115
store_112,2015-08-21,851.875,7068.97
store_112,2015-08-22,731.76,5582.18
store_112,2015-08-23,0.0,0.0
store_112,2015-08-24,756.27,5915.525
store_112,2015-08-25,685.19,5336.415
store_112,2015-08-26,706.985,5376.865
store_112,2015-08-27,720.75,5677.61
store_112,2015-08-28,768.945,6113.41
store_112,2015-08-29,725.75,5700.395
store_113,2015-07-20,653.79,7308.715
store_113,2015-07-21,569.375,6438.8
store_113,2015-07-22,570.32,6560.705
store_113,2015-07-23,569.145,6644.185
store_113,2015-07-24,604.2,7023.11
store_113,2015-07-25,631.425,7472.375
store_113,2015-07-26,0.0,0.0
store_113,2015-07-27,816.855,12190.525
store_113,2015-07-28,696.23,9984.12
store_113,2015-07-29,683.59,9217.125
store_113,2015-07-30,702.79,9218.49
store_113,2015-07-31,696.345,9297.195
store_113,2015-08-01,644.015,7745.64
store_113,2015-08-02,0.0,0.0
store_113,2015-08-03,864.205,12315.725
store_113,2015-08-04,713.105,9588.02
store_113,2015-08-05,666.235,8919.285
store_113,2015-08-06,657.52,8579.545
store_113,2015-08-07,659.205,8639.505
store_113,2015-08-08,645.645,7961.01
store_113,2015-08-09,0.0,0.0
store_113,2015-08-10,643.345,7744.02
store_113,2015-08-11,587.895,7011.365
store_113,2015-08-12,583.545,6867.535
store_113,2015-08-13,595.745,7036.385
store_113,2015-08-14,623.85,7491.18
store_113,2015-08-15,623.24,7715.965
store_113,2015-08-16,0.0,0.0
store_113,2015-08-17,858.08,12477.285
store_113,2015-08-18,745.08,10088.555
store_113,2015-08-19,720.13,9170.225
store_113,2015-08-20,712.61,9045.48
store_113,2015-08-21,722.725,9160.49
store_113,2015-08-22,642.055,7627.645
store_113,2015-08-23,0.0,0.0
store_113,2015-08-24,636.865,7805.905
store_113,2015-08-25,584.26,7110.945
store_113,2015-08-26,584.47,7016.105
store_113,2015-08-27,609.89,7433.235
store_113,2015-08-28,646.22,8166.555
store_113,2015-08-29,641.36,7985.66
store_114,2015-07-20,790.195,6182.52
store_114,2015-07-21,744.915,5745.1
store_114,2015-07-22,757.59,5792.875
store_114,2015-07-23,785.18,6204.825
store_114,2015-07-24,772.545,6114.9
store_114,2015-07-25,726.735,5718.505
store_114,2015-07-26,0.0,0.0
store_114,2015-07-27,946.22,8383.405
store_114,2015-07-28,902.955,7776.63
store_114,2015-07-29,924.735,7959.755
store_114,2015-07-30,936.195,7900.23
store_114,2015-07-31,920.36,7529.49
store_114,2015-08-01,755.425,5899.115
store_114,2015-08-02,0.0,0.0
store_114,2015-08-03,1002.32,8536.475
store_114,2015-08-04,883.475,7579.06
store_114,2015-08-05,838.08,7161.905
store_114,2015-08-06,824.81,7207.585
store_114,2015-08-07,807.925,7087.345
store_114,2015-08-08,743.765,5953.67
store_114,2015-08-09,0.0,0.0
store_114,2015-08-10,847.95,6098.67
store_114,2015-08-11,783.505,5601.645
store_114,2015-08-12,732.795,5354.39
store_114,2015-08-13,725.215,5596.395
store_114,2015-08-14,735.31,5500.73
store_114,2015-08-15,743.96,5529.43
store_114,2015-08-16,0.0,0.0
store_114,2015-08-17,1031.96,8163.465
store_114,2015-08-18,896.09,6912.04
store_114,2015-08-19,849.025,6460.575
store_114,2015-08-20,857.73,6518.715
store_114,2015-08-21,851.82,6422.165
store_114,2015-08-22,758.665,5496.64
store_114,2015-08-23,0.0,0.0
store_114,2015-08-24,840.905,5627.075
store_114,2015-08-25,773.72,5080.065
store_114,2015-08-26,740.655,5086.04
store_114,2015-08-27,736.64,5271.53
store_114,2015-08-28,765.6,5371.185
store_114,2015-08-29,759.25,5431.415
store_115,2015-07-20,406.5,4398.66
store_115,2015-07-21,351.565,3866.775
store_115,2015-07-22,364.63,3939.075
store_115,2015-07-23,411.325,4466.975
store_115,2015-07-24,442.22,4845.455
store_115,2015-07-25,454.0,5258.895
store_115,2015-07-26,0.0,0.0
store_115,2015-07-27,529.925,7323.41
store_115,2015-07-28,455.86,6012.035
store_115,2015-07-29,454.275,5746.45
store_115,2015-07-30,481.91,6043.79
store_115,2015-07-31,522.255,6516.995
store_115,2015-08-01,487.635,5611.38
store_115,2015-08-02,0.0,0.0
store_115,2015-08-03,548.875,7271.88
store_115,2015-08-04,455.135,5765.29
store_115,2015-08-05,433.34,5443.73
store_115,2015-08-06,467.785,5730.585
store_115,2015-08-07,484.46,5951.835
store_115,2015-08-08,445.18,5216.275
store_115,2015-08-09,0.0,0.0
store_115,2015-08-10,461.57,4934.31
store_115,2015-08-11,419.22,4463.05
store_115,2015-08-12,421.445,4481.925
store_115,2015-08-13,431.885,4790.95
store_115,2015-08-14,446.64,5109.415
store_115,2015-08-15,452.965,5276.755
store_115,2015-08-16,0.0,0.0
store_115,2015-08-17,576.715,7443.785
store_115,2015-08-18,504.425,6053.355
store_115,2015-08-19,500.835,5894.805
store_115,2015-08-20,512.355,6074.225
store_115,2015-08-21,514.85,6039.15
store_115,2015-08-22,465.305,5236.79
store_115,2015-08-23,0.0,0.0
store_115,2015-08-24,448.95,5070.105
store_115,2015-08-25,406.04,4654.765
store_115,2015-08-26,420.205,4713.5
store_115,2015-08-27,437.555,4994.215
store_115,2015-08-28,466.225,5445.19
store_115,2015-08-29,461.845,5333.325
store_116,2015-07-20,509.41,5991.355
store_116,2015-07-21,447.835,5433.045
store_116,2015-07-22,441.755,5185.62
store_116,2015-07-23,471.585,5459.185
store_116,2015-07-24,515.965,5837.665
store_116,2015-07-25,565.865,6706.26
store_116,2015-07-26,0.0,0.0
store_116,2015-07-27,647.66,9316.095
store_116,2015-07-28,567.465,8164.225
store_116,2015-07-29,545.475,7418.75
store_116,2015-07-30,554.95,7222.085
store_116,2015-07-31,576.425,7467.87
store_116,2015-08-01,570.58,6807.295
store_116,2015-08-02,0.0,0.0
store_116,2015-08-03,702.755,9742.485
store_116,2015-08-04,575.195,7864.21
store_116,2015-08-05,542.385,7208.145
store_116,2015-08-06,553.385,7087.305
store_116,2015-08-07,554.64,7013.285
store_116,2015-08-08,552.85,6974.755
store_116,2015-08-09,0.0,0.0
store_116,2015-08-10,524.25,6175.95
store_116,2015-08-11,470.625,5706.28
store_116,2015-08-12,464.92,5555.13
store_116,2015-08-13,496.275,5882.245
store_116,2015-08-14,519.02,6301.815
store_116,2015-08-15,547.475,6846.58
store_116,2015-08-16,0.0,0.0
store_116,2015-08-17,684.755,9954.55
store_116,2015-08-18,576.775,8148.24
store_116,2015-08-19,560.545,7383.845
store_116,2015-08-20,572.005,7422.165
store_116,2015-08-21,601.295,7727.76
store_116,2015-08-22,540.145,6707.665
store_116,2015-08-23,0.0,0.0
store_116,2015-08-24,505.24,6248.625
store_116,2015-08-25,453.785,5758.57
store_116,2015-08-26,459.675,5631.295
store_116,2015-08-27,489.955,6215.335
store_116,2015-08-28,535.89,6911.445
store_116,2015-08-29,542.36,6951.365
store_117,2015-07-20,729.57,6541.92
store_117,2015-07-21,682.595,6040.83
store_117,2015-07-22,699.145,6075.295
store_117,2015-07-23,764.14,6726.345
store_117,2015-07-24,707.715,6421.065
store_117,2015-07-25,499.505,4635.375
store_117,2015-07-26,0.0,0.0
store_117,2015-07-27,961.8,10882.4
store_117,2015-07-28,847.185,9096.315
store_117,2015-07-29,839.89,8392.975
store_117,2015-07-30,873.205,8405.705
store_117,2015-07-31,815.335,7616.885
store_117,2015-08-01,524.505,4670.92
store_117,2015-08-02,0.0,0.0
store_117,2015-08-03,992.54,11153.905
store_117,2015-08-04,860.705,8708.925
store_117,2015-08-05,822.545,8114.16
store_117,2015-08-06,823.52,8097.5
store_117,2015-08-07,765.19,7240.595
store_117,2015-08-08,514.065,4638.06
store_117,2015-08-09,0.0,0.0
store_117,2015-08-10,744.75,6552.37
store_117,2015-08-11,691.3,5892.475
store_117,2015-08-12,706.71,6006.585
store_117,2015-08-13,717.94,6395.61
store_117,2015-08-14,732.965,6252.155
store_117,2015-08-15,508.2,4542.86
store_117,2015-08-16,0.0,0.0
store_117,2015-08-17,974.325,9899.905
store_117,2015-08-18,847.21,8255.11
store_117,2015-08-19,800.93,7465.62
store_117,2015-08-20,818.48,7572.535
store_117,2015-08-21,784.875,7069.445
store_117,2015-08-22,524.375,4582.085
store_117,2015-08-23,0.0,0.0
store_117,2015-08-24,725.495,5944.26
store_117,2015-08-25,664.89,5626.755
store_117,2015-08-26,648.215,5474.09
store_117,2015-08-27,685.72,5871.32
store_117,2015-08-28,684.84,5709.055
store_117,2015-08-29,510.36,4372.555
store_118,2015-07-20,1264.255,9826.855
store_118,2015-07-21,1153.07,9098.485
store_118,2015-07-22,1159.56,9117.1
store_118,2015-07-23,1191.385,9076.39
store_118,2015-07-24,1159.365,9065.83
store_118,2015-07-25,1016.155,7967.665
store_118,2015-07-26,0.0,0.0
store_118,2015-07-27,1693.8,17302.635
store_118,2015-07-28,1509.69,15449.195
store_118,2015-07-29,1426.075,13615.62
store_118,2015-07-30,1445.865,13104.8
store_118,2015-07-31,1364.96,11988.225
store_118,2015-08-01,1055.585,8308.25
store_118,2015-08-02,0.0,0.0
store_118,2015-08-03,1712.865,17573.38
store_118,2015-08-04,1438.65,14026.83
store_118,2015-08-05,1376.225,12607.45
store_118,2015-08-06,1366.55,12277.605
store_118,2015-08-07,1329.17,11502.47
store_118,2015-08-08,1036.05,8185.845
store_118,2015-08-09,0.0,0.0
store_118,2015-08-10,1309.575,10944.45
store_118,2015-08-11,1196.985,10113.65
store_118,2015-08-12,1206.085,9830.435
store_118,2015-08-13,1211.25,9983.605
store_118,2015-08-14,1228.135,9738.86
store_118,2015-08-15,1027.05,8258.38
store_118,2015-08-16,0.0,0.0
store_118,2015-08-17,1634.925,16421.815
store_118,2015-08-18,1501.205,13949.005
store_118,2015-08-19,1397.37,12378.38
store_118,2015-08-20,1374.975,11783.83
store_118,2015-08-21,1331.155,11326.765
store_118,2015-08-22,1029.65,8119.43
store_118,2015-08-23,0.0,0.0
store_118,2015-08-24,1211.17,9833.25
store_118,2015-08-25,1141.7,9365.25
store_118,2015-08-26,1142.03,9135.81
store_118,2015-08-27,1179.89,9439.43
store_118,2015-08-28,1180.025,9693.605
store_118,2015-08-29,1009.91,8044.75
store_119,2015-07-20,708.51,6618.65
store_119,2015-07-21,640.075,5979.28
store_119,2015-07-22,597.735,5552.52
store_119,2015-07-23,693.355,6143.765
store_119,2015-07-24,683.42,6201.575
store_119,2015-07-25,502.535,4990.655
store_119,2015-07-26,278.87,2467.4
store_119,2015-07-27,827.91,10199.255
store_119,2015-07-28,722.385,8717.045
store_119,2015-07-29,721.375,8159.82
store_119,2015-07-30,790.62,8448.44
store_119,2015-07-31,767.64,8225.535
store_119,2015-08-01,540.355,5402.615
store_119,2015-08-02,293.73,2500.91
store_119,2015-08-03,875.265,10356.605
store_119,2015-08-04,760.91,8405.425
store_119,2015-08-05,710.905,7840.66
store_119,2015-08-06,757.9,8028.825
store_119,2015-08-07,745.795,7895.485
store_119,2015-08-08,535.06,5291.76
store_119,2015-08-09,279.305,2439.055
store_119,2015-08-10,789.725,7660.73
store_119,2015-08-11,722.295,7183.31
store_119,2015-08-12,685.485,6796.765
store_119,2015-08-13,718.27,7049.085
store_119,2015-08-14,723.33,7094.5
store_119,2015-08-15,539.815,5501.01
store_119,2015-08-16,279.5,2494.415
store_119,2015-08-17,890.81,10598.87
store_119,2015-08-18,797.865,9253.54
store_119,2015-08-19,765.31,8406.235
store_119,2015-08-20,788.58,8594.83
store_119,2015-08-21,782.455,8512.52
store_119,2015-08-22,551.565,5522.78
store_119,2015-08-23,286.595,2491.65
store_119,2015-08-24,781.845,8115.46
store_119,2015-08-25,695.16,7600.185
store_119,2015-08-26,681.325,7222.52
store_119,2015-08-27,700.175,7557.72
store_119,2015-08-28,702.35,7780.79
store_119,2015-08-29,545.115,5693.845
store_12,2015-07-20,558.2,5582.865
store_12,2015-07-21,518.895,5344.955
store_12,2015-07-22,520.835,5253.83
store_12,2015-07-23,551.45,5437.09
store_12,2015-07-24,552.54,5511.935
store_12,2015-07-25,363.195,3705.105
store_12,2015-07-26,0.0,0.0
store_12,2015-07-27,722.675,9059.005
store_12,2015-07-28,638.67,8002.16
store_12,2015-07-29,648.095,7525.555
store_12,2015-07-30,669.38,7498.48
store_12,2015-07-31,660.59,7280.465
store_12,2015-08-01,409.195,4089.835
store_12,2015-08-02,0.0,0.0
store_12,2015-08-03,751.77,9302.78
store_12,2015-08-04,644.325,7574.61
store_12,2015-08-05,612.38,6900.945
store_12,2015-08-06,632.86,6841.135
store_12,2015-08-07,614.18,6497.63
store_12,2015-08-08,374.625,3772.79
store_12,2015-08-09,0.0,0.0
store_12,2015-08-10,607.88,5809.075
store_12,2015-08-11,549.14,5289.49
store_12,2015-08-12,535.095,5222.825
store_12,2015-08-13,551.4,5461.225
store_12,2015-08-14,560.495,5470.605
store_12,2015-08-15,391.74,3901.865
store_12,2015-08-16,0.0,0.0
store_12,2015-08-17,751.775,8616.71
store_12,2015-08-18,647.355,7041.56
store_12,2015-08-19,624.115,6704.09
store_12,2015-08-20,631.06,6577.875
store_12,2015-08-21,632.405,6455.525
store_12,2015-08-22,400.34,3748.025
store_12,2015-08-23,0.0,0.0
store_12,2015-08-24,660.185,5967.065
store_12,2015-08-25,598.035,5542.975
store_12,2015-08-26,565.015,5281.28
store_12,2015-08-27,563.755,5472.01
store_12,2015-08-28,586.495,5783.78
store_12,2015-08-29,397.21,3901.66
store_120,2015-07-20,274.735,2506.825
store_120,2015-07-21,241.24,2172.215
store_120,2015-07-22,253.435,2327.75
store_120,2015-07-23,277.27,2482.31
store_120,2015-07-24,284.135,2538.4
store_120,2015-07-25,287.0,2498.69
store_120,2015-07-26,0.0,0.0
store_120,2015-07-27,405.96,4476.01
store_120,2015-07-28,348.165,3732.875
store_120,2015-07-29,321.49,3433.045
store_120,2015-07-30,321.705,3335.735
store_120,2015-07-31,361.415,3661.675
store_120,2015-08-01,310.76,2853.57
store_120,2015-08-02,0.0,0.0
store_120,2015-08-03,415.29,4520.68
store_120,2015-08-04,355.915,3759.515
store_120,2015-08-05,350.815,3634.76
store_120,2015-08-06,348.58,3585.405
store_120,2015-08-07,371.94,3713.565
store_120,2015-08-08,327.295,2869.23
store_120,2015-08-09,0.0,0.0
store_120,2015-08-10,328.455,3136.62
store_120,2015-08-11,292.875,2776.465
store_120,2015-08-12,292.405,2716.685
store_120,2015-08-13,301.435,2772.885
store_120,2015-08-14,318.87,2921.66
store_120,2015-08-15,307.61,2762.405
store_120,2015-08-16,0.0,0.0
store_120,2015-08-17,419.875,4703.175
store_120,2015-08-18,365.685,3896.69
store_120,2015-08-19,356.625,3689.94
store_120,2015-08-20,369.1,3685.85
store_120,2015-08-21,388.175,3953.5
store_120,2015-08-22,323.86,2892.06
store_120,2015-08-23,0.0,0.0
store_120,2015-08-24,307.43,2966.805
store_120,2015-08-25,283.155,2747.635
store_120,2015-08-26,283.245,2702.12
store_120,2015-08-27,292.975,2835.765
store_120,2015-08-28,316.495,3097.875
store_120,2015-08-29,306.69,2877.46
store_121,2015-07-20,426.865,3862.965
store_121,2015-07-21,395.42,3644.695
store_121,2015-07-22,449.11,4326.605
store_121,2015-07-23,437.005,4118.855
store_121,2015-07-24,428.245,3993.71
store_121,2015-07-25,329.415,3239.665
store_121,2015-07-26,0.0,0.0
store_121,2015-07-27,504.68,5532.18
store_121,2015-07-28,476.225,5429.38
store_121,2015-07-29,516.055,5921.12
store_121,2015-07-30,516.34,5651.345
store_121,2015-07-31,501.735,5376.85
store_121,2015-08-01,339.07,3486.73
store_121,2015-08-02,0.0,0.0
store_121,2015-08-03,524.89,5692.455
store_121,2015-08-04,462.41,5027.525
store_121,2015-08-05,459.625,5013.905
store_121,2015-08-06,479.035,4890.565
store_121,2015-08-07,476.48,4891.665
store_121,2015-08-08,342.2,3454.66
store_121,2015-08-09,0.0,0.0
store_121,2015-08-10,478.515,4180.5
store_121,2015-08-11,448.705,4018.2
store_121,2015-08-12,432.89,4077.44
store_121,2015-08-13,445.23,4197.14
store_121,2015-08-14,453.065,4202.775
store_121,2015-08-15,346.115,3391.37
store_121,2015-08-16,0.0,0.0
store_121,2015-08-17,511.71,5485.98
store_121,2015-08-18,468.38,4881.04
store_121,2015-08-19,462.615,4702.62
store_121,2015-08-20,484.775,4821.6
store_121,2015-08-21,504.54,4993.755
store_121,2015-08-22,343.33,3318.935
store_121,2015-08-23,0.0,0.0
store_121,2015-08-24,472.465,4061.94
store_121,2015-08-25,441.26,3890.25
store_121,2015-08-26,445.195,3931.085
store_121,2015-08-27,446.56,4162.91
store_121,2015-08-28,458.49,4359.95
store_121,2015-08-29,345.04,3424.32
store_122,2015-07-20,565.89,6317.015
store_122,2015-07-21,525.965,6003.77
store_122,2015-07-22,546.175,6325.92
store_122,2015-07-23,563.15,6700.515
store_122,2015-07-24,600.165,7176.02
store_122,2015-07-25,619.86,7175.89
store_122,2015-07-26,0.0,0.0
store_122,2015-07-27,752.135,10925.28
store_122,2015-07-28,644.19,9030.89
store_122,2015-07-29,666.215,8765.51
store_122,2015-07-30,703.98,8858.955
store_122,2015-07-31,696.565,8983.035
store_122,2015-08-01,649.425,7275.255
store_122,2015-08-02,0.0,0.0
store_122,2015-08-03,798.51,11166.455
store_122,2015-08-04,668.585,8781.325
store_122,2015-08-05,621.11,8200.895
store_122,2015-08-06,635.915,8007.895
store_122,2015-08-07,637.37,8055.22
store_122,2015-08-08,634.79,7441.1
store_122,2015-08-09,0.0,0.0
store_122,2015-08-10,629.78,6809.875
store_122,2015-08-11,558.99,6103.13
store_122,2015-08-12,539.59,6126.915
store_122,2015-08-13,557.495,6442.425
store_122,2015-08-14,575.93,6652.64
store_122,2015-08-15,638.56,7347.14
store_122,2015-08-16,0.0,0.0
store_122,2015-08-17,827.26,11137.255
store_122,2015-08-18,714.735,9017.16
store_122,2015-08-19,682.255,8460.175
store_122,2015-08-20,678.705,8225.535
store_122,2015-08-21,680.7,8185.82
store_122,2015-08-22,645.975,7283.365
store_122,2015-08-23,0.0,0.0
store_122,2015-08-24,681.67,7210.04
store_122,2015-08-25,598.585,6545.225
store_122,2015-08-26,605.345,6409.86
store_122,2015-08-27,598.47,6673.715
store_122,2015-08-28,609.665,6990.635
store_122,2015-08-29,650.06,7438.15
store_123,2015-07-20,602.47,7311.19
store_123,2015-07-21,514.14,6383.535
store_123,2015-07-22,543.2,6367.05
store_123,2015-07-23,553.125,6493.335
store_123,2015-07-24,592.13,6973.225
store_123,2015-07-25,667.365,8166.925
store_123,2015-07-26,0.0,0.0
store_123,2015-07-27,746.2,10625.615
store_123,2015-07-28,661.045,9220.36
store_123,2015-07-29,659.11,8613.64
store_123,2015-07-30,683.36,8430.625
store_123,2015-07-31,685.8,8449.895
store_123,2015-08-01,674.88,8063.45
store_123,2015-08-02,0.0,0.0
store_123,2015-08-03,768.725,10136.52
store_123,2015-08-04,645.125,8576.595
store_123,2015-08-05,619.815,8026.175
store_123,2015-08-06,653.785,7881.32
store_123,2015-08-07,656.005,7895.42
store_123,2015-08-08,660.51,7941.28
store_123,2015-08-09,0.0,0.0
store_123,2015-08-10,599.675,6490.945
store_123,2015-08-11,561.29,5947.375
store_123,2015-08-12,542.26,5889.035
store_123,2015-08-13,572.625,6034.505
store_123,2015-08-14,605.845,6334.84
store_123,2015-08-15,659.44,7350.945
store_123,2015-08-16,0.0,0.0
store_123,2015-08-17,796.69,9881.42
store_123,2015-08-18,677.855,8246.615
store_123,2015-08-19,650.32,7660.99
store_123,2015-08-20,680.275,7560.185
store_123,2015-08-21,686.63,7585.045
store_123,2015-08-22,629.635,7052.26
store_123,2015-08-23,0.0,0.0
store_123,2015-08-24,661.94,6183.025
store_123,2015-08-25,575.66,5742.055
store_123,2015-08-26,545.1,5546.77
store_123,2015-08-27,586.35,5673.27
store_123,2015-08-28,613.05,6137.12
store_123,2015-08-29,629.33,6770.78
store_124,2015-07-20,681.96,4963.025
store_124,2015-07-21,636.135,4716.02
store_124,2015-07-22,650.205,4603.87
store_124,2015-07-23,661.345,4730.89
store_124,2015-07-24,659.605,4870.765
store_124,2015-07-25,696.83,5275.45
store_124,2015-07-26,0.0,0.0
store_124,2015-07-27,864.795,7530.65
store_124,2015-07-28,812.745,7095.485
store_124,2015-07-29,810.325,6643.05
store_124,2015-07-30,806.795,6361.875
store_124,2015-07-31,775.645,6208.695
store_124,2015-08-01,682.7,5180.3
store_124,2015-08-02,0.0,0.0
store_124,2015-08-03,919.945,7621.565
store_124,2015-08-04,795.155,6731.865
store_124,2015-08-05,739.15,5935.43
store_124,2015-08-06,736.895,5892.59
store_124,2015-08-07,729.1,5862.26
store_124,2015-08-08,684.51,5135.92
store_124,2015-08-09,0.0,0.0
store_124,2015-08-10,715.83,4858.405
store_124,2015-08-11,662.655,4580.82
store_124,2015-08-12,662.205,4470.155
store_124,2015-08-13,656.845,4634.05
store_124,2015-08-14,668.425,4692.0
store_124,2015-08-15,670.955,4805.925
store_124,2015-08-16,0.0,0.0
store_124,2015-08-17,945.875,7405.905
store_124,2015-08-18,824.045,6351.84
store_124,2015-08-19,781.065,5771.39
store_124,2015-08-20,755.615,5545.54
store_124,2015-08-21,733.55,5367.47
store_124,2015-08-22,660.63,4594.05
store_124,2015-08-23,0.0,0.0
store_124,2015-08-24,717.45,4565.62
store_124,2015-08-25,629.61,4202.59
store_124,2015-08-26,632.21,4235.11
store_124,2015-08-27,645.23,4330.24
store_124,2015-08-28,666.47,4393.09
store_124,2015-08-29,670.6,4601.695
store_125,2015-07-20,621.61,4746.5
store_125,2015-07-21,577.875,4321.365
store_125,2015-07-22,564.205,4035.845
store_125,2015-07-23,589.365,4208.865
store_125,2015-07-24,610.665,4368.575
store_125,2015-07-25,624.16,4753.755
store_125,2015-07-26,0.0,0.0
store_125,2015-07-27,788.915,7017.56
store_125,2015-07-28,717.995,6689.965
store_125,2015-07-29,696.815,6317.105
store_125,2015-07-30,699.325,6134.54
store_125,2015-07-31,696.265,5859.32
store_125,2015-08-01,656.28,5121.74
store_125,2015-08-02,0.0,0.0
store_125,2015-08-03,845.205,7544.405
store_125,2015-08-04,708.125,6545.495
store_125,2015-08-05,670.765,5896.89
store_125,2015-08-06,666.35,5772.745
store_125,2015-08-07,654.875,5601.43
store_125,2015-08-08,653.65,5234.825
store_125,2015-08-09,0.0,0.0
store_125,2015-08-10,638.56,5005.425
store_125,2015-08-11,585.35,4569.475
store_125,2015-08-12,580.375,4377.265
store_125,2015-08-13,588.545,4546.74
store_125,2015-08-14,617.73,4682.65
store_125,2015-08-15,645.235,5076.515
store_125,2015-08-16,0.0,0.0
store_125,2015-08-17,839.59,7839.845
store_125,2015-08-18,735.48,6698.175
store_125,2015-08-19,708.62,6088.025
store_125,2015-08-20,696.985,5893.315
store_125,2015-08-21,703.615,5797.195
store_125,2015-08-22,636.69,5072.61
store_125,2015-08-23,0.0,0.0
store_125,2015-08-24,651.34,5292.82
store_125,2015-08-25,585.58,4863.245
store_125,2015-08-26,579.21,4647.61
store_125,2015-08-27,589.105,4793.695
store_125,2015-08-28,616.155,5107.615
store_125,2015-08-29,633.145,5248.105
store_126,2015-07-20,410.29,3165.87
store_126,2015-07-21,372.01,2816.37
store_126,2015-07-22,355.18,2596.575
store_126,2015-07-23,365.445,2681.96
store_126,2015-07-24,362.485,2732.46
store_126,2015-07-25,232.055,1787.865
store_126,2015-07-26,0.0,0.0
store_126,2015-07-27,460.11,4058.635
store_126,2015-07-28,428.28,3867.115
store_126,2015-07-29,425.315,3559.9
store_126,2015-07-30,432.64,3517.53
store_126,2015-07-31,413.875,3280.265
store_126,2015-08-01,235.295,1807.76
store_126,2015-08-02,0.0,0.0
store_126,2015-08-03,496.975,4416.815
store_126,2015-08-04,429.81,3906.42
store_126,2015-08-05,403.355,3352.12
store_126,2015-08-06,416.295,3490.41
store_126,2015-08-07,402.67,3257.685
store_126,2015-08-08,228.675,1746.205
store_126,2015-08-09,0.0,0.0
store_126,2015-08-10,404.85,3119.665
store_126,2015-08-11,377.79,2924.09
store_126,2015-08-12,378.89,2831.94
store_126,2015-08-13,385.765,2955.45
store_126,2015-08-14,382.155,2853.805
store_126,2015-08-15,234.035,1816.59
store_126,2015-08-16,0.0,0.0
store_126,2015-08-17,533.995,4499.85
store_126,2015-08-18,461.86,3860.935
store_126,2015-08-19,434.32,3524.4
store_126,2015-08-20,442.595,3538.7
store_126,2015-08-21,440.775,3469.495
store_126,2015-08-22,238.665,1820.915
store_126,2015-08-23,0.0,0.0
store_126,2015-08-24,429.605,3225.935
store_126,2015-08-25,381.545,2955.94
store_126,2015-08-26,386.13,2848.47
store_126,2015-08-27,388.39,3009.565
store_126,2015-08-28,395.435,2987.85
store_126,2015-08-29,235.4,1814.285
store_127,2015-07-20,542.62,4112.175
store_127,2015-07-21,521.735,3644.335
store_127,2015-07-22,512.395,3692.475
store_127,2015-07-23,533.065,3770.925
store_127,2015-07-24,525.925,4003.915
store_127,2015-07-25,436.35,3360.905
store_127,2015-07-26,0.0,0.0
store_127,2015-07-27,692.47,6803.425
store_127,2015-07-28,632.965,5632.46
store_127,2015-07-29,619.465,5166.52
store_127,2015-07-30,649.405,5039.83
store_127,2015-07-31,618.985,5238.85
store_127,2015-08-01,440.455,3374.57
store_127,2015-08-02,0.0,0.0
store_127,2015-08-03,749.605,6968.205
store_127,2015-08-04,647.12,5507.82
store_127,2015-08-05,591.335,4857.695
store_127,2015-08-06,583.35,4759.08
store_127,2015-08-07,583.02,4993.105
store_127,2015-08-08,439.425,3451.095
store_127,2015-08-09,0.0,0.0
store_127,2015-08-10,579.375,4232.4
store_127,2015-08-11,536.22,3845.03
store_127,2015-08-12,530.715,3776.945
store_127,2015-08-13,527.74,3852.48
store_127,2015-08-14,537.525,4146.235
store_127,2015-08-15,435.13,3404.235
store_127,2015-08-16,0.0,0.0
store_127,2015-08-17,748.345,6483.675
store_127,2015-08-18,670.275,5521.33
store_127,2015-08-19,611.795,4911.37
store_127,2015-08-20,609.215,4705.49
store_127,2015-08-21,599.82,4688.375
store_127,2015-08-22,439.265,3359.75
store_127,2015-08-23,0.0,0.0
store_127,2015-08-24,591.705,4136.4
store_127,2015-08-25,540.98,3826.06
store_127,2015-08-26,527.295,3735.9
store_127,2015-08-27,547.86,3860.505
store_127,2015-08-28,556.245,4051.755
store_127,2015-08-29,436.995,3369.2
store_128,2015-07-20,527.585,5455.325
store_128,2015-07-21,487.215,5070.845
store_128,2015-07-22,498.465,5000.255
store_128,2015-07-23,517.005,5534.905
store_128,2015-07-24,584.985,6193.75
store_128,2015-07-25,547.71,6012.37
store_128,2015-07-26,0.0,0.0
store_128,2015-07-27,679.555,9129.045
store_128,2015-07-28,580.95,7776.535
store_128,2015-07-29,588.53,7309.815
store_128,2015-07-30,624.215,7537.545
store_128,2015-07-31,663.945,8230.94
store_128,2015-08-01,578.565,6597.38
store_128,2015-08-02,0.0,0.0
store_128,2015-08-03,714.435,9269.42
store_128,2015-08-04,600.2,7654.965
store_128,2015-08-05,564.68,7068.605
store_128,2015-08-06,564.495,7208.295
store_128,2015-08-07,609.785,7500.77
store_128,2015-08-08,550.575,6279.105
store_128,2015-08-09,0.0,0.0
store_128,2015-08-10,572.41,5992.775
store_128,2015-08-11,533.345,5784.1
store_128,2015-08-12,514.58,5591.455
store_128,2015-08-13,532.625,6013.48
store_128,2015-08-14,563.74,6546.795
store_128,2015-08-15,552.94,6353.705
store_128,2015-08-16,0.0,0.0
store_128,2015-08-17,723.985,9647.355
store_128,2015-08-18,618.0,7991.745
store_128,2015-08-19,604.88,7299.735
store_128,2015-08-20,605.985,7381.34
store_128,2015-08-21,619.065,7772.625
store_128,2015-08-22,560.825,6464.52
store_128,2015-08-23,0.0,0.0
store_128,2015-08-24,577.44,6661.745
store_128,2015-08-25,507.145,6017.5
store_128,2015-08-26,519.745,5891.98
store_128,2015-08-27,536.115,6439.415
store_128,2015-08-28,575.07,7147.82
store_128,2015-08-29,550.24,6657.06
store_129,2015-07-20,505.445,6793.05
store_129,2015-07-21,439.77,5943.89
store_129,2015-07-22,467.43,6241.18
store_129,2015-07-23,487.485,6526.62
store_129,2015-07-24,497.28,6909.945
store_129,2015-07-25,549.785,7326.325
store_129,2015-07-26,0.0,0.0
store_129,2015-07-27,669.145,10780.455
store_129,2015-07-28,558.5,8847.605
store_129,2015-07-29,541.51,8444.385
store_129,2015-07-30,561.63,8433.045
store_129,2015-07-31,586.255,8737.415
store_129,2015-08-01,577.925,7651.055
store_129,2015-08-02,0.0,0.0
store_129,2015-08-03,718.275,10801.615
store_129,2015-08-04,572.825,8724.235
store_129,2015-08-05,544.1,8185.06
store_129,2015-08-06,551.14,8156.94
store_129,2015-08-07,556.94,8191.335
store_129,2015-08-08,561.045,7624.99
store_129,2015-08-09,0.0,0.0
store_129,2015-08-10,542.765,7536.85
store_129,2015-08-11,494.39,6906.165
store_129,2015-08-12,487.73,6771.87
store_129,2015-08-13,505.62,7072.05
store_129,2015-08-14,526.15,7532.045
store_129,2015-08-15,574.085,7928.815
store_129,2015-08-16,0.0,0.0
store_129,2015-08-17,741.0,11113.16
store_129,2015-08-18,617.35,9377.055
store_129,2015-08-19,605.945,8793.17
store_129,2015-08-20,594.845,8671.59
store_129,2015-08-21,605.545,8883.935
store_129,2015-08-22,566.9,7775.725
store_129,2015-08-23,0.0,0.0
store_129,2015-08-24,510.43,7336.25
store_129,2015-08-25,461.78,6763.13
store_129,2015-08-26,475.66,6908.2
store_129,2015-08-27,504.105,7393.075
store_129,2015-08-28,517.05,7803.02
store_129,2015-08-29,548.7,7878.105
store_13,2015-07-20,454.445,4362.38
store_13,2015-07-21,391.28,3860.515
store_13,2015-07-22,402.06,3721.85
store_13,2015-07-23,407.125,3695.395
store_13,2015-07-24,447.685,4417.77
store_13,2015-07-25,518.845,5228.52
store_13,2015-07-26,0.0,0.0
store_13,2015-07-27,661.695,8829.32
store_13,2015-07-28,569.125,7309.695
store_13,2015-07-29,550.38,6244.61
store_13,2015-07-30,494.87,5438.21
store_13,2015-07-31,538.785,5852.155
store_13,2015-08-01,518.99,5157.83
store_13,2015-08-02,0.0,0.0
store_13,2015-08-03,706.965,8896.215
store_13,2015-08-04,555.89,6640.075
store_13,2015-08-05,516.995,5781.345
store_13,2015-08-06,509.015,5440.93
store_13,2015-08-07,508.315,5489.07
store_13,2015-08-08,521.395,5396.405
store_13,2015-08-09,0.0,0.0
store_13,2015-08-10,517.73,4906.515
store_13,2015-08-11,485.415,4646.9
store_13,2015-08-12,471.745,4463.66
store_13,2015-08-13,455.83,4325.585
store_13,2015-08-14,469.74,4547.71
store_13,2015-08-15,511.68,5242.73
store_13,2015-08-16,0.0,0.0
store_13,2015-08-17,755.33,8624.14
store_13,2015-08-18,636.325,7101.13
store_13,2015-08-19,592.905,6371.5
store_13,2015-08-20,561.01,5811.34
store_13,2015-08-21,542.59,5581.36
store_13,2015-08-22,520.105,5126.08
store_13,2015-08-23,0.0,0.0
store_13,2015-08-24,539.505,5351.675
store_13,2015-08-25,473.035,4913.925
store_13,2015-08-26,466.035,4697.775
store_13,2015-08-27,470.05,4693.71
store_13,2015-08-28,463.04,4699.01
store_13,2015-08-29,503.42,5011.565
store_130,2015-07-20,674.74,5505.62
store_130,2015-07-21,624.515,5308.73
store_130,2015-07-22,612.56,5167.97
store_130,2015-07-23,624.75,5399.515
store_130,2015-07-24,611.805,5490.69
store_130,2015-07-25,500.745,4833.645
store_130,2015-07-26,0.0,0.0
store_130,2015-07-27,813.545,8891.715
store_130,2015-07-28,761.935,7983.885
store_130,2015-07-29,738.59,7450.83
store_130,2015-07-30,746.79,7265.795
store_130,2015-07-31,701.35,6894.94
store_130,2015-08-01,501.045,4734.94
store_130,2015-08-02,0.0,0.0
store_130,2015-08-03,877.49,9307.395
store_130,2015-08-04,746.38,7778.815
store_130,2015-08-05,697.18,7068.185
store_130,2015-08-06,691.945,6973.345
store_130,2015-08-07,663.73,6513.46
store_130,2015-08-08,492.26,4823.455
store_130,2015-08-09,0.0,0.0
store_130,2015-08-10,701.895,5812.855
store_130,2015-08-11,652.895,5457.44
store_130,2015-08-12,628.86,5104.715
store_130,2015-08-13,634.845,5480.39
store_130,2015-08-14,631.88,5373.44
store_130,2015-08-15,472.07,4603.575
store_130,2015-08-16,0.0,0.0
store_130,2015-08-17,853.315,8618.285
store_130,2015-08-18,769.45,7614.01
store_130,2015-08-19,706.76,6854.125
store_130,2015-08-20,700.135,6573.855
store_130,2015-08-21,707.09,6303.81
store_130,2015-08-22,479.905,4456.975
store_130,2015-08-23,0.0,0.0
store_130,2015-08-24,704.375,5710.4
store_130,2015-08-25,647.79,5348.245
store_130,2015-08-26,613.47,5140.665
store_130,2015-08-27,631.015,5399.75
store_130,2015-08-28,633.25,5450.825
store_130,2015-08-29,481.89,4466.365
store_131,2015-07-20,514.09,5268.48
store_131,2015-07-21,470.94,4910.03
store_131,2015-07-22,471.645,4950.4
store_131,2015-07-23,481.22,5052.385
store_131,2015-07-24,497.085,5246.88
store_131,2015-07-25,375.745,4045.665
store_131,2015-07-26,0.0,0.0
store_131,2015-07-27,630.825,7621.775
store_131,2015-07-28,581.915,6980.545
store_131,2015-07-29,546.385,6635.395
store_131,2015-07-30,554.765,6513.48
store_131,2015-07-31,564.72,6524.335
store_131,2015-08-01,381.215,4177.535
store_131,2015-08-02,0.0,0.0
store_131,2015-08-03,685.985,7758.42
store_131,2015-08-04,563.77,6552.165
store_131,2015-08-05,527.24,6194.065
store_131,2015-08-06,532.16,6034.03
store_131,2015-08-07,532.63,5967.63
store_131,2015-08-08,371.475,3912.615
store_131,2015-08-09,0.0,0.0
store_131,2015-08-10,542.995,5176.805
store_131,2015-08-11,495.5,4652.15
store_131,2015-08-12,480.58,4625.67
store_131,2015-08-13,480.415,4782.085
store_131,2015-08-14,487.4,4878.09
store_131,2015-08-15,371.02,3729.905
store_131,2015-08-16,0.0,0.0
store_131,2015-08-17,674.75,7425.48
store_131,2015-08-18,592.7,6328.065
store_131,2015-08-19,535.285,5691.535
store_131,2015-08-20,547.535,5673.235
store_131,2015-08-21,550.43,5725.57
store_131,2015-08-22,370.2,3659.875
store_131,2015-08-23,0.0,0.0
store_131,2015-08-24,530.2,4692.565
store_131,2015-08-25,479.905,4370.62
store_131,2015-08-26,476.74,4364.775
store_131,2015-08-27,482.9,4596.365
store_131,2015-08-28,494.815,4859.845
store_131,2015-08-29,364.2,3623.53
store_132,2015-07-20,521.01,6443.505
store_132,2015-07-21,467.725,5885.605
store_132,2015-07-22,490.21,6052.285
store_132,2015-07-23,527.1,6457.16
store_132,2015-07-24,532.16,6855.23
store_132,2015-07-25,559.525,6856.01
store_132,2015-07-26,0.0,0.0
store_132,2015-07-27,683.74,9997.83
store_132,2015-07-28,574.16,8306.01
store_132,2015-07-29,565.78,7856.68
store_132,2015-07-30,602.635,8058.625
store_132,2015-07-31,609.425,8275.775
store_132,2015-08-01,582.295,6867.33
store_132,2015-08-02,0.0,0.0
store_132,2015-08-03,734.13,10711.38
store_132,2015-08-04,610.47,8312.495
store_132,2015-08-05,572.475,7775.535
store_132,2015-08-06,583.85,7838.805
store_132,2015-08-07,589.815,7773.8
store_132,2015-08-08,563.095,6868.17
store_132,2015-08-09,0.0,0.0
store_132,2015-08-10,561.465,6481.88
store_132,2015-08-11,514.665,6027.22
store_132,2015-08-12,515.59,6014.48
store_132,2015-08-13,554.455,6488.36
store_132,2015-08-14,579.005,6888.455
store_132,2015-08-15,582.285,6959.53
store_132,2015-08-16,0.0,0.0
store_132,2015-08-17,728.825,10068.56
store_132,2015-08-18,631.54,8297.49
store_132,2015-08-19,604.495,7626.26
store_132,2015-08-20,614.59,7694.61
store_132,2015-08-21,627.545,7839.9
store_132,2015-08-22,580.145,6713.66
store_132,2015-08-23,0.0,0.0
store_132,2015-08-24,578.8,6456.61
store_132,2015-08-25,514.955,6006.43
store_132,2015-08-26,527.085,5974.86
store_132,2015-08-27,543.565,6382.84
store_132,2015-08-28,594.84,7142.895
store_132,2015-08-29,586.215,6908.54
store_133,2015-07-20,671.01,7183.36
store_133,2015-07-21,594.955,6643.24
store_133,2015-07-22,633.08,6869.56
store_133,2015-07-23,675.295,7445.98
store_133,2015-07-24,689.46,7565.3
store_133,2015-07-25,632.745,7148.895
store_133,2015-07-26,0.0,0.0
store_133,2015-07-27,926.65,13001.03
store_133,2015-07-28,800.94,10831.33
store_133,2015-07-29,812.515,10658.35
store_133,2015-07-30,822.84,10553.21
store_133,2015-07-31,813.22,10601.805
store_133,2015-08-01,677.785,7893.135
store_133,2015-08-02,0.0,0.0
store_133,2015-08-03,935.03,13037.39
store_133,2015-08-04,785.91,10160.445
store_133,2015-08-05,738.48,9466.765
store_133,2015-08-06,765.46,9384.06
store_133,2015-08-07,770.595,9396.99
store_133,2015-08-08,672.795,7664.65
store_133,2015-08-09,0.0,0.0
store_133,2015-08-10,712.06,7848.35
store_133,2015-08-11,660.225,7175.99
store_133,2015-08-12,655.92,7107.43
store_133,2015-08-13,655.935,7450.71
store_133,2015-08-14,688.505,7774.65
store_133,2015-08-15,664.825,7459.75
store_133,2015-08-16,0.0,0.0
store_133,2015-08-17,955.795,13039.55
store_133,2015-08-18,805.4,10364.45
store_133,2015-08-19,761.47,9379.975
store_133,2015-08-20,772.68,9316.935
store_133,2015-08-21,798.56,9626.175
store_133,2015-08-22,687.32,7577.105
store_133,2015-08-23,0.0,0.0
store_133,2015-08-24,718.885,7918.51
store_133,2015-08-25,633.03,7183.235
store_133,2015-08-26,617.58,6960.13
store_133,2015-08-27,653.775,7400.83
store_133,2015-08-28,718.755,8467.985
store_133,2015-08-29,675.425,7793.545
store_134,2015-07-20,864.945,7057.21
store_134,2015-07-21,800.95,6117.19
store_134,2015-07-22,803.465,6201.555
store_134,2015-07-23,853.555,6614.91
store_134,2015-07-24,911.4,7154.545
store_134,2015-07-25,908.37,7254.66
store_134,2015-07-26,0.0,0.0
store_134,2015-07-27,1117.51,10889.425
store_134,2015-07-28,971.59,9917.59
store_134,2015-07-29,962.065,9546.405
store_134,2015-07-30,1009.94,9874.305
store_134,2015-07-31,1059.325,9993.04
store_134,2015-08-01,928.75,7923.755
store_134,2015-08-02,0.0,0.0
store_134,2015-08-03,1175.435,11674.71
store_134,2015-08-04,963.215,9423.445
store_134,2015-08-05,929.37,8838.525
store_134,2015-08-06,936.67,8787.4
store_134,2015-08-07,962.845,8952.085
store_134,2015-08-08,917.345,8062.635
store_134,2015-08-09,0.0,0.0
store_134,2015-08-10,958.37,7996.63
store_134,2015-08-11,837.435,7057.2
store_134,2015-08-12,804.43,6838.625
store_134,2015-08-13,832.05,7075.435
store_134,2015-08-14,885.425,7595.745
store_134,2015-08-15,902.79,7866.665
store_134,2015-08-16,0.0,0.0
store_134,2015-08-17,1202.11,12249.955
store_134,2015-08-18,1041.725,10324.43
store_134,2015-08-19,989.495,9123.65
store_134,2015-08-20,996.66,8823.3
store_134,2015-08-21,993.715,8966.785
store_134,2015-08-22,905.84,7760.46
store_134,2015-08-23,0.0,0.0
store_134,2015-08-24,887.835,7808.085
store_134,2015-08-25,810.945,7195.75
store_134,2015-08-26,796.72,7012.02
store_134,2015-08-27,849.665,7465.655
store_134,2015-08-28,874.01,8003.185
store_134,2015-08-29,867.99,7958.32
store_135,2015-07-20,988.79,8257.065
store_135,2015-07-21,922.835,7717.77
store_135,2015-07-22,908.215,7681.6
store_135,2015-07-23,930.155,7910.61
store_135,2015-07-24,945.05,8008.195
store_135,2015-07-25,839.455,7618.715
store_135,2015-07-26,0.0,0.0
store_135,2015-07-27,1192.215,11896.51
store_135,2015-07-28,1118.95,11108.745
store_135,2015-07-29,1058.27,10509.02
store_135,2015-07-30,1061.81,10155.445
store_135,2015-07-31,1022.655,9556.825
store_135,2015-08-01,836.745,7492.095
store_135,2015-08-02,0.0,0.0
store_135,2015-08-03,1249.535,12411.75
store_135,2015-08-04,1119.25,10678.175
store_135,2015-08-05,1053.115,9970.305
store_135,2015-08-06,1028.99,9755.545
store_135,2015-08-07,995.435,9395.515
store_135,2015-08-08,843.385,7645.77
store_135,2015-08-09,0.0,0.0
store_135,2015-08-10,1024.625,8562.455
store_135,2015-08-11,957.865,7971.845
store_135,2015-08-12,919.6,7652.14
store_135,2015-08-13,918.665,7797.32
store_135,2015-08-14,932.45,7922.93
store_135,2015-08-15,825.125,7337.705
store_135,2015-08-16,0.0,0.0
store_135,2015-08-17,1241.93,11954.61
store_135,2015-08-18,1130.125,10595.115
store_135,2015-08-19,1079.225,9884.02
store_135,2015-08-20,1069.09,9684.505
store_135,2015-08-21,1039.4,9256.82
store_135,2015-08-22,830.16,7297.785
store_135,2015-08-23,0.0,0.0
store_135,2015-08-24,987.2,8100.505
store_135,2015-08-25,905.81,7559.955
store_135,2015-08-26,915.38,7537.865
store_135,2015-08-27,929.305,7905.355
store_135,2015-08-28,949.925,8174.135
store_135,2015-08-29,839.355,7348.475
store_136,2015-07-20,936.32,8728.245
store_136,2015-07-21,845.115,8136.86
store_136,2015-07-22,819.045,7724.575
store_136,2015-07-23,858.73,7757.78
store_136,2015-07-24,853.325,7997.85
store_136,2015-07-25,827.555,8010.555
store_136,2015-07-26,0.0,0.0
store_136,2015-07-27,1169.715,14593.945
store_136,2015-07-28,1032.945,11937.945
store_136,2015-07-29,996.57,11078.495
store_136,2015-07-30,1012.165,10776.365
store_136,2015-07-31,992.765,10277.43
store_136,2015-08-01,857.28,8255.81
store_136,2015-08-02,0.0,0.0
store_136,2015-08-03,1223.73,14032.25
store_136,2015-08-04,1026.09,11340.87
store_136,2015-08-05,959.395,10414.255
store_136,2015-08-06,957.505,9978.91
store_136,2015-08-07,940.7,9445.72
store_136,2015-08-08,848.6,8149.23
store_136,2015-08-09,0.0,0.0
store_136,2015-08-10,949.245,8808.88
store_136,2015-08-11,845.92,8056.695
store_136,2015-08-12,839.635,7713.83
store_136,2015-08-13,856.265,7842.325
store_136,2015-08-14,890.085,8090.845
store_136,2015-08-15,846.375,7892.51
store_136,2015-08-16,0.0,0.0
store_136,2015-08-17,1226.815,13417.185
store_136,2015-08-18,1044.365,11115.105
store_136,2015-08-19,975.585,9908.68
store_136,2015-08-20,1002.455,9806.975
store_136,2015-08-21,988.63,9556.24
store_136,2015-08-22,856.97,7874.54
store_136,2015-08-23,0.0,0.0
store_136,2015-08-24,949.795,8358.83
store_136,2015-08-25,829.76,7641.63
store_136,2015-08-26,838.075,7565.99
store_136,2015-08-27,877.155,8057.615
store_136,2015-08-28,877.315,8261.645
store_136,2015-08-29,842.62,7793.805
store_137,2015-07-20,449.085,4223.57
store_137,2015-07-21,400.11,3929.335
store_137,2015-07-22,391.65,3755.675
store_137,2015-07-23,404.96,3955.15
store_137,2015-07-24,433.01,4150.74
store_137,2015-07-25,337.185,3418.58
store_137,2015-07-26,0.0,0.0
store_137,2015-07-27,602.115,7809.865
store_137,2015-07-28,511.165,6460.05
store_137,2015-07-29,505.95,5774.75
store_137,2015-07-30,510.785,5638.49
store_137,2015-07-31,503.8,5672.205
store_137,2015-08-01,338.48,3517.465
store_137,2015-08-02,0.0,0.0
store_137,2015-08-03,639.81,7777.075
store_137,2015-08-04,524.85,6079.005
store_137,2015-08-05,479.03,5317.045
store_137,2015-08-06,481.78,5181.38
store_137,2015-08-07,487.8,5170.305
store_137,2015-08-08,337.805,3494.19
store_137,2015-08-09,0.0,0.0
store_137,2015-08-10,517.805,4837.695
store_137,2015-08-11,464.195,4369.86
store_137,2015-08-12,441.925,4101.185
store_137,2015-08-13,447.875,4177.805
store_137,2015-08-14,452.71,4253.905
store_137,2015-08-15,343.415,3399.105
store_137,2015-08-16,0.0,0.0
store_137,2015-08-17,649.125,7583.79
store_137,2015-08-18,557.05,6155.435
store_137,2015-08-19,508.72,5340.31
store_137,2015-08-20,517.45,5126.92
store_137,2015-08-21,521.32,5048.68
store_137,2015-08-22,346.9,3281.64
store_137,2015-08-23,0.0,0.0
store_137,2015-08-24,497.605,4615.99
store_137,2015-08-25,445.61,4306.86
store_137,2015-08-26,441.395,4242.02
store_137,2015-08-27,437.94,4293.235
store_137,2015-08-28,465.265,4372.74
store_137,2015-08-29,338.605,3320.005
store_138,2015-07-20,928.13,5940.735
store_138,2015-07-21,902.705,5905.345
store_138,2015-07-22,901.875,5883.79
store_138,2015-07-23,913.865,6011.9
store_138,2015-07-24,912.315,6056.84
store_138,2015-07-25,759.33,5055.645
store_138,2015-07-26,0.0,0.0
store_138,2015-07-27,1175.935,9307.365
store_138,2015-07-28,1120.205,8620.385
store_138,2015-07-29,1083.56,8225.69
store_138,2015-07-30,1113.225,8025.21
store_138,2015-07-31,1055.645,7547.21
store_138,2015-08-01,770.555,5090.705
store_138,2015-08-02,0.0,0.0
store_138,2015-08-03,1263.495,9800.245
store_138,2015-08-04,1094.695,8630.495
store_138,2015-08-05,1033.405,7894.97
store_138,2015-08-06,1032.67,7654.725
store_138,2015-08-07,1013.77,7397.38
store_138,2015-08-08,807.8,5312.715
store_138,2015-08-09,0.0,0.0
store_138,2015-08-10,969.715,6368.115
store_138,2015-08-11,931.46,5997.495
store_138,2015-08-12,912.805,6083.11
store_138,2015-08-13,916.99,6248.555
store_138,2015-08-14,947.53,6317.905
store_138,2015-08-15,767.985,5189.645
store_138,2015-08-16,0.0,0.0
store_138,2015-08-17,1231.725,9120.645
store_138,2015-08-18,1105.29,8155.25
store_138,2015-08-19,1045.0,7415.605
store_138,2015-08-20,1042.025,7285.425
store_138,2015-08-21,1079.36,7457.8
store_138,2015-08-22,800.97,5266.065
store_138,2015-08-23,0.0,0.0
store_138,2015-08-24,970.07,6232.51
store_138,2015-08-25,909.4,5895.1
store_138,2015-08-26,896.095,5785.935
store_138,2015-08-27,948.9,6241.425
store_138,2015-08-28,982.13,6458.305
store_138,2015-08-29,759.16,5276.59
store_139,2015-07-20,477.05,4825.915
store_139,2015-07-21,407.455,4308.555
store_139,2015-07-22,401.71,4105.285
store_139,2015-07-23,425.995,4332.03
store_139,2015-07-24,429.13,4299.845
store_139,2015-07-25,426.835,4410.39
store_139,2015-07-26,0.0,0.0
store_139,2015-07-27,627.645,8211.16
store_139,2015-07-28,533.885,7032.61
store_139,2015-07-29,504.0,6280.74
store_139,2015-07-30,513.67,6002.95
store_139,2015-07-31,497.86,5762.92
store_139,2015-08-01,441.435,4558.015
store_139,2015-08-02,0.0,0.0
store_139,2015-08-03,682.705,8531.64
store_139,2015-08-04,541.745,6760.735
store_139,2015-08-05,490.755,5934.775
store_139,2015-08-06,485.505,5724.17
store_139,2015-08-07,484.65,5414.67
store_139,2015-08-08,438.47,4612.285
store_139,2015-08-09,0.0,0.0
store_139,2015-08-10,511.44,5532.51
store_139,2015-08-11,461.155,5008.5
store_139,2015-08-12,432.59,4643.0
store_139,2015-08-13,455.225,4856.355
store_139,2015-08-14,458.885,4810.175
store_139,2015-08-15,432.255,4391.205
store_139,2015-08-16,0.0,0.0
store_139,2015-08-17,676.65,8586.3
store_139,2015-08-18,560.835,7195.365
store_139,2015-08-19,556.39,6580.81
store_139,2015-08-20,531.425,6280.57
store_139,2015-08-21,518.665,6042.855
store_139,2015-08-22,442.855,4554.65
store_139,2015-08-23,0.0,0.0
store_139,2015-08-24,510.375,5758.215
store_139,2015-08-25,451.14,5208.19
store_139,2015-08-26,443.975,5056.485
store_139,2015-08-27,450.66,5234.135
store_139,2015-08-28,462.705,5291.655
store_139,2015-08-29,444.835,4648.995
store_14,2015-07-20,474.875,4814.965
store_14,2015-07-21,426.465,4421.375
store_14,2015-07-22,432.6,4411.91
store_14,2015-07-23,451.87,4593.6
store_14,2015-07-24,462.355,4749.075
store_14,2015-07-25,415.16,4235.985
store_14,2015-07-26,0.0,0.0
store_14,2015-07-27,628.45,8790.91
store_14,2015-07-28,541.75,7303.975
store_14,2015-07-29,526.115,6800.29
store_14,2015-07-30,523.815,6575.415
store_14,2015-07-31,522.29,6357.135
store_14,2015-08-01,426.03,4417.245
store_14,2015-08-02,0.0,0.0
store_14,2015-08-03,655.405,8780.835
store_14,2015-08-04,535.975,6877.49
store_14,2015-08-05,502.65,6063.18
store_14,2015-08-06,515.42,5986.91
store_14,2015-08-07,517.575,5918.39
store_14,2015-08-08,429.735,4461.71
store_14,2015-08-09,0.0,0.0
store_14,2015-08-10,465.67,5100.41
store_14,2015-08-11,436.685,4722.385
store_14,2015-08-12,423.545,4505.405
store_14,2015-08-13,452.635,4824.9
store_14,2015-08-14,487.84,5111.2
store_14,2015-08-15,425.175,4341.675
store_14,2015-08-16,0.0,0.0
store_14,2015-08-17,661.35,8529.21
store_14,2015-08-18,551.74,6941.355
store_14,2015-08-19,526.115,6369.23
store_14,2015-08-20,532.235,6186.165
store_14,2015-08-21,546.905,6257.035
store_14,2015-08-22,431.37,4442.75
store_14,2015-08-23,0.0,0.0
store_14,2015-08-24,458.53,4852.7
store_14,2015-08-25,420.745,4680.17
store_14,2015-08-26,427.25,4665.89
store_14,2015-08-27,446.745,5035.975
store_14,2015-08-28,507.8,5697.56
store_14,2015-08-29,438.67,4603.685
store_140,2015-07-20,536.23,4905.415
store_140,2015-07-21,494.695,4589.385
store_140,2015-07-22,517.89,4760.0
store_140,2015-07-23,554.195,5046.055
store_140,2015-07-24,598.67,5445.75
store_140,2015-07-25,640.29,5908.44
store_140,2015-07-26,0.0,0.0
store_140,2015-07-27,750.535,8272.81
store_140,2015-07-28,650.855,7085.635
store_140,2015-07-29,641.965,6698.025
store_140,2015-07-30,674.96,6575.425
store_140,2015-07-31,697.18,6805.7
store_140,2015-08-01,641.835,5995.835
store_140,2015-08-02,0.0,0.0
store_140,2015-08-03,789.49,8398.305
store_140,2015-08-04,646.22,6743.58
store_140,2015-08-05,598.835,6240.1
store_140,2015-08-06,633.94,6140.21
store_140,2015-08-07,629.175,6421.865
store_140,2015-08-08,650.075,5977.995
store_140,2015-08-09,0.0,0.0
store_140,2015-08-10,605.075,5278.665
store_140,2015-08-11,546.21,4803.355
store_140,2015-08-12,540.3,4707.975
store_140,2015-08-13,548.69,4952.265
store_140,2015-08-14,556.795,5173.6
store_140,2015-08-15,613.355,5758.495
store_140,2015-08-16,0.0,0.0
store_140,2015-08-17,834.845,8379.655
store_140,2015-08-18,716.57,6936.77
store_140,2015-08-19,671.43,6302.0
store_140,2015-08-20,672.27,6174.71
store_140,2015-08-21,671.74,6214.43
store_140,2015-08-22,627.46,5649.455
store_140,2015-08-23,0.0,0.0
store_140,2015-08-24,702.6,5819.045
store_140,2015-08-25,614.565,5308.84
store_140,2015-08-26,593.385,5119.27
store_140,2015-08-27,571.68,5037.88
store_140,2015-08-28,580.605,5153.095
store_140,2015-08-29,607.705,5568.76
store_141,2015-07-20,353.955,3794.515
store_141,2015-07-21,291.59,3095.805
store_141,2015-07-22,312.17,3297.995
store_141,2015-07-23,343.685,3484.23
store_141,2015-07-24,370.655,3775.535
store_141,2015-07-25,332.05,3400.02
store_141,2015-07-26,0.0,0.0
store_141,2015-07-27,481.65,6724.555
store_141,2015-07-28,387.32,5229.005
store_141,2015-07-29,385.87,4878.505
store_141,2015-07-30,405.775,4931.875
store_141,2015-07-31,420.51,5164.585
store_141,2015-08-01,325.84,3471.865
store_141,2015-08-02,0.0,0.0
store_141,2015-08-03,487.795,6607.305
store_141,2015-08-04,412.455,5093.83
store_141,2015-08-05,380.795,4880.575
store_141,2015-08-06,379.505,4783.44
store_141,2015-08-07,384.065,4729.505
store_141,2015-08-08,325.925,3527.765
store_141,2015-08-09,0.0,0.0
store_141,2015-08-10,353.51,3997.935
store_141,2015-08-11,319.09,3694.53
store_141,2015-08-12,315.5,3633.44
store_141,2015-08-13,342.47,3935.495
store_141,2015-08-14,360.405,4107.485
store_141,2015-08-15,324.735,3407.87
store_141,2015-08-16,0.0,0.0
store_141,2015-08-17,503.26,6716.47
store_141,2015-08-18,408.46,5391.41
store_141,2015-08-19,389.195,4959.375
store_141,2015-08-20,392.665,4955.66
store_141,2015-08-21,414.395,5360.435
store_141,2015-08-22,327.68,3469.965
store_141,2015-08-23,0.0,0.0
store_141,2015-08-24,339.455,3875.82
store_141,2015-08-25,310.345,3680.195
store_141,2015-08-26,309.91,3657.6
store_141,2015-08-27,337.375,3992.4
store_141,2015-08-28,358.9,4434.555
store_141,2015-08-29,320.555,3518.93
store_142,2015-07-20,471.63,4435.56
store_142,2015-07-21,425.965,4109.64
store_142,2015-07-22,411.99,3826.8
store_142,2015-07-23,398.16,3513.995
store_142,2015-07-24,423.395,3806.085
store_142,2015-07-25,469.005,4310.39
store_142,2015-07-26,0.0,0.0
store_142,2015-07-27,731.81,9722.025
store_142,2015-07-28,602.675,7874.215
store_142,2015-07-29,570.85,6617.86
store_142,2015-07-30,553.21,5641.96
store_142,2015-07-31,542.6,5446.4
store_142,2015-08-01,482.265,4236.635
store_142,2015-08-02,0.0,0.0
store_142,2015-08-03,731.97,9162.57
store_142,2015-08-04,594.095,7046.645
store_142,2015-08-05,534.49,6110.235
store_142,2015-08-06,531.065,5375.58
store_142,2015-08-07,522.775,5228.705
store_142,2015-08-08,478.145,4425.92
store_142,2015-08-09,0.0,0.0
store_142,2015-08-10,478.44,4795.455
store_142,2015-08-11,455.625,4525.805
store_142,2015-08-12,445.27,4392.58
store_142,2015-08-13,466.57,4348.005
store_142,2015-08-14,495.36,4515.835
store_142,2015-08-15,476.87,4450.165
store_142,2015-08-16,0.0,0.0
store_142,2015-08-17,724.115,9009.77
store_142,2015-08-18,611.05,7179.81
store_142,2015-08-19,588.9,6415.03
store_142,2015-08-20,568.71,5976.89
store_142,2015-08-21,573.42,5812.495
store_142,2015-08-22,502.27,4561.7
store_142,2015-08-23,0.0,0.0
store_142,2015-08-24,468.335,4680.305
store_142,2015-08-25,440.55,4565.735
store_142,2015-08-26,443.315,4406.36
store_142,2015-08-27,451.625,4517.29
store_142,2015-08-28,501.995,4882.8
store_142,2015-08-29,487.145,4642.01
store_143,2015-07-20,1057.305,8701.84
store_143,2015-07-21,1024.155,8129.83
store_143,2015-07-22,1012.945,8312.785
store_143,2015-07-23,1035.42,8512.015
store_143,2015-07-24,1001.53,8540.84
store_143,2015-07-25,944.74,8684.41
store_143,2015-07-26,0.0,0.0
store_143,2015-07-27,1245.76,12628.395
store_143,2015-07-28,1167.705,11392.64
store_143,2015-07-29,1172.58,11344.01
store_143,2015-07-30,1170.255,10863.53
store_143,2015-07-31,1130.94,10639.06
store_143,2015-08-01,962.155,9088.65
store_143,2015-08-02,0.0,0.0
store_143,2015-08-03,1287.14,13293.545
store_143,2015-08-04,1167.74,11101.265
store_143,2015-08-05,1111.79,10580.745
store_143,2015-08-06,1127.14,10439.35
store_143,2015-08-07,1091.695,9797.155
store_143,2015-08-08,959.63,8980.23
store_143,2015-08-09,0.0,0.0
store_143,2015-08-10,1097.41,9241.99
store_143,2015-08-11,1024.255,8632.1
store_143,2015-08-12,1006.925,8426.625
store_143,2015-08-13,1023.325,8765.97
store_143,2015-08-14,1050.145,8930.55
store_143,2015-08-15,937.095,8725.54
store_143,2015-08-16,0.0,0.0
store_143,2015-08-17,1262.315,12622.025
store_143,2015-08-18,1199.025,11111.375
store_143,2015-08-19,1135.295,10410.41
store_143,2015-08-20,1146.845,10263.26
store_143,2015-08-21,1129.36,10143.415
store_143,2015-08-22,968.785,8867.785
store_143,2015-08-23,0.0,0.0
store_143,2015-08-24,1056.975,8981.27
store_143,2015-08-25,990.94,8476.225
store_143,2015-08-26,983.425,8300.185
store_143,2015-08-27,1013.19,8941.435
store_143,2015-08-28,1046.18,9341.21
store_143,2015-08-29,930.62,8649.835
store_144,2015-07-20,835.99,6159.195
store_144,2015-07-21,809.375,5822.84
store_144,2015-07-22,804.005,5845.26
store_144,2015-07-23,843.945,6005.85
store_144,2015-07-24,885.75,6442.215
store_144,2015-07-25,704.245,5548.055
store_144,2015-07-26,0.0,0.0
store_144,2015-07-27,1097.59,9507.235
store_144,2015-07-28,994.21,8997.15
store_144,2015-07-29,979.49,8521.295
store_144,2015-07-30,1035.265,8693.17
store_144,2015-07-31,1013.02,8432.64
store_144,2015-08-01,777.975,5839.265
store_144,2015-08-02,0.0,0.0
store_144,2015-08-03,1170.91,10603.47
store_144,2015-08-04,985.85,9036.43
store_144,2015-08-05,940.12,8135.305
store_144,2015-08-06,918.485,7969.955
store_144,2015-08-07,919.265,7808.485
store_144,2015-08-08,757.2,5848.01
store_144,2015-08-09,0.0,0.0
store_144,2015-08-10,917.68,6716.24
store_144,2015-08-11,831.45,6199.28
store_144,2015-08-12,813.375,6067.39
store_144,2015-08-13,828.425,6345.57
store_144,2015-08-14,894.925,6832.36
store_144,2015-08-15,772.74,5906.37
store_144,2015-08-16,0.0,0.0
store_144,2015-08-17,1169.325,10424.445
store_144,2015-08-18,1018.9,8890.135
store_144,2015-08-19,964.685,7988.26
store_144,2015-08-20,968.805,7763.16
store_144,2015-08-21,997.255,7951.98
store_144,2015-08-22,795.225,5900.545
store_144,2015-08-23,0.0,0.0
store_144,2015-08-24,902.405,6630.96
store_144,2015-08-25,825.655,6263.585
store_144,2015-08-26,823.125,6262.795
store_144,2015-08-27,852.465,6639.275
store_144,2015-08-28,909.69,7084.085
store_144,2015-08-29,778.495,6060.395
store_145,2015-07-20,647.73,6850.325
store_145,2015-07-21,556.195,5976.84
store_145,2015-07-22,571.61,6002.745
store_145,2015-07-23,575.395,6054.64
store_145,2015-07-24,574.49,6282.35
store_145,2015-07-25,580.805,6259.585
store_145,2015-07-26,0.0,0.0
store_145,2015-07-27,817.295,11135.975
store_145,2015-07-28,724.235,9476.11
store_145,2015-07-29,699.905,8975.17
store_145,2015-07-30,699.65,8720.825
store_145,2015-07-31,692.735,8580.775
store_145,2015-08-01,612.74,6765.545
store_145,2015-08-02,0.0,0.0
store_145,2015-08-03,901.31,11800.755
store_145,2015-08-04,737.03,9315.435
store_145,2015-08-05,699.195,8568.69
store_145,2015-08-06,672.385,8226.72
store_145,2015-08-07,645.065,7796.41
store_145,2015-08-08,622.505,6858.525
store_145,2015-08-09,0.0,0.0
store_145,2015-08-10,624.74,6735.245
store_145,2015-08-11,585.795,6290.265
store_145,2015-08-12,563.11,6263.435
store_145,2015-08-13,575.975,6349.31
store_145,2015-08-14,610.12,6520.425
store_145,2015-08-15,620.31,6739.27
store_145,2015-08-16,0.0,0.0
store_145,2015-08-17,911.565,11209.405
store_145,2015-08-18,758.335,9367.695
store_145,2015-08-19,702.815,8676.69
store_145,2015-08-20,687.72,8264.785
store_145,2015-08-21,691.0,7917.08
store_145,2015-08-22,623.15,6558.175
store_145,2015-08-23,0.0,0.0
store_145,2015-08-24,645.66,6498.725
store_145,2015-08-25,567.965,6115.425
store_145,2015-08-26,581.785,6141.875
store_145,2015-08-27,580.575,6348.325
store_145,2015-08-28,580.225,6453.835
store_145,2015-08-29,591.27,6423.34
store_146,2015-07-20,995.255,6734.89
store_146,2015-07-21,959.45,6510.57
store_146,2015-07-22,941.66,6251.205
store_146,2015-07-23,939.28,6417.53
store_146,2015-07-24,963.63,6550.96
store_146,2015-07-25,909.6,6476.21
store_146,2015-07-26,0.0,0.0
store_146,2015-07-27,1199.65,9842.855
store_146,2015-07-28,1164.47,9335.895
store_146,2015-07-29,1120.965,8919.975
store_146,2015-07-30,1101.86,8579.865
store_146,2015-07-31,1090.7,8056.69
store_146,2015-08-01,930.865,6652.99
store_146,2015-08-02,0.0,0.0
store_146,2015-08-03,1298.455,10725.115
store_146,2015-08-04,1128.915,9158.04
store_146,2015-08-05,1082.985,8406.1
store_146,2015-08-06,1053.475,8164.445
store_146,2015-08-07,1017.735,8035.035
store_146,2015-08-08,935.0,6858.45
store_146,2015-08-09,0.0,0.0
store_146,2015-08-10,1060.15,7235.94
store_146,2015-08-11,988.535,6653.18
store_146,2015-08-12,960.215,6490.15
store_146,2015-08-13,961.28,6648.46
store_146,2015-08-14,975.13,6820.925
store_146,2015-08-15,913.45,6680.485
store_146,2015-08-16,0.0,0.0
store_146,2015-08-17,1305.625,10407.755
store_146,2015-08-18,1153.21,9028.24
store_146,2015-08-19,1107.775,8289.625
store_146,2015-08-20,1089.15,7837.21
store_146,2015-08-21,1077.565,7671.67
store_146,2015-08-22,922.28,6554.1
store_146,2015-08-23,0.0,0.0
store_146,2015-08-24,1014.045,6851.215
store_146,2015-08-25,941.045,6457.22
store_146,2015-08-26,910.45,6299.195
store_146,2015-08-27,924.74,6392.1
store_146,2015-08-28,944.855,6595.455
store_146,2015-08-29,908.05,6534.015
store_147,2015-07-20,517.655,4900.93
store_147,2015-07-21,454.965,4369.54
store_147,2015-07-22,460.16,4402.42
store_147,2015-07-23,529.135,4988.77
store_147,2015-07-24,569.68,5467.37
store_147,2015-07-25,448.935,4532.455
store_147,2015-07-26,0.0,0.0
store_147,2015-07-27,632.94,7552.265
store_147,2015-07-28,565.135,6661.745
store_147,2015-07-29,545.28,6338.95
store_147,2015-07-30,587.155,6871.365
store_147,2015-07-31,661.665,7563.975
store_147,2015-08-01,477.04,4930.765
store_147,2015-08-02,0.0,0.0
store_147,2015-08-03,696.99,8251.7
store_147,2015-08-04,583.205,6654.47
store_147,2015-08-05,534.22,5987.505
store_147,2015-08-06,551.33,6446.74
store_147,2015-08-07,609.73,6942.655
store_147,2015-08-08,484.32,4764.4
store_147,2015-08-09,0.0,0.0
store_147,2015-08-10,535.885,5400.365
store_147,2015-08-11,490.72,5004.885
store_147,2015-08-12,495.465,4976.51
store_147,2015-08-13,516.645,5401.895
store_147,2015-08-14,548.665,5967.875
store_147,2015-08-15,478.545,4852.0
store_147,2015-08-16,0.0,0.0
store_147,2015-08-17,685.09,8609.335
store_147,2015-08-18,590.9,7054.255
store_147,2015-08-19,586.715,6468.775
store_147,2015-08-20,614.77,6907.63
store_147,2015-08-21,621.57,7254.795
store_147,2015-08-22,526.025,5186.435
store_147,2015-08-23,0.0,0.0
store_147,2015-08-24,535.615,5669.24
store_147,2015-08-25,477.5,5075.775
store_147,2015-08-26,486.245,5084.545
store_147,2015-08-27,519.915,5733.825
store_147,2015-08-28,542.075,6474.22
store_147,2015-08-29,506.42,5262.45
store_148,2015-07-20,621.4,7490.68
store_148,2015-07-21,571.055,6569.84
store_148,2015-07-22,564.73,6595.34
store_148,2015-07-23,573.43,6505.285
store_148,2015-07-24,593.135,6943.72
store_148,2015-07-25,623.785,7392.745
store_148,2015-07-26,0.0,0.0
store_148,2015-07-27,884.845,13354.995
store_148,2015-07-28,742.885,10692.8
store_148,2015-07-29,685.465,9598.95
store_148,2015-07-30,712.51,9415.22
store_148,2015-07-31,721.495,9469.345
store_148,2015-08-01,648.7,7758.845
store_148,2015-08-02,0.0,0.0
store_148,2015-08-03,913.225,13164.335
store_148,2015-08-04,742.82,10024.965
store_148,2015-08-05,675.025,8922.7
store_148,2015-08-06,661.185,8609.555
store_148,2015-08-07,653.02,8379.845
store_148,2015-08-08,631.915,7686.365
store_148,2015-08-09,0.0,0.0
store_148,2015-08-10,658.31,7620.335
store_148,2015-08-11,597.91,6893.195
store_148,2015-08-12,582.555,6672.18
store_148,2015-08-13,601.525,6835.35
store_148,2015-08-14,612.885,7176.35
store_148,2015-08-15,633.975,7556.86
store_148,2015-08-16,0.0,0.0
store_148,2015-08-17,887.725,12506.99
store_148,2015-08-18,757.745,10267.96
store_148,2015-08-19,711.525,9100.76
store_148,2015-08-20,710.08,8858.15
store_148,2015-08-21,708.165,8943.045
store_148,2015-08-22,627.73,7291.64
store_148,2015-08-23,0.0,0.0
store_148,2015-08-24,636.98,7370.165
store_148,2015-08-25,573.095,6899.6
store_148,2015-08-26,572.31,6736.93
store_148,2015-08-27,592.15,6933.51
store_148,2015-08-28,629.185,7535.06
store_148,2015-08-29,612.38,7289.83
store_149,2015-07-20,2174.91,15658.69
store_149,2015-07-21,2134.045,15546.545
store_149,2015-07-22,2063.115,15250.99
store_149,2015-07-23,2119.77,15682.115
store_149,2015-07-24,2094.375,15763.41
store_149,2015-07-25,2256.215,16145.935
store_149,2015-07-26,0.0,0.0
store_149,2015-07-27,2489.345,20783.245
store_149,2015-07-28,2316.31,18652.04
store_149,2015-07-29,2344.31,18859.71
store_149,2015-07-30,2376.87,18814.76
store_149,2015-07-31,2300.4,17600.775
store_149,2015-08-01,2358.605,16602.94
store_149,2015-08-02,0.0,0.0
store_149,2015-08-03,2645.31,21896.32
store_149,2015-08-04,2443.23,19357.23
store_149,2015-08-05,2301.55,17937.285
store_149,2015-08-06,2273.36,17811.75
store_149,2015-08-07,2246.985,17075.19
store_149,2015-08-08,2341.59,16995.725
store_149,2015-08-09,0.0,0.0
store_149,2015-08-10,2212.785,16105.25
store_149,2015-08-11,2173.49,15372.01
store_149,2015-08-12,2149.995,15345.38
store_149,2015-08-13,2131.725,15511.86
store_149,2015-08-14,2108.145,15586.055
store_149,2015-08-15,2291.78,16750.64
store_149,2015-08-16,0.0,0.0
store_149,2015-08-17,2733.88,22302.355
store_149,2015-08-18,2503.75,19727.64
store_149,2015-08-19,2395.28,18586.925
store_149,2015-08-20,2336.54,18076.325
store_149,2015-08-21,2302.965,17776.565
store_149,2015-08-22,2402.94,17588.795
store_149,2015-08-23,0.0,0.0
store_149,2015-08-24,2200.905,15734.36
store_149,2015-08-25,2165.05,15431.46
store_149,2015-08-26,2163.585,15543.21
store_149,2015-08-27,2178.4,16003.625
store_149,2015-08-28,2171.615,16066.94
store_149,2015-08-29,2315.485,17095.0
store_15,2015-07-20,758.305,7876.655
store_15,2015-07-21,683.35,7173.155
store_15,2015-07-22,722.235,7616.67
store_15,2015-07-23,718.045,7739.45
store_15,2015-07-24,728.11,7835.305
store_15,2015-07-25,637.155,6751.795
store_15,2015-07-26,0.0,0.0
store_15,2015-07-27,926.695,12332.855
store_15,2015-07-28,858.515,10800.725
store_15,2015-07-29,854.045,10013.63
store_15,2015-07-30,930.805,10081.93
store_15,2015-07-31,860.365,9722.655
store_15,2015-08-01,653.275,6797.865
store_15,2015-08-02,0.0,0.0
store_15,2015-08-03,982.59,12057.88
store_15,2015-08-04,824.405,9972.215
store_15,2015-08-05,810.885,9256.32
store_15,2015-08-06,821.72,9404.14
store_15,2015-08-07,812.285,9128.17
store_15,2015-08-08,664.195,6886.37
store_15,2015-08-09,0.0,0.0
store_15,2015-08-10,771.095,7713.46
store_15,2015-08-11,709.81,7065.66
store_15,2015-08-12,675.155,6943.135
store_15,2015-08-13,712.92,7357.8
store_15,2015-08-14,743.52,7558.68
store_15,2015-08-15,649.265,6777.675
store_15,2015-08-16,0.0,0.0
store_15,2015-08-17,1054.415,11973.175
store_15,2015-08-18,912.43,10107.46
store_15,2015-08-19,841.19,8899.98
store_15,2015-08-20,840.66,8960.99
store_15,2015-08-21,848.855,8902.335
store_15,2015-08-22,650.245,6591.7
store_15,2015-08-23,0.0,0.0
store_15,2015-08-24,796.04,7459.845
store_15,2015-08-25,713.365,6868.725
store_15,2015-08-26,725.07,6766.58
store_15,2015-08-27,712.785,7052.39
store_15,2015-08-28,767.42,7536.36
store_15,2015-08-29,657.035,6730.545
store_150,2015-07-20,677.23,8030.375
store_150,2015-07-21,626.37,7400.92
store_150,2015-07-22,652.255,7546.175
store_150,2015-07-23,685.23,7978.215
store_150,2015-07-24,694.23,8023.995
store_150,2015-07-25,641.015,7417.69
store_150,2015-07-26,0.0,0.0
store_150,2015-07-27,922.345,13310.23
store_150,2015-07-28,802.41,11124.65
store_150,2015-07-29,813.275,10790.985
store_150,2015-07-30,835.33,10918.975
store_150,2015-07-31,812.545,10360.13
store_150,2015-08-01,681.335,7608.235
store_150,2015-08-02,0.0,0.0
store_150,2015-08-03,939.59,12528.425
store_150,2015-08-04,790.53,10515.615
store_150,2015-08-05,730.32,9410.05
store_150,2015-08-06,776.21,9614.635
store_150,2015-08-07,761.345,9292.895
store_150,2015-08-08,702.47,7649.245
store_150,2015-08-09,0.0,0.0
store_150,2015-08-10,703.255,7902.295
store_150,2015-08-11,633.365,7120.3
store_150,2015-08-12,625.55,6919.635
store_150,2015-08-13,670.535,7396.86
store_150,2015-08-14,695.78,7711.495
store_150,2015-08-15,690.87,7475.115
store_150,2015-08-16,0.0,0.0
store_150,2015-08-17,936.725,12176.835
store_150,2015-08-18,794.155,10117.81
store_150,2015-08-19,756.745,9084.08
store_150,2015-08-20,793.15,9150.3
store_150,2015-08-21,810.53,9128.76
store_150,2015-08-22,697.55,7453.445
store_150,2015-08-23,0.0,0.0
store_150,2015-08-24,735.7,7531.59
store_150,2015-08-25,640.975,6820.82
store_150,2015-08-26,628.98,6679.945
store_150,2015-08-27,686.09,7234.995
store_150,2015-08-28,734.525,7891.81
store_150,2015-08-29,700.145,7397.605
store_151,2015-07-20,645.83,4860.895
store_151,2015-07-21,599.84,4325.74
store_151,2015-07-22,553.85,4144.995
store_151,2015-07-23,566.44,4180.01
store_151,2015-07-24,563.435,4102.125
store_151,2015-07-25,475.06,3536.825
store_151,2015-07-26,0.0,0.0
store_151,2015-07-27,839.32,8824.07
store_151,2015-07-28,759.29,7481.225
store_151,2015-07-29,749.105,6691.63
store_151,2015-07-30,765.685,6275.605
store_151,2015-07-31,705.205,5635.685
store_151,2015-08-01,516.31,3776.02
store_151,2015-08-02,0.0,0.0
store_151,2015-08-03,906.61,8787.305
store_151,2015-08-04,761.78,7115.895
store_151,2015-08-05,711.46,6248.185
store_151,2015-08-06,692.91,5735.465
store_151,2015-08-07,661.825,5195.87
store_151,2015-08-08,490.83,3806.0
store_151,2015-08-09,0.0,0.0
store_151,2015-08-10,706.765,5412.88
store_151,2015-08-11,655.495,5017.535
store_151,2015-08-12,641.93,4734.245
store_151,2015-08-13,631.445,4660.47
store_151,2015-08-14,637.275,4534.84
store_151,2015-08-15,479.395,3748.845
store_151,2015-08-16,0.0,0.0
store_151,2015-08-17,895.98,8382.655
store_151,2015-08-18,795.08,6992.655
store_151,2015-08-19,755.135,6281.58
store_151,2015-08-20,738.515,5855.58
store_151,2015-08-21,725.855,5575.545
store_151,2015-08-22,482.905,3711.48
store_151,2015-08-23,0.0,0.0
store_151,2015-08-24,726.59,5621.05
store_151,2015-08-25,629.77,5013.41
store_151,2015-08-26,611.55,4848.14
store_151,2015-08-27,635.36,4919.185
store_151,2015-08-28,657.955,4942.465
store_151,2015-08-29,482.345,3792.39
store_152,2015-07-20,224.645,2434.65
store_152,2015-07-21,202.77,2175.915
store_152,2015-07-22,202.445,2187.9
store_152,2015-07-23,198.655,2122.85
store_152,2015-07-24,222.505,2390.66
store_152,2015-07-25,264.82,2958.23
store_152,2015-07-26,0.0,0.0
store_152,2015-07-27,318.33,4226.78
store_152,2015-07-28,294.545,3678.48
store_152,2015-07-29,284.125,3483.435
store_152,2015-07-30,268.915,3251.735
store_152,2015-07-31,282.9,3374.4
store_152,2015-08-01,292.285,3158.935
store_152,2015-08-02,0.0,0.0
store_152,2015-08-03,339.335,4419.97
store_152,2015-08-04,283.2,3588.195
store_152,2015-08-05,267.285,3217.245
store_152,2015-08-06,268.09,3210.365
store_152,2015-08-07,288.725,3388.01
store_152,2015-08-08,295.76,3232.69
store_152,2015-08-09,0.0,0.0
store_152,2015-08-10,242.53,2738.56
store_152,2015-08-11,224.555,2436.945
store_152,2015-08-12,212.87,2290.755
store_152,2015-08-13,236.39,2484.25
store_152,2015-08-14,253.86,2748.14
store_152,2015-08-15,284.59,2992.7
store_152,2015-08-16,0.0,0.0
store_152,2015-08-17,313.61,4007.16
store_152,2015-08-18,287.82,3558.285
store_152,2015-08-19,276.07,3356.735
store_152,2015-08-20,275.45,3380.79
store_152,2015-08-21,298.26,3536.655
store_152,2015-08-22,290.23,3121.78
store_152,2015-08-23,0.0,0.0
store_152,2015-08-24,219.175,2441.53
store_152,2015-08-25,212.12,2311.2
store_152,2015-08-26,202.62,2183.68
store_152,2015-08-27,228.42,2414.735
store_152,2015-08-28,263.765,2889.41
store_152,2015-08-29,283.26,3092.675
store_153,2015-07-20,549.69,5198.31
store_153,2015-07-21,497.475,4770.445
store_153,2015-07-22,538.38,4906.05
store_153,2015-07-23,527.935,4895.625
store_153,2015-07-24,530.855,5065.755
store_153,2015-07-25,577.205,5543.36
store_153,2015-07-26,0.0,0.0
store_153,2015-07-27,750.2,8494.795
store_153,2015-07-28,642.885,7419.29
store_153,2015-07-29,644.22,6980.97
store_153,2015-07-30,651.405,6702.355
store_153,2015-07-31,630.255,6395.445
store_153,2015-08-01,597.975,5742.08
store_153,2015-08-02,0.0,0.0
store_153,2015-08-03,776.29,8760.055
store_153,2015-08-04,635.87,7149.145
store_153,2015-08-05,606.755,6363.4
store_153,2015-08-06,609.515,6169.475
store_153,2015-08-07,590.76,5913.88
store_153,2015-08-08,568.73,5586.77
store_153,2015-08-09,0.0,0.0
store_153,2015-08-10,633.03,5675.605
store_153,2015-08-11,570.28,5195.22
store_153,2015-08-12,556.215,5023.635
store_153,2015-08-13,547.035,4963.25
store_153,2015-08-14,565.195,4981.015
store_153,2015-08-15,577.14,5360.05
store_153,2015-08-16,0.0,0.0
store_153,2015-08-17,832.035,9007.005
store_153,2015-08-18,703.38,7589.57
store_153,2015-08-19,676.095,6751.92
store_153,2015-08-20,655.875,6494.905
store_153,2015-08-21,658.275,6303.605
store_153,2015-08-22,583.435,5408.18
store_153,2015-08-23,0.0,0.0
store_153,2015-08-24,692.9,6319.07
store_153,2015-08-25,612.555,5745.395
store_153,2015-08-26,598.05,5482.82
store_153,2015-08-27,607.335,5648.515
store_153,2015-08-28,603.365,5582.68
store_153,2015-08-29,578.05,5419.895
store_154,2015-07-20,880.51,6297.075
store_154,2015-07-21,857.005,5984.745
store_154,2015-07-22,845.55,5877.025
store_154,2015-07-23,868.83,6042.12
store_154,2015-07-24,842.695,6034.25
store_154,2015-07-25,872.665,6057.85
store_154,2015-07-26,0.0,0.0
store_154,2015-07-27,1149.46,10047.61
store_154,2015-07-28,1107.915,9212.61
store_154,2015-07-29,1064.03,8555.66
store_154,2015-07-30,1094.13,7966.015
store_154,2015-07-31,1024.18,7230.08
store_154,2015-08-01,880.41,6041.565
store_154,2015-08-02,0.0,0.0
store_154,2015-08-03,1338.515,10846.775
store_154,2015-08-04,1103.755,9130.31
store_154,2015-08-05,1043.76,8102.855
store_154,2015-08-06,1014.285,7726.475
store_154,2015-08-07,971.65,7001.045
store_154,2015-08-08,860.66,6143.975
store_154,2015-08-09,0.0,0.0
store_154,2015-08-10,1054.8,6870.675
store_154,2015-08-11,987.735,6496.21
store_154,2015-08-12,946.945,6265.08
store_154,2015-08-13,934.505,6241.51
store_154,2015-08-14,953.055,6143.665
store_154,2015-08-15,878.895,5971.575
store_154,2015-08-16,0.0,0.0
store_154,2015-08-17,1262.705,9471.41
store_154,2015-08-18,1153.94,8522.905
store_154,2015-08-19,1093.385,7673.825
store_154,2015-08-20,1070.755,7290.105
store_154,2015-08-21,1008.275,6848.34
store_154,2015-08-22,845.995,5936.235
store_154,2015-08-23,0.0,0.0
store_154,2015-08-24,916.74,6062.07
store_154,2015-08-25,899.96,5907.035
store_154,2015-08-26,907.515,5792.03
store_154,2015-08-27,951.11,6019.625
store_154,2015-08-28,982.895,6296.44
store_154,2015-08-29,852.175,5855.75
store_155,2015-07-20,2875.24,13110.385
store_155,2015-07-21,2708.255,12252.005
store_155,2015-07-22,2617.7,11678.41
store_155,2015-07-23,2628.185,11574.395
store_155,2015-07-24,2660.585,11704.615
store_155,2015-07-25,2441.355,9994.51
store_155,2015-07-26,3121.255,16699.91
store_155,2015-07-27,2956.525,14690.65
store_155,2015-07-28,2751.29,13700.585
store_155,2015-07-29,2741.47,13462.32
store_155,2015-07-30,2776.465,13469.47
store_155,2015-07-31,2799.28,13688.985
store_155,2015-08-01,2476.895,10770.985
store_155,2015-08-02,3142.465,17000.545
store_155,2015-08-03,3138.915,15831.595
store_155,2015-08-04,2954.525,14880.275
store_155,2015-08-05,2827.68,14493.09
store_155,2015-08-06,2809.675,14263.36
store_155,2015-08-07,2807.345,14127.845
store_155,2015-08-08,2590.075,10901.92
store_155,2015-08-09,3157.33,17228.63
store_155,2015-08-10,3049.935,14498.815
store_155,2015-08-11,2835.225,12972.145
store_155,2015-08-12,2709.275,12383.05
store_155,2015-08-13,2727.93,12383.765
store_155,2015-08-14,2725.83,12253.745
store_155,2015-08-15,2691.795,11180.625
store_155,2015-08-16,3163.315,17234.6
store_155,2015-08-17,3145.86,17136.935
store_155,2015-08-18,3081.28,16443.805
store_155,2015-08-19,2857.24,15165.96
store_155,2015-08-20,2843.16,14504.315
store_155,2015-08-21,2836.45,14388.785
store_155,2015-08-22,2760.455,11565.0
store_155,2015-08-23,3136.665,17231.565
store_155,2015-08-24,3066.335,15817.605
store_155,2015-08-25,2922.025,14308.775
store_155,2015-08-26,2808.305,13724.835
store_155,2015-08-27,2732.795,13297.59
store_155,2015-08-28,2675.425,13048.985
store_155,2015-08-29,2797.48,12013.0
store_156,2015-07-20,3268.15,18490.775
store_156,2015-07-21,3099.295,17332.245
store_156,2015-07-22,3026.1,16929.835
store_156,2015-07-23,3074.805,17085.905
store_156,2015-07-24,3397.405,18452.69
store_156,2015-07-25,3216.175,17389.2
store_156,2015-07-26,4585.925,29915.985
store_156,2015-07-27,3410.41,21917.03
store_156,2015-07-28,3276.8,20707.075
store_156,2015-07-29,3201.455,19969.95
store_156,2015-07-30,3228.655,20127.315
store_156,2015-07-31,3604.265,21213.945
store_156,2015-08-01,3262.04,17446.38
store_156,2015-08-02,4603.655,29785.445
store_156,2015-08-03,3458.6,21520.075
store_156,2015-08-04,3403.43,20671.78
store_156,2015-08-05,3332.51,20010.345
store_156,2015-08-06,3329.255,19925.495
store_156,2015-08-07,3519.68,20729.325
store_156,2015-08-08,3215.515,17646.22
store_156,2015-08-09,4586.025,30162.555
store_156,2015-08-10,3316.355,19113.88
store_156,2015-08-11,3152.81,18096.795
store_156,2015-08-12,3099.43,17499.88
store_156,2015-08-13,3078.565,17419.995
store_156,2015-08-14,3371.265,18895.79
store_156,2015-08-15,3262.95,17576.81
store_156,2015-08-16,4613.295,30483.185
store_156,2015-08-17,3416.75,21675.88
store_156,2015-08-18,3249.555,19923.355
store_156,2015-08-19,3264.32,19431.985
store_156,2015-08-20,3301.825,19278.495
store_156,2015-08-21,3633.22,20590.24
store_156,2015-08-22,3243.925,17359.295
store_156,2015-08-23,4488.475,29492.75
store_156,2015-08-24,3210.295,18524.25
store_156,2015-08-25,3089.725,17463.95
store_156,2015-08-26,3017.725,17333.35
store_156,2015-08-27,3092.02,17360.255
store_156,2015-08-28,3502.015,19596.585
store_156,2015-08-29,3270.425,17522.75
store_157,2015-07-20,540.835,5097.47
store_157,2015-07-21,492.465,4541.905
store_157,2015-07-22,497.765,4696.96
store_157,2015-07-23,495.98,4841.495
store_157,2015-07-24,509.68,5099.195
store_157,2015-07-25,285.28,2588.62
store_157,2015-07-26,0.0,0.0
store_157,2015-07-27,684.98,8596.045
store_157,2015-07-28,606.89,7549.65
store_157,2015-07-29,594.245,7096.18
store_157,2015-07-30,608.545,6914.9
store_157,2015-07-31,600.225,6876.75
store_157,2015-08-01,290.675,2737.99
store_157,2015-08-02,0.0,0.0
store_157,2015-08-03,682.025,8647.81
store_157,2015-08-04,598.86,7031.45
store_157,2015-08-05,546.295,6481.785
store_157,2015-08-06,561.78,6482.315
store_157,2015-08-07,548.075,6288.31
store_157,2015-08-08,289.36,2788.765
store_157,2015-08-09,0.0,0.0
store_157,2015-08-10,533.605,5344.535
store_157,2015-08-11,508.86,5057.145
store_157,2015-08-12,484.445,4874.85
store_157,2015-08-13,498.335,5129.08
store_157,2015-08-14,500.375,5341.725
store_157,2015-08-15,281.855,2669.185
store_157,2015-08-16,0.0,0.0
store_157,2015-08-17,671.565,8232.945
store_157,2015-08-18,584.47,6889.54
store_157,2015-08-19,549.17,6319.9
store_157,2015-08-20,575.265,6544.035
store_157,2015-08-21,579.055,6617.38
store_157,2015-08-22,291.815,2729.135
store_157,2015-08-23,0.0,0.0
store_157,2015-08-24,496.85,4884.835
store_157,2015-08-25,460.335,4695.115
store_157,2015-08-26,458.985,4861.045
store_157,2015-08-27,497.39,5331.6
store_157,2015-08-28,517.435,5871.87
store_157,2015-08-29,289.16,2749.695
store_158,2015-07-20,936.62,6944.795
store_158,2015-07-21,856.145,6164.595
store_158,2015-07-22,841.54,6103.585
store_158,2015-07-23,1073.975,7876.52
store_158,2015-07-24,979.36,7357.01
store_158,2015-07-25,1228.04,9602.33
store_158,2015-07-26,0.0,0.0
store_158,2015-07-27,1092.415,10040.8
store_158,2015-07-28,1005.69,8892.805
store_158,2015-07-29,979.535,8193.505
store_158,2015-07-30,1197.765,10280.125
store_158,2015-07-31,1110.675,9492.8
store_158,2015-08-01,1241.16,9823.76
store_158,2015-08-02,0.0,0.0
store_158,2015-08-03,1194.09,10622.7
store_158,2015-08-04,1019.8,8870.215
store_158,2015-08-05,952.56,8273.295
store_158,2015-08-06,1113.33,9645.42
store_158,2015-08-07,1073.81,9161.365
store_158,2015-08-08,1201.385,10081.45
store_158,2015-08-09,0.0,0.0
store_158,2015-08-10,1022.69,7415.905
store_158,2015-08-11,924.145,6786.57
store_158,2015-08-12,863.61,6256.84
store_158,2015-08-13,983.295,7482.32
store_158,2015-08-14,1007.285,7569.44
store_158,2015-08-15,1224.9,9706.62
store_158,2015-08-16,0.0,0.0
store_158,2015-08-17,1275.535,10813.82
store_158,2015-08-18,1111.07,9233.805
store_158,2015-08-19,1034.445,8217.37
store_158,2015-08-20,1091.97,8911.065
store_158,2015-08-21,1105.135,8894.805
store_158,2015-08-22,1239.35,9849.19
store_158,2015-08-23,0.0,0.0
store_158,2015-08-24,1017.205,7417.115
store_158,2015-08-25,898.56,6748.65
store_158,2015-08-26,870.895,6297.735
store_158,2015-08-27,946.07,7028.05
store_158,2015-08-28,975.89,7384.11
store_158,2015-08-29,1217.83,9730.41
store_159,2015-07-20,574.365,4035.595
store_159,2015-07-21,540.68,3952.585
store_159,2015-07-22,556.715,4139.76
store_159,2015-07-23,541.96,3949.18
store_159,2015-07-24,554.955,4004.915
store_159,2015-07-25,425.53,3228.8
store_159,2015-07-26,0.0,0.0
store_159,2015-07-27,712.78,6588.395
store_159,2015-07-28,656.32,6071.925
store_159,2015-07-29,656.885,6111.955
store_159,2015-07-30,679.185,6076.78
store_159,2015-07-31,660.25,5839.485
store_159,2015-08-01,434.41,3472.98
store_159,2015-08-02,0.0,0.0
store_159,2015-08-03,753.35,6818.16
store_159,2015-08-04,650.635,5987.305
store_159,2015-08-05,616.475,5637.63
store_159,2015-08-06,637.815,5451.71
store_159,2015-08-07,613.55,5125.615
store_159,2015-08-08,414.24,3240.04
store_159,2015-08-09,0.0,0.0
store_159,2015-08-10,594.445,4520.0
store_159,2015-08-11,541.295,4195.76
store_159,2015-08-12,539.5,4206.46
store_159,2015-08-13,560.28,4379.055
store_159,2015-08-14,546.055,4295.635
store_159,2015-08-15,408.31,3238.015
store_159,2015-08-16,0.0,0.0
store_159,2015-08-17,752.42,6780.79
store_159,2015-08-18,653.635,5938.485
store_159,2015-08-19,623.02,5514.445
store_159,2015-08-20,644.615,5488.63
store_159,2015-08-21,638.935,5421.435
store_159,2015-08-22,421.815,3307.825
store_159,2015-08-23,0.0,0.0
store_159,2015-08-24,576.115,4413.53
store_159,2015-08-25,534.91,4187.96
store_159,2015-08-26,526.51,4261.155
store_159,2015-08-27,545.86,4519.365
store_159,2015-08-28,563.965,4630.14
store_159,2015-08-29,415.585,3388.045
store_16,2015-07-20,1303.93,8860.99
store_16,2015-07-21,1215.275,8302.35
store_16,2015-07-22,1174.625,8025.08
store_16,2015-07-23,1249.375,8633.89
store_16,2015-07-24,1216.84,8392.73
store_16,2015-07-25,1085.825,7808.79
store_16,2015-07-26,0.0,0.0
store_16,2015-07-27,1529.02,12135.005
store_16,2015-07-28,1410.175,11392.7
store_16,2015-07-29,1354.93,10966.315
store_16,2015-07-30,1501.855,10998.935
store_16,2015-07-31,1414.69,10262.01
store_16,2015-08-01,1101.095,7817.6
store_16,2015-08-02,0.0,0.0
store_16,2015-08-03,1581.425,12266.98
store_16,2015-08-04,1399.11,10823.615
store_16,2015-08-05,1330.445,10132.945
store_16,2015-08-06,1375.055,10174.525
store_16,2015-08-07,1377.41,9822.055
store_16,2015-08-08,1108.715,7856.375
store_16,2015-08-09,0.0,0.0
store_16,2015-08-10,1218.215,8259.76
store_16,2015-08-11,1134.47,7680.745
store_16,2015-08-12,1118.855,7550.72
store_16,2015-08-13,1215.05,8254.795
store_16,2015-08-14,1281.535,8397.68
store_16,2015-08-15,1107.525,7742.25
store_16,2015-08-16,0.0,0.0
store_16,2015-08-17,1499.58,11572.7
store_16,2015-08-18,1376.33,10073.755
store_16,2015-08-19,1287.725,9445.33
store_16,2015-08-20,1397.825,9617.075
store_16,2015-08-21,1385.895,9587.285
store_16,2015-08-22,1113.02,7761.42
store_16,2015-08-23,0.0,0.0
store_16,2015-08-24,1148.155,7549.325
store_16,2015-08-25,1118.875,7387.095
store_16,2015-08-26,1076.32,7328.635
store_16,2015-08-27,1161.265,7791.87
store_16,2015-08-28,1213.725,8044.13
store_16,2015-08-29,1093.62,7740.44
store_160,2015-07-20,1016.62,6515.47
store_160,2015-07-21,893.675,6050.03
store_160,2015-07-22,897.25,6157.67
store_160,2015-07-23,921.785,6254.885
store_160,2015-07-24,884.46,6107.015
store_160,2015-07-25,781.57,5279.3
store_160,2015-07-26,0.0,0.0
store_160,2015-07-27,1264.865,10893.105
store_160,2015-07-28,1144.37,9217.805
store_160,2015-07-29,1203.065,9295.085
store_160,2015-07-30,1191.985,8709.4
store_160,2015-07-31,1108.495,7657.86
store_160,2015-08-01,819.945,5304.285
store_160,2015-08-02,0.0,0.0
store_160,2015-08-03,1400.02,11607.445
store_160,2015-08-04,1171.18,9197.875
store_160,2015-08-05,1105.225,8513.255
store_160,2015-08-06,1077.66,8105.23
store_160,2015-08-07,1026.375,7436.055
store_160,2015-08-08,839.5,5553.875
store_160,2015-08-09,0.0,0.0
store_160,2015-08-10,1051.485,7102.025
store_160,2015-08-11,979.525,6547.005
store_160,2015-08-12,952.235,6463.36
store_160,2015-08-13,947.59,6415.48
store_160,2015-08-14,964.71,6264.34
store_160,2015-08-15,851.19,5529.985
store_160,2015-08-16,0.0,0.0
store_160,2015-08-17,1316.95,10486.69
store_160,2015-08-18,1185.685,9126.21
store_160,2015-08-19,1164.555,8277.96
store_160,2015-08-20,1148.18,7840.035
store_160,2015-08-21,1094.65,7400.39
store_160,2015-08-22,824.93,5467.705
store_160,2015-08-23,0.0,0.0
store_160,2015-08-24,956.46,6336.7
store_160,2015-08-25,927.49,6144.2
store_160,2015-08-26,915.61,6175.345
store_160,2015-08-27,950.735,6355.83
store_160,2015-08-28,1013.0,6552.165
store_160,2015-08-29,833.42,5480.71
store_161,2015-07-20,588.815,5174.765
store_161,2015-07-21,568.39,5029.495
store_161,2015-07-22,573.375,5038.5
store_161,2015-07-23,586.47,5184.765
store_161,2015-07-24,588.9,5311.105
store_161,2015-07-25,353.02,3278.89
store_161,2015-07-26,0.0,0.0
store_161,2015-07-27,792.99,9814.875
store_161,2015-07-28,690.525,8036.03
store_161,2015-07-29,661.605,7260.96
store_161,2015-07-30,710.585,7029.42
store_161,2015-07-31,715.015,7352.09
store_161,2015-08-01,385.22,3639.845
store_161,2015-08-02,0.0,0.0
store_161,2015-08-03,837.91,9458.375
store_161,2015-08-04,712.3,7620.57
store_161,2015-08-05,667.475,7241.14
store_161,2015-08-06,666.705,7039.685
store_161,2015-08-07,654.395,6841.71
store_161,2015-08-08,375.97,3535.185
store_161,2015-08-09,0.0,0.0
store_161,2015-08-10,641.675,5756.755
store_161,2015-08-11,589.165,5397.2
store_161,2015-08-12,593.34,5380.755
store_161,2015-08-13,596.97,5645.3
store_161,2015-08-14,599.21,5782.0
store_161,2015-08-15,380.13,3571.735
store_161,2015-08-16,0.0,0.0
store_161,2015-08-17,816.31,9454.985
store_161,2015-08-18,689.68,7630.505
store_161,2015-08-19,671.445,7050.65
store_161,2015-08-20,663.97,6940.915
store_161,2015-08-21,644.345,6737.565
store_161,2015-08-22,391.79,3522.475
store_161,2015-08-23,0.0,0.0
store_161,2015-08-24,628.29,5765.865
store_161,2015-08-25,567.945,5309.76
store_161,2015-08-26,565.57,5298.765
store_161,2015-08-27,590.91,5617.005
store_161,2015-08-28,602.21,5946.715
store_161,2015-08-29,383.425,3655.12
store_162,2015-07-20,682.865,6967.175
store_162,2015-07-21,607.38,6317.785
store_162,2015-07-22,580.285,6109.94
store_162,2015-07-23,618.515,6344.08
store_162,2015-07-24,625.85,6167.78
store_162,2015-07-25,524.915,5359.16
store_162,2015-07-26,0.0,0.0
store_162,2015-07-27,879.91,11293.77
store_162,2015-07-28,760.75,9491.87
store_162,2015-07-29,729.96,8886.13
store_162,2015-07-30,747.555,8732.85
store_162,2015-07-31,712.765,8182.105
store_162,2015-08-01,562.14,5637.295
store_162,2015-08-02,0.0,0.0
store_162,2015-08-03,932.96,11684.845
store_162,2015-08-04,767.335,9147.74
store_162,2015-08-05,700.86,8058.205
store_162,2015-08-06,712.19,8080.265
store_162,2015-08-07,698.21,7423.83
store_162,2015-08-08,556.13,5537.15
store_162,2015-08-09,0.0,0.0
store_162,2015-08-10,715.505,7335.6
store_162,2015-08-11,654.73,6510.47
store_162,2015-08-12,618.005,6232.275
store_162,2015-08-13,638.745,6474.17
store_162,2015-08-14,659.845,6482.29
store_162,2015-08-15,552.725,5424.515
store_162,2015-08-16,0.0,0.0
store_162,2015-08-17,937.1,11214.1
store_162,2015-08-18,796.1,9134.94
store_162,2015-08-19,765.46,8309.785
store_162,2015-08-20,738.9,8050.67
store_162,2015-08-21,749.835,7792.965
store_162,2015-08-22,574.97,5472.59
store_162,2015-08-23,0.0,0.0
store_162,2015-08-24,716.215,7008.625
store_162,2015-08-25,616.58,6301.21
store_162,2015-08-26,597.995,6035.845
store_162,2015-08-27,636.69,6502.655
store_162,2015-08-28,662.925,6781.08
store_162,2015-08-29,561.43,5642.45
store_163,2015-07-20,1448.195,7595.975
store_163,2015-07-21,1270.455,6463.98
store_163,2015-07-22,1216.225,5903.165
store_163,2015-07-23,1203.48,5717.595
store_163,2015-07-24,1275.22,6269.69
store_163,2015-07-25,1121.335,5319.465
store_163,2015-07-26,1629.965,8188.45
store_163,2015-07-27,1516.985,9917.78
store_163,2015-07-28,1398.255,9556.435
store_163,2015-07-29,1344.37,8478.36
store_163,2015-07-30,1329.235,7827.99
store_163,2015-07-31,1395.365,7985.525
store_163,2015-08-01,1128.57,5898.025
store_163,2015-08-02,1643.82,8306.12
store_163,2015-08-03,1463.93,9593.815
store_163,2015-08-04,1424.76,9413.02
store_163,2015-08-05,1376.46,8696.415
store_163,2015-08-06,1352.655,8147.615
store_163,2015-08-07,1377.12,8308.155
store_163,2015-08-08,1142.105,6060.875
store_163,2015-08-09,1631.86,8943.82
store_163,2015-08-10,1451.365,9120.64
store_163,2015-08-11,1439.83,8733.885
store_163,2015-08-12,1425.625,8496.595
store_163,2015-08-13,1347.915,7849.61
store_163,2015-08-14,1313.945,7689.85
store_163,2015-08-15,1113.225,6245.375
store_163,2015-08-16,1636.645,9374.905
store_163,2015-08-17,1478.56,11013.95
store_163,2015-08-18,1463.835,11058.3
store_163,2015-08-19,1506.295,10846.68
store_163,2015-08-20,1490.47,10414.335
store_163,2015-08-21,1420.99,10160.45
store_163,2015-08-22,1128.87,7044.625
store_163,2015-08-23,1637.905,9592.18
store_163,2015-08-24,1459.755,10409.95
store_163,2015-08-25,1447.015,10437.38
store_163,2015-08-26,1489.645,10303.76
store_163,2015-08-27,1490.035,9767.335
store_163,2015-08-28,1424.78,9628.485
store_163,2015-08-29,1158.855,7532.03
store_164,2015-07-20,791.33,6697.8
store_164,2015-07-21,716.785,5975.985
store_164,2015-07-22,708.925,5909.48
store_164,2015-07-23,763.075,6468.065
store_164,2015-07-24,792.67,6624.19
store_164,2015-07-25,556.84,5036.07
store_164,2015-07-26,0.0,0.0
store_164,2015-07-27,1020.42,11128.735
store_164,2015-07-28,875.765,9578.1
store_164,2015-07-29,863.455,9183.335
store_164,2015-07-30,885.995,9502.025
store_164,2015-07-31,894.87,9254.35
store_164,2015-08-01,569.365,5391.495
store_164,2015-08-02,0.0,0.0
store_164,2015-08-03,1062.07,11677.51
store_164,2015-08-04,885.935,9082.075
store_164,2015-08-05,843.235,8590.135
store_164,2015-08-06,827.73,8608.715
store_164,2015-08-07,832.3,8239.775
store_164,2015-08-08,554.0,5335.835
store_164,2015-08-09,0.0,0.0
store_164,2015-08-10,811.54,7482.88
store_164,2015-08-11,750.375,6711.45
store_164,2015-08-12,729.795,6467.885
store_164,2015-08-13,741.0,6913.185
store_164,2015-08-14,776.615,7079.265
store_164,2015-08-15,548.78,5244.865
store_164,2015-08-16,0.0,0.0
store_164,2015-08-17,1042.345,11549.245
store_164,2015-08-18,909.84,9524.6
store_164,2015-08-19,854.61,8653.97
store_164,2015-08-20,849.365,8644.26
store_164,2015-08-21,854.25,8622.055
store_164,2015-08-22,579.83,5345.41
store_164,2015-08-23,0.0,0.0
store_164,2015-08-24,780.665,7251.68
store_164,2015-08-25,704.815,6586.56
store_164,2015-08-26,720.57,6590.435
store_164,2015-08-27,712.975,6942.395
store_164,2015-08-28,755.355,7374.78
store_164,2015-08-29,586.2,5640.745
store_165,2015-07-20,478.445,5349.465
store_165,2015-07-21,412.88,4729.895
store_165,2015-07-22,430.3,4825.345
store_165,2015-07-23,487.64,5393.465
store_165,2015-07-24,539.63,6138.515
store_165,2015-07-25,488.365,5856.475
store_165,2015-07-26,0.0,0.0
store_165,2015-07-27,617.56,8537.405
store_165,2015-07-28,527.78,7172.155
store_165,2015-07-29,505.57,6590.395
store_165,2015-07-30,561.075,6955.71
store_165,2015-07-31,592.975,7603.01
store_165,2015-08-01,508.39,6249.44
store_165,2015-08-02,0.0,0.0
store_165,2015-08-03,653.12,8991.055
store_165,2015-08-04,531.45,6854.135
store_165,2015-08-05,500.165,6184.01
store_165,2015-08-06,527.59,6594.39
store_165,2015-08-07,563.675,7206.76
store_165,2015-08-08,509.28,6061.61
store_165,2015-08-09,0.0,0.0
store_165,2015-08-10,512.57,5798.01
store_165,2015-08-11,431.325,4929.26
store_165,2015-08-12,429.44,4768.505
store_165,2015-08-13,465.915,5341.67
store_165,2015-08-14,499.96,6086.42
store_165,2015-08-15,502.335,6059.405
store_165,2015-08-16,0.0,0.0
store_165,2015-08-17,647.225,9012.205
store_165,2015-08-18,556.085,7131.555
store_165,2015-08-19,523.625,6456.02
store_165,2015-08-20,550.14,6565.73
store_165,2015-08-21,578.225,7158.83
store_165,2015-08-22,494.705,5818.56
store_165,2015-08-23,0.0,0.0
store_165,2015-08-24,517.105,6190.025
store_165,2015-08-25,449.005,5479.33
store_165,2015-08-26,445.705,5121.805
store_165,2015-08-27,464.475,5491.645
store_165,2015-08-28,513.995,6314.955
store_165,2015-08-29,496.31,6035.775
store_166,2015-07-20,519.55,5142.63
store_166,2015-07-21,452.18,4770.625
store_166,2015-07-22,447.805,4721.335
store_166,2015-07-23,487.925,5098.525
store_166,2015-07-24,546.81,5775.69
store_166,2015-07-25,595.015,6364.495
store_166,2015-07-26,0.0,0.0
store_166,2015-07-27,695.025,9303.085
store_166,2015-07-28,580.43,7753.59
store_166,2015-07-29,552.24,6881.535
store_166,2015-07-30,561.35,6841.895
store_166,2015-07-31,597.31,7354.09
store_166,2015-08-01,597.82,6520.155
store_166,2015-08-02,0.0,0.0
store_166,2015-08-03,736.95,9423.07
store_166,2015-08-04,607.02,7657.075
store_166,2015-08-05,541.925,6726.415
store_166,2015-08-06,554.275,6698.965
store_166,2015-08-07,567.45,6967.195
store_166,2015-08-08,594.59,6562.245
store_166,2015-08-09,0.0,0.0
store_166,2015-08-10,565.97,5866.025
store_166,2015-08-11,514.885,5588.09
store_166,2015-08-12,502.415,5370.325
store_166,2015-08-13,513.95,5553.63
store_166,2015-08-14,543.09,6119.99
store_166,2015-08-15,586.97,6846.31
store_166,2015-08-16,0.0,0.0
store_166,2015-08-17,745.625,9683.095
store_166,2015-08-18,621.66,8005.475
store_166,2015-08-19,602.05,7140.54
store_166,2015-08-20,603.17,7153.295
store_166,2015-08-21,607.215,7309.82
store_166,2015-08-22,588.23,6737.94
store_166,2015-08-23,0.0,0.0
store_166,2015-08-24,536.215,6119.71
store_166,2015-08-25,476.11,5683.2
store_166,2015-08-26,479.625,5516.48
store_166,2015-08-27,499.51,5768.88
store_166,2015-08-28,522.83,6225.98
store_166,2015-08-29,576.845,6903.545
store_167,2015-07-20,469.525,4585.64
store_167,2015-07-21,428.495,4383.38
store_167,2015-07-22,428.32,4385.915
store_167,2015-07-23,425.79,4229.135
store_167,2015-07-24,436.155,4324.01
store_167,2015-07-25,519.865,5926.435
store_167,2015-07-26,0.0,0.0
store_167,2015-07-27,615.18,7677.3
store_167,2015-07-28,534.655,6581.945
store_167,2015-07-29,522.975,6038.265
store_167,2015-07-30,509.125,5627.135
store_167,2015-07-31,518.28,5506.175
store_167,2015-08-01,514.85,5880.065
store_167,2015-08-02,0.0,0.0
store_167,2015-08-03,647.855,8024.66
store_167,2015-08-04,527.86,6407.98
store_167,2015-08-05,495.06,5810.015
store_167,2015-08-06,482.53,5397.92
store_167,2015-08-07,493.145,5273.465
store_167,2015-08-08,498.845,5598.275
store_167,2015-08-09,0.0,0.0
store_167,2015-08-10,534.935,5352.44
store_167,2015-08-11,480.935,4856.605
store_167,2015-08-12,460.295,4708.34
store_167,2015-08-13,456.41,4495.975
store_167,2015-08-14,454.02,4432.635
store_167,2015-08-15,480.955,5411.565
store_167,2015-08-16,0.0,0.0
store_167,2015-08-17,661.955,7987.705
store_167,2015-08-18,565.175,6654.74
store_167,2015-08-19,526.765,5983.54
store_167,2015-08-20,529.785,5740.9
store_167,2015-08-21,525.465,5560.15
store_167,2015-08-22,471.77,5303.31
store_167,2015-08-23,0.0,0.0
store_167,2015-08-24,526.485,5560.65
store_167,2015-08-25,474.475,5057.51
store_167,2015-08-26,446.04,4732.665
store_167,2015-08-27,443.09,4762.915
store_167,2015-08-28,468.0,4860.645
store_167,2015-08-29,465.135,5209.565
store_168,2015-07-20,520.675,5266.685
store_168,2015-07-21,471.295,4884.1
store_168,2015-07-22,485.265,4944.87
store_168,2015-07-23,485.24,5009.72
store_168,2015-07-24,490.68,4995.58
store_168,2015-07-25,509.57,5423.695
store_168,2015-07-26,0.0,0.0
store_168,2015-07-27,645.75,8006.015
store_168,2015-07-28,560.03,6855.215
store_168,2015-07-29,546.23,6507.225
store_168,2015-07-30,571.635,6537.97
store_168,2015-07-31,584.36,6471.755
store_168,2015-08-01,505.445,5373.895
store_168,2015-08-02,0.0,0.0
store_168,2015-08-03,683.815,8951.005
store_168,2015-08-04,555.65,6833.21
store_168,2015-08-05,544.25,6477.095
store_168,2015-08-06,548.945,6370.395
store_168,2015-08-07,559.29,6240.645
store_168,2015-08-08,485.365,5304.16
store_168,2015-08-09,0.0,0.0
store_168,2015-08-10,515.135,5469.87
store_168,2015-08-11,471.935,4978.565
store_168,2015-08-12,466.42,4936.355
store_168,2015-08-13,485.945,5103.92
store_168,2015-08-14,517.465,5248.09
store_168,2015-08-15,493.195,5163.825
store_168,2015-08-16,0.0,0.0
store_168,2015-08-17,665.715,8444.915
store_168,2015-08-18,562.115,6844.05
store_168,2015-08-19,544.235,6404.84
store_168,2015-08-20,553.795,6372.685
store_168,2015-08-21,582.485,6435.3
store_168,2015-08-22,497.84,5242.94
store_168,2015-08-23,0.0,0.0
store_168,2015-08-24,488.905,4969.36
store_168,2015-08-25,441.38,4688.3
store_168,2015-08-26,453.755,4759.49
store_168,2015-08-27,474.3,5060.57
store_168,2015-08-28,509.515,5405.12
store_168,2015-08-29,502.455,5241.09
store_169,2015-07-20,610.015,5964.58
store_169,2015-07-21,559.43,5675.14
store_169,2015-07-22,574.575,5781.76
store_169,2015-07-23,600.94,5820.93
store_169,2015-07-24,609.75,5962.36
store_169,2015-07-25,417.825,4120.79
store_169,2015-07-26,0.0,0.0
store_169,2015-07-27,790.155,9365.0
store_169,2015-07-28,736.8,8586.315
store_169,2015-07-29,697.09,8138.575
store_169,2015-07-30,700.835,7624.01
store_169,2015-07-31,706.975,7663.35
store_169,2015-08-01,433.105,4334.2
store_169,2015-08-02,0.0,0.0
store_169,2015-08-03,837.205,9941.24
store_169,2015-08-04,713.81,8083.95
store_169,2015-08-05,668.4,7590.19
store_169,2015-08-06,661.305,7164.395
store_169,2015-08-07,651.13,6915.795
store_169,2015-08-08,417.745,4176.54
store_169,2015-08-09,0.0,0.0
store_169,2015-08-10,652.97,6067.505
store_169,2015-08-11,605.395,5573.435
store_169,2015-08-12,591.51,5641.345
store_169,2015-08-13,596.54,5738.26
store_169,2015-08-14,613.575,5933.355
store_169,2015-08-15,409.715,4053.65
store_169,2015-08-16,0.0,0.0
store_169,2015-08-17,830.19,9352.265
store_169,2015-08-18,726.885,7871.33
store_169,2015-08-19,703.875,7332.72
store_169,2015-08-20,693.135,7093.83
store_169,2015-08-21,697.965,7013.525
store_169,2015-08-22,418.015,4006.435
store_169,2015-08-23,0.0,0.0
store_169,2015-08-24,632.045,5648.18
store_169,2015-08-25,574.615,5252.885
store_169,2015-08-26,562.78,5276.615
store_169,2015-08-27,582.735,5481.96
store_169,2015-08-28,607.22,5857.755
store_169,2015-08-29,413.62,4080.755
store_17,2015-07-20,839.98,7023.595
store_17,2015-07-21,853.805,6978.29
store_17,2015-07-22,875.56,6932.53
store_17,2015-07-23,916.495,7186.035
store_17,2015-07-24,879.29,6956.785
store_17,2015-07-25,785.525,6104.395
store_17,2015-07-26,0.0,0.0
store_17,2015-07-27,1062.315,10763.71
store_17,2015-07-28,1066.02,10576.655
store_17,2015-07-29,1112.76,10028.07
store_17,2015-07-30,1113.825,9892.215
store_17,2015-07-31,1026.09,8879.135
store_17,2015-08-01,820.49,6253.045
store_17,2015-08-02,0.0,0.0
store_17,2015-08-03,1111.225,10116.795
store_17,2015-08-04,1017.395,9091.995
store_17,2015-08-05,978.8,8801.305
store_17,2015-08-06,973.495,8700.84
store_17,2015-08-07,979.045,8292.2
store_17,2015-08-08,824.815,6648.6
store_17,2015-08-09,0.0,0.0
store_17,2015-08-10,856.705,6487.18
store_17,2015-08-11,844.525,6247.53
store_17,2015-08-12,831.82,6149.115
store_17,2015-08-13,829.16,6433.595
store_17,2015-08-14,896.05,6622.19
store_17,2015-08-15,839.47,6368.275
store_17,2015-08-16,0.0,0.0
store_17,2015-08-17,1123.9,9391.22
store_17,2015-08-18,1069.765,8556.345
store_17,2015-08-19,1024.705,8068.895
store_17,2015-08-20,992.47,7973.84
store_17,2015-08-21,1004.16,7854.62
store_17,2015-08-22,797.21,5996.65
store_17,2015-08-23,0.0,0.0
store_17,2015-08-24,942.925,6290.065
store_17,2015-08-25,870.86,6111.885
store_17,2015-08-26,825.075,5862.285
store_17,2015-08-27,853.49,6181.91
store_17,2015-08-28,896.17,6613.565
store_17,2015-08-29,829.465,6249.95
store_170,2015-07-20,752.275,5694.11
store_170,2015-07-21,741.615,5540.16
store_170,2015-07-22,737.625,5439.05
store_170,2015-07-23,768.855,5931.5
store_170,2015-07-24,721.975,5551.33
store_170,2015-07-25,477.525,3662.07
store_170,2015-07-26,0.0,0.0
store_170,2015-07-27,945.52,9205.865
store_170,2015-07-28,909.45,8632.5
store_170,2015-07-29,885.33,8538.895
store_170,2015-07-30,906.305,8519.05
store_170,2015-07-31,843.49,7301.84
store_170,2015-08-01,492.565,3940.94
store_170,2015-08-02,0.0,0.0
store_170,2015-08-03,997.155,9865.17
store_170,2015-08-04,868.78,8181.29
store_170,2015-08-05,825.565,7590.73
store_170,2015-08-06,812.895,7574.55
store_170,2015-08-07,797.7,6911.095
store_170,2015-08-08,491.79,4126.15
store_170,2015-08-09,0.0,0.0
store_170,2015-08-10,729.44,5948.69
store_170,2015-08-11,697.12,5656.775
store_170,2015-08-12,712.575,5749.105
store_170,2015-08-13,721.395,6102.425
store_170,2015-08-14,748.395,5950.93
store_170,2015-08-15,462.89,3918.86
store_170,2015-08-16,0.0,0.0
store_170,2015-08-17,1007.725,9698.855
store_170,2015-08-18,876.4,8250.715
store_170,2015-08-19,822.585,7586.92
store_170,2015-08-20,841.5,7757.57
store_170,2015-08-21,833.545,7565.595
store_170,2015-08-22,465.12,3967.59
store_170,2015-08-23,0.0,0.0
store_170,2015-08-24,728.72,5854.475
store_170,2015-08-25,668.38,5529.055
store_170,2015-08-26,686.885,5696.85
store_170,2015-08-27,692.315,6116.415
store_170,2015-08-28,719.91,6348.51
store_170,2015-08-29,455.365,4082.245
store_171,2015-07-20,769.38,5923.515
store_171,2015-07-21,691.165,5401.155
store_171,2015-07-22,727.79,5501.46
store_171,2015-07-23,734.265,5582.205
store_171,2015-07-24,682.525,5116.29
store_171,2015-07-25,710.305,5580.96
store_171,2015-07-26,0.0,0.0
store_171,2015-07-27,952.055,9741.455
store_171,2015-07-28,869.79,8679.975
store_171,2015-07-29,858.9,8228.645
store_171,2015-07-30,869.25,7933.65
store_171,2015-07-31,797.295,7071.83
store_171,2015-08-01,736.265,6006.385
store_171,2015-08-02,0.0,0.0
store_171,2015-08-03,1040.745,9940.805
store_171,2015-08-04,882.075,8465.93
store_171,2015-08-05,832.845,7964.52
store_171,2015-08-06,815.475,7564.07
store_171,2015-08-07,766.22,6838.14
store_171,2015-08-08,732.42,6096.76
store_171,2015-08-09,0.0,0.0
store_171,2015-08-10,777.49,6757.44
store_171,2015-08-11,745.905,6576.375
store_171,2015-08-12,733.89,6581.15
store_171,2015-08-13,710.08,6338.07
store_171,2015-08-14,732.06,6103.81
store_171,2015-08-15,724.64,6050.815
store_171,2015-08-16,0.0,0.0
store_171,2015-08-17,1089.91,11018.905
store_171,2015-08-18,948.775,9265.055
store_171,2015-08-19,871.76,8541.99
store_171,2015-08-20,852.14,8368.145
store_171,2015-08-21,820.935,7932.35
store_171,2015-08-22,722.715,6297.405
store_171,2015-08-23,0.0,0.0
store_171,2015-08-24,805.42,7799.195
store_171,2015-08-25,716.515,7167.825
store_171,2015-08-26,725.475,7140.64
store_171,2015-08-27,722.48,7214.34
store_171,2015-08-28,724.815,7120.595
store_171,2015-08-29,694.36,6488.03
store_172,2015-07-20,734.635,6036.67
store_172,2015-07-21,713.91,5734.915
store_172,2015-07-22,717.055,5981.25
store_172,2015-07-23,726.49,6109.68
store_172,2015-07-24,729.505,6102.57
store_172,2015-07-25,470.51,4359.775
store_172,2015-07-26,0.0,0.0
store_172,2015-07-27,901.565,9797.67
store_172,2015-07-28,828.885,8660.735
store_172,2015-07-29,858.435,8494.26
store_172,2015-07-30,868.385,8643.655
store_172,2015-07-31,822.395,8010.145
store_172,2015-08-01,465.275,4343.43
store_172,2015-08-02,0.0,0.0
store_172,2015-08-03,975.2,10622.8
store_172,2015-08-04,816.145,8294.325
store_172,2015-08-05,786.445,7805.705
store_172,2015-08-06,804.695,7843.665
store_172,2015-08-07,793.855,7542.455
store_172,2015-08-08,458.455,4399.04
store_172,2015-08-09,0.0,0.0
store_172,2015-08-10,737.34,6343.245
store_172,2015-08-11,685.525,5772.395
store_172,2015-08-12,665.22,5883.55
store_172,2015-08-13,683.005,6144.02
store_172,2015-08-14,724.12,6279.72
store_172,2015-08-15,453.9,4259.065
store_172,2015-08-16,0.0,0.0
store_172,2015-08-17,975.12,10475.645
store_172,2015-08-18,845.285,8471.38
store_172,2015-08-19,791.8,7784.765
store_172,2015-08-20,794.435,7724.205
store_172,2015-08-21,792.965,7671.84
store_172,2015-08-22,469.1,4322.805
store_172,2015-08-23,0.0,0.0
store_172,2015-08-24,716.71,6088.295
store_172,2015-08-25,654.71,5668.835
store_172,2015-08-26,658.11,5760.065
store_172,2015-08-27,679.48,6110.195
store_172,2015-08-28,715.9,6544.305
store_172,2015-08-29,448.295,4162.95
store_173,2015-07-20,693.725,6094.18
store_173,2015-07-21,645.295,5756.78
store_173,2015-07-22,642.255,5744.01
store_173,2015-07-23,635.44,5801.35
store_173,2015-07-24,652.82,6020.065
store_173,2015-07-25,505.195,4714.545
store_173,2015-07-26,0.0,0.0
store_173,2015-07-27,945.09,10857.505
store_173,2015-07-28,837.98,9186.5
store_173,2015-07-29,797.905,8523.14
store_173,2015-07-30,823.015,8473.595
store_173,2015-07-31,797.625,8331.82
store_173,2015-08-01,506.49,4901.335
store_173,2015-08-02,0.0,0.0
store_173,2015-08-03,989.33,11153.155
store_173,2015-08-04,830.85,8746.81
store_173,2015-08-05,756.395,8020.725
store_173,2015-08-06,741.705,7622.9
store_173,2015-08-07,736.02,7409.105
store_173,2015-08-08,484.5,4743.24
store_173,2015-08-09,0.0,0.0
store_173,2015-08-10,711.24,6562.055
store_173,2015-08-11,659.91,5909.78
store_173,2015-08-12,650.905,6017.04
store_173,2015-08-13,647.81,6005.39
store_173,2015-08-14,659.925,6126.11
store_173,2015-08-15,484.025,4694.205
store_173,2015-08-16,0.0,0.0
store_173,2015-08-17,996.065,10952.425
store_173,2015-08-18,847.71,8966.655
store_173,2015-08-19,770.97,8047.465
store_173,2015-08-20,762.315,7770.93
store_173,2015-08-21,755.955,7648.325
store_173,2015-08-22,498.96,4710.895
store_173,2015-08-23,0.0,0.0
store_173,2015-08-24,706.515,6369.21
store_173,2015-08-25,628.315,5813.16
store_173,2015-08-26,636.85,5975.475
store_173,2015-08-27,646.625,6173.985
store_173,2015-08-28,669.485,6426.805
store_173,2015-08-29,490.32,4721.81
store_174,2015-07-20,1102.855,10391.125
store_174,2015-07-21,956.615,8811.235
store_174,2015-07-22,889.13,8419.535
store_174,2015-07-23,827.345,8112.27
store_174,2015-07-24,838.885,8165.1
store_174,2015-07-25,890.02,9020.945
store_174,2015-07-26,672.015,6105.27
store_174,2015-07-27,1356.87,13268.29
store_174,2015-07-28,1139.89,12489.265
store_174,2015-07-29,1055.195,11790.38
store_174,2015-07-30,1051.135,11934.855
store_174,2015-07-31,1012.34,11681.31
store_174,2015-08-01,930.57,9763.26
store_174,2015-08-02,700.68,6363.73
store_174,2015-08-03,1367.605,13566.785
store_174,2015-08-04,1201.255,12020.545
store_174,2015-08-05,1085.085,10790.86
store_174,2015-08-06,1040.955,10586.12
store_174,2015-08-07,1019.26,10513.065
store_174,2015-08-08,936.595,9645.875
store_174,2015-08-09,741.68,7040.345
store_174,2015-08-10,1229.99,11082.83
store_174,2015-08-11,1082.875,9965.27
store_174,2015-08-12,1022.27,9483.83
store_174,2015-08-13,981.825,9539.47
store_174,2015-08-14,987.255,9408.375
store_174,2015-08-15,928.86,9808.42
store_174,2015-08-16,726.91,7365.21
store_174,2015-08-17,1279.065,13439.805
store_174,2015-08-18,1119.83,12704.315
store_174,2015-08-19,1096.285,11902.215
store_174,2015-08-20,1115.56,11831.775
store_174,2015-08-21,1088.995,11585.77
store_174,2015-08-22,955.735,10226.37
store_174,2015-08-23,748.785,7423.955
store_174,2015-08-24,1206.33,11163.08
store_174,2015-08-25,1072.69,10787.705
store_174,2015-08-26,1029.575,10227.815
store_174,2015-08-27,1052.24,10592.055
store_174,2015-08-28,1006.26,10287.555
store_174,2015-08-29,955.23,10368.105
store_175,2015-07-20,861.735,6254.375
store_175,2015-07-21,798.875,6127.65
store_175,2015-07-22,789.815,5963.795
store_175,2015-07-23,811.08,5976.715
store_175,2015-07-24,817.085,6424.31
store_175,2015-07-25,926.8,7332.085
store_175,2015-07-26,0.0,0.0
store_175,2015-07-27,1054.695,10258.375
store_175,2015-07-28,987.86,9705.25
store_175,2015-07-29,979.14,8852.475
store_175,2015-07-30,1024.655,8356.695
store_175,2015-07-31,1006.09,8146.385
store_175,2015-08-01,933.585,7430.57
store_175,2015-08-02,0.0,0.0
store_175,2015-08-03,1115.0,10634.465
store_175,2015-08-04,974.98,8981.62
store_175,2015-08-05,913.885,8203.365
store_175,2015-08-06,896.075,7807.21
store_175,2015-08-07,873.125,7519.39
store_175,2015-08-08,895.455,7300.88
store_175,2015-08-09,0.0,0.0
store_175,2015-08-10,858.58,6619.34
store_175,2015-08-11,803.15,6346.765
store_175,2015-08-12,773.915,6068.285
store_175,2015-08-13,782.705,6136.68
store_175,2015-08-14,786.97,6331.45
store_175,2015-08-15,861.525,7106.465
store_175,2015-08-16,0.0,0.0
store_175,2015-08-17,1104.12,10437.975
store_175,2015-08-18,978.93,8904.765
store_175,2015-08-19,918.34,7981.325
store_175,2015-08-20,904.4,7632.235
store_175,2015-08-21,888.945,7446.81
store_175,2015-08-22,841.205,6831.81
store_175,2015-08-23,0.0,0.0
store_175,2015-08-24,832.985,6435.015
store_175,2015-08-25,780.745,6153.635
store_175,2015-08-26,749.25,5908.935
store_175,2015-08-27,788.69,6205.805
store_175,2015-08-28,783.72,6310.45
store_175,2015-08-29,789.5,6468.01
store_176,2015-07-20,550.115,4635.27
store_176,2015-07-21,511.505,4364.665
store_176,2015-07-22,521.89,4449.99
store_176,2015-07-23,532.735,4533.685
store_176,2015-07-24,588.905,5158.23
store_176,2015-07-25,430.005,3990.695
store_176,2015-07-26,0.0,0.0
store_176,2015-07-27,682.44,6997.725
store_176,2015-07-28,604.125,6106.165
store_176,2015-07-29,628.135,6202.14
store_176,2015-07-30,636.545,6228.72
store_176,2015-07-31,666.715,6734.61
store_176,2015-08-01,434.17,4233.195
store_176,2015-08-02,0.0,0.0
store_176,2015-08-03,748.26,7532.03
store_176,2015-08-04,629.48,6193.89
store_176,2015-08-05,603.97,5916.915
store_176,2015-08-06,602.58,5834.065
store_176,2015-08-07,628.14,6418.355
store_176,2015-08-08,423.45,4143.785
store_176,2015-08-09,0.0,0.0
store_176,2015-08-10,624.295,5290.99
store_176,2015-08-11,546.725,4654.205
store_176,2015-08-12,558.545,4627.575
store_176,2015-08-13,553.845,4809.56
store_176,2015-08-14,570.655,5198.95
store_176,2015-08-15,421.36,4122.06
store_176,2015-08-16,0.0,0.0
store_176,2015-08-17,760.585,7728.85
store_176,2015-08-18,652.305,6456.68
store_176,2015-08-19,623.28,5969.825
store_176,2015-08-20,636.66,5931.07
store_176,2015-08-21,654.335,6355.14
store_176,2015-08-22,440.03,4107.115
store_176,2015-08-23,0.0,0.0
store_176,2015-08-24,600.07,5231.51
store_176,2015-08-25,550.93,4755.39
store_176,2015-08-26,537.335,4676.42
store_176,2015-08-27,565.86,4998.62
store_176,2015-08-28,576.075,5383.045
store_176,2015-08-29,422.935,4073.905
store_177,2015-07-20,272.98,3024.545
store_177,2015-07-21,246.325,2635.915
store_177,2015-07-22,258.395,2819.16
store_177,2015-07-23,277.89,2897.735
store_177,2015-07-24,296.465,3116.76
store_177,2015-07-25,329.37,3637.5
store_177,2015-07-26,0.0,0.0
store_177,2015-07-27,389.405,5144.065
store_177,2015-07-28,330.88,4253.0
store_177,2015-07-29,336.935,4306.42
store_177,2015-07-30,331.77,4045.655
store_177,2015-07-31,337.015,4027.485
store_177,2015-08-01,358.96,3738.895
store_177,2015-08-02,0.0,0.0
store_177,2015-08-03,388.75,5087.675
store_177,2015-08-04,342.14,4365.68
store_177,2015-08-05,338.11,4293.32
store_177,2015-08-06,336.94,4424.525
store_177,2015-08-07,348.245,4449.895
store_177,2015-08-08,355.795,3952.675
store_177,2015-08-09,0.0,0.0
store_177,2015-08-10,316.35,3390.47
store_177,2015-08-11,300.745,3256.105
store_177,2015-08-12,307.185,3424.205
store_177,2015-08-13,326.01,3753.25
store_177,2015-08-14,341.4,3745.15
store_177,2015-08-15,351.86,3898.39
store_177,2015-08-16,0.0,0.0
store_177,2015-08-17,419.255,5367.94
store_177,2015-08-18,353.595,4431.62
store_177,2015-08-19,355.27,4354.18
store_177,2015-08-20,364.645,4567.425
store_177,2015-08-21,382.995,5021.995
store_177,2015-08-22,356.955,3952.935
store_177,2015-08-23,0.0,0.0
store_177,2015-08-24,317.005,3612.365
store_177,2015-08-25,295.66,3448.945
store_177,2015-08-26,292.105,3427.47
store_177,2015-08-27,312.3,3806.585
store_177,2015-08-28,346.16,4228.645
store_177,2015-08-29,356.855,4135.215
store_178,2015-07-20,573.64,4952.44
store_178,2015-07-21,556.19,4814.5
store_178,2015-07-22,594.135,5060.165
store_178,2015-07-23,604.005,5239.485
store_178,2015-07-24,595.4,5089.45
store_178,2015-07-25,456.015,4143.475
store_178,2015-07-26,0.0,0.0
store_178,2015-07-27,744.125,7920.64
store_178,2015-07-28,675.485,7337.065
store_178,2015-07-29,698.36,7279.375
store_178,2015-07-30,722.525,7255.6
store_178,2015-07-31,701.39,6758.78
store_178,2015-08-01,496.095,4442.96
store_178,2015-08-02,0.0,0.0
store_178,2015-08-03,777.88,8213.02
store_178,2015-08-04,667.835,7039.235
store_178,2015-08-05,640.63,6639.77
store_178,2015-08-06,654.35,6623.745
store_178,2015-08-07,649.62,6248.105
store_178,2015-08-08,464.055,4363.195
store_178,2015-08-09,0.0,0.0
store_178,2015-08-10,665.17,5390.635
store_178,2015-08-11,591.915,5030.265
store_178,2015-08-12,556.62,4859.8
store_178,2015-08-13,586.23,5268.89
store_178,2015-08-14,605.555,5188.655
store_178,2015-08-15,463.81,4305.235
store_178,2015-08-16,0.0,0.0
store_178,2015-08-17,833.85,8193.35
store_178,2015-08-18,703.735,7047.075
store_178,2015-08-19,656.29,6455.2
store_178,2015-08-20,675.0,6448.52
store_178,2015-08-21,696.92,6477.4
store_178,2015-08-22,493.355,4329.78
store_178,2015-08-23,0.0,0.0
store_178,2015-08-24,616.37,5045.08
store_178,2015-08-25,576.595,4797.8
store_178,2015-08-26,552.675,4784.145
store_178,2015-08-27,587.73,5259.765
store_178,2015-08-28,608.965,5399.095
store_178,2015-08-29,471.745,4294.85
store_179,2015-07-20,1001.595,6009.88
store_179,2015-07-21,937.85,5607.42
store_179,2015-07-22,915.775,5371.3
store_179,2015-07-23,935.815,5618.415
store_179,2015-07-24,861.93,5421.58
store_179,2015-07-25,756.92,4823.145
store_179,2015-07-26,0.0,0.0
store_179,2015-07-27,1220.42,9378.355
store_179,2015-07-28,1125.275,8580.14
store_179,2015-07-29,1093.155,8144.21
store_179,2015-07-30,1090.39,8097.985
store_179,2015-07-31,1046.835,7638.825
store_179,2015-08-01,796.525,5194.76
store_179,2015-08-02,0.0,0.0
store_179,2015-08-03,1247.985,9649.365
store_179,2015-08-04,1120.995,8297.91
store_179,2015-08-05,1045.635,7621.64
store_179,2015-08-06,1031.93,7446.62
store_179,2015-08-07,1012.72,6975.09
store_179,2015-08-08,815.39,5163.615
store_179,2015-08-09,0.0,0.0
store_179,2015-08-10,994.22,6464.68
store_179,2015-08-11,921.75,5962.71
store_179,2015-08-12,910.365,5787.25
store_179,2015-08-13,907.425,5921.04
store_179,2015-08-14,930.36,5835.45
store_179,2015-08-15,793.555,5123.945
store_179,2015-08-16,0.0,0.0
store_179,2015-08-17,1207.705,8965.6
store_179,2015-08-18,1131.755,8146.54
store_179,2015-08-19,1073.005,7580.04
store_179,2015-08-20,1035.42,7142.96
store_179,2015-08-21,1054.47,7024.815
store_179,2015-08-22,816.405,5206.875
store_179,2015-08-23,0.0,0.0
store_179,2015-08-24,972.615,6255.59
store_179,2015-08-25,921.5,6040.535
store_179,2015-08-26,882.785,5825.57
store_179,2015-08-27,914.605,6120.085
store_179,2015-08-28,940.215,6299.845
store_179,2015-08-29,785.845,5264.815
store_18,2015-07-20,635.06,7190.825
store_18,2015-07-21,560.895,6363.06
store_18,2015-07-22,559.85,6372.115
store_18,2015-07-23,570.415,6370.3
store_18,2015-07-24,565.87,6146.2
store_18,2015-07-25,593.36,6464.375
store_18,2015-07-26,0.0,0.0
store_18,2015-07-27,893.36,12488.14
store_18,2015-07-28,733.14,10252.055
store_18,2015-07-29,688.325,9194.405
store_18,2015-07-30,701.3,8775.915
store_18,2015-07-31,691.1,8541.805
store_18,2015-08-01,626.595,6895.655
store_18,2015-08-02,0.0,0.0
store_18,2015-08-03,943.775,12680.83
store_18,2015-08-04,736.7,9506.17
store_18,2015-08-05,689.065,8697.62
store_18,2015-08-06,670.36,8302.18
store_18,2015-08-07,645.525,7455.79
store_18,2015-08-08,622.895,6860.835
store_18,2015-08-09,0.0,0.0
store_18,2015-08-10,657.205,7506.63
store_18,2015-08-11,592.845,6669.595
store_18,2015-08-12,583.63,6567.09
store_18,2015-08-13,594.945,6631.14
store_18,2015-08-14,615.08,6495.39
store_18,2015-08-15,638.325,6916.98
store_18,2015-08-16,0.0,0.0
store_18,2015-08-17,909.02,12161.09
store_18,2015-08-18,772.935,9993.185
store_18,2015-08-19,733.23,9181.135
store_18,2015-08-20,718.695,8770.99
store_18,2015-08-21,709.915,8366.14
store_18,2015-08-22,637.29,6795.52
store_18,2015-08-23,0.0,0.0
store_18,2015-08-24,643.585,7251.95
store_18,2015-08-25,576.085,6722.535
store_18,2015-08-26,606.305,6675.985
store_18,2015-08-27,613.09,7003.59
store_18,2015-08-28,637.845,7313.98
store_18,2015-08-29,630.73,7048.55
store_180,2015-07-20,600.5,6355.35
store_180,2015-07-21,526.23,5528.475
store_180,2015-07-22,512.285,5278.265
store_180,2015-07-23,499.63,4912.745
store_180,2015-07-24,509.44,5304.095
store_180,2015-07-25,598.68,6567.59
store_180,2015-07-26,0.0,0.0
store_180,2015-07-27,788.875,10765.93
store_180,2015-07-28,664.04,8837.425
store_180,2015-07-29,650.26,8380.975
store_180,2015-07-30,638.8,7570.985
store_180,2015-07-31,616.01,7184.71
store_180,2015-08-01,586.03,6603.43
store_180,2015-08-02,0.0,0.0
store_180,2015-08-03,814.645,10450.045
store_180,2015-08-04,671.47,8500.12
store_180,2015-08-05,609.455,7563.89
store_180,2015-08-06,614.715,7123.24
store_180,2015-08-07,591.65,6933.83
store_180,2015-08-08,578.485,6637.375
store_180,2015-08-09,0.0,0.0
store_180,2015-08-10,628.115,7159.15
store_180,2015-08-11,565.015,6548.11
store_180,2015-08-12,546.115,6336.745
store_180,2015-08-13,559.485,6139.08
store_180,2015-08-14,561.71,6193.085
store_180,2015-08-15,554.27,6584.14
store_180,2015-08-16,0.0,0.0
store_180,2015-08-17,784.815,10603.185
store_180,2015-08-18,675.455,8793.565
store_180,2015-08-19,646.045,8100.075
store_180,2015-08-20,653.885,7828.885
store_180,2015-08-21,650.75,7617.385
store_180,2015-08-22,574.69,6548.285
store_180,2015-08-23,0.0,0.0
store_180,2015-08-24,640.86,7724.65
store_180,2015-08-25,570.655,7118.055
store_180,2015-08-26,555.78,6849.755
store_180,2015-08-27,574.5,6948.48
store_180,2015-08-28,587.095,6961.255
store_180,2015-08-29,557.96,6677.49
store_181,2015-07-20,808.605,7014.735
store_181,2015-07-21,752.115,6615.14
store_181,2015-07-22,767.5,6916.97
store_181,2015-07-23,777.155,6857.225
store_181,2015-07-24,771.735,6909.92
store_181,2015-07-25,713.17,6175.705
store_181,2015-07-26,0.0,0.0
store_181,2015-07-27,1030.415,11660.015
store_181,2015-07-28,947.32,10223.4
store_181,2015-07-29,962.0,9413.47
store_181,2015-07-30,971.86,8901.505
store_181,2015-07-31,881.47,8146.95
store_181,2015-08-01,742.175,6158.02
store_181,2015-08-02,0.0,0.0
store_181,2015-08-03,1085.345,11561.19
store_181,2015-08-04,940.87,9500.14
store_181,2015-08-05,908.005,8916.295
store_181,2015-08-06,880.295,8649.23
store_181,2015-08-07,855.985,8011.75
store_181,2015-08-08,758.575,6407.23
store_181,2015-08-09,0.0,0.0
store_181,2015-08-10,871.255,7281.25
store_181,2015-08-11,784.93,6625.585
store_181,2015-08-12,787.885,6527.505
store_181,2015-08-13,805.475,6783.03
store_181,2015-08-14,802.4,6687.805
store_181,2015-08-15,742.255,6206.685
store_181,2015-08-16,0.0,0.0
store_181,2015-08-17,1065.0,10340.755
store_181,2015-08-18,948.18,8858.39
store_181,2015-08-19,908.265,8146.39
store_181,2015-08-20,912.135,8122.315
store_181,2015-08-21,908.18,7730.66
store_181,2015-08-22,755.585,6060.615
store_181,2015-08-23,0.0,0.0
store_181,2015-08-24,909.24,7019.73
store_181,2015-08-25,818.48,6513.32
store_181,2015-08-26,789.485,6162.22
store_181,2015-08-27,785.79,6458.96
store_181,2015-08-28,782.79,6464.325
store_181,2015-08-29,754.66,6168.255
store_182,2015-07-20,501.735,5110.485
store_182,2015-07-21,444.92,4856.04
store_182,2015-07-22,459.28,5219.645
store_182,2015-07-23,521.6,5632.075
store_182,2015-07-24,518.97,5557.45
store_182,2015-07-25,445.99,4734.65
store_182,2015-07-26,0.0,0.0
store_182,2015-07-27,667.925,8860.95
store_182,2015-07-28,567.265,7441.425
store_182,2015-07-29,542.28,7070.51
store_182,2015-07-30,577.145,7255.99
store_182,2015-07-31,585.37,7160.585
store_182,2015-08-01,455.34,4862.505
store_182,2015-08-02,0.0,0.0
store_182,2015-08-03,703.81,9206.3
store_182,2015-08-04,570.165,7320.8
store_182,2015-08-05,533.86,6733.6
store_182,2015-08-06,553.235,6845.515
store_182,2015-08-07,552.445,6654.3
store_182,2015-08-08,456.805,4808.585
store_182,2015-08-09,0.0,0.0
store_182,2015-08-10,535.26,5545.62
store_182,2015-08-11,476.62,5041.96
store_182,2015-08-12,468.505,4987.425
store_182,2015-08-13,482.72,5351.87
store_182,2015-08-14,493.58,5355.58
store_182,2015-08-15,459.245,4674.02
store_182,2015-08-16,0.0,0.0
store_182,2015-08-17,704.61,8680.38
store_182,2015-08-18,583.66,7006.11
store_182,2015-08-19,557.56,6569.205
store_182,2015-08-20,575.465,6635.845
store_182,2015-08-21,591.88,6704.81
store_182,2015-08-22,486.45,4740.38
store_182,2015-08-23,0.0,0.0
store_182,2015-08-24,502.835,5015.145
store_182,2015-08-25,470.58,4778.145
store_182,2015-08-26,472.945,4813.395
store_182,2015-08-27,495.6,5162.13
store_182,2015-08-28,525.665,5516.36
store_182,2015-08-29,495.36,5001.075
store_183,2015-07-20,770.315,8167.845
store_183,2015-07-21,673.04,7365.11
store_183,2015-07-22,708.69,7544.785
store_183,2015-07-23,755.535,7952.735
store_183,2015-07-24,758.53,7968.69
store_183,2015-07-25,656.265,7141.855
store_183,2015-07-26,259.485,2783.09
store_183,2015-07-27,987.92,13159.21
store_183,2015-07-28,873.16,11215.235
store_183,2015-07-29,840.93,10376.23
store_183,2015-07-30,892.12,10610.64
store_183,2015-07-31,903.545,10939.045
store_183,2015-08-01,675.745,7459.725
store_183,2015-08-02,263.5,2678.44
store_183,2015-08-03,1010.035,13070.85
store_183,2015-08-04,852.955,10515.15
store_183,2015-08-05,820.25,9764.57
store_183,2015-08-06,822.795,9838.185
store_183,2015-08-07,811.32,9620.66
store_183,2015-08-08,698.57,7724.715
store_183,2015-08-09,274.455,2856.54
store_183,2015-08-10,867.46,8950.445
store_183,2015-08-11,788.27,8266.22
store_183,2015-08-12,758.845,8051.93
store_183,2015-08-13,760.61,8136.385
store_183,2015-08-14,781.37,8373.53
store_183,2015-08-15,702.545,7648.82
store_183,2015-08-16,294.16,2843.845
store_183,2015-08-17,1025.705,12731.905
store_183,2015-08-18,902.53,10590.74
store_183,2015-08-19,849.51,9905.525
store_183,2015-08-20,851.445,9657.17
store_183,2015-08-21,843.93,9582.635
store_183,2015-08-22,744.905,7746.275
store_183,2015-08-23,292.87,2816.96
store_183,2015-08-24,917.54,9132.775
store_183,2015-08-25,821.13,8579.05
store_183,2015-08-26,788.415,8386.56
store_183,2015-08-27,775.11,8483.645
store_183,2015-08-28,778.025,8648.215
store_183,2015-08-29,757.06,8030.83
store_184,2015-07-20,791.3,6046.04
store_184,2015-07-21,747.095,5830.74
store_184,2015-07-22,732.25,5838.255
store_184,2015-07-23,735.66,5765.37
store_184,2015-07-24,745.81,5712.86
store_184,2015-07-25,619.71,5453.595
store_184,2015-07-26,0.0,0.0
store_184,2015-07-27,988.185,10282.015
store_184,2015-07-28,920.045,9363.415
store_184,2015-07-29,881.365,8708.27
store_184,2015-07-30,908.255,8573.045
store_184,2015-07-31,888.47,8149.23
store_184,2015-08-01,606.54,5469.435
store_184,2015-08-02,0.0,0.0
store_184,2015-08-03,1040.895,10551.33
store_184,2015-08-04,927.815,8863.79
store_184,2015-08-05,856.055,8056.7
store_184,2015-08-06,819.125,7673.52
store_184,2015-08-07,818.085,7611.825
store_184,2015-08-08,609.985,5653.425
store_184,2015-08-09,0.0,0.0
store_184,2015-08-10,796.26,6581.22
store_184,2015-08-11,760.375,6272.935
store_184,2015-08-12,765.205,6183.815
store_184,2015-08-13,740.65,6140.86
store_184,2015-08-14,754.08,6271.385
store_184,2015-08-15,595.285,5373.555
store_184,2015-08-16,0.0,0.0
store_184,2015-08-17,1042.355,10558.295
store_184,2015-08-18,938.225,9090.03
store_184,2015-08-19,887.615,8447.095
store_184,2015-08-20,882.0,8139.93
store_184,2015-08-21,858.2,7834.165
store_184,2015-08-22,608.715,5357.115
store_184,2015-08-23,0.0,0.0
store_184,2015-08-24,784.355,6483.385
store_184,2015-08-25,735.42,6290.585
store_184,2015-08-26,721.305,6311.01
store_184,2015-08-27,738.69,6528.71
store_184,2015-08-28,748.86,6830.275
store_184,2015-08-29,597.67,5488.65
store_185,2015-07-20,529.07,5202.77
store_185,2015-07-21,475.16,4563.885
store_185,2015-07-22,469.16,4377.555
store_185,2015-07-23,518.28,4812.56
store_185,2015-07-24,520.65,4857.955
store_185,2015-07-25,454.21,4472.605
store_185,2015-07-26,0.0,0.0
store_185,2015-07-27,708.665,9673.825
store_185,2015-07-28,612.0,7703.49
store_185,2015-07-29,591.47,7042.84
store_185,2015-07-30,623.005,7070.685
store_185,2015-07-31,605.955,6751.78
store_185,2015-08-01,483.47,4606.09
store_185,2015-08-02,0.0,0.0
store_185,2015-08-03,735.885,9654.785
store_185,2015-08-04,613.455,7558.57
store_185,2015-08-05,552.59,6540.335
store_185,2015-08-06,566.29,6435.04
store_185,2015-08-07,560.255,6363.335
store_185,2015-08-08,470.815,4696.21
store_185,2015-08-09,0.0,0.0
store_185,2015-08-10,574.23,6150.79
store_185,2015-08-11,544.97,5903.63
store_185,2015-08-12,499.22,5252.33
store_185,2015-08-13,514.9,5373.835
store_185,2015-08-14,536.785,5534.24
store_185,2015-08-15,471.44,4644.89
store_185,2015-08-16,0.0,0.0
store_185,2015-08-17,717.18,9362.39
store_185,2015-08-18,616.705,7872.455
store_185,2015-08-19,593.845,7096.565
store_185,2015-08-20,606.49,7160.185
store_185,2015-08-21,603.14,7116.245
store_185,2015-08-22,486.78,4784.455
store_185,2015-08-23,0.0,0.0
store_185,2015-08-24,563.89,6324.63
store_185,2015-08-25,505.76,5990.62
store_185,2015-08-26,513.75,5901.91
store_185,2015-08-27,531.545,6287.095
store_185,2015-08-28,541.535,6385.17
store_185,2015-08-29,483.535,4977.135
store_186,2015-07-20,499.53,4096.005
store_186,2015-07-21,451.45,3631.155
store_186,2015-07-22,446.45,3834.81
store_186,2015-07-23,502.365,4198.86
store_186,2015-07-24,491.645,4190.79
store_186,2015-07-25,333.115,2971.345
store_186,2015-07-26,0.0,0.0
store_186,2015-07-27,635.445,6708.28
store_186,2015-07-28,563.26,5744.14
store_186,2015-07-29,538.91,5160.315
store_186,2015-07-30,574.535,5220.755
store_186,2015-07-31,558.595,4950.05
store_186,2015-08-01,353.345,2945.47
store_186,2015-08-02,0.0,0.0
store_186,2015-08-03,687.69,6813.715
store_186,2015-08-04,553.92,5540.77
store_186,2015-08-05,519.215,4937.04
store_186,2015-08-06,541.82,5057.54
store_186,2015-08-07,550.235,4728.105
store_186,2015-08-08,346.16,2884.345
store_186,2015-08-09,0.0,0.0
store_186,2015-08-10,510.425,4089.285
store_186,2015-08-11,475.035,3828.57
store_186,2015-08-12,469.23,3740.87
store_186,2015-08-13,486.725,4049.615
store_186,2015-08-14,505.875,4038.43
store_186,2015-08-15,341.685,2865.1
store_186,2015-08-16,0.0,0.0
store_186,2015-08-17,672.46,6327.73
store_186,2015-08-18,571.12,5270.32
store_186,2015-08-19,529.68,4603.04
store_186,2015-08-20,553.4,4647.555
store_186,2015-08-21,556.84,4557.99
store_186,2015-08-22,352.005,2786.525
store_186,2015-08-23,0.0,0.0
store_186,2015-08-24,508.81,3905.205
store_186,2015-08-25,466.525,3644.76
store_186,2015-08-26,461.115,3575.07
store_186,2015-08-27,478.76,3774.75
store_186,2015-08-28,496.02,3897.145
store_186,2015-08-29,338.05,2731.9
store_187,2015-07-20,514.305,4582.005
store_187,2015-07-21,476.825,4130.015
store_187,2015-07-22,459.51,4022.91
store_187,2015-07-23,478.91,4346.185
store_187,2015-07-24,488.015,4544.81
store_187,2015-07-25,275.92,2605.81
store_187,2015-07-26,0.0,0.0
store_187,2015-07-27,579.52,6550.06
store_187,2015-07-28,499.225,5661.26
store_187,2015-07-29,490.96,5325.665
store_187,2015-07-30,509.09,5504.345
store_187,2015-07-31,523.69,5510.45
store_187,2015-08-01,296.92,2801.8
store_187,2015-08-02,0.0,0.0
store_187,2015-08-03,632.76,6692.775
store_187,2015-08-04,546.585,5612.525
store_187,2015-08-05,511.055,5289.995
store_187,2015-08-06,521.265,5472.655
store_187,2015-08-07,516.87,5519.965
store_187,2015-08-08,289.855,2710.03
store_187,2015-08-09,0.0,0.0
store_187,2015-08-10,554.865,4861.97
store_187,2015-08-11,476.765,4497.07
store_187,2015-08-12,471.135,4257.995
store_187,2015-08-13,486.55,4667.7
store_187,2015-08-14,491.125,4859.74
store_187,2015-08-15,289.105,2714.565
store_187,2015-08-16,0.0,0.0
store_187,2015-08-17,670.015,6898.945
store_187,2015-08-18,563.805,5932.605
store_187,2015-08-19,549.49,5668.825
store_187,2015-08-20,541.555,5586.985
store_187,2015-08-21,537.405,5558.015
store_187,2015-08-22,292.205,2752.89
store_187,2015-08-23,0.0,0.0
store_187,2015-08-24,580.45,5630.16
store_187,2015-08-25,519.93,4948.485
store_187,2015-08-26,504.285,4804.2
store_187,2015-08-27,472.005,4887.26
store_187,2015-08-28,494.01,5125.73
store_187,2015-08-29,287.155,2768.64
store_188,2015-07-20,855.235,8987.095
store_188,2015-07-21,759.19,8194.115
store_188,2015-07-22,738.23,7761.525
store_188,2015-07-23,804.65,8236.055
store_188,2015-07-24,787.795,8255.03
store_188,2015-07-25,789.05,8108.24
store_188,2015-07-26,0.0,0.0
store_188,2015-07-27,1116.425,14918.235
store_188,2015-07-28,964.16,12423.54
store_188,2015-07-29,934.38,11329.18
store_188,2015-07-30,939.4,11155.685
store_188,2015-07-31,939.675,10895.64
store_188,2015-08-01,789.07,8144.615
store_188,2015-08-02,0.0,0.0
store_188,2015-08-03,1158.035,14467.375
store_188,2015-08-04,957.73,11538.0
store_188,2015-08-05,886.2,10397.195
store_188,2015-08-06,894.175,10335.345
store_188,2015-08-07,929.19,10076.28
store_188,2015-08-08,790.875,8229.865
store_188,2015-08-09,0.0,0.0
store_188,2015-08-10,953.085,9582.295
store_188,2015-08-11,822.345,8505.09
store_188,2015-08-12,772.94,8002.675
store_188,2015-08-13,795.87,8091.835
store_188,2015-08-14,837.81,8474.655
store_188,2015-08-15,803.285,8175.265
store_188,2015-08-16,0.0,0.0
store_188,2015-08-17,1168.86,14509.715
store_188,2015-08-18,995.93,11711.69
store_188,2015-08-19,957.6,10621.785
store_188,2015-08-20,936.895,10416.865
store_188,2015-08-21,927.1,10155.435
store_188,2015-08-22,824.1,8212.165
store_188,2015-08-23,0.0,0.0
store_188,2015-08-24,852.425,8541.875
store_188,2015-08-25,775.07,7964.44
store_188,2015-08-26,765.05,7752.925
store_188,2015-08-27,815.775,8391.385
store_188,2015-08-28,842.5,8666.115
store_188,2015-08-29,844.045,8518.315
store_189,2015-07-20,732.6,6065.37
store_189,2015-07-21,658.56,5440.395
store_189,2015-07-22,655.59,5529.78
store_189,2015-07-23,670.9,5787.96
store_189,2015-07-24,738.185,6262.155
store_189,2015-07-25,544.68,4952.39
store_189,2015-07-26,0.0,0.0
store_189,2015-07-27,869.57,8721.565
store_189,2015-07-28,785.865,7814.03
store_189,2015-07-29,745.67,7454.375
store_189,2015-07-30,772.115,7465.045
store_189,2015-07-31,832.085,7796.2
store_189,2015-08-01,604.24,5178.2
store_189,2015-08-02,0.0,0.0
store_189,2015-08-03,942.815,9046.685
store_189,2015-08-04,790.28,7600.685
store_189,2015-08-05,730.88,7086.93
store_189,2015-08-06,742.88,7148.52
store_189,2015-08-07,742.575,7377.385
store_189,2015-08-08,586.07,5176.48
store_189,2015-08-09,0.0,0.0
store_189,2015-08-10,789.11,6111.61
store_189,2015-08-11,716.125,5480.13
store_189,2015-08-12,680.14,5313.755
store_189,2015-08-13,693.705,5677.97
store_189,2015-08-14,692.515,5851.715
store_189,2015-08-15,555.265,4949.6
store_189,2015-08-16,0.0,0.0
store_189,2015-08-17,908.245,8173.945
store_189,2015-08-18,808.0,6989.905
store_189,2015-08-19,755.165,6372.44
store_189,2015-08-20,772.8,6285.315
store_189,2015-08-21,775.915,6460.06
store_189,2015-08-22,574.755,4785.1
store_189,2015-08-23,0.0,0.0
store_189,2015-08-24,738.26,5534.56
store_189,2015-08-25,669.81,4967.885
store_189,2015-08-26,643.225,4921.325
store_189,2015-08-27,656.19,5134.275
store_189,2015-08-28,667.88,5343.81
store_189,2015-08-29,547.435,4740.01
store_19,2015-07-20,566.515,3324.125
store_19,2015-07-21,541.405,3306.555
store_19,2015-07-22,516.33,3246.87
store_19,2015-07-23,544.125,3320.16
store_19,2015-07-24,501.345,3090.145
store_19,2015-07-25,539.495,3403.285
store_19,2015-07-26,0.0,0.0
store_19,2015-07-27,721.69,5427.015
store_19,2015-07-28,704.0,5186.625
store_19,2015-07-29,682.05,4724.39
store_19,2015-07-30,726.185,4732.035
store_19,2015-07-31,603.475,4028.335
store_19,2015-08-01,561.42,3474.57
store_19,2015-08-02,0.0,0.0
store_19,2015-08-03,850.97,6126.17
store_19,2015-08-04,719.82,5102.7
store_19,2015-08-05,644.945,4416.8
store_19,2015-08-06,644.58,4330.645
store_19,2015-08-07,597.385,3936.925
store_19,2015-08-08,563.32,3557.425
store_19,2015-08-09,0.0,0.0
store_19,2015-08-10,694.43,4181.185
store_19,2015-08-11,637.96,3899.075
store_19,2015-08-12,599.93,3654.825
store_19,2015-08-13,573.775,3608.49
store_19,2015-08-14,571.32,3403.835
store_19,2015-08-15,559.135,3451.405
store_19,2015-08-16,0.0,0.0
store_19,2015-08-17,897.18,6418.06
store_19,2015-08-18,816.185,5709.22
store_19,2015-08-19,774.5,5239.28
store_19,2015-08-20,721.2,4703.64
store_19,2015-08-21,674.875,4402.135
store_19,2015-08-22,589.25,3619.195
store_19,2015-08-23,0.0,0.0
store_19,2015-08-24,726.415,4518.41
store_19,2015-08-25,623.105,3987.91
store_19,2015-08-26,634.405,3887.225
store_19,2015-08-27,644.08,3931.875
store_19,2015-08-28,625.18,3842.13
store_19,2015-08-29,594.25,3651.535
store_190,2015-07-20,2106.22,14313.5
store_190,2015-07-21,1943.585,13180.185
store_190,2015-07-22,1877.95,12407.89
store_190,2015-07-23,2023.595,13403.66
store_190,2015-07-24,1978.78,12971.765
store_190,2015-07-25,1698.385,11525.08
store_190,2015-07-26,0.0,0.0
store_190,2015-07-27,2407.57,19405.345
store_190,2015-07-28,2285.645,18263.745
store_190,2015-07-29,2245.19,17437.57
store_190,2015-07-30,2265.345,17514.82
store_190,2015-07-31,2138.945,15842.16
store_190,2015-08-01,1777.14,11943.81
store_190,2015-08-02,0.0,0.0
store_190,2015-08-03,2529.245,20451.735
store_190,2015-08-04,2318.14,17990.175
store_190,2015-08-05,2194.755,16788.415
store_190,2015-08-06,2109.36,16146.265
store_190,2015-08-07,2088.605,15202.125
store_190,2015-08-08,1720.205,11806.02
store_190,2015-08-09,0.0,0.0
store_190,2015-08-10,2116.075,14729.07
store_190,2015-08-11,1950.14,13489.27
store_190,2015-08-12,1956.165,13335.215
store_190,2015-08-13,1987.99,13791.905
store_190,2015-08-14,1988.95,13334.18
store_190,2015-08-15,1716.965,11658.805
store_190,2015-08-16,0.0,0.0
store_190,2015-08-17,2406.49,18987.07
store_190,2015-08-18,2303.445,17582.605
store_190,2015-08-19,2223.07,16453.735
store_190,2015-08-20,2212.425,16333.735
store_190,2015-08-21,2222.135,16023.94
store_190,2015-08-22,1844.015,12429.38
store_190,2015-08-23,0.0,0.0
store_190,2015-08-24,2028.18,13989.425
store_190,2015-08-25,1871.79,12715.58
store_190,2015-08-26,1867.39,12662.085
store_190,2015-08-27,1911.805,13210.355
store_190,2015-08-28,1927.39,13460.2
store_190,2015-08-29,1770.33,11923.165
store_191,2015-07-20,602.815,6438.39
store_191,2015-07-21,546.77,6058.05
store_191,2015-07-22,537.255,5880.055
store_191,2015-07-23,575.81,6269.835
store_191,2015-07-24,601.86,6828.145
store_191,2015-07-25,622.58,7012.905
store_191,2015-07-26,0.0,0.0
store_191,2015-07-27,745.195,10133.6
store_191,2015-07-28,631.01,8701.72
store_191,2015-07-29,631.355,8163.69
store_191,2015-07-30,675.505,8461.135
store_191,2015-07-31,704.005,9084.79
store_191,2015-08-01,623.45,7187.755
store_191,2015-08-02,0.0,0.0
store_191,2015-08-03,783.215,10787.565
store_191,2015-08-04,648.605,8652.48
store_191,2015-08-05,602.58,7751.275
store_191,2015-08-06,637.835,7785.155
store_191,2015-08-07,632.32,8020.84
store_191,2015-08-08,637.69,7355.21
store_191,2015-08-09,0.0,0.0
store_191,2015-08-10,602.665,6632.6
store_191,2015-08-11,548.615,6188.41
store_191,2015-08-12,561.765,6152.635
store_191,2015-08-13,583.475,6515.11
store_191,2015-08-14,582.96,6777.095
store_191,2015-08-15,606.465,7026.425
store_191,2015-08-16,0.0,0.0
store_191,2015-08-17,795.345,10924.31
store_191,2015-08-18,674.67,8815.215
store_191,2015-08-19,656.045,7976.82
store_191,2015-08-20,671.155,8074.21
store_191,2015-08-21,671.855,8272.85
store_191,2015-08-22,637.535,7213.65
store_191,2015-08-23,0.0,0.0
store_191,2015-08-24,603.865,6529.81
store_191,2015-08-25,541.76,6130.57
store_191,2015-08-26,539.34,6117.94
store_191,2015-08-27,578.3,6602.265
store_191,2015-08-28,602.955,7200.335
store_191,2015-08-29,623.98,7284.705
store_192,2015-07-20,544.47,4293.18
store_192,2015-07-21,499.595,4097.215
store_192,2015-07-22,498.015,4345.955
store_192,2015-07-23,754.405,6407.14
store_192,2015-07-24,583.4,5272.765
store_192,2015-07-25,392.22,3485.585
store_192,2015-07-26,0.0,0.0
store_192,2015-07-27,717.135,7388.63
store_192,2015-07-28,628.605,6358.235
store_192,2015-07-29,615.835,6022.82
store_192,2015-07-30,807.115,7976.215
store_192,2015-07-31,694.985,6703.095
store_192,2015-08-01,424.505,3591.645
store_192,2015-08-02,0.0,0.0
store_192,2015-08-03,768.98,7719.755
store_192,2015-08-04,635.075,6216.87
store_192,2015-08-05,592.52,5619.32
store_192,2015-08-06,687.975,6953.16
store_192,2015-08-07,659.26,6171.75
store_192,2015-08-08,427.03,3686.795
store_192,2015-08-09,0.0,0.0
store_192,2015-08-10,613.69,4763.835
store_192,2015-08-11,565.25,4306.73
store_192,2015-08-12,550.555,4231.415
store_192,2015-08-13,549.02,5351.205
store_192,2015-08-14,572.92,4991.565
store_192,2015-08-15,424.78,3483.895
store_192,2015-08-16,0.0,0.0
store_192,2015-08-17,767.29,7074.62
store_192,2015-08-18,663.29,5854.69
store_192,2015-08-19,625.9,5308.645
store_192,2015-08-20,645.175,6004.635
store_192,2015-08-21,644.965,5823.435
store_192,2015-08-22,440.345,3548.995
store_192,2015-08-23,0.0,0.0
store_192,2015-08-24,659.26,4763.28
store_192,2015-08-25,596.345,4337.48
store_192,2015-08-26,558.745,4138.62
store_192,2015-08-27,568.455,4707.7
store_192,2015-08-28,568.06,4837.935
store_192,2015-08-29,438.175,3642.965
store_193,2015-07-20,412.935,4722.255
store_193,2015-07-21,351.235,3966.79
store_193,2015-07-22,370.995,3969.03
store_193,2015-07-23,401.01,4454.37
store_193,2015-07-24,434.155,5233.905
store_193,2015-07-25,489.095,5977.11
store_193,2015-07-26,0.0,0.0
store_193,2015-07-27,532.92,7608.79
store_193,2015-07-28,454.175,6372.49
store_193,2015-07-29,451.93,5950.725
store_193,2015-07-30,485.115,6233.905
store_193,2015-07-31,511.9,6925.32
store_193,2015-08-01,501.575,6100.15
store_193,2015-08-02,0.0,0.0
store_193,2015-08-03,564.74,7894.06
store_193,2015-08-04,474.865,6291.5
store_193,2015-08-05,438.13,5603.15
store_193,2015-08-06,466.25,5884.715
store_193,2015-08-07,477.84,6384.455
store_193,2015-08-08,474.91,6056.005
store_193,2015-08-09,0.0,0.0
store_193,2015-08-10,454.52,5315.15
store_193,2015-08-11,404.535,4798.325
store_193,2015-08-12,396.5,4551.275
store_193,2015-08-13,429.955,5109.035
store_193,2015-08-14,435.625,5458.305
store_193,2015-08-15,476.82,5983.335
store_193,2015-08-16,0.0,0.0
store_193,2015-08-17,586.065,8023.0
store_193,2015-08-18,496.235,6485.355
store_193,2015-08-19,489.385,6146.725
store_193,2015-08-20,495.265,6144.76
store_193,2015-08-21,521.825,6561.07
store_193,2015-08-22,485.915,5984.98
store_193,2015-08-23,0.0,0.0
store_193,2015-08-24,439.555,5483.2
store_193,2015-08-25,395.27,4910.835
store_193,2015-08-26,400.82,4855.515
store_193,2015-08-27,420.595,5294.65
store_193,2015-08-28,452.28,5931.575
store_193,2015-08-29,468.995,6050.65
store_194,2015-07-20,475.89,3816.68
store_194,2015-07-21,429.475,3459.16
store_194,2015-07-22,442.445,3599.8
store_194,2015-07-23,447.17,3610.09
store_194,2015-07-24,472.41,3813.25
store_194,2015-07-25,279.29,2455.39
store_194,2015-07-26,0.0,0.0
store_194,2015-07-27,592.33,5788.06
store_194,2015-07-28,544.02,5293.575
store_194,2015-07-29,539.035,5213.415
store_194,2015-07-30,549.55,4933.05
store_194,2015-07-31,566.69,4944.115
store_194,2015-08-01,285.335,2508.72
store_194,2015-08-02,0.0,0.0
store_194,2015-08-03,624.195,6060.845
store_194,2015-08-04,525.76,5092.845
store_194,2015-08-05,496.56,4769.97
store_194,2015-08-06,503.495,4515.155
store_194,2015-08-07,515.675,4521.61
store_194,2015-08-08,291.025,2462.62
store_194,2015-08-09,0.0,0.0
store_194,2015-08-10,500.345,3939.17
store_194,2015-08-11,457.67,3707.075
store_194,2015-08-12,430.115,3580.66
store_194,2015-08-13,443.59,3686.59
store_194,2015-08-14,481.595,3864.105
store_194,2015-08-15,284.565,2482.57
store_194,2015-08-16,0.0,0.0
store_194,2015-08-17,618.665,5709.375
store_194,2015-08-18,543.91,4820.72
store_194,2015-08-19,505.405,4455.395
store_194,2015-08-20,516.49,4372.605
store_194,2015-08-21,536.655,4439.535
store_194,2015-08-22,287.975,2411.54
store_194,2015-08-23,0.0,0.0
store_194,2015-08-24,525.995,3961.125
store_194,2015-08-25,480.855,3646.515
store_194,2015-08-26,455.63,3574.885
store_194,2015-08-27,457.05,3715.99
store_194,2015-08-28,493.345,3925.2
store_194,2015-08-29,287.64,2494.28
store_195,2015-07-20,562.795,5770.28
store_195,2015-07-21,512.855,5370.54
store_195,2015-07-22,498.91,5128.505
store_195,2015-07-23,535.115,5474.415
store_195,2015-07-24,552.47,5760.58
store_195,2015-07-25,369.755,3706.265
store_195,2015-07-26,0.0,0.0
store_195,2015-07-27,714.48,9204.055
store_195,2015-07-28,664.18,8135.165
store_195,2015-07-29,652.43,7598.12
store_195,2015-07-30,668.51,7585.08
store_195,2015-07-31,674.53,7776.67
store_195,2015-08-01,391.24,3999.6
store_195,2015-08-02,0.0,0.0
store_195,2015-08-03,763.835,9455.985
store_195,2015-08-04,647.79,7599.745
store_195,2015-08-05,593.95,6871.49
store_195,2015-08-06,605.37,6795.265
store_195,2015-08-07,603.025,6798.415
store_195,2015-08-08,374.84,3789.69
store_195,2015-08-09,0.0,0.0
store_195,2015-08-10,591.91,5773.03
store_195,2015-08-11,545.345,5165.27
store_195,2015-08-12,529.7,5072.51
store_195,2015-08-13,529.83,5239.99
store_195,2015-08-14,544.005,5587.835
store_195,2015-08-15,380.465,3770.705
store_195,2015-08-16,0.0,0.0
store_195,2015-08-17,747.635,8637.895
store_195,2015-08-18,668.035,7296.105
store_195,2015-08-19,614.855,6570.3
store_195,2015-08-20,609.365,6362.99
store_195,2015-08-21,607.72,6353.285
store_195,2015-08-22,382.18,3587.965
store_195,2015-08-23,0.0,0.0
store_195,2015-08-24,589.0,5406.26
store_195,2015-08-25,540.135,5019.43
store_195,2015-08-26,524.04,4979.745
store_195,2015-08-27,545.76,5260.525
store_195,2015-08-28,550.505,5551.445
store_195,2015-08-29,376.065,3640.79
store_196,2015-07-20,363.05,3026.73
store_196,2015-07-21,334.92,2857.305
store_196,2015-07-22,344.48,2931.125
store_196,2015-07-23,366.25,2984.965
store_196,2015-07-24,382.435,3193.06
store_196,2015-07-25,360.625,3310.535
store_196,2015-07-26,0.0,0.0
store_196,2015-07-27,505.905,5315.3
store_196,2015-07-28,429.74,4478.16
store_196,2015-07-29,412.84,4022.8
store_196,2015-07-30,427.59,3917.305
store_196,2015-07-31,420.54,4043.98
store_196,2015-08-01,385.825,3512.62
store_196,2015-08-02,0.0,0.0
store_196,2015-08-03,569.19,5632.295
store_196,2015-08-04,461.215,4574.855
store_196,2015-08-05,420.99,3944.675
store_196,2015-08-06,411.465,3827.34
store_196,2015-08-07,408.89,3811.345
store_196,2015-08-08,364.84,3218.63
store_196,2015-08-09,0.0,0.0
store_196,2015-08-10,440.975,3600.34
store_196,2015-08-11,403.825,3403.02
store_196,2015-08-12,386.47,3162.875
store_196,2015-08-13,397.92,3232.415
store_196,2015-08-14,407.775,3333.695
store_196,2015-08-15,371.36,3390.795
store_196,2015-08-16,0.0,0.0
store_196,2015-08-17,573.28,5448.89
store_196,2015-08-18,506.27,4648.015
store_196,2015-08-19,498.26,4260.17
store_196,2015-08-20,475.975,4068.275
store_196,2015-08-21,456.78,3869.86
store_196,2015-08-22,369.61,3126.96
store_196,2015-08-23,0.0,0.0
store_196,2015-08-24,479.425,3907.87
store_196,2015-08-25,415.065,3528.665
store_196,2015-08-26,414.955,3380.43
store_196,2015-08-27,413.775,3349.935
store_196,2015-08-28,427.665,3418.325
store_196,2015-08-29,363.435,3119.23
store_197,2015-07-20,730.125,5099.495
store_197,2015-07-21,658.01,4711.585
store_197,2015-07-22,674.525,4726.425
store_197,2015-07-23,691.83,4872.495
store_197,2015-07-24,683.445,4790.605
store_197,2015-07-25,483.09,3567.545
store_197,2015-07-26,0.0,0.0
store_197,2015-07-27,870.18,7418.53
store_197,2015-07-28,804.035,6747.09
store_197,2015-07-29,800.315,6590.09
store_197,2015-07-30,833.385,6637.58
store_197,2015-07-31,784.08,5983.615
store_197,2015-08-01,498.305,3681.49
store_197,2015-08-02,0.0,0.0
store_197,2015-08-03,957.78,7975.735
store_197,2015-08-04,798.325,6562.87
store_197,2015-08-05,757.28,6005.38
store_197,2015-08-06,742.755,5910.265
store_197,2015-08-07,743.805,5585.755
store_197,2015-08-08,505.505,3788.765
store_197,2015-08-09,0.0,0.0
store_197,2015-08-10,763.665,5278.63
store_197,2015-08-11,686.695,4751.59
store_197,2015-08-12,662.1,4651.01
store_197,2015-08-13,667.665,4765.645
store_197,2015-08-14,664.595,4677.56
store_197,2015-08-15,501.24,3687.68
store_197,2015-08-16,0.0,0.0
store_197,2015-08-17,894.19,7329.205
store_197,2015-08-18,794.975,6352.975
store_197,2015-08-19,748.475,5731.015
store_197,2015-08-20,753.835,5623.25
store_197,2015-08-21,751.505,5432.37
store_197,2015-08-22,528.75,3797.175
store_197,2015-08-23,0.0,0.0
store_197,2015-08-24,742.91,5134.62
store_197,2015-08-25,676.4,4616.765
store_197,2015-08-26,636.04,4502.62
store_197,2015-08-27,647.38,4592.73
store_197,2015-08-28,670.47,4682.365
store_197,2015-08-29,535.04,3858.295
store_198,2015-07-20,1232.025,8758.79
store_198,2015-07-21,1170.595,8556.785
store_198,2015-07-22,1113.095,8003.53
store_198,2015-07-23,1173.73,8404.76
store_198,2015-07-24,1146.065,8428.435
store_198,2015-07-25,1083.275,8200.155
store_198,2015-07-26,0.0,0.0
store_198,2015-07-27,1511.805,13180.68
store_198,2015-07-28,1426.68,12491.88
store_198,2015-07-29,1332.02,11604.83
store_198,2015-07-30,1381.225,11811.875
store_198,2015-07-31,1336.74,11210.78
store_198,2015-08-01,1076.915,8393.395
store_198,2015-08-02,0.0,0.0
store_198,2015-08-03,1593.005,14329.7
store_198,2015-08-04,1432.465,12333.995
store_198,2015-08-05,1314.75,11046.365
store_198,2015-08-06,1330.45,11233.31
store_198,2015-08-07,1273.72,10379.06
store_198,2015-08-08,1091.01,8790.51
store_198,2015-08-09,0.0,0.0
store_198,2015-08-10,1274.355,9625.235
store_198,2015-08-11,1207.105,9063.115
store_198,2015-08-12,1133.43,8523.455
store_198,2015-08-13,1191.32,9063.95
store_198,2015-08-14,1171.89,8788.055
store_198,2015-08-15,1105.89,8578.695
store_198,2015-08-16,0.0,0.0
store_198,2015-08-17,1498.305,13555.37
store_198,2015-08-18,1405.86,12068.21
store_198,2015-08-19,1358.1,11128.75
store_198,2015-08-20,1319.215,10845.23
store_198,2015-08-21,1275.91,10347.25
store_198,2015-08-22,1104.335,8500.39
store_198,2015-08-23,0.0,0.0
store_198,2015-08-24,1203.435,9258.32
store_198,2015-08-25,1136.12,8670.74
store_198,2015-08-26,1090.135,8282.02
store_198,2015-08-27,1136.82,8841.57
store_198,2015-08-28,1147.535,9034.35
store_198,2015-08-29,1086.23,8527.525
store_199,2015-07-20,454.495,4336.42
store_199,2015-07-21,398.975,3865.67
store_199,2015-07-22,412.785,3773.955
store_199,2015-07-23,438.04,4149.705
store_199,2015-07-24,482.09,4391.17
store_199,2015-07-25,485.53,4385.565
store_199,2015-07-26,0.0,0.0
store_199,2015-07-27,601.865,6679.26
store_199,2015-07-28,508.5,5748.725
store_199,2015-07-29,516.585,5359.2
store_199,2015-07-30,519.125,5267.165
store_199,2015-07-31,545.06,5389.695
store_199,2015-08-01,503.085,4594.765
store_199,2015-08-02,0.0,0.0
store_199,2015-08-03,644.895,7183.575
store_199,2015-08-04,528.02,5766.215
store_199,2015-08-05,490.7,5191.9
store_199,2015-08-06,494.48,5169.105
store_199,2015-08-07,525.795,5338.205
store_199,2015-08-08,488.625,4541.885
store_199,2015-08-09,0.0,0.0
store_199,2015-08-10,486.33,4426.88
store_199,2015-08-11,442.505,4025.285
store_199,2015-08-12,432.06,3877.245
store_199,2015-08-13,448.38,4102.545
store_199,2015-08-14,486.24,4370.72
store_199,2015-08-15,486.06,4441.175
store_199,2015-08-16,0.0,0.0
store_199,2015-08-17,651.19,6982.03
store_199,2015-08-18,550.665,5894.46
store_199,2015-08-19,514.305,5202.12
store_199,2015-08-20,529.685,5280.675
store_199,2015-08-21,548.72,5436.215
store_199,2015-08-22,495.595,4452.715
store_199,2015-08-23,0.0,0.0
store_199,2015-08-24,524.27,4627.345
store_199,2015-08-25,447.705,4051.715
store_199,2015-08-26,445.165,3977.32
store_199,2015-08-27,451.925,4150.21
store_199,2015-08-28,503.61,4465.46
store_199,2015-08-29,496.72,4500.45
store_2,2015-07-20,622.15,5460.48
store_2,2015-07-21,596.935,5429.885
store_2,2015-07-22,626.145,5542.54
store_2,2015-07-23,650.225,5632.755
store_2,2015-07-24,644.61,5831.825
store_2,2015-07-25,406.585,3902.21
store_2,2015-07-26,0.0,0.0
store_2,2015-07-27,792.945,8616.845
store_2,2015-07-28,735.855,7942.46
store_2,2015-07-29,768.4,7843.35
store_2,2015-07-30,777.99,7557.635
store_2,2015-07-31,756.79,7390.875
store_2,2015-08-01,426.07,3847.675
store_2,2015-08-02,0.0,0.0
store_2,2015-08-03,857.71,9101.79
store_2,2015-08-04,718.49,7555.635
store_2,2015-08-05,704.465,7185.935
store_2,2015-08-06,735.68,7220.495
store_2,2015-08-07,698.45,6710.17
store_2,2015-08-08,437.18,3913.585
store_2,2015-08-09,0.0,0.0
store_2,2015-08-10,658.58,5755.545
store_2,2015-08-11,612.12,5235.415
store_2,2015-08-12,589.87,5175.97
store_2,2015-08-13,619.575,5625.925
store_2,2015-08-14,650.97,5572.21
store_2,2015-08-15,413.135,3768.35
store_2,2015-08-16,0.0,0.0
store_2,2015-08-17,906.245,8806.13
store_2,2015-08-18,763.405,7253.85
store_2,2015-08-19,715.745,6790.785
store_2,2015-08-20,718.98,6696.175
store_2,2015-08-21,751.395,6655.31
store_2,2015-08-22,434.205,3805.94
store_2,2015-08-23,0.0,0.0
store_2,2015-08-24,674.845,5384.285
store_2,2015-08-25,617.12,4995.305
store_2,2015-08-26,603.5,5211.68
store_2,2015-08-27,632.65,5415.67
store_2,2015-08-28,656.645,5574.22
store_2,2015-08-29,423.06,3746.29
store_20,2015-07-20,512.805,4786.545
store_20,2015-07-21,477.555,4454.24
store_20,2015-07-22,484.775,4527.705
store_20,2015-07-23,513.775,4843.035
store_20,2015-07-24,554.89,5031.325
store_20,2015-07-25,560.29,5351.155
store_20,2015-07-26,0.0,0.0
store_20,2015-07-27,627.825,7161.5
store_20,2015-07-28,553.945,6460.32
store_20,2015-07-29,552.56,6186.08
store_20,2015-07-30,585.165,6494.005
store_20,2015-07-31,618.38,6765.715
store_20,2015-08-01,565.545,5491.0
store_20,2015-08-02,0.0,0.0
store_20,2015-08-03,672.31,7602.5
store_20,2015-08-04,556.54,6320.325
store_20,2015-08-05,541.325,5876.875
store_20,2015-08-06,547.69,6009.31
store_20,2015-08-07,571.555,6014.145
store_20,2015-08-08,561.865,5492.635
store_20,2015-08-09,0.0,0.0
store_20,2015-08-10,542.105,5104.455
store_20,2015-08-11,488.41,4818.79
store_20,2015-08-12,492.99,4771.965
store_20,2015-08-13,513.31,5015.475
store_20,2015-08-14,544.805,5237.3
store_20,2015-08-15,544.325,5332.91
store_20,2015-08-16,0.0,0.0
store_20,2015-08-17,680.24,7729.035
store_20,2015-08-18,583.895,6494.29
store_20,2015-08-19,571.345,6067.18
store_20,2015-08-20,593.685,6132.95
store_20,2015-08-21,617.21,6321.365
store_20,2015-08-22,565.47,5346.465
store_20,2015-08-23,0.0,0.0
store_20,2015-08-24,541.795,5012.835
store_20,2015-08-25,489.14,4753.605
store_20,2015-08-26,487.79,4749.79
store_20,2015-08-27,511.81,5067.72
store_20,2015-08-28,541.255,5392.035
store_20,2015-08-29,549.32,5343.505
store_200,2015-07-20,2430.435,12109.72
store_200,2015-07-21,2300.86,11970.895
store_200,2015-07-22,2275.615,11853.055
store_200,2015-07-23,2247.465,11800.325
store_200,2015-07-24,2217.66,11303.59
store_200,2015-07-25,1600.445,8193.125
store_200,2015-07-26,1362.95,7642.355
store_200,2015-07-27,2976.265,20317.01
store_200,2015-07-28,2842.93,18684.945
store_200,2015-07-29,2675.765,17431.245
store_200,2015-07-30,2708.98,15812.005
store_200,2015-07-31,2655.94,14560.275
store_200,2015-08-01,1674.32,8340.215
store_200,2015-08-02,1457.905,7384.84
store_200,2015-08-03,2889.075,17736.68
store_200,2015-08-04,2788.87,16916.325
store_200,2015-08-05,2670.225,16145.645
store_200,2015-08-06,2594.795,15593.87
store_200,2015-08-07,2547.9,14557.25
store_200,2015-08-08,1693.29,8751.175
store_200,2015-08-09,1471.83,7876.96
store_200,2015-08-10,2717.82,12839.595
store_200,2015-08-11,2577.855,12729.535
store_200,2015-08-12,2570.1,12471.065
store_200,2015-08-13,2586.715,12667.755
store_200,2015-08-14,2652.81,12645.74
store_200,2015-08-15,1693.345,8576.29
store_200,2015-08-16,1477.82,7686.885
store_200,2015-08-17,3279.765,19888.15
store_200,2015-08-18,3087.84,17726.935
store_200,2015-08-19,2945.87,16693.235
store_200,2015-08-20,2844.745,15897.29
store_200,2015-08-21,2747.055,14949.56
store_200,2015-08-22,1698.41,8621.265
store_200,2015-08-23,1483.27,7738.69
store_200,2015-08-24,2568.02,12341.43
store_200,2015-08-25,2561.55,12488.36
store_200,2015-08-26,2513.88,12800.06
store_200,2015-08-27,2514.74,12918.865
store_200,2015-08-28,2499.095,12873.195
store_200,2015-08-29,1661.425,8447.04
store_201,2015-07-20,1792.845,11480.065
store_201,2015-07-21,1739.56,11101.85
store_201,2015-07-22,1710.65,10964.795
store_201,2015-07-23,1704.88,10801.665
store_201,2015-07-24,1669.355,10548.005
store_201,2015-07-25,1623.035,10057.895
store_201,2015-07-26,0.0,0.0
store_201,2015-07-27,2197.28,17909.61
store_201,2015-07-28,2101.965,16532.325
store_201,2015-07-29,2012.06,15589.88
store_201,2015-07-30,1948.475,14461.255
store_201,2015-07-31,1853.27,13351.165
store_201,2015-08-01,1581.4,9966.985
store_201,2015-08-02,0.0,0.0
store_201,2015-08-03,2319.895,18489.66
store_201,2015-08-04,2212.0,17065.78
store_201,2015-08-05,2102.67,15909.63
store_201,2015-08-06,2087.235,15249.795
store_201,2015-08-07,2061.735,14757.875
store_201,2015-08-08,1635.63,10904.0
store_201,2015-08-09,0.0,0.0
store_201,2015-08-10,1837.635,12014.185
store_201,2015-08-11,1755.835,11478.85
store_201,2015-08-12,1818.15,11788.595
store_201,2015-08-13,1812.115,11982.02
store_201,2015-08-14,1793.355,11820.48
store_201,2015-08-15,1589.115,10492.3
store_201,2015-08-16,0.0,0.0
store_201,2015-08-17,2263.18,17709.115
store_201,2015-08-18,2147.42,16444.95
store_201,2015-08-19,2015.57,15001.235
store_201,2015-08-20,2035.715,14609.9
store_201,2015-08-21,2058.34,14521.055
store_201,2015-08-22,1632.855,10640.62
store_201,2015-08-23,0.0,0.0
store_201,2015-08-24,1794.865,11314.055
store_201,2015-08-25,1758.415,11311.995
store_201,2015-08-26,1688.46,11239.345
store_201,2015-08-27,1690.205,11462.605
store_201,2015-08-28,1705.665,11658.395
store_201,2015-08-29,1620.33,10474.835
store_202,2015-07-20,364.26,4484.73
store_202,2015-07-21,312.55,3817.285
store_202,2015-07-22,326.325,3891.03
store_202,2015-07-23,367.105,4447.105
store_202,2015-07-24,389.64,4987.88
store_202,2015-07-25,435.62,5707.26
store_202,2015-07-26,0.0,0.0
store_202,2015-07-27,447.735,6346.075
store_202,2015-07-28,376.33,5322.16
store_202,2015-07-29,371.325,5075.73
store_202,2015-07-30,407.905,5459.275
store_202,2015-07-31,433.75,5919.795
store_202,2015-08-01,455.0,5813.17
store_202,2015-08-02,0.0,0.0
store_202,2015-08-03,473.475,6665.26
store_202,2015-08-04,420.915,5654.36
store_202,2015-08-05,394.455,5252.58
store_202,2015-08-06,399.845,5328.845
store_202,2015-08-07,426.88,5820.97
store_202,2015-08-08,443.47,5780.585
store_202,2015-08-09,0.0,0.0
store_202,2015-08-10,384.255,4623.19
store_202,2015-08-11,352.54,4257.455
store_202,2015-08-12,354.42,4308.48
store_202,2015-08-13,369.06,4552.475
store_202,2015-08-14,405.575,5124.645
store_202,2015-08-15,438.06,5680.47
store_202,2015-08-16,0.0,0.0
store_202,2015-08-17,464.64,6470.49
store_202,2015-08-18,414.375,5561.93
store_202,2015-08-19,400.835,5268.245
store_202,2015-08-20,422.16,5490.02
store_202,2015-08-21,442.835,5962.46
store_202,2015-08-22,444.57,5603.435
store_202,2015-08-23,0.0,0.0
store_202,2015-08-24,371.965,4510.88
store_202,2015-08-25,338.205,4202.595
store_202,2015-08-26,341.665,4210.3
store_202,2015-08-27,380.21,4691.4
store_202,2015-08-28,409.665,5405.21
store_202,2015-08-29,432.27,5609.09
store_203,2015-07-20,601.98,5619.46
store_203,2015-07-21,563.41,5517.21
store_203,2015-07-22,550.705,5494.155
store_203,2015-07-23,547.18,5472.665
store_203,2015-07-24,558.67,5567.045
store_203,2015-07-25,486.225,5062.675
store_203,2015-07-26,0.0,0.0
store_203,2015-07-27,742.65,9536.3
store_203,2015-07-28,646.81,8256.635
store_203,2015-07-29,628.94,7420.09
store_203,2015-07-30,634.185,6844.065
store_203,2015-07-31,639.02,6784.995
store_203,2015-08-01,506.585,5303.01
store_203,2015-08-02,0.0,0.0
store_203,2015-08-03,763.9,9612.93
store_203,2015-08-04,653.98,7785.115
store_203,2015-08-05,617.45,7153.905
store_203,2015-08-06,615.165,6859.84
store_203,2015-08-07,603.11,6635.045
store_203,2015-08-08,502.305,5125.235
store_203,2015-08-09,0.0,0.0
store_203,2015-08-10,636.08,6018.955
store_203,2015-08-11,558.215,5425.83
store_203,2015-08-12,546.45,5346.58
store_203,2015-08-13,549.265,5411.535
store_203,2015-08-14,556.95,5539.5
store_203,2015-08-15,472.33,4951.0
store_203,2015-08-16,0.0,0.0
store_203,2015-08-17,783.125,9349.12
store_203,2015-08-18,674.11,7697.065
store_203,2015-08-19,636.33,7054.435
store_203,2015-08-20,645.295,6885.785
store_203,2015-08-21,639.4,6708.89
store_203,2015-08-22,496.655,4909.71
store_203,2015-08-23,0.0,0.0
store_203,2015-08-24,641.835,6172.955
store_203,2015-08-25,571.155,5624.87
store_203,2015-08-26,552.145,5382.515
store_203,2015-08-27,558.185,5572.37
store_203,2015-08-28,569.36,5681.89
store_203,2015-08-29,489.4,4915.625
store_204,2015-07-20,668.395,4863.72
store_204,2015-07-21,613.04,4454.305
store_204,2015-07-22,614.13,4587.635
store_204,2015-07-23,633.63,4944.485
store_204,2015-07-24,633.345,4742.74
store_204,2015-07-25,611.3,4386.765
store_204,2015-07-26,0.0,0.0
store_204,2015-07-27,810.28,7735.51
store_204,2015-07-28,765.92,7174.27
store_204,2015-07-29,762.745,6743.2
store_204,2015-07-30,777.29,6756.1
store_204,2015-07-31,748.89,6309.6
store_204,2015-08-01,637.19,4746.27
store_204,2015-08-02,0.0,0.0
store_204,2015-08-03,863.745,7901.035
store_204,2015-08-04,728.16,6899.14
store_204,2015-08-05,705.265,6263.515
store_204,2015-08-06,724.195,6364.74
store_204,2015-08-07,703.27,5830.115
store_204,2015-08-08,611.445,4831.1
store_204,2015-08-09,0.0,0.0
store_204,2015-08-10,729.465,5749.075
store_204,2015-08-11,694.55,5593.11
store_204,2015-08-12,658.9,5297.625
store_204,2015-08-13,650.025,5389.945
store_204,2015-08-14,664.545,5325.705
store_204,2015-08-15,592.545,4774.785
store_204,2015-08-16,0.0,0.0
store_204,2015-08-17,885.95,8358.265
store_204,2015-08-18,789.645,7474.745
store_204,2015-08-19,744.77,6892.95
store_204,2015-08-20,753.015,6917.475
store_204,2015-08-21,763.085,6689.355
store_204,2015-08-22,596.95,4925.5
store_204,2015-08-23,0.0,0.0
store_204,2015-08-24,748.0,6465.455
store_204,2015-08-25,672.4,6037.31
store_204,2015-08-26,632.46,5638.805
store_204,2015-08-27,660.12,6061.48
store_204,2015-08-28,672.445,5996.35
store_204,2015-08-29,559.275,5081.055
store_205,2015-07-20,692.88,6301.385
store_205,2015-07-21,623.64,5736.985
store_205,2015-07-22,636.385,5592.78
store_205,2015-07-23,667.37,5690.13
store_205,2015-07-24,709.885,6200.9
store_205,2015-07-25,531.78,5089.355
store_205,2015-07-26,0.0,0.0
store_205,2015-07-27,901.95,10639.06
store_205,2015-07-28,808.475,9020.88
store_205,2015-07-29,804.83,8513.905
store_205,2015-07-30,798.725,8571.46
store_205,2015-07-31,830.785,9025.705
store_205,2015-08-01,565.435,5417.815
store_205,2015-08-02,0.0,0.0
store_205,2015-08-03,965.71,11122.73
store_205,2015-08-04,808.06,8608.38
store_205,2015-08-05,744.495,7940.02
store_205,2015-08-06,748.35,7734.285
store_205,2015-08-07,765.06,7916.57
store_205,2015-08-08,552.17,5360.665
store_205,2015-08-09,0.0,0.0
store_205,2015-08-10,777.195,7434.185
store_205,2015-08-11,692.67,6485.92
store_205,2015-08-12,682.825,6267.695
store_205,2015-08-13,712.825,6505.1
store_205,2015-08-14,717.405,6815.97
store_205,2015-08-15,555.43,5359.955
store_205,2015-08-16,0.0,0.0
store_205,2015-08-17,943.655,10887.25
store_205,2015-08-18,823.99,8924.665
store_205,2015-08-19,760.64,8001.55
store_205,2015-08-20,807.045,7965.31
store_205,2015-08-21,789.205,8200.18
store_205,2015-08-22,567.395,5357.725
store_205,2015-08-23,0.0,0.0
store_205,2015-08-24,775.77,7383.675
store_205,2015-08-25,681.635,6736.16
store_205,2015-08-26,657.17,6383.02
store_205,2015-08-27,690.945,6613.3
store_205,2015-08-28,713.505,7264.38
store_205,2015-08-29,542.115,5456.6
store_206,2015-07-20,704.195,4957.075
store_206,2015-07-21,626.715,4493.015
store_206,2015-07-22,621.335,4376.625
store_206,2015-07-23,614.895,4461.295
store_206,2015-07-24,643.02,4529.36
store_206,2015-07-25,593.245,4335.2
store_206,2015-07-26,0.0,0.0
store_206,2015-07-27,830.415,7424.25
store_206,2015-07-28,793.64,7006.98
store_206,2015-07-29,793.855,6506.9
store_206,2015-07-30,807.425,6293.47
store_206,2015-07-31,769.205,5910.515
store_206,2015-08-01,639.56,4659.77
store_206,2015-08-02,0.0,0.0
store_206,2015-08-03,884.14,7598.37
store_206,2015-08-04,777.79,6679.675
store_206,2015-08-05,727.14,5851.84
store_206,2015-08-06,717.105,5515.105
store_206,2015-08-07,705.095,5288.94
store_206,2015-08-08,619.9,4430.205
store_206,2015-08-09,0.0,0.0
store_206,2015-08-10,737.07,5165.965
store_206,2015-08-11,697.23,4786.665
store_206,2015-08-12,677.045,4602.21
store_206,2015-08-13,663.885,4632.355
store_206,2015-08-14,660.205,4497.99
store_206,2015-08-15,604.06,4256.79
store_206,2015-08-16,0.0,0.0
store_206,2015-08-17,921.265,7442.46
store_206,2015-08-18,807.795,6491.555
store_206,2015-08-19,762.365,5893.64
store_206,2015-08-20,752.44,5588.39
store_206,2015-08-21,754.81,5486.54
store_206,2015-08-22,648.565,4483.805
store_206,2015-08-23,0.0,0.0
store_206,2015-08-24,690.645,4735.93
store_206,2015-08-25,640.335,4424.72
store_206,2015-08-26,624.095,4382.345
store_206,2015-08-27,631.425,4507.645
store_206,2015-08-28,667.98,4618.955
store_206,2015-08-29,617.7,4368.255
store_207,2015-07-20,646.31,6432.72
store_207,2015-07-21,590.69,6109.32
store_207,2015-07-22,586.48,6014.63
store_207,2015-07-23,632.41,6561.19
store_207,2015-07-24,638.125,6541.17
store_207,2015-07-25,585.67,6006.76
store_207,2015-07-26,0.0,0.0
store_207,2015-07-27,899.705,12167.135
store_207,2015-07-28,773.17,9990.19
store_207,2015-07-29,759.365,8965.33
store_207,2015-07-30,786.03,8766.155
store_207,2015-07-31,760.005,8655.205
store_207,2015-08-01,609.5,6252.16
store_207,2015-08-02,0.0,0.0
store_207,2015-08-03,932.705,12164.0
store_207,2015-08-04,785.94,9661.88
store_207,2015-08-05,719.105,8622.055
store_207,2015-08-06,734.47,8664.205
store_207,2015-08-07,712.1,8202.2
store_207,2015-08-08,591.06,6205.83
store_207,2015-08-09,0.0,0.0
store_207,2015-08-10,673.61,6850.165
store_207,2015-08-11,636.14,6566.6
store_207,2015-08-12,620.49,6440.34
store_207,2015-08-13,648.84,6827.15
store_207,2015-08-14,669.685,6977.675
store_207,2015-08-15,569.09,6060.46
store_207,2015-08-16,0.0,0.0
store_207,2015-08-17,927.71,11609.285
store_207,2015-08-18,805.18,9910.26
store_207,2015-08-19,770.565,9030.85
store_207,2015-08-20,774.375,8893.245
store_207,2015-08-21,768.85,8772.355
store_207,2015-08-22,597.52,6183.435
store_207,2015-08-23,0.0,0.0
store_207,2015-08-24,658.205,6770.315
store_207,2015-08-25,593.25,6361.51
store_207,2015-08-26,602.87,6385.94
store_207,2015-08-27,636.405,6893.58
store_207,2015-08-28,679.23,7387.005
store_207,2015-08-29,602.51,6255.63
store_208,2015-07-20,1149.28,8170.555
store_208,2015-07-21,1035.97,7848.63
store_208,2015-07-22,1057.185,7589.505
store_208,2015-07-23,1064.155,7755.505
store_208,2015-07-24,1056.51,7665.305
store_208,2015-07-25,1043.985,7605.29
store_208,2015-07-26,0.0,0.0
store_208,2015-07-27,1525.985,14769.465
store_208,2015-07-28,1405.42,13448.06
store_208,2015-07-29,1312.15,11825.66
store_208,2015-07-30,1288.41,10918.435
store_208,2015-07-31,1219.46,10029.86
store_208,2015-08-01,1042.935,7714.775
store_208,2015-08-02,0.0,0.0
store_208,2015-08-03,1500.555,14358.67
store_208,2015-08-04,1373.955,12073.42
store_208,2015-08-05,1304.33,11063.7
store_208,2015-08-06,1255.33,10617.885
store_208,2015-08-07,1196.87,9945.33
store_208,2015-08-08,1015.34,7850.67
store_208,2015-08-09,0.0,0.0
store_208,2015-08-10,1221.19,9399.43
store_208,2015-08-11,1132.515,8849.145
store_208,2015-08-12,1120.775,8505.475
store_208,2015-08-13,1108.15,8612.96
store_208,2015-08-14,1092.22,8437.655
store_208,2015-08-15,1029.865,7966.575
store_208,2015-08-16,0.0,0.0
store_208,2015-08-17,1450.845,13629.06
store_208,2015-08-18,1351.89,11900.0
store_208,2015-08-19,1275.21,10731.765
store_208,2015-08-20,1249.95,10452.34
store_208,2015-08-21,1204.51,10173.78
store_208,2015-08-22,1036.465,8016.09
store_208,2015-08-23,0.0,0.0
store_208,2015-08-24,1137.795,9016.1
store_208,2015-08-25,1067.78,8479.48
store_208,2015-08-26,1048.675,8213.58
store_208,2015-08-27,1064.355,8506.83
store_208,2015-08-28,1062.21,8557.175
store_208,2015-08-29,1058.685,8063.66
store_209,2015-07-20,583.23,6188.795
store_209,2015-07-21,557.26,5909.825
store_209,2015-07-22,539.42,6030.66
store_209,2015-07-23,571.85,6310.87
store_209,2015-07-24,588.645,6509.03
store_209,2015-07-25,492.72,5448.19
store_209,2015-07-26,0.0,0.0
store_209,2015-07-27,731.015,9377.855
store_209,2015-07-28,682.29,8516.475
store_209,2015-07-29,685.28,8331.77
store_209,2015-07-30,703.905,8570.395
store_209,2015-07-31,706.69,8535.325
store_209,2015-08-01,516.7,5476.465
store_209,2015-08-02,0.0,0.0
store_209,2015-08-03,780.395,9832.685
store_209,2015-08-04,667.135,8140.53
store_209,2015-08-05,630.205,7582.98
store_209,2015-08-06,647.78,7555.955
store_209,2015-08-07,637.02,7348.225
store_209,2015-08-08,515.755,5583.41
store_209,2015-08-09,0.0,0.0
store_209,2015-08-10,681.575,6752.075
store_209,2015-08-11,602.705,6055.13
store_209,2015-08-12,558.695,5927.625
store_209,2015-08-13,572.19,6111.75
store_209,2015-08-14,579.345,6250.16
store_209,2015-08-15,498.175,5275.47
store_209,2015-08-16,0.0,0.0
store_209,2015-08-17,837.67,10032.915
store_209,2015-08-18,716.175,8402.685
store_209,2015-08-19,675.265,7752.51
store_209,2015-08-20,680.435,7618.91
store_209,2015-08-21,683.51,7519.225
store_209,2015-08-22,509.54,5299.375
store_209,2015-08-23,0.0,0.0
store_209,2015-08-24,659.87,6514.715
store_209,2015-08-25,610.56,6289.06
store_209,2015-08-26,592.4,6136.815
store_209,2015-08-27,595.485,6401.99
store_209,2015-08-28,614.195,6714.66
store_209,2015-08-29,503.73,5377.58
store_21,2015-07-20,733.61,6809.89
store_21,2015-07-21,688.62,6298.56
store_21,2015-07-22,649.325,6052.92
store_21,2015-07-23,656.545,5972.425
store_21,2015-07-24,661.185,5924.98
store_21,2015-07-25,732.745,6813.705
store_21,2015-07-26,0.0,0.0
store_21,2015-07-27,872.22,9601.98
store_21,2015-07-28,790.495,8664.09
store_21,2015-07-29,783.995,8129.995
store_21,2015-07-30,778.4,7713.98
store_21,2015-07-31,764.435,7233.81
store_21,2015-08-01,734.99,6882.1
store_21,2015-08-02,0.0,0.0
store_21,2015-08-03,973.42,10161.52
store_21,2015-08-04,824.21,8486.36
store_21,2015-08-05,763.765,7664.455
store_21,2015-08-06,748.2,7436.11
store_21,2015-08-07,722.395,7105.24
store_21,2015-08-08,731.655,6696.84
store_21,2015-08-09,0.0,0.0
store_21,2015-08-10,810.48,6882.61
store_21,2015-08-11,718.405,6134.73
store_21,2015-08-12,678.845,5847.995
store_21,2015-08-13,690.125,5891.16
store_21,2015-08-14,709.02,5892.835
store_21,2015-08-15,736.26,6484.29
store_21,2015-08-16,0.0,0.0
store_21,2015-08-17,987.5,9609.01
store_21,2015-08-18,849.485,8204.885
store_21,2015-08-19,785.57,7356.2
store_21,2015-08-20,796.18,7099.905
store_21,2015-08-21,782.25,6739.735
store_21,2015-08-22,745.655,6217.495
store_21,2015-08-23,0.0,0.0
store_21,2015-08-24,820.595,6616.755
store_21,2015-08-25,723.245,6080.175
store_21,2015-08-26,693.505,5735.42
store_21,2015-08-27,705.585,5734.6
store_21,2015-08-28,722.295,5862.125
store_21,2015-08-29,744.795,6176.73
store_210,2015-07-20,383.02,4535.81
store_210,2015-07-21,344.265,4258.05
store_210,2015-07-22,353.245,4271.745
store_210,2015-07-23,388.385,4694.615
store_210,2015-07-24,424.11,5239.265
store_210,2015-07-25,447.065,5508.155
store_210,2015-07-26,0.0,0.0
store_210,2015-07-27,475.725,6704.23
store_210,2015-07-28,421.57,5893.675
store_210,2015-07-29,400.68,5485.345
store_210,2015-07-30,422.585,5704.185
store_210,2015-07-31,457.665,6215.77
store_210,2015-08-01,457.965,5672.785
store_210,2015-08-02,0.0,0.0
store_210,2015-08-03,493.12,6847.235
store_210,2015-08-04,416.525,5759.3
store_210,2015-08-05,394.905,5261.365
store_210,2015-08-06,423.04,5569.755
store_210,2015-08-07,447.63,6139.635
store_210,2015-08-08,453.28,5702.44
store_210,2015-08-09,0.0,0.0
store_210,2015-08-10,393.635,4702.945
store_210,2015-08-11,351.47,4335.02
store_210,2015-08-12,360.16,4362.39
store_210,2015-08-13,394.24,4865.515
store_210,2015-08-14,424.235,5428.39
store_210,2015-08-15,445.43,5660.84
store_210,2015-08-16,0.0,0.0
store_210,2015-08-17,487.97,6812.13
store_210,2015-08-18,419.845,5628.43
store_210,2015-08-19,398.64,5263.08
store_210,2015-08-20,422.98,5543.995
store_210,2015-08-21,463.02,6192.24
store_210,2015-08-22,459.39,5681.02
store_210,2015-08-23,0.0,0.0
store_210,2015-08-24,390.11,4873.145
store_210,2015-08-25,347.08,4430.15
store_210,2015-08-26,361.685,4452.72
store_210,2015-08-27,389.145,4873.63
store_210,2015-08-28,426.615,5592.935
store_210,2015-08-29,445.93,5704.86
store_211,2015-07-20,509.52,5877.555
store_211,2015-07-21,432.89,5174.84
store_211,2015-07-22,471.32,5332.475
store_211,2015-07-23,480.54,5587.685
store_211,2015-07-24,506.875,6095.49
store_211,2015-07-25,538.58,6813.37
store_211,2015-07-26,0.0,0.0
store_211,2015-07-27,657.6,10184.62
store_211,2015-07-28,555.955,8380.57
store_211,2015-07-29,554.61,7641.18
store_211,2015-07-30,573.06,7489.03
store_211,2015-07-31,593.1,7796.965
store_211,2015-08-01,532.305,6674.36
store_211,2015-08-02,0.0,0.0
store_211,2015-08-03,675.75,10133.025
store_211,2015-08-04,544.775,7809.915
store_211,2015-08-05,529.935,7245.075
store_211,2015-08-06,546.47,7340.8
store_211,2015-08-07,555.715,7497.425
store_211,2015-08-08,526.025,6633.01
store_211,2015-08-09,0.0,0.0
store_211,2015-08-10,518.81,6060.085
store_211,2015-08-11,469.725,5552.35
store_211,2015-08-12,469.5,5511.91
store_211,2015-08-13,480.975,5727.74
store_211,2015-08-14,491.875,6019.81
store_211,2015-08-15,521.62,6522.84
store_211,2015-08-16,0.0,0.0
store_211,2015-08-17,662.365,9519.885
store_211,2015-08-18,564.09,7783.785
store_211,2015-08-19,548.89,7288.505
store_211,2015-08-20,560.845,7312.45
store_211,2015-08-21,583.515,7481.185
store_211,2015-08-22,513.615,6267.445
store_211,2015-08-23,0.0,0.0
store_211,2015-08-24,488.705,5848.84
store_211,2015-08-25,445.24,5402.875
store_211,2015-08-26,466.675,5529.02
store_211,2015-08-27,485.72,5918.995
store_211,2015-08-28,515.575,6496.545
store_211,2015-08-29,506.565,6298.36
store_212,2015-07-20,499.84,5173.905
store_212,2015-07-21,421.935,4470.96
store_212,2015-07-22,412.04,4432.245
store_212,2015-07-23,439.285,4690.315
store_212,2015-07-24,467.03,4934.605
store_212,2015-07-25,460.685,4868.95
store_212,2015-07-26,0.0,0.0
store_212,2015-07-27,676.42,9423.87
store_212,2015-07-28,570.075,7448.565
store_212,2015-07-29,530.775,6567.0
store_212,2015-07-30,536.94,6340.575
store_212,2015-07-31,548.965,6533.6
store_212,2015-08-01,479.445,5048.835
store_212,2015-08-02,0.0,0.0
store_212,2015-08-03,727.82,9537.48
store_212,2015-08-04,578.255,7327.94
store_212,2015-08-05,517.73,6286.965
store_212,2015-08-06,521.595,5994.835
store_212,2015-08-07,510.83,5948.2
store_212,2015-08-08,469.8,5134.905
store_212,2015-08-09,0.0,0.0
store_212,2015-08-10,563.16,5939.65
store_212,2015-08-11,511.86,5418.95
store_212,2015-08-12,476.455,4902.965
store_212,2015-08-13,478.62,4962.605
store_212,2015-08-14,488.33,5092.455
store_212,2015-08-15,466.0,5042.48
store_212,2015-08-16,0.0,0.0
store_212,2015-08-17,716.525,9206.39
store_212,2015-08-18,618.085,7692.635
store_212,2015-08-19,561.47,6512.725
store_212,2015-08-20,544.62,6168.995
store_212,2015-08-21,553.12,6105.71
store_212,2015-08-22,475.58,5014.035
store_212,2015-08-23,0.0,0.0
store_212,2015-08-24,585.8,6418.585
store_212,2015-08-25,502.46,5717.545
store_212,2015-08-26,490.305,5308.105
store_212,2015-08-27,484.58,5196.385
store_212,2015-08-28,493.2,5369.35
store_212,2015-08-29,460.745,5038.79
store_213,2015-07-20,614.255,6045.885
store_213,2015-07-21,533.155,5221.5
store_213,2015-07-22,546.49,5237.765
store_213,2015-07-23,579.305,5771.465
store_213,2015-07-24,653.87,6631.7
store_213,2015-07-25,616.68,6612.235
store_213,2015-07-26,0.0,0.0
store_213,2015-07-27,769.11,9807.39
store_213,2015-07-28,662.315,8111.195
store_213,2015-07-29,662.815,7911.13
store_213,2015-07-30,702.28,8090.75
store_213,2015-07-31,736.885,8528.31
store_213,2015-08-01,687.415,7130.01
store_213,2015-08-02,0.0,0.0
store_213,2015-08-03,817.145,10196.78
store_213,2015-08-04,673.315,8000.025
store_213,2015-08-05,633.4,7342.8
store_213,2015-08-06,644.235,7440.545
store_213,2015-08-07,689.72,7951.38
store_213,2015-08-08,662.28,6965.775
store_213,2015-08-09,0.0,0.0
store_213,2015-08-10,661.61,6656.8
store_213,2015-08-11,574.56,5896.87
store_213,2015-08-12,557.3,5686.165
store_213,2015-08-13,572.935,5898.78
store_213,2015-08-14,645.74,6792.15
store_213,2015-08-15,665.38,7076.015
store_213,2015-08-16,0.0,0.0
store_213,2015-08-17,834.355,10643.06
store_213,2015-08-18,701.74,8404.025
store_213,2015-08-19,663.555,7501.345
store_213,2015-08-20,700.725,7694.285
store_213,2015-08-21,730.19,8282.405
store_213,2015-08-22,655.235,7006.51
store_213,2015-08-23,0.0,0.0
store_213,2015-08-24,650.15,6867.665
store_213,2015-08-25,564.825,6149.55
store_213,2015-08-26,563.32,5918.95
store_213,2015-08-27,584.64,6174.72
store_213,2015-08-28,656.065,7336.98
store_213,2015-08-29,661.825,7359.6
store_214,2015-07-20,1754.955,7321.055
store_214,2015-07-21,1682.405,6463.785
store_214,2015-07-22,1637.27,6096.385
store_214,2015-07-23,1671.025,6296.74
store_214,2015-07-24,1786.675,6839.025
store_214,2015-07-25,1381.94,5344.96
store_214,2015-07-26,2057.485,9654.585
store_214,2015-07-27,1825.73,8127.35
store_214,2015-07-28,1735.46,7538.525
store_214,2015-07-29,1725.685,7261.3
store_214,2015-07-30,1785.46,7445.09
store_214,2015-07-31,1841.0,7852.67
store_214,2015-08-01,1341.36,5338.3
store_214,2015-08-02,2079.155,9836.585
store_214,2015-08-03,1754.98,8085.915
store_214,2015-08-04,1703.975,7266.43
store_214,2015-08-05,1671.435,7047.71
store_214,2015-08-06,1682.725,6925.515
store_214,2015-08-07,1796.53,7504.265
store_214,2015-08-08,1344.34,5474.585
store_214,2015-08-09,1981.545,9680.42
store_214,2015-08-10,1743.45,7544.815
store_214,2015-08-11,1672.885,6620.965
store_214,2015-08-12,1638.865,6623.98
store_214,2015-08-13,1638.845,6589.475
store_214,2015-08-14,1745.08,6923.36
store_214,2015-08-15,1324.705,5302.245
store_214,2015-08-16,2025.3,9707.49
store_214,2015-08-17,1729.335,8389.775
store_214,2015-08-18,1687.64,7513.47
store_214,2015-08-19,1650.365,7194.075
store_214,2015-08-20,1683.295,7134.35
store_214,2015-08-21,1791.485,7773.63
store_214,2015-08-22,1332.29,5511.27
store_214,2015-08-23,1963.18,10062.245
store_214,2015-08-24,1708.165,8000.63
store_214,2015-08-25,1648.875,7270.525
store_214,2015-08-26,1619.54,6822.665
store_214,2015-08-27,1663.095,6887.625
store_214,2015-08-28,1742.94,7484.335
store_214,2015-08-29,1315.885,5507.025
store_215,2015-07-20,609.83,7111.16
store_215,2015-07-21,551.03,6333.595
store_215,2015-07-22,541.435,5942.7
store_215,2015-07-23,562.055,6280.565
store_215,2015-07-24,595.18,6738.515
store_215,2015-07-25,664.885,7499.81
store_215,2015-07-26,0.0,0.0
store_215,2015-07-27,861.905,12060.575
store_215,2015-07-28,733.395,9992.435
store_215,2015-07-29,699.085,8793.52
store_215,2015-07-30,687.155,8382.825
store_215,2015-07-31,684.155,8218.735
store_215,2015-08-01,690.64,7869.97
store_215,2015-08-02,0.0,0.0
store_215,2015-08-03,910.17,12663.86
store_215,2015-08-04,728.01,9588.26
store_215,2015-08-05,676.305,8452.06
store_215,2015-08-06,652.13,8094.305
store_215,2015-08-07,634.39,7718.08
store_215,2015-08-08,661.365,7517.37
store_215,2015-08-09,0.0,0.0
store_215,2015-08-10,654.035,7112.975
store_215,2015-08-11,595.31,6602.6
store_215,2015-08-12,587.88,6293.63
store_215,2015-08-13,589.935,6389.5
store_215,2015-08-14,592.4,6429.265
store_215,2015-08-15,645.54,7153.375
store_215,2015-08-16,0.0,0.0
store_215,2015-08-17,887.415,11756.635
store_215,2015-08-18,737.43,9547.26
store_215,2015-08-19,696.435,8514.725
store_215,2015-08-20,692.905,8097.4
store_215,2015-08-21,690.195,7765.095
store_215,2015-08-22,637.105,7081.98
store_215,2015-08-23,0.0,0.0
store_215,2015-08-24,622.17,6742.695
store_215,2015-08-25,558.11,6277.0
store_215,2015-08-26,565.89,6119.86
store_215,2015-08-27,586.525,6206.79
store_215,2015-08-28,604.91,6407.6
store_215,2015-08-29,631.925,6898.96
store_216,2015-07-20,1093.35,8447.29
store_216,2015-07-21,1005.865,7776.03
store_216,2015-07-22,989.23,7616.2
store_216,2015-07-23,1099.655,8251.165
store_216,2015-07-24,1108.63,8513.485
store_216,2015-07-25,794.72,6353.78
store_216,2015-07-26,0.0,0.0
store_216,2015-07-27,1282.775,12207.295
store_216,2015-07-28,1174.045,10957.845
store_216,2015-07-29,1111.29,10359.715
store_216,2015-07-30,1226.365,11284.68
store_216,2015-07-31,1206.5,11123.705
store_216,2015-08-01,831.195,6885.545
store_216,2015-08-02,0.0,0.0
store_216,2015-08-03,1388.095,13465.345
store_216,2015-08-04,1196.255,11038.985
store_216,2015-08-05,1092.26,9907.2
store_216,2015-08-06,1165.335,10382.94
store_216,2015-08-07,1151.605,9910.23
store_216,2015-08-08,826.98,6727.715
store_216,2015-08-09,0.0,0.0
store_216,2015-08-10,1157.175,9333.125
store_216,2015-08-11,1071.745,8524.3
store_216,2015-08-12,1008.58,8017.87
store_216,2015-08-13,1050.995,8624.99
store_216,2015-08-14,1106.705,8940.475
store_216,2015-08-15,821.47,6738.365
store_216,2015-08-16,0.0,0.0
store_216,2015-08-17,1361.845,13296.45
store_216,2015-08-18,1217.74,11426.535
store_216,2015-08-19,1140.18,10133.955
store_216,2015-08-20,1156.83,10179.88
store_216,2015-08-21,1202.305,10339.98
store_216,2015-08-22,841.16,6907.915
store_216,2015-08-23,0.0,0.0
store_216,2015-08-24,1152.095,9417.01
store_216,2015-08-25,1050.145,8712.51
store_216,2015-08-26,995.76,8122.895
store_216,2015-08-27,1039.07,8504.315
store_216,2015-08-28,1120.785,9448.695
store_216,2015-08-29,834.845,6976.825
store_217,2015-07-20,431.57,5600.395
store_217,2015-07-21,394.82,5233.05
store_217,2015-07-22,382.22,5027.06
store_217,2015-07-23,406.235,5158.33
store_217,2015-07-24,454.61,5857.885
store_217,2015-07-25,495.38,6503.595
store_217,2015-07-26,0.0,0.0
store_217,2015-07-27,553.08,8259.53
store_217,2015-07-28,492.16,7472.04
store_217,2015-07-29,480.685,7111.285
store_217,2015-07-30,487.99,6902.27
store_217,2015-07-31,518.4,7350.38
store_217,2015-08-01,506.51,6623.5
store_217,2015-08-02,0.0,0.0
store_217,2015-08-03,585.515,8726.955
store_217,2015-08-04,513.305,7563.425
store_217,2015-08-05,468.01,6747.14
store_217,2015-08-06,472.56,6559.195
store_217,2015-08-07,489.39,6993.535
store_217,2015-08-08,507.535,6953.21
store_217,2015-08-09,0.0,0.0
store_217,2015-08-10,476.84,5957.295
store_217,2015-08-11,437.14,5765.145
store_217,2015-08-12,435.59,5533.305
store_217,2015-08-13,463.795,5758.22
store_217,2015-08-14,479.31,6313.87
store_217,2015-08-15,509.02,6886.34
store_217,2015-08-16,0.0,0.0
store_217,2015-08-17,598.025,8999.945
store_217,2015-08-18,505.06,7551.33
store_217,2015-08-19,492.075,6872.675
store_217,2015-08-20,511.485,6980.77
store_217,2015-08-21,524.44,7339.29
store_217,2015-08-22,517.485,6841.39
store_217,2015-08-23,0.0,0.0
store_217,2015-08-24,471.125,6553.47
store_217,2015-08-25,422.38,6119.495
store_217,2015-08-26,431.25,6068.25
store_217,2015-08-27,457.845,6393.46
store_217,2015-08-28,478.515,6807.99
store_217,2015-08-29,515.095,6983.62
store_218,2015-07-20,996.245,8215.175
store_218,2015-07-21,869.32,7400.17
store_218,2015-07-22,865.22,7363.49
store_218,2015-07-23,905.755,7448.89
store_218,2015-07-24,903.16,7572.44
store_218,2015-07-25,913.105,7829.085
store_218,2015-07-26,0.0,0.0
store_218,2015-07-27,1269.635,13921.255
store_218,2015-07-28,1117.385,11324.965
store_218,2015-07-29,1076.395,10164.58
store_218,2015-07-30,1061.535,9682.225
store_218,2015-07-31,1038.825,9344.41
store_218,2015-08-01,927.615,7987.7
store_218,2015-08-02,0.0,0.0
store_218,2015-08-03,1299.685,13214.79
store_218,2015-08-04,1057.33,10361.195
store_218,2015-08-05,1002.7,9424.37
store_218,2015-08-06,988.685,9226.16
store_218,2015-08-07,987.305,8972.78
store_218,2015-08-08,925.44,8054.425
store_218,2015-08-09,0.0,0.0
store_218,2015-08-10,1016.535,8434.035
store_218,2015-08-11,942.505,7594.385
store_218,2015-08-12,899.195,7197.44
store_218,2015-08-13,921.785,7344.585
store_218,2015-08-14,962.755,7535.17
store_218,2015-08-15,903.66,7655.345
store_218,2015-08-16,0.0,0.0
store_218,2015-08-17,1279.08,12211.45
store_218,2015-08-18,1103.74,10255.415
store_218,2015-08-19,1033.42,8913.245
store_218,2015-08-20,1041.28,8736.91
store_218,2015-08-21,1016.93,8416.23
store_218,2015-08-22,897.59,7458.495
store_218,2015-08-23,0.0,0.0
store_218,2015-08-24,1002.64,7980.045
store_218,2015-08-25,911.26,7267.915
store_218,2015-08-26,881.06,6904.8
store_218,2015-08-27,901.125,7076.82
store_218,2015-08-28,935.29,7202.09
store_218,2015-08-29,877.18,7239.63
store_219,2015-07-20,557.57,5623.895
store_219,2015-07-21,488.285,4943.335
store_219,2015-07-22,507.54,5046.99
store_219,2015-07-23,500.21,5105.78
store_219,2015-07-24,539.62,5429.76
store_219,2015-07-25,629.48,6692.65
store_219,2015-07-26,0.0,0.0
store_219,2015-07-27,714.585,8938.16
store_219,2015-07-28,590.08,7261.25
store_219,2015-07-29,608.885,7077.69
store_219,2015-07-30,586.57,6744.925
store_219,2015-07-31,618.26,7065.505
store_219,2015-08-01,607.495,6545.96
store_219,2015-08-02,0.0,0.0
store_219,2015-08-03,759.29,9455.055
store_219,2015-08-04,609.295,7259.69
store_219,2015-08-05,576.49,6780.38
store_219,2015-08-06,554.76,6437.795
store_219,2015-08-07,573.42,6622.34
store_219,2015-08-08,619.885,6722.07
store_219,2015-08-09,0.0,0.0
store_219,2015-08-10,574.705,5775.365
store_219,2015-08-11,529.645,5380.875
store_219,2015-08-12,522.28,5258.155
store_219,2015-08-13,531.96,5330.39
store_219,2015-08-14,539.325,5550.085
store_219,2015-08-15,607.32,6478.59
store_219,2015-08-16,0.0,0.0
store_219,2015-08-17,768.965,9737.225
store_219,2015-08-18,662.22,7824.145
store_219,2015-08-19,629.425,7017.93
store_219,2015-08-20,610.215,6669.06
store_219,2015-08-21,608.755,6621.62
store_219,2015-08-22,604.985,6428.52
store_219,2015-08-23,0.0,0.0
store_219,2015-08-24,555.97,5813.295
store_219,2015-08-25,500.8,5308.22
store_219,2015-08-26,528.81,5362.055
store_219,2015-08-27,543.445,5586.56
store_219,2015-08-28,563.97,5849.84
store_219,2015-08-29,599.165,6393.025
store_22,2015-07-20,703.815,9425.955
store_22,2015-07-21,624.545,8182.795
store_22,2015-07-22,610.075,7778.535
store_22,2015-07-23,639.575,8297.415
store_22,2015-07-24,684.94,8927.65
store_22,2015-07-25,620.04,7703.5
store_22,2015-07-26,0.0,0.0
store_22,2015-07-27,914.17,14433.63
store_22,2015-07-28,789.665,11811.935
store_22,2015-07-29,747.155,10664.645
store_22,2015-07-30,770.775,10619.365
store_22,2015-07-31,784.78,10722.695
store_22,2015-08-01,677.845,8213.825
store_22,2015-08-02,0.0,0.0
store_22,2015-08-03,966.305,14351.46
store_22,2015-08-04,794.96,11188.0
store_22,2015-08-05,729.81,10039.565
store_22,2015-08-06,736.695,9977.265
store_22,2015-08-07,763.505,10289.635
store_22,2015-08-08,659.85,8003.705
store_22,2015-08-09,0.0,0.0
store_22,2015-08-10,706.66,9077.91
store_22,2015-08-11,628.82,7801.33
store_22,2015-08-12,619.86,7476.655
store_22,2015-08-13,665.115,7929.08
store_22,2015-08-14,700.84,8569.835
store_22,2015-08-15,650.855,7998.69
store_22,2015-08-16,0.0,0.0
store_22,2015-08-17,945.695,13601.58
store_22,2015-08-18,801.86,10819.175
store_22,2015-08-19,760.23,9778.84
store_22,2015-08-20,756.675,9649.045
store_22,2015-08-21,781.73,9974.95
store_22,2015-08-22,672.43,7798.15
store_22,2015-08-23,0.0,0.0
store_22,2015-08-24,715.535,8332.055
store_22,2015-08-25,625.59,7453.255
store_22,2015-08-26,605.23,7126.045
store_22,2015-08-27,646.35,7563.54
store_22,2015-08-28,686.125,8135.95
store_22,2015-08-29,659.33,7788.01
store_220,2015-07-20,1077.97,8401.385
store_220,2015-07-21,1005.495,7712.785
store_220,2015-07-22,991.265,7464.62
store_220,2015-07-23,1018.675,7774.265
store_220,2015-07-24,1024.515,7525.31
store_220,2015-07-25,1059.865,7972.15
store_220,2015-07-26,0.0,0.0
store_220,2015-07-27,1369.48,12689.87
store_220,2015-07-28,1265.975,11371.97
store_220,2015-07-29,1183.375,10421.96
store_220,2015-07-30,1176.47,10092.23
store_220,2015-07-31,1144.18,9391.515
store_220,2015-08-01,1070.38,7908.415
store_220,2015-08-02,0.0,0.0
store_220,2015-08-03,1429.725,13430.805
store_220,2015-08-04,1233.96,11022.175
store_220,2015-08-05,1181.72,9905.05
store_220,2015-08-06,1165.515,9841.33
store_220,2015-08-07,1116.13,9382.95
store_220,2015-08-08,1047.515,8163.09
store_220,2015-08-09,0.0,0.0
store_220,2015-08-10,1126.5,8690.23
store_220,2015-08-11,1030.675,7857.435
store_220,2015-08-12,1022.705,7665.48
store_220,2015-08-13,1013.105,7828.04
store_220,2015-08-14,1023.655,7784.24
store_220,2015-08-15,1030.84,7958.745
store_220,2015-08-16,0.0,0.0
store_220,2015-08-17,1364.76,12706.16
store_220,2015-08-18,1259.885,10759.915
store_220,2015-08-19,1179.32,9837.245
store_220,2015-08-20,1152.07,9556.89
store_220,2015-08-21,1138.245,9255.005
store_220,2015-08-22,1031.085,7870.1
store_220,2015-08-23,0.0,0.0
store_220,2015-08-24,1056.53,8254.19
store_220,2015-08-25,976.41,7398.25
store_220,2015-08-26,972.59,7281.805
store_220,2015-08-27,988.835,7625.635
store_220,2015-08-28,1038.805,7939.49
store_220,2015-08-29,1037.43,7925.72
store_221,2015-07-20,671.03,5357.97
store_221,2015-07-21,641.28,5197.255
store_221,2015-07-22,622.78,5126.755
store_221,2015-07-23,623.34,4879.06
store_221,2015-07-24,620.555,4962.8
store_221,2015-07-25,452.1,3827.5
store_221,2015-07-26,0.0,0.0
store_221,2015-07-27,868.21,8023.04
store_221,2015-07-28,790.66,8120.38
store_221,2015-07-29,731.425,7854.09
store_221,2015-07-30,726.235,7334.39
store_221,2015-07-31,693.91,6937.035
store_221,2015-08-01,496.475,4269.45
store_221,2015-08-02,0.0,0.0
store_221,2015-08-03,888.275,8891.065
store_221,2015-08-04,791.44,8009.275
store_221,2015-08-05,716.77,7466.585
store_221,2015-08-06,718.39,7014.72
store_221,2015-08-07,687.6,6687.735
store_221,2015-08-08,466.56,4195.775
store_221,2015-08-09,0.0,0.0
store_221,2015-08-10,698.07,6227.265
store_221,2015-08-11,656.555,6316.295
store_221,2015-08-12,625.49,6165.445
store_221,2015-08-13,636.385,6037.39
store_221,2015-08-14,655.08,5951.375
store_221,2015-08-15,467.045,4405.65
store_221,2015-08-16,0.0,0.0
store_221,2015-08-17,884.975,9706.655
store_221,2015-08-18,791.995,8731.425
store_221,2015-08-19,746.98,8270.67
store_221,2015-08-20,760.91,8041.015
store_221,2015-08-21,752.845,7912.2
store_221,2015-08-22,504.155,4927.335
store_221,2015-08-23,0.0,0.0
store_221,2015-08-24,710.645,7436.85
store_221,2015-08-25,641.295,7014.55
store_221,2015-08-26,617.265,6897.625
store_221,2015-08-27,635.145,7132.305
store_221,2015-08-28,657.64,7091.175
store_221,2015-08-29,471.485,4834.07
store_222,2015-07-20,577.31,5494.975
store_222,2015-07-21,505.285,4730.85
store_222,2015-07-22,508.67,4710.725
store_222,2015-07-23,516.965,4812.615
store_222,2015-07-24,532.675,4903.405
store_222,2015-07-25,520.72,5018.285
store_222,2015-07-26,0.0,0.0
store_222,2015-07-27,757.08,9954.825
store_222,2015-07-28,637.03,8348.02
store_222,2015-07-29,631.02,7902.155
store_222,2015-07-30,652.875,7715.32
store_222,2015-07-31,639.33,7331.255
store_222,2015-08-01,534.94,5280.335
store_222,2015-08-02,0.0,0.0
store_222,2015-08-03,774.77,9888.21
store_222,2015-08-04,646.515,8048.765
store_222,2015-08-05,597.64,7184.475
store_222,2015-08-06,605.12,6937.17
store_222,2015-08-07,586.905,6680.825
store_222,2015-08-08,521.95,5384.56
store_222,2015-08-09,0.0,0.0
store_222,2015-08-10,576.615,6156.715
store_222,2015-08-11,517.795,5682.075
store_222,2015-08-12,531.105,5706.84
store_222,2015-08-13,526.98,5747.665
store_222,2015-08-14,553.01,5802.635
store_222,2015-08-15,524.055,5463.315
store_222,2015-08-16,0.0,0.0
store_222,2015-08-17,762.145,10051.385
store_222,2015-08-18,647.935,8433.53
store_222,2015-08-19,628.715,7749.82
store_222,2015-08-20,612.655,7318.705
store_222,2015-08-21,625.235,7299.155
store_222,2015-08-22,537.43,5545.315
store_222,2015-08-23,0.0,0.0
store_222,2015-08-24,548.6,6336.455
store_222,2015-08-25,496.715,5848.6
store_222,2015-08-26,527.035,6123.81
store_222,2015-08-27,537.365,6353.26
store_222,2015-08-28,564.4,6752.275
store_222,2015-08-29,531.35,5810.005
store_223,2015-07-20,543.935,6407.4
store_223,2015-07-21,557.975,6497.085
store_223,2015-07-22,578.775,6937.4
store_223,2015-07-23,616.98,7185.88
store_223,2015-07-24,632.845,7453.045
store_223,2015-07-25,652.06,7662.265
store_223,2015-07-26,0.0,0.0
store_223,2015-07-27,983.405,15221.265
store_223,2015-07-28,800.735,11805.53
store_223,2015-07-29,785.91,11056.63
store_223,2015-07-30,775.22,10635.895
store_223,2015-07-31,795.92,10828.195
store_223,2015-08-01,682.74,7925.39
store_223,2015-08-02,0.0,0.0
store_223,2015-08-03,985.83,14256.775
store_223,2015-08-04,764.48,10622.73
store_223,2015-08-05,731.125,9905.78
store_223,2015-08-06,713.6,9566.16
store_223,2015-08-07,739.21,9647.63
store_223,2015-08-08,699.715,8264.69
store_223,2015-08-09,0.0,0.0
store_223,2015-08-10,709.335,8419.27
store_223,2015-08-11,637.17,7493.4
store_223,2015-08-12,636.855,7364.165
store_223,2015-08-13,647.365,7574.95
store_223,2015-08-14,671.235,7996.01
store_223,2015-08-15,700.0,8384.25
store_223,2015-08-16,0.0,0.0
store_223,2015-08-17,959.835,13669.87
store_223,2015-08-18,827.595,10796.405
store_223,2015-08-19,769.83,9801.275
store_223,2015-08-20,763.36,9730.87
store_223,2015-08-21,747.22,9616.66
store_223,2015-08-22,711.69,8077.035
store_223,2015-08-23,0.0,0.0
store_223,2015-08-24,703.94,8111.9
store_223,2015-08-25,636.055,7542.715
store_223,2015-08-26,616.38,7334.27
store_223,2015-08-27,641.635,7698.75
store_223,2015-08-28,669.725,8286.8
store_223,2015-08-29,690.58,8289.415
store_224,2015-07-20,529.365,5810.115
store_224,2015-07-21,449.64,4911.63
store_224,2015-07-22,451.425,4671.39
store_224,2015-07-23,469.46,4846.365
store_224,2015-07-24,509.745,5354.675
store_224,2015-07-25,593.56,6578.27
store_224,2015-07-26,0.0,0.0
store_224,2015-07-27,709.135,9700.34
store_224,2015-07-28,586.45,7753.12
store_224,2015-07-29,562.025,6854.0
store_224,2015-07-30,571.205,6779.525
store_224,2015-07-31,624.99,7431.2
store_224,2015-08-01,593.37,6849.96
store_224,2015-08-02,0.0,0.0
store_224,2015-08-03,745.74,9794.29
store_224,2015-08-04,600.15,7541.915
store_224,2015-08-05,544.425,6653.07
store_224,2015-08-06,552.545,6515.98
store_224,2015-08-07,565.345,6680.825
store_224,2015-08-08,585.055,6728.375
store_224,2015-08-09,0.0,0.0
store_224,2015-08-10,567.33,6148.805
store_224,2015-08-11,510.145,5518.94
store_224,2015-08-12,494.46,5191.005
store_224,2015-08-13,515.445,5340.715
store_224,2015-08-14,533.65,5630.485
store_224,2015-08-15,583.98,6566.225
store_224,2015-08-16,0.0,0.0
store_224,2015-08-17,768.335,10012.225
store_224,2015-08-18,647.18,8148.415
store_224,2015-08-19,611.8,7088.02
store_224,2015-08-20,595.135,6776.32
store_224,2015-08-21,610.33,6896.685
store_224,2015-08-22,589.21,6525.74
store_224,2015-08-23,0.0,0.0
store_224,2015-08-24,535.42,5982.0
store_224,2015-08-25,483.1,5525.795
store_224,2015-08-26,496.375,5454.11
store_224,2015-08-27,498.235,5597.69
store_224,2015-08-28,516.62,5768.475
store_224,2015-08-29,570.15,6507.64
store_225,2015-07-20,569.805,6476.975
store_225,2015-07-21,513.71,6001.83
store_225,2015-07-22,510.535,5881.045
store_225,2015-07-23,568.295,6643.695
store_225,2015-07-24,582.0,6835.605
store_225,2015-07-25,581.7,6582.64
store_225,2015-07-26,0.0,0.0
store_225,2015-07-27,764.37,10839.905
store_225,2015-07-28,628.74,9098.705
store_225,2015-07-29,602.605,7924.99
store_225,2015-07-30,662.74,8652.205
store_225,2015-07-31,671.305,8801.075
store_225,2015-08-01,594.965,6684.845
store_225,2015-08-02,0.0,0.0
store_225,2015-08-03,764.965,11015.81
store_225,2015-08-04,637.335,8772.61
store_225,2015-08-05,604.125,7836.135
store_225,2015-08-06,633.715,8038.73
store_225,2015-08-07,632.95,7909.07
store_225,2015-08-08,595.26,6716.86
store_225,2015-08-09,0.0,0.0
store_225,2015-08-10,593.765,6401.1
store_225,2015-08-11,539.52,5928.89
store_225,2015-08-12,538.385,5927.105
store_225,2015-08-13,560.555,6324.67
store_225,2015-08-14,587.625,6584.78
store_225,2015-08-15,594.745,6680.505
store_225,2015-08-16,0.0,0.0
store_225,2015-08-17,771.665,10366.605
store_225,2015-08-18,662.99,8452.655
store_225,2015-08-19,629.945,7757.78
store_225,2015-08-20,652.87,7850.475
store_225,2015-08-21,666.23,7958.61
store_225,2015-08-22,608.73,6636.745
store_225,2015-08-23,0.0,0.0
store_225,2015-08-24,667.17,6959.46
store_225,2015-08-25,567.285,6248.32
store_225,2015-08-26,550.71,5942.075
store_225,2015-08-27,579.795,6299.75
store_225,2015-08-28,604.195,6807.18
store_225,2015-08-29,594.485,6573.915
store_226,2015-07-20,531.835,5847.87
store_226,2015-07-21,453.335,5074.835
store_226,2015-07-22,448.175,4966.315
store_226,2015-07-23,457.46,5085.445
store_226,2015-07-24,456.685,5074.125
store_226,2015-07-25,467.72,5426.35
store_226,2015-07-26,0.0,0.0
store_226,2015-07-27,714.53,10112.435
store_226,2015-07-28,610.285,8467.125
store_226,2015-07-29,591.78,7723.84
store_226,2015-07-30,588.1,7539.245
store_226,2015-07-31,578.92,7375.66
store_226,2015-08-01,516.67,6059.06
store_226,2015-08-02,0.0,0.0
store_226,2015-08-03,744.54,10223.38
store_226,2015-08-04,606.555,8102.025
store_226,2015-08-05,568.375,7328.835
store_226,2015-08-06,557.12,7014.4
store_226,2015-08-07,542.62,6700.855
store_226,2015-08-08,497.245,5837.395
store_226,2015-08-09,0.0,0.0
store_226,2015-08-10,549.035,6286.145
store_226,2015-08-11,491.315,5509.065
store_226,2015-08-12,477.42,5387.92
store_226,2015-08-13,481.505,5534.12
store_226,2015-08-14,490.12,5553.14
store_226,2015-08-15,492.875,5608.65
store_226,2015-08-16,0.0,0.0
store_226,2015-08-17,732.125,9903.23
store_226,2015-08-18,627.935,8284.56
store_226,2015-08-19,600.985,7404.515
store_226,2015-08-20,596.14,7217.555
store_226,2015-08-21,572.475,6983.98
store_226,2015-08-22,479.32,5433.015
store_226,2015-08-23,0.0,0.0
store_226,2015-08-24,541.75,6245.135
store_226,2015-08-25,483.515,5738.16
store_226,2015-08-26,468.465,5476.27
store_226,2015-08-27,483.115,5718.23
store_226,2015-08-28,505.12,5958.96
store_226,2015-08-29,487.425,5657.28
store_227,2015-07-20,666.595,7752.925
store_227,2015-07-21,556.18,6514.83
store_227,2015-07-22,610.81,6804.485
store_227,2015-07-23,630.125,7018.045
store_227,2015-07-24,639.94,7121.585
store_227,2015-07-25,629.2,6837.59
store_227,2015-07-26,0.0,0.0
store_227,2015-07-27,921.975,12950.61
store_227,2015-07-28,731.56,9959.945
store_227,2015-07-29,744.11,9174.38
store_227,2015-07-30,772.705,9105.895
store_227,2015-07-31,763.555,9153.96
store_227,2015-08-01,677.025,7303.13
store_227,2015-08-02,0.0,0.0
store_227,2015-08-03,979.69,13374.575
store_227,2015-08-04,742.27,9565.58
store_227,2015-08-05,696.965,8800.965
store_227,2015-08-06,706.6,8689.155
store_227,2015-08-07,706.79,8538.69
store_227,2015-08-08,652.215,7013.525
store_227,2015-08-09,0.0,0.0
store_227,2015-08-10,712.0,7795.06
store_227,2015-08-11,637.815,6846.915
store_227,2015-08-12,618.71,6631.65
store_227,2015-08-13,641.06,6909.765
store_227,2015-08-14,665.75,7075.02
store_227,2015-08-15,649.25,6935.265
store_227,2015-08-16,0.0,0.0
store_227,2015-08-17,977.965,12616.73
store_227,2015-08-18,849.71,10195.63
store_227,2015-08-19,791.635,9099.245
store_227,2015-08-20,775.0,8849.855
store_227,2015-08-21,761.585,8750.8
store_227,2015-08-22,677.0,6920.31
store_227,2015-08-23,0.0,0.0
store_227,2015-08-24,732.37,7661.39
store_227,2015-08-25,634.04,6790.055
store_227,2015-08-26,643.295,6561.755
store_227,2015-08-27,669.18,6983.015
store_227,2015-08-28,684.26,7324.21
store_227,2015-08-29,659.475,6951.38
store_228,2015-07-20,290.44,3945.75
store_228,2015-07-21,247.005,3319.115
store_228,2015-07-22,274.53,3761.135
store_228,2015-07-23,272.235,3700.53
store_228,2015-07-24,314.8,4348.985
store_228,2015-07-25,342.125,4677.32
store_228,2015-07-26,0.0,0.0
store_228,2015-07-27,375.875,5880.08
store_228,2015-07-28,317.785,4772.74
store_228,2015-07-29,326.495,4760.22
store_228,2015-07-30,318.16,4605.2
store_228,2015-07-31,353.835,5132.655
store_228,2015-08-01,349.215,4799.13
store_228,2015-08-02,0.0,0.0
store_228,2015-08-03,378.565,5755.645
store_228,2015-08-04,333.945,4898.935
store_228,2015-08-05,325.5,4811.195
store_228,2015-08-06,325.17,4733.625
store_228,2015-08-07,354.365,5319.34
store_228,2015-08-08,346.03,4818.455
store_228,2015-08-09,0.0,0.0
store_228,2015-08-10,317.885,4331.245
store_228,2015-08-11,296.45,3964.345
store_228,2015-08-12,303.3,4065.005
store_228,2015-08-13,315.75,4223.35
store_228,2015-08-14,345.725,4820.19
store_228,2015-08-15,343.355,4844.52
store_228,2015-08-16,0.0,0.0
store_228,2015-08-17,386.295,5762.775
store_228,2015-08-18,346.44,5079.09
store_228,2015-08-19,339.06,4918.925
store_228,2015-08-20,334.545,4935.795
store_228,2015-08-21,362.895,5370.295
store_228,2015-08-22,354.08,4871.69
store_228,2015-08-23,0.0,0.0
store_228,2015-08-24,293.145,3964.49
store_228,2015-08-25,283.805,3910.185
store_228,2015-08-26,291.9,3969.465
store_228,2015-08-27,312.08,4336.49
store_228,2015-08-28,342.585,4852.07
store_228,2015-08-29,350.455,4864.61
store_229,2015-07-20,927.905,6900.2
store_229,2015-07-21,925.33,6960.225
store_229,2015-07-22,822.265,6293.81
store_229,2015-07-23,942.955,7091.37
store_229,2015-07-24,982.74,7464.43
store_229,2015-07-25,813.55,6382.67
store_229,2015-07-26,0.0,0.0
store_229,2015-07-27,1182.37,10822.875
store_229,2015-07-28,1167.935,10853.89
store_229,2015-07-29,1101.215,10122.4
store_229,2015-07-30,1108.375,10036.31
store_229,2015-07-31,1086.53,9653.08
store_229,2015-08-01,857.11,6893.06
store_229,2015-08-02,0.0,0.0
store_229,2015-08-03,1287.125,11927.38
store_229,2015-08-04,1136.1,10444.705
store_229,2015-08-05,1024.1,9012.035
store_229,2015-08-06,1020.345,9394.0
store_229,2015-08-07,1034.125,9069.835
store_229,2015-08-08,844.57,7122.035
store_229,2015-08-09,0.0,0.0
store_229,2015-08-10,1049.195,8204.965
store_229,2015-08-11,987.715,7712.475
store_229,2015-08-12,919.82,7247.42
store_229,2015-08-13,932.43,7614.86
store_229,2015-08-14,967.24,7804.73
store_229,2015-08-15,856.475,7040.3
store_229,2015-08-16,0.0,0.0
store_229,2015-08-17,1315.72,12180.955
store_229,2015-08-18,1187.035,10712.315
store_229,2015-08-19,1152.31,9967.05
store_229,2015-08-20,1099.525,9694.37
store_229,2015-08-21,1085.105,9514.325
store_229,2015-08-22,820.125,6898.435
store_229,2015-08-23,0.0,0.0
store_229,2015-08-24,990.905,8101.105
store_229,2015-08-25,939.87,7856.36
store_229,2015-08-26,922.265,7757.13
store_229,2015-08-27,981.915,8363.245
store_229,2015-08-28,996.595,8567.37
store_229,2015-08-29,855.545,7307.62
store_23,2015-07-20,519.13,5586.68
store_23,2015-07-21,437.955,4681.11
store_23,2015-07-22,439.245,4747.015
store_23,2015-07-23,463.355,4664.405
store_23,2015-07-24,456.135,4688.835
store_23,2015-07-25,544.665,5818.16
store_23,2015-07-26,0.0,0.0
store_23,2015-07-27,753.535,10918.355
store_23,2015-07-28,627.355,8409.82
store_23,2015-07-29,607.085,7658.86
store_23,2015-07-30,580.15,6948.665
store_23,2015-07-31,563.115,6350.815
store_23,2015-08-01,544.285,5880.705
store_23,2015-08-02,0.0,0.0
store_23,2015-08-03,758.915,10390.87
store_23,2015-08-04,606.505,7900.095
store_23,2015-08-05,568.93,7027.48
store_23,2015-08-06,546.095,6367.08
store_23,2015-08-07,541.135,6053.89
store_23,2015-08-08,537.41,6111.565
store_23,2015-08-09,0.0,0.0
store_23,2015-08-10,551.845,6017.005
store_23,2015-08-11,501.295,5563.92
store_23,2015-08-12,507.29,5527.83
store_23,2015-08-13,514.445,5409.995
store_23,2015-08-14,533.335,5455.855
store_23,2015-08-15,545.955,5912.025
store_23,2015-08-16,0.0,0.0
store_23,2015-08-17,758.245,10314.32
store_23,2015-08-18,633.895,8254.47
store_23,2015-08-19,608.41,7394.405
store_23,2015-08-20,576.295,7043.66
store_23,2015-08-21,576.16,6646.32
store_23,2015-08-22,548.99,5849.755
store_23,2015-08-23,0.0,0.0
store_23,2015-08-24,529.48,6035.68
store_23,2015-08-25,486.3,5596.605
store_23,2015-08-26,493.4,5528.015
store_23,2015-08-27,500.36,5672.77
store_23,2015-08-28,525.25,5946.11
store_23,2015-08-29,537.52,6017.96
store_230,2015-07-20,972.65,6240.475
store_230,2015-07-21,888.76,5749.47
store_230,2015-07-22,855.915,5625.51
store_230,2015-07-23,896.505,6063.675
store_230,2015-07-24,876.76,5904.345
store_230,2015-07-25,885.075,6142.52
store_230,2015-07-26,0.0,0.0
store_230,2015-07-27,1139.575,9340.38
store_230,2015-07-28,1063.115,9012.37
store_230,2015-07-29,1062.87,8319.435
store_230,2015-07-30,1072.505,8454.595
store_230,2015-07-31,1003.84,7644.185
store_230,2015-08-01,903.055,6280.66
store_230,2015-08-02,0.0,0.0
store_230,2015-08-03,1185.6,9815.7
store_230,2015-08-04,1044.915,8225.675
store_230,2015-08-05,963.42,7573.635
store_230,2015-08-06,965.9,7539.975
store_230,2015-08-07,947.79,6829.985
store_230,2015-08-08,887.99,6263.075
store_230,2015-08-09,0.0,0.0
store_230,2015-08-10,968.835,6758.39
store_230,2015-08-11,893.31,6254.085
store_230,2015-08-12,888.82,6175.655
store_230,2015-08-13,879.935,6386.745
store_230,2015-08-14,892.535,6230.28
store_230,2015-08-15,867.085,6222.515
store_230,2015-08-16,0.0,0.0
store_230,2015-08-17,1226.105,9888.185
store_230,2015-08-18,1083.5,8788.47
store_230,2015-08-19,1005.9,7846.64
store_230,2015-08-20,979.11,7434.005
store_230,2015-08-21,961.88,7073.365
store_230,2015-08-22,887.71,6304.74
store_230,2015-08-23,0.0,0.0
store_230,2015-08-24,1012.725,7333.025
store_230,2015-08-25,908.845,6756.325
store_230,2015-08-26,861.7,6367.465
store_230,2015-08-27,858.495,6475.51
store_230,2015-08-28,859.685,6484.215
store_230,2015-08-29,864.355,6420.665
store_231,2015-07-20,409.145,3363.385
store_231,2015-07-21,399.64,3229.88
store_231,2015-07-22,413.325,3406.825
store_231,2015-07-23,440.665,3620.95
store_231,2015-07-24,441.485,3639.77
store_231,2015-07-25,359.665,3029.05
store_231,2015-07-26,0.0,0.0
store_231,2015-07-27,559.73,6180.31
store_231,2015-07-28,492.685,5624.135
store_231,2015-07-29,477.52,5343.045
store_231,2015-07-30,513.415,5306.965
store_231,2015-07-31,516.53,5252.9
store_231,2015-08-01,376.595,3266.71
store_231,2015-08-02,0.0,0.0
store_231,2015-08-03,611.53,6405.33
store_231,2015-08-04,513.655,5492.61
store_231,2015-08-05,469.135,5143.305
store_231,2015-08-06,484.095,4922.34
store_231,2015-08-07,494.795,4856.045
store_231,2015-08-08,359.1,3236.39
store_231,2015-08-09,0.0,0.0
store_231,2015-08-10,443.52,4018.74
store_231,2015-08-11,408.815,3753.02
store_231,2015-08-12,413.865,3860.515
store_231,2015-08-13,435.395,4098.995
store_231,2015-08-14,447.325,4217.545
store_231,2015-08-15,364.56,3269.17
store_231,2015-08-16,0.0,0.0
store_231,2015-08-17,594.8,6702.405
store_231,2015-08-18,501.635,5642.135
store_231,2015-08-19,499.125,5356.27
store_231,2015-08-20,523.66,5569.205
store_231,2015-08-21,531.22,5604.725
store_231,2015-08-22,363.065,3250.32
store_231,2015-08-23,0.0,0.0
store_231,2015-08-24,431.545,4059.735
store_231,2015-08-25,389.595,3807.765
store_231,2015-08-26,400.505,3961.175
store_231,2015-08-27,429.195,4367.27
store_231,2015-08-28,458.995,4744.045
store_231,2015-08-29,362.82,3402.785
store_232,2015-07-20,1075.235,10080.145
store_232,2015-07-21,1065.74,9747.415
store_232,2015-07-22,1082.885,10147.98
store_232,2015-07-23,1133.3,10505.19
store_232,2015-07-24,1107.885,10614.25
store_232,2015-07-25,1144.48,11404.06
store_232,2015-07-26,0.0,0.0
store_232,2015-07-27,1323.415,14341.895
store_232,2015-07-28,1297.265,13231.045
store_232,2015-07-29,1291.05,13243.575
store_232,2015-07-30,1327.65,12936.28
store_232,2015-07-31,1285.89,12452.785
store_232,2015-08-01,1169.77,10918.445
store_232,2015-08-02,0.0,0.0
store_232,2015-08-03,1372.62,13137.115
store_232,2015-08-04,1268.33,11974.365
store_232,2015-08-05,1201.865,11206.03
store_232,2015-08-06,1207.22,11356.9
store_232,2015-08-07,1182.19,11290.505
store_232,2015-08-08,1150.535,11286.665
store_232,2015-08-09,0.0,0.0
store_232,2015-08-10,1097.21,9092.245
store_232,2015-08-11,1050.09,8654.255
store_232,2015-08-12,1031.035,8471.065
store_232,2015-08-13,1040.155,8868.425
store_232,2015-08-14,1038.455,8851.62
store_232,2015-08-15,1119.86,9722.29
store_232,2015-08-16,0.0,0.0
store_232,2015-08-17,1326.995,12172.885
store_232,2015-08-18,1192.94,10484.885
store_232,2015-08-19,1174.19,10026.25
store_232,2015-08-20,1135.61,9942.705
store_232,2015-08-21,1123.36,9866.41
store_232,2015-08-22,1118.675,9623.495
store_232,2015-08-23,0.0,0.0
store_232,2015-08-24,1063.045,8053.725
store_232,2015-08-25,966.87,7534.845
store_232,2015-08-26,957.42,7387.62
store_232,2015-08-27,1006.465,7737.135
store_232,2015-08-28,1059.99,8177.84
store_232,2015-08-29,1073.48,8959.735
store_233,2015-07-20,2043.11,14486.58
store_233,2015-07-21,1946.635,13819.69
store_233,2015-07-22,1892.19,13206.05
store_233,2015-07-23,2051.485,14622.29
store_233,2015-07-24,2078.795,14953.68
store_233,2015-07-25,2219.795,16442.84
store_233,2015-07-26,0.0,0.0
store_233,2015-07-27,2353.535,19716.78
store_233,2015-07-28,2239.795,18322.55
store_233,2015-07-29,2205.8,17853.235
store_233,2015-07-30,2390.825,18533.455
store_233,2015-07-31,2335.73,18396.545
store_233,2015-08-01,2213.49,16951.095
store_233,2015-08-02,0.0,0.0
store_233,2015-08-03,2426.565,20363.125
store_233,2015-08-04,2308.03,18246.915
store_233,2015-08-05,2208.4,17335.845
store_233,2015-08-06,2176.785,17298.835
store_233,2015-08-07,2211.49,17291.62
store_233,2015-08-08,2195.515,16827.42
store_233,2015-08-09,0.0,0.0
store_233,2015-08-10,2137.555,15577.12
store_233,2015-08-11,1982.45,14306.9
store_233,2015-08-12,1961.35,14027.245
store_233,2015-08-13,2059.55,14936.97
store_233,2015-08-14,2094.135,15396.725
store_233,2015-08-15,2156.545,16588.5
store_233,2015-08-16,0.0,0.0
store_233,2015-08-17,2383.565,19316.015
store_233,2015-08-18,2265.395,17702.56
store_233,2015-08-19,2212.52,16868.965
store_233,2015-08-20,2213.46,16988.9
store_233,2015-08-21,2208.535,17097.97
store_233,2015-08-22,2148.015,16434.36
store_233,2015-08-23,0.0,0.0
store_233,2015-08-24,2095.605,15278.68
store_233,2015-08-25,1933.695,14082.935
store_233,2015-08-26,1891.92,13565.76
store_233,2015-08-27,2017.735,14714.535
store_233,2015-08-28,2040.5,15261.45
store_233,2015-08-29,2084.23,16082.565
store_234,2015-07-20,505.08,5476.285
store_234,2015-07-21,462.115,4968.98
store_234,2015-07-22,486.275,5130.915
store_234,2015-07-23,485.14,5145.825
store_234,2015-07-24,508.875,5469.245
store_234,2015-07-25,531.545,5773.095
store_234,2015-07-26,0.0,0.0
store_234,2015-07-27,658.085,8640.9
store_234,2015-07-28,587.465,7398.135
store_234,2015-07-29,570.095,6968.52
store_234,2015-07-30,577.145,6596.375
store_234,2015-07-31,595.365,6690.255
store_234,2015-08-01,541.425,5638.4
store_234,2015-08-02,0.0,0.0
store_234,2015-08-03,699.46,8645.445
store_234,2015-08-04,585.97,7020.845
store_234,2015-08-05,548.69,6440.46
store_234,2015-08-06,546.38,6324.28
store_234,2015-08-07,558.25,6434.815
store_234,2015-08-08,536.205,5703.01
store_234,2015-08-09,0.0,0.0
store_234,2015-08-10,514.33,5219.08
store_234,2015-08-11,469.855,4767.895
store_234,2015-08-12,471.25,4747.585
store_234,2015-08-13,482.86,5107.2
store_234,2015-08-14,501.52,5299.895
store_234,2015-08-15,527.035,5359.34
store_234,2015-08-16,0.0,0.0
store_234,2015-08-17,713.29,8136.635
store_234,2015-08-18,598.89,6668.93
store_234,2015-08-19,582.495,6216.895
store_234,2015-08-20,572.56,5973.335
store_234,2015-08-21,591.035,6147.455
store_234,2015-08-22,538.94,5311.03
store_234,2015-08-23,0.0,0.0
store_234,2015-08-24,519.24,4736.53
store_234,2015-08-25,466.11,4404.845
store_234,2015-08-26,467.28,4410.625
store_234,2015-08-27,482.605,4724.53
store_234,2015-08-28,518.815,5003.305
store_234,2015-08-29,526.14,5177.865
store_235,2015-07-20,1059.88,7883.15
store_235,2015-07-21,970.955,7123.555
store_235,2015-07-22,936.43,7010.565
store_235,2015-07-23,985.44,7079.765
store_235,2015-07-24,969.09,7006.13
store_235,2015-07-25,913.62,6563.785
store_235,2015-07-26,0.0,0.0
store_235,2015-07-27,1379.215,13477.25
store_235,2015-07-28,1287.475,11618.715
store_235,2015-07-29,1227.545,10575.61
store_235,2015-07-30,1233.645,10132.235
store_235,2015-07-31,1136.995,9111.315
store_235,2015-08-01,886.74,6434.475
store_235,2015-08-02,0.0,0.0
store_235,2015-08-03,1492.21,14047.6
store_235,2015-08-04,1313.8,11510.32
store_235,2015-08-05,1210.59,10389.975
store_235,2015-08-06,1171.675,9839.35
store_235,2015-08-07,1110.71,9153.725
store_235,2015-08-08,895.485,6668.33
store_235,2015-08-09,0.0,0.0
store_235,2015-08-10,1186.185,8795.57
store_235,2015-08-11,1139.215,8268.42
store_235,2015-08-12,1090.085,7909.41
store_235,2015-08-13,1076.57,7977.095
store_235,2015-08-14,1081.075,7817.56
store_235,2015-08-15,892.39,6645.26
store_235,2015-08-16,0.0,0.0
store_235,2015-08-17,1491.37,13422.935
store_235,2015-08-18,1380.58,11890.2
store_235,2015-08-19,1270.14,10600.79
store_235,2015-08-20,1208.895,10006.54
store_235,2015-08-21,1207.42,9526.25
store_235,2015-08-22,930.53,6812.255
store_235,2015-08-23,0.0,0.0
store_235,2015-08-24,1062.54,7963.475
store_235,2015-08-25,1020.265,7543.075
store_235,2015-08-26,1015.555,7655.325
store_235,2015-08-27,1039.215,7843.095
store_235,2015-08-28,1060.5,7944.28
store_235,2015-08-29,913.32,6652.55
store_236,2015-07-20,995.805,8392.85
store_236,2015-07-21,913.37,7965.145
store_236,2015-07-22,886.375,7708.2
store_236,2015-07-23,920.715,8013.395
store_236,2015-07-24,926.32,7943.67
store_236,2015-07-25,795.14,7262.065
store_236,2015-07-26,0.0,0.0
store_236,2015-07-27,1194.65,13389.21
store_236,2015-07-28,1114.585,11531.735
store_236,2015-07-29,1066.475,10509.03
store_236,2015-07-30,1108.545,10440.98
store_236,2015-07-31,1069.17,9827.955
store_236,2015-08-01,821.775,7377.825
store_236,2015-08-02,0.0,0.0
store_236,2015-08-03,1257.91,12740.885
store_236,2015-08-04,1101.43,10933.435
store_236,2015-08-05,1030.365,9955.965
store_236,2015-08-06,1023.205,9679.225
store_236,2015-08-07,1001.385,9154.15
store_236,2015-08-08,802.76,7089.73
store_236,2015-08-09,0.0,0.0
store_236,2015-08-10,1044.705,8672.33
store_236,2015-08-11,984.94,8102.035
store_236,2015-08-12,934.525,7724.155
store_236,2015-08-13,931.69,7809.72
store_236,2015-08-14,948.625,7940.04
store_236,2015-08-15,840.68,7320.86
store_236,2015-08-16,0.0,0.0
store_236,2015-08-17,1226.35,11754.66
store_236,2015-08-18,1077.415,10089.05
store_236,2015-08-19,1019.15,9182.99
store_236,2015-08-20,1019.695,9052.185
store_236,2015-08-21,1031.81,8910.545
store_236,2015-08-22,846.355,7198.095
store_236,2015-08-23,0.0,0.0
store_236,2015-08-24,1007.665,8046.515
store_236,2015-08-25,895.93,7268.915
store_236,2015-08-26,877.735,6966.28
store_236,2015-08-27,902.91,7259.33
store_236,2015-08-28,938.405,7547.68
store_236,2015-08-29,847.76,7171.555
store_237,2015-07-20,1264.245,9994.235
store_237,2015-07-21,1216.915,9879.145
store_237,2015-07-22,1255.77,9979.87
store_237,2015-07-23,1201.25,9882.945
store_237,2015-07-24,1177.22,9599.36
store_237,2015-07-25,1004.02,7749.325
store_237,2015-07-26,0.0,0.0
store_237,2015-07-27,1526.015,14688.23
store_237,2015-07-28,1442.935,13851.635
store_237,2015-07-29,1379.59,12994.045
store_237,2015-07-30,1386.325,12523.945
store_237,2015-07-31,1326.87,11624.485
store_237,2015-08-01,1038.97,7961.32
store_237,2015-08-02,0.0,0.0
store_237,2015-08-03,1620.725,15492.075
store_237,2015-08-04,1445.275,13676.145
store_237,2015-08-05,1399.08,12740.98
store_237,2015-08-06,1357.275,12186.16
store_237,2015-08-07,1299.11,11257.035
store_237,2015-08-08,1032.63,8242.38
store_237,2015-08-09,0.0,0.0
store_237,2015-08-10,1292.305,10334.085
store_237,2015-08-11,1227.99,9931.22
store_237,2015-08-12,1217.595,9973.665
store_237,2015-08-13,1212.605,10235.22
store_237,2015-08-14,1197.02,9799.14
store_237,2015-08-15,1028.605,8118.13
store_237,2015-08-16,0.0,0.0
store_237,2015-08-17,1548.07,14657.935
store_237,2015-08-18,1469.005,13160.105
store_237,2015-08-19,1395.17,12313.865
store_237,2015-08-20,1385.23,11960.125
store_237,2015-08-21,1348.405,11365.345
store_237,2015-08-22,1027.425,8134.715
store_237,2015-08-23,0.0,0.0
store_237,2015-08-24,1243.835,9568.21
store_237,2015-08-25,1200.375,9371.22
store_237,2015-08-26,1176.89,9220.19
store_237,2015-08-27,1189.295,9724.845
store_237,2015-08-28,1206.91,9920.385
store_237,2015-08-29,1024.855,8193.105
store_238,2015-07-20,597.79,4696.725
store_238,2015-07-21,571.68,4333.175
store_238,2015-07-22,531.79,3999.645
store_238,2015-07-23,559.235,4228.35
store_238,2015-07-24,559.535,4368.215
store_238,2015-07-25,357.82,2640.825
store_238,2015-07-26,0.0,0.0
store_238,2015-07-27,754.36,7336.505
store_238,2015-07-28,702.565,6516.45
store_238,2015-07-29,677.03,5992.445
store_238,2015-07-30,691.5,5672.86
store_238,2015-07-31,688.18,5498.95
store_238,2015-08-01,365.295,2730.575
store_238,2015-08-02,0.0,0.0
store_238,2015-08-03,790.5,7402.18
store_238,2015-08-04,681.63,6134.895
store_238,2015-08-05,619.475,5403.195
store_238,2015-08-06,633.975,5281.21
store_238,2015-08-07,623.095,5090.015
store_238,2015-08-08,361.85,2723.36
store_238,2015-08-09,0.0,0.0
store_238,2015-08-10,613.67,4706.455
store_238,2015-08-11,560.6,4184.965
store_238,2015-08-12,535.56,3913.915
store_238,2015-08-13,533.49,4107.995
store_238,2015-08-14,541.585,4101.365
store_238,2015-08-15,372.865,2662.45
store_238,2015-08-16,0.0,0.0
store_238,2015-08-17,786.09,6778.96
store_238,2015-08-18,688.035,5713.91
store_238,2015-08-19,642.71,5060.625
store_238,2015-08-20,634.085,4949.28
store_238,2015-08-21,612.715,4716.34
store_238,2015-08-22,378.135,2716.485
store_238,2015-08-23,0.0,0.0
store_238,2015-08-24,610.885,4205.53
store_238,2015-08-25,560.13,3873.255
store_238,2015-08-26,553.63,3827.2
store_238,2015-08-27,552.54,3914.835
store_238,2015-08-28,547.565,3924.415
store_238,2015-08-29,375.875,2745.185
store_239,2015-07-20,706.765,6603.06
store_239,2015-07-21,621.265,5805.85
store_239,2015-07-22,580.3,5668.5
store_239,2015-07-23,611.68,5837.345
store_239,2015-07-24,623.755,5899.0
store_239,2015-07-25,419.725,4003.525
store_239,2015-07-26,0.0,0.0
store_239,2015-07-27,935.74,11617.995
store_239,2015-07-28,802.88,9272.27
store_239,2015-07-29,764.38,8326.685
store_239,2015-07-30,778.31,7980.95
store_239,2015-07-31,744.23,7515.755
store_239,2015-08-01,429.15,4070.505
store_239,2015-08-02,0.0,0.0
store_239,2015-08-03,950.52,11557.86
store_239,2015-08-04,795.4,8709.27
store_239,2015-08-05,719.975,7785.845
store_239,2015-08-06,718.36,7292.715
store_239,2015-08-07,703.855,6852.975
store_239,2015-08-08,427.745,4044.715
store_239,2015-08-09,0.0,0.0
store_239,2015-08-10,742.83,6992.815
store_239,2015-08-11,676.645,6215.0
store_239,2015-08-12,653.73,6012.045
store_239,2015-08-13,653.06,5930.395
store_239,2015-08-14,651.05,5871.16
store_239,2015-08-15,427.685,4058.41
store_239,2015-08-16,0.0,0.0
store_239,2015-08-17,933.165,10701.975
store_239,2015-08-18,809.95,8617.475
store_239,2015-08-19,757.385,7681.245
store_239,2015-08-20,757.08,7476.625
store_239,2015-08-21,753.11,7192.765
store_239,2015-08-22,426.065,3984.32
store_239,2015-08-23,0.0,0.0
store_239,2015-08-24,732.695,6676.21
store_239,2015-08-25,649.01,6037.99
store_239,2015-08-26,641.05,5912.835
store_239,2015-08-27,650.955,6059.415
store_239,2015-08-28,666.41,6136.6
store_239,2015-08-29,432.925,4125.81
store_24,2015-07-20,546.72,3919.65
store_24,2015-07-21,515.495,3584.51
store_24,2015-07-22,547.755,3800.85
store_24,2015-07-23,533.2,3905.94
store_24,2015-07-24,496.52,3592.505
store_24,2015-07-25,375.145,2512.12
store_24,2015-07-26,0.0,0.0
store_24,2015-07-27,771.655,6995.205
store_24,2015-07-28,689.39,6147.19
store_24,2015-07-29,682.855,5786.325
store_24,2015-07-30,673.905,5556.725
store_24,2015-07-31,616.935,4977.165
store_24,2015-08-01,388.03,2800.48
store_24,2015-08-02,0.0,0.0
store_24,2015-08-03,858.0,7485.675
store_24,2015-08-04,704.38,6145.375
store_24,2015-08-05,648.915,5545.915
store_24,2015-08-06,618.335,5129.185
store_24,2015-08-07,580.035,4537.075
store_24,2015-08-08,376.585,2594.92
store_24,2015-08-09,0.0,0.0
store_24,2015-08-10,627.645,4398.5
store_24,2015-08-11,563.26,4054.215
store_24,2015-08-12,566.205,4080.655
store_24,2015-08-13,563.365,4110.605
store_24,2015-08-14,563.24,3935.21
store_24,2015-08-15,405.265,2725.455
store_24,2015-08-16,0.0,0.0
store_24,2015-08-17,817.2,7081.505
store_24,2015-08-18,713.84,5987.83
store_24,2015-08-19,657.85,5356.78
store_24,2015-08-20,660.01,5172.095
store_24,2015-08-21,656.175,5011.935
store_24,2015-08-22,407.99,2742.32
store_24,2015-08-23,0.0,0.0
store_24,2015-08-24,615.3,4459.61
store_24,2015-08-25,554.89,4083.435
store_24,2015-08-26,546.48,4021.13
store_24,2015-08-27,562.455,4268.415
store_24,2015-08-28,582.64,4235.89
store_24,2015-08-29,413.01,2929.525
store_240,2015-07-20,529.045,5108.44
store_240,2015-07-21,456.255,4561.995
store_240,2015-07-22,457.315,4535.065
store_240,2015-07-23,492.5,4742.8
store_240,2015-07-24,534.915,5186.105
store_240,2015-07-25,521.145,4964.31
store_240,2015-07-26,0.0,0.0
store_240,2015-07-27,707.825,9022.195
store_240,2015-07-28,601.015,7086.995
store_240,2015-07-29,592.595,6744.08
store_240,2015-07-30,603.96,6687.76
store_240,2015-07-31,620.055,6865.97
store_240,2015-08-01,559.17,5402.75
store_240,2015-08-02,0.0,0.0
store_240,2015-08-03,736.305,9410.555
store_240,2015-08-04,597.285,7042.08
store_240,2015-08-05,559.97,6438.235
store_240,2015-08-06,556.025,6264.945
store_240,2015-08-07,570.205,6117.62
store_240,2015-08-08,571.635,5399.965
store_240,2015-08-09,0.0,0.0
store_240,2015-08-10,558.6,5707.875
store_240,2015-08-11,494.19,5025.91
store_240,2015-08-12,493.085,4905.74
store_240,2015-08-13,517.47,5115.135
store_240,2015-08-14,543.335,5326.59
store_240,2015-08-15,566.795,5457.185
store_240,2015-08-16,0.0,0.0
store_240,2015-08-17,741.475,9003.175
store_240,2015-08-18,614.07,7218.23
store_240,2015-08-19,582.045,6564.22
store_240,2015-08-20,605.305,6515.845
store_240,2015-08-21,606.305,6532.995
store_240,2015-08-22,580.355,5501.905
store_240,2015-08-23,0.0,0.0
store_240,2015-08-24,545.75,5589.59
store_240,2015-08-25,493.39,5041.3
store_240,2015-08-26,493.935,5016.825
store_240,2015-08-27,504.36,5222.59
store_240,2015-08-28,522.215,5396.8
store_240,2015-08-29,567.22,5519.135
store_241,2015-07-20,648.335,7586.17
store_241,2015-07-21,573.06,6794.755
store_241,2015-07-22,581.465,6570.5
store_241,2015-07-23,586.175,6625.07
store_241,2015-07-24,666.04,7763.12
store_241,2015-07-25,698.31,8465.17
store_241,2015-07-26,0.0,0.0
store_241,2015-07-27,886.465,13316.06
store_241,2015-07-28,736.915,10649.39
store_241,2015-07-29,716.76,9797.65
store_241,2015-07-30,700.365,9028.15
store_241,2015-07-31,734.24,9606.395
store_241,2015-08-01,681.62,8441.53
store_241,2015-08-02,0.0,0.0
store_241,2015-08-03,898.865,13140.515
store_241,2015-08-04,744.05,10015.355
store_241,2015-08-05,695.545,9048.655
store_241,2015-08-06,682.735,8553.78
store_241,2015-08-07,711.52,9172.365
store_241,2015-08-08,679.645,8586.565
store_241,2015-08-09,0.0,0.0
store_241,2015-08-10,664.61,7761.76
store_241,2015-08-11,599.32,7087.655
store_241,2015-08-12,588.335,6851.655
store_241,2015-08-13,617.77,6940.18
store_241,2015-08-14,644.695,7925.445
store_241,2015-08-15,665.98,8358.45
store_241,2015-08-16,0.0,0.0
store_241,2015-08-17,911.69,13117.48
store_241,2015-08-18,775.22,10332.675
store_241,2015-08-19,713.645,9181.985
store_241,2015-08-20,740.905,8979.665
store_241,2015-08-21,750.375,9452.575
store_241,2015-08-22,677.33,8229.58
store_241,2015-08-23,0.0,0.0
store_241,2015-08-24,642.765,7654.97
store_241,2015-08-25,576.645,6963.055
store_241,2015-08-26,578.45,6884.845
store_241,2015-08-27,614.315,7188.41
store_241,2015-08-28,666.74,8265.78
store_241,2015-08-29,664.69,8350.13
store_242,2015-07-20,476.51,3517.38
store_242,2015-07-21,437.515,3185.795
store_242,2015-07-22,427.67,3238.115
store_242,2015-07-23,456.265,3373.475
store_242,2015-07-24,456.85,3523.925
store_242,2015-07-25,332.965,2727.215
store_242,2015-07-26,0.0,0.0
store_242,2015-07-27,592.97,5171.2
store_242,2015-07-28,524.165,4627.925
store_242,2015-07-29,524.64,4459.495
store_242,2015-07-30,524.135,4271.36
store_242,2015-07-31,515.49,4283.485
store_242,2015-08-01,342.565,2741.59
store_242,2015-08-02,0.0,0.0
store_242,2015-08-03,633.755,5443.135
store_242,2015-08-04,537.145,4590.465
store_242,2015-08-05,498.0,4140.135
store_242,2015-08-06,503.91,4165.865
store_242,2015-08-07,500.865,4095.035
store_242,2015-08-08,332.995,2565.53
store_242,2015-08-09,0.0,0.0
store_242,2015-08-10,514.625,3727.025
store_242,2015-08-11,474.545,3499.945
store_242,2015-08-12,459.515,3334.3
store_242,2015-08-13,470.18,3449.605
store_242,2015-08-14,488.425,3514.18
store_242,2015-08-15,336.16,2538.435
store_242,2015-08-16,0.0,0.0
store_242,2015-08-17,650.195,5480.205
store_242,2015-08-18,547.865,4654.225
store_242,2015-08-19,528.625,4209.595
store_242,2015-08-20,530.265,4170.035
store_242,2015-08-21,536.215,4174.305
store_242,2015-08-22,340.515,2565.9
store_242,2015-08-23,0.0,0.0
store_242,2015-08-24,516.65,3740.24
store_242,2015-08-25,460.945,3416.055
store_242,2015-08-26,449.93,3363.385
store_242,2015-08-27,464.26,3496.56
store_242,2015-08-28,487.37,3651.86
store_242,2015-08-29,338.505,2572.83
store_243,2015-07-20,666.895,4974.97
store_243,2015-07-21,641.825,4689.08
store_243,2015-07-22,622.865,4717.215
store_243,2015-07-23,659.22,4833.04
store_243,2015-07-24,673.86,4947.445
store_243,2015-07-25,560.95,4225.62
store_243,2015-07-26,0.0,0.0
store_243,2015-07-27,894.98,8560.275
store_243,2015-07-28,821.41,7561.775
store_243,2015-07-29,822.67,7129.74
store_243,2015-07-30,808.89,6680.855
store_243,2015-07-31,799.55,6302.99
store_243,2015-08-01,619.07,4386.085
store_243,2015-08-02,0.0,0.0
store_243,2015-08-03,961.38,9126.23
store_243,2015-08-04,799.585,7335.195
store_243,2015-08-05,738.36,6422.915
store_243,2015-08-06,742.725,6197.595
store_243,2015-08-07,742.555,5926.535
store_243,2015-08-08,604.6,4444.08
store_243,2015-08-09,0.0,0.0
store_243,2015-08-10,784.135,5854.455
store_243,2015-08-11,707.635,5331.82
store_243,2015-08-12,665.045,4980.635
store_243,2015-08-13,661.675,5059.34
store_243,2015-08-14,666.32,4939.665
store_243,2015-08-15,610.395,4389.605
store_243,2015-08-16,0.0,0.0
store_243,2015-08-17,947.24,8604.94
store_243,2015-08-18,838.885,7265.29
store_243,2015-08-19,778.195,6516.2
store_243,2015-08-20,773.955,6185.37
store_243,2015-08-21,759.2,5920.925
store_243,2015-08-22,619.225,4390.995
store_243,2015-08-23,0.0,0.0
store_243,2015-08-24,757.735,5802.25
store_243,2015-08-25,683.525,5273.825
store_243,2015-08-26,657.635,5009.805
store_243,2015-08-27,680.015,5149.55
store_243,2015-08-28,694.5,5156.775
store_243,2015-08-29,614.16,4462.145
store_244,2015-07-20,543.575,4434.825
store_244,2015-07-21,503.05,4049.35
store_244,2015-07-22,524.93,4145.885
store_244,2015-07-23,537.205,4213.57
store_244,2015-07-24,585.565,4719.52
store_244,2015-07-25,568.735,4750.495
store_244,2015-07-26,0.0,0.0
store_244,2015-07-27,744.205,8381.355
store_244,2015-07-28,665.27,7121.765
store_244,2015-07-29,652.335,6388.145
store_244,2015-07-30,670.31,6163.265
store_244,2015-07-31,711.755,6551.745
store_244,2015-08-01,629.91,5278.8
store_244,2015-08-02,0.0,0.0
store_244,2015-08-03,779.5,8309.305
store_244,2015-08-04,647.425,6547.35
store_244,2015-08-05,601.63,5815.87
store_244,2015-08-06,640.14,5915.62
store_244,2015-08-07,633.655,6245.825
store_244,2015-08-08,621.895,5332.605
store_244,2015-08-09,0.0,0.0
store_244,2015-08-10,624.08,5286.645
store_244,2015-08-11,561.005,4752.75
store_244,2015-08-12,546.51,4503.255
store_244,2015-08-13,552.13,4741.125
store_244,2015-08-14,551.305,5009.22
store_244,2015-08-15,606.755,5344.93
store_244,2015-08-16,0.0,0.0
store_244,2015-08-17,795.47,8440.54
store_244,2015-08-18,681.0,6885.21
store_244,2015-08-19,647.61,6031.51
store_244,2015-08-20,644.715,5926.77
store_244,2015-08-21,648.165,6038.6
store_244,2015-08-22,616.545,5221.65
store_244,2015-08-23,0.0,0.0
store_244,2015-08-24,611.615,5421.07
store_244,2015-08-25,538.705,4883.82
store_244,2015-08-26,536.305,4634.405
store_244,2015-08-27,546.45,4876.765
store_244,2015-08-28,559.065,5168.965
store_244,2015-08-29,593.46,5335.69
store_245,2015-07-20,684.26,6473.615
store_245,2015-07-21,626.97,6230.895
store_245,2015-07-22,651.285,6444.83
store_245,2015-07-23,663.25,6520.355
store_245,2015-07-24,685.105,6725.79
store_245,2015-07-25,471.475,4829.795
store_245,2015-07-26,0.0,0.0
store_245,2015-07-27,872.815,10358.51
store_245,2015-07-28,820.49,9118.725
store_245,2015-07-29,831.31,8993.275
store_245,2015-07-30,791.13,8469.71
store_245,2015-07-31,799.15,8222.22
store_245,2015-08-01,491.28,4849.59
store_245,2015-08-02,0.0,0.0
store_245,2015-08-03,937.63,11272.58
store_245,2015-08-04,785.385,9054.925
store_245,2015-08-05,745.69,8232.64
store_245,2015-08-06,739.705,7814.475
store_245,2015-08-07,738.845,7489.555
store_245,2015-08-08,484.39,4663.14
store_245,2015-08-09,0.0,0.0
store_245,2015-08-10,733.26,6833.955
store_245,2015-08-11,668.275,6295.32
store_245,2015-08-12,659.87,6345.775
store_245,2015-08-13,663.125,6443.51
store_245,2015-08-14,679.555,6571.45
store_245,2015-08-15,471.645,4620.485
store_245,2015-08-16,0.0,0.0
store_245,2015-08-17,947.47,10452.89
store_245,2015-08-18,829.595,8744.435
store_245,2015-08-19,762.71,8034.385
store_245,2015-08-20,750.455,7714.165
store_245,2015-08-21,763.725,7638.27
store_245,2015-08-22,480.325,4588.545
store_245,2015-08-23,0.0,0.0
store_245,2015-08-24,742.97,6596.03
store_245,2015-08-25,644.47,5890.04
store_245,2015-08-26,638.78,5952.17
store_245,2015-08-27,653.025,6281.915
store_245,2015-08-28,665.005,6502.06
store_245,2015-08-29,470.78,4517.765
store_246,2015-07-20,596.095,4893.485
store_246,2015-07-21,543.335,4476.25
store_246,2015-07-22,577.695,4836.27
store_246,2015-07-23,582.825,4710.075
store_246,2015-07-24,557.235,4546.155
store_246,2015-07-25,349.785,2926.665
store_246,2015-07-26,0.0,0.0
store_246,2015-07-27,699.22,7405.42
store_246,2015-07-28,636.19,6586.46
store_246,2015-07-29,642.47,6773.63
store_246,2015-07-30,674.13,6693.155
store_246,2015-07-31,651.36,6224.185
store_246,2015-08-01,364.9,3148.63
store_246,2015-08-02,0.0,0.0
store_246,2015-08-03,711.705,7510.605
store_246,2015-08-04,618.225,6323.965
store_246,2015-08-05,609.96,6357.05
store_246,2015-08-06,631.675,6239.03
store_246,2015-08-07,606.075,5740.195
store_246,2015-08-08,359.0,3215.715
store_246,2015-08-09,0.0,0.0
store_246,2015-08-10,550.91,4997.125
store_246,2015-08-11,517.875,4551.415
store_246,2015-08-12,515.05,4675.875
store_246,2015-08-13,541.54,4915.92
store_246,2015-08-14,566.29,4936.525
store_246,2015-08-15,358.13,3152.605
store_246,2015-08-16,0.0,0.0
store_246,2015-08-17,698.605,7323.955
store_246,2015-08-18,629.03,6348.42
store_246,2015-08-19,608.94,6142.035
store_246,2015-08-20,619.755,6229.885
store_246,2015-08-21,629.1,6233.4
store_246,2015-08-22,372.84,3249.115
store_246,2015-08-23,0.0,0.0
store_246,2015-08-24,571.015,4847.27
store_246,2015-08-25,518.925,4575.96
store_246,2015-08-26,519.24,4748.105
store_246,2015-08-27,536.535,5111.665
store_246,2015-08-28,567.615,5469.485
store_246,2015-08-29,371.955,3358.515
store_247,2015-07-20,421.595,3742.32
store_247,2015-07-21,427.05,3694.49
store_247,2015-07-22,407.005,3398.52
store_247,2015-07-23,416.325,3405.46
store_247,2015-07-24,402.525,3394.48
store_247,2015-07-25,332.935,2799.595
store_247,2015-07-26,0.0,0.0
store_247,2015-07-27,650.685,7646.13
store_247,2015-07-28,562.83,6360.355
store_247,2015-07-29,533.815,5547.425
store_247,2015-07-30,540.185,5340.55
store_247,2015-07-31,497.79,4885.3
store_247,2015-08-01,336.185,2905.51
store_247,2015-08-02,0.0,0.0
store_247,2015-08-03,707.8,7800.025
store_247,2015-08-04,563.515,5901.37
store_247,2015-08-05,503.145,5193.105
store_247,2015-08-06,500.31,4903.72
store_247,2015-08-07,483.25,4580.255
store_247,2015-08-08,335.05,2889.035
store_247,2015-08-09,0.0,0.0
store_247,2015-08-10,560.715,5013.48
store_247,2015-08-11,530.505,4850.74
store_247,2015-08-12,492.63,4487.37
store_247,2015-08-13,498.285,4390.08
store_247,2015-08-14,502.545,4263.3
store_247,2015-08-15,334.94,3018.455
store_247,2015-08-16,0.0,0.0
store_247,2015-08-17,702.515,7547.345
store_247,2015-08-18,614.34,6344.115
store_247,2015-08-19,576.235,5762.495
store_247,2015-08-20,550.885,5403.255
store_247,2015-08-21,524.11,5041.315
store_247,2015-08-22,338.18,2890.09
store_247,2015-08-23,0.0,0.0
store_247,2015-08-24,550.425,5060.145
store_247,2015-08-25,514.33,4915.755
store_247,2015-08-26,497.47,4747.49
store_247,2015-08-27,485.4,4722.83
store_247,2015-08-28,484.885,4532.735
store_247,2015-08-29,345.42,3065.715
store_248,2015-07-20,525.665,6625.17
store_248,2015-07-21,449.275,5890.78
store_248,2015-07-22,475.0,6044.575
store_248,2015-07-23,496.39,6356.635
store_248,2015-07-24,522.605,6861.385
store_248,2015-07-25,573.78,7578.94
store_248,2015-07-26,0.0,0.0
store_248,2015-07-27,679.71,10789.31
store_248,2015-07-28,573.64,9042.555
store_248,2015-07-29,564.63,8635.56
store_248,2015-07-30,587.455,8894.0
store_248,2015-07-31,622.63,9282.975
store_248,2015-08-01,600.745,8002.625
store_248,2015-08-02,0.0,0.0
store_248,2015-08-03,705.665,10729.24
store_248,2015-08-04,584.89,8826.345
store_248,2015-08-05,539.62,8065.225
store_248,2015-08-06,555.01,8051.55
store_248,2015-08-07,568.14,8430.625
store_248,2015-08-08,580.63,8036.47
store_248,2015-08-09,0.0,0.0
store_248,2015-08-10,540.77,7460.06
store_248,2015-08-11,486.585,6879.9
store_248,2015-08-12,491.845,6743.255
store_248,2015-08-13,509.37,7040.075
store_248,2015-08-14,530.005,7664.665
store_248,2015-08-15,584.195,8052.08
store_248,2015-08-16,0.0,0.0
store_248,2015-08-17,732.31,11026.385
store_248,2015-08-18,608.055,9260.895
store_248,2015-08-19,601.005,8718.595
store_248,2015-08-20,599.94,8798.31
store_248,2015-08-21,609.765,9068.79
store_248,2015-08-22,592.91,8176.545
store_248,2015-08-23,0.0,0.0
store_248,2015-08-24,526.48,7500.27
store_248,2015-08-25,459.36,6794.24
store_248,2015-08-26,476.325,6873.375
store_248,2015-08-27,503.9,7485.79
store_248,2015-08-28,520.21,8026.105
store_248,2015-08-29,573.315,8325.725
store_249,2015-07-20,437.85,4122.77
store_249,2015-07-21,397.235,3773.22
store_249,2015-07-22,408.27,3920.41
store_249,2015-07-23,405.865,3787.38
store_249,2015-07-24,428.16,4212.185
store_249,2015-07-25,446.33,4421.69
store_249,2015-07-26,0.0,0.0
store_249,2015-07-27,585.655,6908.25
store_249,2015-07-28,510.58,5929.7
store_249,2015-07-29,482.56,5464.035
store_249,2015-07-30,463.305,5058.45
store_249,2015-07-31,499.015,5502.4
store_249,2015-08-01,447.93,4680.41
store_249,2015-08-02,0.0,0.0
store_249,2015-08-03,592.18,7006.28
store_249,2015-08-04,507.57,5844.81
store_249,2015-08-05,464.41,5273.64
store_249,2015-08-06,457.395,4906.135
store_249,2015-08-07,452.47,4986.855
store_249,2015-08-08,443.285,4457.27
store_249,2015-08-09,0.0,0.0
store_249,2015-08-10,520.41,4796.535
store_249,2015-08-11,468.325,4499.32
store_249,2015-08-12,441.675,4266.865
store_249,2015-08-13,443.775,4279.73
store_249,2015-08-14,442.71,4409.8
store_249,2015-08-15,433.89,4304.115
store_249,2015-08-16,0.0,0.0
store_249,2015-08-17,605.705,6964.25
store_249,2015-08-18,531.66,5937.24
store_249,2015-08-19,505.005,5456.39
store_249,2015-08-20,510.665,5367.87
store_249,2015-08-21,499.005,5321.045
store_249,2015-08-22,445.025,4396.095
store_249,2015-08-23,0.0,0.0
store_249,2015-08-24,509.72,4884.465
store_249,2015-08-25,440.67,4483.12
store_249,2015-08-26,440.16,4416.89
store_249,2015-08-27,453.71,4526.58
store_249,2015-08-28,449.635,4576.27
store_249,2015-08-29,437.83,4326.525
store_25,2015-07-20,475.285,3189.67
store_25,2015-07-21,480.285,3190.645
store_25,2015-07-22,488.375,3248.215
store_25,2015-07-23,515.815,3350.7
store_25,2015-07-24,504.75,3371.305
store_25,2015-07-25,601.46,4255.07
store_25,2015-07-26,0.0,0.0
store_25,2015-07-27,601.165,4608.31
store_25,2015-07-28,604.115,4617.26
store_25,2015-07-29,593.8,4432.335
store_25,2015-07-30,627.545,4392.305
store_25,2015-07-31,576.225,4160.845
store_25,2015-08-01,555.74,3936.81
store_25,2015-08-02,0.0,0.0
store_25,2015-08-03,650.19,4882.06
store_25,2015-08-04,582.71,4446.38
store_25,2015-08-05,538.575,4076.645
store_25,2015-08-06,571.23,4203.645
store_25,2015-08-07,557.32,4108.13
store_25,2015-08-08,544.24,3988.63
store_25,2015-08-09,0.0,0.0
store_25,2015-08-10,545.105,3501.3
store_25,2015-08-11,529.955,3382.44
store_25,2015-08-12,490.29,3275.045
store_25,2015-08-13,512.845,3326.71
store_25,2015-08-14,533.41,3484.21
store_25,2015-08-15,548.78,3902.9
store_25,2015-08-16,0.0,0.0
store_25,2015-08-17,669.075,4868.985
store_25,2015-08-18,625.39,4256.47
store_25,2015-08-19,591.895,3919.78
store_25,2015-08-20,604.95,3907.585
store_25,2015-08-21,585.44,3918.53
store_25,2015-08-22,547.785,3650.735
store_25,2015-08-23,0.0,0.0
store_25,2015-08-24,580.85,3652.97
store_25,2015-08-25,519.09,3267.995
store_25,2015-08-26,508.22,3151.905
store_25,2015-08-27,519.1,3265.815
store_25,2015-08-28,534.975,3367.37
store_25,2015-08-29,542.8,3493.635
store_250,2015-07-20,529.595,4940.88
store_250,2015-07-21,494.925,5202.66
store_250,2015-07-22,499.365,5071.87
store_250,2015-07-23,511.13,5327.39
store_250,2015-07-24,542.06,5468.255
store_250,2015-07-25,519.12,5324.625
store_250,2015-07-26,0.0,0.0
store_250,2015-07-27,766.805,10029.57
store_250,2015-07-28,642.325,8736.645
store_250,2015-07-29,634.87,8030.285
store_250,2015-07-30,631.92,7844.615
store_250,2015-07-31,623.69,7659.575
store_250,2015-08-01,569.28,5952.94
store_250,2015-08-02,0.0,0.0
store_250,2015-08-03,759.49,9454.855
store_250,2015-08-04,639.42,8247.21
store_250,2015-08-05,595.63,7283.77
store_250,2015-08-06,589.89,7188.59
store_250,2015-08-07,570.58,6852.07
store_250,2015-08-08,546.25,5820.745
store_250,2015-08-09,0.0,0.0
store_250,2015-08-10,571.3,5776.705
store_250,2015-08-11,519.97,5714.965
store_250,2015-08-12,520.255,5706.785
store_250,2015-08-13,532.325,5898.5
store_250,2015-08-14,530.19,5949.935
store_250,2015-08-15,545.35,5854.785
store_250,2015-08-16,0.0,0.0
store_250,2015-08-17,766.53,9996.805
store_250,2015-08-18,652.275,8504.525
store_250,2015-08-19,626.39,7851.345
store_250,2015-08-20,614.635,7640.09
store_250,2015-08-21,603.005,7356.75
store_250,2015-08-22,552.495,5915.85
store_250,2015-08-23,0.0,0.0
store_250,2015-08-24,554.575,6206.4
store_250,2015-08-25,502.765,5852.14
store_250,2015-08-26,503.035,5862.13
store_250,2015-08-27,526.8,6258.99
store_250,2015-08-28,543.9,6544.55
store_250,2015-08-29,550.95,6230.195
store_251,2015-07-20,683.675,4949.985
store_251,2015-07-21,635.25,4422.545
store_251,2015-07-22,652.71,4865.685
store_251,2015-07-23,653.705,4848.75
store_251,2015-07-24,664.29,4821.905
store_251,2015-07-25,649.885,4729.045
store_251,2015-07-26,0.0,0.0
store_251,2015-07-27,920.7,9363.695
store_251,2015-07-28,847.33,7917.415
store_251,2015-07-29,848.615,7389.24
store_251,2015-07-30,829.985,6945.72
store_251,2015-07-31,818.93,6776.155
store_251,2015-08-01,668.785,4949.03
store_251,2015-08-02,0.0,0.0
store_251,2015-08-03,1016.54,9799.32
store_251,2015-08-04,853.12,7586.81
store_251,2015-08-05,801.745,6894.615
store_251,2015-08-06,754.69,6234.76
store_251,2015-08-07,739.085,5996.375
store_251,2015-08-08,669.435,4935.24
store_251,2015-08-09,0.0,0.0
store_251,2015-08-10,745.815,5466.96
store_251,2015-08-11,685.57,4988.355
store_251,2015-08-12,683.575,5010.695
store_251,2015-08-13,669.58,4944.86
store_251,2015-08-14,669.875,4891.855
store_251,2015-08-15,677.155,4876.89
store_251,2015-08-16,0.0,0.0
store_251,2015-08-17,997.2,8955.06
store_251,2015-08-18,886.47,7512.075
store_251,2015-08-19,846.555,6896.055
store_251,2015-08-20,825.0,6462.665
store_251,2015-08-21,813.18,6249.375
store_251,2015-08-22,682.615,4859.1
store_251,2015-08-23,0.0,0.0
store_251,2015-08-24,743.785,5244.995
store_251,2015-08-25,669.305,4812.105
store_251,2015-08-26,694.44,4956.135
store_251,2015-08-27,693.45,5033.01
store_251,2015-08-28,739.105,5300.655
store_251,2015-08-29,686.935,4980.555
store_252,2015-07-20,627.355,7403.875
store_252,2015-07-21,578.185,6694.1
store_252,2015-07-22,590.815,6963.895
store_252,2015-07-23,627.945,7245.09
store_252,2015-07-24,676.63,7942.9
store_252,2015-07-25,697.295,8579.685
store_252,2015-07-26,0.0,0.0
store_252,2015-07-27,920.59,13763.875
store_252,2015-07-28,760.1,10657.805
store_252,2015-07-29,769.19,10369.87
store_252,2015-07-30,775.635,10190.395
store_252,2015-07-31,807.205,10770.08
store_252,2015-08-01,714.175,8858.995
store_252,2015-08-02,0.0,0.0
store_252,2015-08-03,953.185,13956.44
store_252,2015-08-04,754.87,10124.26
store_252,2015-08-05,701.98,9322.475
store_252,2015-08-06,720.975,9270.775
store_252,2015-08-07,756.445,9725.35
store_252,2015-08-08,727.43,8889.455
store_252,2015-08-09,0.0,0.0
store_252,2015-08-10,718.155,8278.685
store_252,2015-08-11,646.525,7644.905
store_252,2015-08-12,625.09,7244.68
store_252,2015-08-13,650.385,7529.88
store_252,2015-08-14,688.855,8270.695
store_252,2015-08-15,706.03,8703.69
store_252,2015-08-16,0.0,0.0
store_252,2015-08-17,971.605,13863.945
store_252,2015-08-18,831.025,11001.89
store_252,2015-08-19,771.395,9769.3
store_252,2015-08-20,773.465,9638.875
store_252,2015-08-21,793.72,9943.66
store_252,2015-08-22,710.26,8468.885
store_252,2015-08-23,0.0,0.0
store_252,2015-08-24,714.0,8299.785
store_252,2015-08-25,639.63,7709.225
store_252,2015-08-26,634.77,7386.825
store_252,2015-08-27,662.615,7934.505
store_252,2015-08-28,726.105,8998.675
store_252,2015-08-29,699.065,8767.99
store_253,2015-07-20,482.15,6087.56
store_253,2015-07-21,394.755,5113.685
store_253,2015-07-22,404.715,5005.84
store_253,2015-07-23,426.48,5155.145
store_253,2015-07-24,473.45,5709.415
store_253,2015-07-25,547.44,7186.735
store_253,2015-07-26,0.0,0.0
store_253,2015-07-27,634.575,9967.775
store_253,2015-07-28,543.845,8405.175
store_253,2015-07-29,516.635,7469.54
store_253,2015-07-30,517.0,7131.73
store_253,2015-07-31,545.31,7342.165
store_253,2015-08-01,553.87,7212.715
store_253,2015-08-02,0.0,0.0
store_253,2015-08-03,674.995,10109.185
store_253,2015-08-04,536.24,7854.6
store_253,2015-08-05,494.53,6960.165
store_253,2015-08-06,491.175,6710.18
store_253,2015-08-07,522.245,7100.605
store_253,2015-08-08,545.71,7221.435
store_253,2015-08-09,0.0,0.0
store_253,2015-08-10,517.17,6521.12
store_253,2015-08-11,463.59,6151.475
store_253,2015-08-12,444.43,5618.49
store_253,2015-08-13,459.34,5741.78
store_253,2015-08-14,494.02,6169.23
store_253,2015-08-15,558.78,7420.355
store_253,2015-08-16,0.0,0.0
store_253,2015-08-17,677.155,10041.465
store_253,2015-08-18,573.6,8286.96
store_253,2015-08-19,548.555,7356.455
store_253,2015-08-20,551.145,7358.87
store_253,2015-08-21,561.51,7607.43
store_253,2015-08-22,562.645,7211.14
store_253,2015-08-23,0.0,0.0
store_253,2015-08-24,506.265,6741.735
store_253,2015-08-25,446.29,6098.485
store_253,2015-08-26,450.435,5861.84
store_253,2015-08-27,461.135,6106.935
store_253,2015-08-28,499.93,6763.405
store_253,2015-08-29,551.855,7372.58
store_254,2015-07-20,540.135,6248.55
store_254,2015-07-21,486.105,5612.03
store_254,2015-07-22,498.02,5526.905
store_254,2015-07-23,497.795,5607.82
store_254,2015-07-24,505.29,5741.235
store_254,2015-07-25,506.51,5781.58
store_254,2015-07-26,0.0,0.0
store_254,2015-07-27,670.08,9623.995
store_254,2015-07-28,568.395,8040.485
store_254,2015-07-29,555.18,7628.01
store_254,2015-07-30,581.46,7709.195
store_254,2015-07-31,588.635,7720.595
store_254,2015-08-01,534.005,6238.28
store_254,2015-08-02,0.0,0.0
store_254,2015-08-03,707.46,9998.8
store_254,2015-08-04,585.65,7956.925
store_254,2015-08-05,566.78,7521.265
store_254,2015-08-06,553.66,7242.43
store_254,2015-08-07,561.395,7120.565
store_254,2015-08-08,521.71,6209.145
store_254,2015-08-09,0.0,0.0
store_254,2015-08-10,540.555,6418.66
store_254,2015-08-11,489.56,5900.81
store_254,2015-08-12,498.645,5961.56
store_254,2015-08-13,511.825,6156.785
store_254,2015-08-14,539.175,6404.67
store_254,2015-08-15,536.5,6354.1
store_254,2015-08-16,0.0,0.0
store_254,2015-08-17,731.73,10191.915
store_254,2015-08-18,603.28,8446.555
store_254,2015-08-19,582.96,7837.11
store_254,2015-08-20,609.315,7944.135
store_254,2015-08-21,603.93,7985.165
store_254,2015-08-22,545.245,6407.19
store_254,2015-08-23,0.0,0.0
store_254,2015-08-24,524.425,6455.465
store_254,2015-08-25,457.02,5890.815
store_254,2015-08-26,463.01,5886.59
store_254,2015-08-27,503.735,6463.965
store_254,2015-08-28,518.1,6797.83
store_254,2015-08-29,538.375,6643.21
store_255,2015-07-20,1316.42,9900.095
store_255,2015-07-21,1200.245,9194.595
store_255,2015-07-22,1274.76,9267.925
store_255,2015-07-23,1276.185,9309.95
store_255,2015-07-24,1286.785,9583.995
store_255,2015-07-25,1271.395,10125.13
store_255,2015-07-26,0.0,0.0
store_255,2015-07-27,1663.59,16297.545
store_255,2015-07-28,1502.695,14298.785
store_255,2015-07-29,1462.03,13337.9
store_255,2015-07-30,1513.72,13041.585
store_255,2015-07-31,1430.31,12264.435
store_255,2015-08-01,1300.315,10423.905
store_255,2015-08-02,0.0,0.0
store_255,2015-08-03,1787.7,17577.735
store_255,2015-08-04,1476.725,14070.85
store_255,2015-08-05,1440.99,12832.125
store_255,2015-08-06,1430.095,12510.53
store_255,2015-08-07,1425.435,12071.125
store_255,2015-08-08,1325.005,10894.595
store_255,2015-08-09,0.0,0.0
store_255,2015-08-10,1363.705,11011.37
store_255,2015-08-11,1269.29,10118.875
store_255,2015-08-12,1260.085,10078.585
store_255,2015-08-13,1302.51,10394.6
store_255,2015-08-14,1321.04,10356.805
store_255,2015-08-15,1297.015,10492.075
store_255,2015-08-16,0.0,0.0
store_255,2015-08-17,1740.28,16779.19
store_255,2015-08-18,1520.365,14001.18
store_255,2015-08-19,1448.35,12505.875
store_255,2015-08-20,1414.075,12271.05
store_255,2015-08-21,1399.945,11936.92
store_255,2015-08-22,1296.355,10555.525
store_255,2015-08-23,0.0,0.0
store_255,2015-08-24,1303.54,10407.07
store_255,2015-08-25,1211.035,9748.71
store_255,2015-08-26,1246.57,9721.815
store_255,2015-08-27,1213.435,10095.79
store_255,2015-08-28,1209.64,10072.83
store_255,2015-08-29,1296.85,10521.255
store_256,2015-07-20,638.855,5432.6
store_256,2015-07-21,588.36,5029.345
store_256,2015-07-22,592.87,5228.875
store_256,2015-07-23,636.535,5405.95
store_256,2015-07-24,608.17,5187.795
store_256,2015-07-25,502.92,4440.395
store_256,2015-07-26,0.0,0.0
store_256,2015-07-27,796.735,8523.425
store_256,2015-07-28,719.86,7562.22
store_256,2015-07-29,710.95,7207.22
store_256,2015-07-30,729.885,6686.625
store_256,2015-07-31,692.525,6278.24
store_256,2015-08-01,522.15,4426.615
store_256,2015-08-02,0.0,0.0
store_256,2015-08-03,856.225,8641.605
store_256,2015-08-04,724.31,7188.415
store_256,2015-08-05,689.59,6658.455
store_256,2015-08-06,705.96,6487.595
store_256,2015-08-07,673.01,6015.01
store_256,2015-08-08,515.965,4497.41
store_256,2015-08-09,0.0,0.0
store_256,2015-08-10,709.72,5629.42
store_256,2015-08-11,643.49,5067.905
store_256,2015-08-12,621.375,4993.415
store_256,2015-08-13,641.15,5306.115
store_256,2015-08-14,639.495,5100.36
store_256,2015-08-15,512.9,4268.495
store_256,2015-08-16,0.0,0.0
store_256,2015-08-17,902.945,7959.865
store_256,2015-08-18,777.145,6667.6
store_256,2015-08-19,735.26,6088.65
store_256,2015-08-20,741.74,5972.805
store_256,2015-08-21,741.85,5738.78
store_256,2015-08-22,526.24,4119.545
store_256,2015-08-23,0.0,0.0
store_256,2015-08-24,745.325,5303.605
store_256,2015-08-25,681.845,4890.72
store_256,2015-08-26,649.725,4785.36
store_256,2015-08-27,671.325,5010.36
store_256,2015-08-28,679.215,5116.015
store_256,2015-08-29,527.225,4132.395
store_257,2015-07-20,509.275,4249.715
store_257,2015-07-21,475.83,3955.68
store_257,2015-07-22,477.32,4174.555
store_257,2015-07-23,488.285,4265.09
store_257,2015-07-24,575.79,5086.675
store_257,2015-07-25,298.935,2904.2
store_257,2015-07-26,0.0,0.0
store_257,2015-07-27,666.955,7803.93
store_257,2015-07-28,607.845,6466.33
store_257,2015-07-29,597.655,6106.835
store_257,2015-07-30,581.31,5750.19
store_257,2015-07-31,633.205,6224.11
store_257,2015-08-01,303.245,2951.82
store_257,2015-08-02,0.0,0.0
store_257,2015-08-03,696.825,7995.875
store_257,2015-08-04,578.795,6191.25
store_257,2015-08-05,540.16,5562.29
store_257,2015-08-06,541.085,5196.83
store_257,2015-08-07,590.55,5664.915
store_257,2015-08-08,303.285,2896.715
store_257,2015-08-09,0.0,0.0
store_257,2015-08-10,526.325,4590.335
store_257,2015-08-11,509.17,4282.035
store_257,2015-08-12,484.21,4210.055
store_257,2015-08-13,495.975,4281.635
store_257,2015-08-14,544.065,4828.455
store_257,2015-08-15,302.55,2853.33
store_257,2015-08-16,0.0,0.0
store_257,2015-08-17,720.265,7650.355
store_257,2015-08-18,630.39,6200.785
store_257,2015-08-19,578.775,5638.415
store_257,2015-08-20,574.17,5311.08
store_257,2015-08-21,597.78,5555.655
store_257,2015-08-22,305.905,2778.005
store_257,2015-08-23,0.0,0.0
store_257,2015-08-24,513.975,4410.235
store_257,2015-08-25,489.965,4186.28
store_257,2015-08-26,492.83,4269.675
store_257,2015-08-27,497.61,4387.87
store_257,2015-08-28,520.4,4894.965
store_257,2015-08-29,299.77,2792.46
store_258,2015-07-20,853.695,7566.135
store_258,2015-07-21,785.775,6674.34
store_258,2015-07-22,782.715,6621.74
store_258,2015-07-23,776.985,6736.035
store_258,2015-07-24,848.345,7466.845
store_258,2015-07-25,1055.485,9898.72
store_258,2015-07-26,0.0,0.0
store_258,2015-07-27,1078.75,11530.67
store_258,2015-07-28,956.115,9814.12
store_258,2015-07-29,936.125,9102.12
store_258,2015-07-30,959.56,8799.07
store_258,2015-07-31,1012.57,9583.08
store_258,2015-08-01,1019.675,9828.725
store_258,2015-08-02,0.0,0.0
store_258,2015-08-03,1156.07,12042.23
store_258,2015-08-04,969.985,9719.175
store_258,2015-08-05,923.145,8975.825
store_258,2015-08-06,891.53,8713.37
store_258,2015-08-07,920.225,8899.315
store_258,2015-08-08,971.815,9274.685
store_258,2015-08-09,0.0,0.0
store_258,2015-08-10,954.205,8127.785
store_258,2015-08-11,861.875,7410.73
store_258,2015-08-12,817.76,6949.805
store_258,2015-08-13,847.25,6962.035
store_258,2015-08-14,901.515,7564.21
store_258,2015-08-15,969.625,9016.91
store_258,2015-08-16,0.0,0.0
store_258,2015-08-17,1158.05,11485.9
store_258,2015-08-18,1036.855,9817.19
store_258,2015-08-19,983.57,8759.845
store_258,2015-08-20,985.4,8518.27
store_258,2015-08-21,1002.995,8764.84
store_258,2015-08-22,964.075,8700.945
store_258,2015-08-23,0.0,0.0
store_258,2015-08-24,887.44,7479.305
store_258,2015-08-25,796.115,6855.49
store_258,2015-08-26,787.605,6422.37
store_258,2015-08-27,846.135,6756.165
store_258,2015-08-28,895.875,7373.405
store_258,2015-08-29,951.915,8521.015
store_259,2015-07-20,429.575,3822.175
store_259,2015-07-21,391.84,3560.685
store_259,2015-07-22,425.98,3620.255
store_259,2015-07-23,439.455,3847.05
store_259,2015-07-24,462.635,4167.3
store_259,2015-07-25,411.2,4002.185
store_259,2015-07-26,0.0,0.0
store_259,2015-07-27,485.13,5026.325
store_259,2015-07-28,462.58,4889.6
store_259,2015-07-29,473.56,4824.48
store_259,2015-07-30,496.97,5041.035
store_259,2015-07-31,511.065,5227.065
store_259,2015-08-01,421.115,4168.65
store_259,2015-08-02,0.0,0.0
store_259,2015-08-03,502.77,5235.88
store_259,2015-08-04,458.975,4728.99
store_259,2015-08-05,459.09,4599.83
store_259,2015-08-06,467.91,4732.955
store_259,2015-08-07,479.84,4817.865
store_259,2015-08-08,422.03,4188.74
store_259,2015-08-09,0.0,0.0
store_259,2015-08-10,420.38,3736.695
store_259,2015-08-11,385.425,3539.54
store_259,2015-08-12,389.24,3533.9
store_259,2015-08-13,395.14,3714.925
store_259,2015-08-14,429.59,3934.76
store_259,2015-08-15,419.51,4004.805
store_259,2015-08-16,0.0,0.0
store_259,2015-08-17,531.37,5296.585
store_259,2015-08-18,464.175,4654.68
store_259,2015-08-19,444.14,4337.76
store_259,2015-08-20,449.53,4338.285
store_259,2015-08-21,479.86,4598.375
store_259,2015-08-22,426.22,4064.67
store_259,2015-08-23,0.0,0.0
store_259,2015-08-24,441.945,3810.345
store_259,2015-08-25,401.89,3516.29
store_259,2015-08-26,403.84,3489.595
store_259,2015-08-27,409.535,3671.1
store_259,2015-08-28,427.44,3906.555
store_259,2015-08-29,426.3,4043.71
store_26,2015-07-20,930.335,7947.475
store_26,2015-07-21,883.795,7488.965
store_26,2015-07-22,920.43,7711.59
store_26,2015-07-23,960.58,7975.545
store_26,2015-07-24,915.765,7846.5
store_26,2015-07-25,837.165,7012.885
store_26,2015-07-26,0.0,0.0
store_26,2015-07-27,1183.385,12676.89
store_26,2015-07-28,1108.39,10853.005
store_26,2015-07-29,1145.675,10604.425
store_26,2015-07-30,1154.22,10243.855
store_26,2015-07-31,1100.565,9531.405
store_26,2015-08-01,846.7,6885.245
store_26,2015-08-02,0.0,0.0
store_26,2015-08-03,1268.565,12524.745
store_26,2015-08-04,1096.945,10211.05
store_26,2015-08-05,1043.91,9647.1
store_26,2015-08-06,1053.39,9574.925
store_26,2015-08-07,1021.845,9065.135
store_26,2015-08-08,834.96,6811.38
store_26,2015-08-09,0.0,0.0
store_26,2015-08-10,1059.335,8285.82
store_26,2015-08-11,988.24,7615.775
store_26,2015-08-12,936.705,7254.845
store_26,2015-08-13,942.485,7462.22
store_26,2015-08-14,971.755,7581.42
store_26,2015-08-15,831.82,6775.42
store_26,2015-08-16,0.0,0.0
store_26,2015-08-17,1332.65,12148.26
store_26,2015-08-18,1215.43,10602.37
store_26,2015-08-19,1150.23,9605.975
store_26,2015-08-20,1125.705,9301.01
store_26,2015-08-21,1075.095,8831.99
store_26,2015-08-22,853.03,6772.395
store_26,2015-08-23,0.0,0.0
store_26,2015-08-24,1027.475,7918.365
store_26,2015-08-25,950.06,7313.655
store_26,2015-08-26,907.34,6848.245
store_26,2015-08-27,947.375,7258.285
store_26,2015-08-28,970.54,7404.945
store_26,2015-08-29,835.75,6677.565
store_260,2015-07-20,691.025,6289.415
store_260,2015-07-21,628.695,5880.795
store_260,2015-07-22,647.405,5874.25
store_260,2015-07-23,657.095,5933.78
store_260,2015-07-24,679.395,6169.735
store_260,2015-07-25,707.95,6692.195
store_260,2015-07-26,0.0,0.0
store_260,2015-07-27,881.825,9736.0
store_260,2015-07-28,745.455,8663.775
store_260,2015-07-29,757.77,8126.15
store_260,2015-07-30,789.325,7800.55
store_260,2015-07-31,820.175,8033.69
store_260,2015-08-01,732.15,6843.35
store_260,2015-08-02,0.0,0.0
store_260,2015-08-03,955.18,10219.215
store_260,2015-08-04,787.605,8201.635
store_260,2015-08-05,733.16,7619.015
store_260,2015-08-06,732.195,7487.705
store_260,2015-08-07,752.29,7331.88
store_260,2015-08-08,733.795,7155.215
store_260,2015-08-09,0.0,0.0
store_260,2015-08-10,697.1,6305.025
store_260,2015-08-11,647.285,5977.845
store_260,2015-08-12,658.77,5962.865
store_260,2015-08-13,664.36,6147.61
store_260,2015-08-14,676.69,6166.335
store_260,2015-08-15,720.05,6662.695
store_260,2015-08-16,0.0,0.0
store_260,2015-08-17,936.38,9989.74
store_260,2015-08-18,806.165,8460.125
store_260,2015-08-19,767.315,7778.37
store_260,2015-08-20,753.715,7438.72
store_260,2015-08-21,731.095,7326.795
store_260,2015-08-22,713.675,6586.55
store_260,2015-08-23,0.0,0.0
store_260,2015-08-24,717.665,6233.09
store_260,2015-08-25,628.18,5757.055
store_260,2015-08-26,620.715,5585.175
store_260,2015-08-27,644.395,5863.65
store_260,2015-08-28,680.875,6171.655
store_260,2015-08-29,712.81,6704.82
store_261,2015-07-20,368.38,2902.165
store_261,2015-07-21,334.47,2698.77
store_261,2015-07-22,362.54,2681.01
store_261,2015-07-23,376.07,2651.01
store_261,2015-07-24,392.235,2788.075
store_261,2015-07-25,262.44,1993.92
store_261,2015-07-26,0.0,0.0
store_261,2015-07-27,520.11,4897.395
store_261,2015-07-28,453.695,4493.44
store_261,2015-07-29,429.38,4020.26
store_261,2015-07-30,435.885,3537.395
store_261,2015-07-31,435.985,3367.555
store_261,2015-08-01,284.49,2012.935
store_261,2015-08-02,0.0,0.0
store_261,2015-08-03,537.635,4726.255
store_261,2015-08-04,445.06,3943.44
store_261,2015-08-05,415.74,3682.535
store_261,2015-08-06,430.58,3500.475
store_261,2015-08-07,442.01,3509.33
store_261,2015-08-08,280.26,2037.9
store_261,2015-08-09,0.0,0.0
store_261,2015-08-10,399.935,3145.935
store_261,2015-08-11,378.27,2970.415
store_261,2015-08-12,369.42,2926.415
store_261,2015-08-13,395.665,2949.73
store_261,2015-08-14,424.035,3000.88
store_261,2015-08-15,283.46,2053.36
store_261,2015-08-16,0.0,0.0
store_261,2015-08-17,540.5,4655.545
store_261,2015-08-18,459.795,3945.15
store_261,2015-08-19,441.595,3532.905
store_261,2015-08-20,439.455,3359.695
store_261,2015-08-21,473.28,3487.59
store_261,2015-08-22,303.97,2139.795
store_261,2015-08-23,0.0,0.0
store_261,2015-08-24,396.05,3290.835
store_261,2015-08-25,373.39,3065.995
store_261,2015-08-26,384.965,3028.765
store_261,2015-08-27,396.22,3090.81
store_261,2015-08-28,426.845,3134.845
store_261,2015-08-29,289.22,2034.41
store_262,2015-07-20,550.71,3931.465
store_262,2015-07-21,506.915,3718.74
store_262,2015-07-22,567.97,4123.03
store_262,2015-07-23,542.8,4049.38
store_262,2015-07-24,546.685,4036.43
store_262,2015-07-25,480.02,3544.305
store_262,2015-07-26,0.0,0.0
store_262,2015-07-27,761.77,6753.085
store_262,2015-07-28,680.015,6078.92
store_262,2015-07-29,674.93,5656.135
store_262,2015-07-30,668.83,5335.655
store_262,2015-07-31,635.135,5040.755
store_262,2015-08-01,483.56,3566.52
store_262,2015-08-02,0.0,0.0
store_262,2015-08-03,830.58,7027.96
store_262,2015-08-04,706.57,6117.505
store_262,2015-08-05,660.995,5597.235
store_262,2015-08-06,629.88,5128.26
store_262,2015-08-07,592.825,4741.435
store_262,2015-08-08,483.52,3617.035
store_262,2015-08-09,0.0,0.0
store_262,2015-08-10,633.38,4341.81
store_262,2015-08-11,561.025,4073.205
store_262,2015-08-12,560.19,4116.275
store_262,2015-08-13,555.87,4108.425
store_262,2015-08-14,543.095,3962.36
store_262,2015-08-15,482.51,3557.73
store_262,2015-08-16,0.0,0.0
store_262,2015-08-17,843.35,6991.6
store_262,2015-08-18,742.625,6118.91
store_262,2015-08-19,674.82,5489.94
store_262,2015-08-20,673.475,5224.23
store_262,2015-08-21,654.48,5070.605
store_262,2015-08-22,488.31,3576.62
store_262,2015-08-23,0.0,0.0
store_262,2015-08-24,608.41,4324.36
store_262,2015-08-25,555.34,4068.13
store_262,2015-08-26,556.98,4092.365
store_262,2015-08-27,570.275,4226.61
store_262,2015-08-28,577.895,4220.97
store_262,2015-08-29,492.46,3634.14
store_263,2015-07-20,926.84,8410.52
store_263,2015-07-21,828.915,7913.71
store_263,2015-07-22,813.485,7662.165
store_263,2015-07-23,848.505,7935.28
store_263,2015-07-24,856.795,8109.35
store_263,2015-07-25,845.735,8276.285
store_263,2015-07-26,0.0,0.0
store_263,2015-07-27,1176.465,13578.21
store_263,2015-07-28,1032.725,11527.91
store_263,2015-07-29,996.145,10833.88
store_263,2015-07-30,1010.775,10580.54
store_263,2015-07-31,988.935,10158.755
store_263,2015-08-01,863.125,8264.115
store_263,2015-08-02,0.0,0.0
store_263,2015-08-03,1233.075,14169.27
store_263,2015-08-04,1020.99,11083.93
store_263,2015-08-05,965.66,10175.06
store_263,2015-08-06,950.605,10005.67
store_263,2015-08-07,932.255,9582.04
store_263,2015-08-08,851.28,8227.06
store_263,2015-08-09,0.0,0.0
store_263,2015-08-10,952.015,8792.055
store_263,2015-08-11,849.715,7986.395
store_263,2015-08-12,836.455,7749.18
store_263,2015-08-13,852.48,7982.725
store_263,2015-08-14,893.68,8202.73
store_263,2015-08-15,855.14,8144.04
store_263,2015-08-16,0.0,0.0
store_263,2015-08-17,1216.105,13309.54
store_263,2015-08-18,1021.22,10967.915
store_263,2015-08-19,952.995,9708.11
store_263,2015-08-20,971.955,9626.085
store_263,2015-08-21,1006.525,9862.4
store_263,2015-08-22,843.125,8033.545
store_263,2015-08-23,0.0,0.0
store_263,2015-08-24,944.305,8362.9
store_263,2015-08-25,823.94,7616.005
store_263,2015-08-26,815.015,7353.055
store_263,2015-08-27,869.64,7862.3
store_263,2015-08-28,892.055,8275.12
store_263,2015-08-29,853.43,8060.075
store_264,2015-07-20,1608.26,10402.945
store_264,2015-07-21,1567.81,10345.94
store_264,2015-07-22,1550.36,10150.14
store_264,2015-07-23,1557.425,10473.06
store_264,2015-07-24,1517.05,10273.435
store_264,2015-07-25,1151.305,7700.285
store_264,2015-07-26,0.0,0.0
store_264,2015-07-27,1873.255,15381.825
store_264,2015-07-28,1776.22,14077.925
store_264,2015-07-29,1745.855,13302.78
store_264,2015-07-30,1729.625,12982.83
store_264,2015-07-31,1681.35,12354.65
store_264,2015-08-01,1149.39,7843.1
store_264,2015-08-02,0.0,0.0
store_264,2015-08-03,1894.485,15720.89
store_264,2015-08-04,1751.53,13760.195
store_264,2015-08-05,1646.96,12674.87
store_264,2015-08-06,1634.105,12447.43
store_264,2015-08-07,1583.095,11912.25
store_264,2015-08-08,1136.49,8032.885
store_264,2015-08-09,0.0,0.0
store_264,2015-08-10,1642.945,11039.6
store_264,2015-08-11,1578.43,10640.755
store_264,2015-08-12,1541.69,10472.585
store_264,2015-08-13,1533.32,10772.27
store_264,2015-08-14,1514.465,10526.125
store_264,2015-08-15,1130.715,8175.73
store_264,2015-08-16,0.0,0.0
store_264,2015-08-17,1840.725,14897.665
store_264,2015-08-18,1738.48,13338.44
store_264,2015-08-19,1703.175,12531.77
store_264,2015-08-20,1678.415,12277.08
store_264,2015-08-21,1643.95,11752.23
store_264,2015-08-22,1150.625,8214.57
store_264,2015-08-23,0.0,0.0
store_264,2015-08-24,1586.07,10554.295
store_264,2015-08-25,1584.65,10539.7
store_264,2015-08-26,1561.72,10527.8
store_264,2015-08-27,1539.43,10893.265
store_264,2015-08-28,1509.215,10668.2
store_264,2015-08-29,1124.555,8166.705
store_265,2015-07-20,734.935,5916.805
store_265,2015-07-21,652.57,5528.77
store_265,2015-07-22,673.49,5720.835
store_265,2015-07-23,647.765,5648.84
store_265,2015-07-24,649.955,5697.405
store_265,2015-07-25,490.275,4187.84
store_265,2015-07-26,236.53,1803.5
store_265,2015-07-27,899.65,9276.98
store_265,2015-07-28,805.155,8675.525
store_265,2015-07-29,817.48,8656.245
store_265,2015-07-30,816.87,8423.2
store_265,2015-07-31,819.105,8341.995
store_265,2015-08-01,523.615,4796.38
store_265,2015-08-02,254.58,2060.605
store_265,2015-08-03,959.43,10052.96
store_265,2015-08-04,805.52,8599.92
store_265,2015-08-05,769.62,8209.645
store_265,2015-08-06,740.885,7578.8
store_265,2015-08-07,752.235,7489.36
store_265,2015-08-08,499.315,4631.345
store_265,2015-08-09,245.795,2086.355
store_265,2015-08-10,807.605,7352.2
store_265,2015-08-11,739.36,7063.055
store_265,2015-08-12,684.275,6675.995
store_265,2015-08-13,706.225,6695.29
store_265,2015-08-14,707.63,6734.525
store_265,2015-08-15,500.35,4815.385
store_265,2015-08-16,258.4,2189.36
store_265,2015-08-17,907.085,10275.555
store_265,2015-08-18,818.855,8991.515
store_265,2015-08-19,791.565,8444.755
store_265,2015-08-20,796.04,8301.135
store_265,2015-08-21,781.145,8027.005
store_265,2015-08-22,509.12,4804.965
store_265,2015-08-23,262.98,2181.01
store_265,2015-08-24,768.675,7728.175
store_265,2015-08-25,675.23,7257.825
store_265,2015-08-26,678.935,7013.9
store_265,2015-08-27,709.755,7342.985
store_265,2015-08-28,710.84,7505.055
store_265,2015-08-29,509.37,5095.535
store_266,2015-07-20,348.355,2711.92
store_266,2015-07-21,311.175,2583.615
store_266,2015-07-22,334.635,2649.305
store_266,2015-07-23,338.11,2592.59
store_266,2015-07-24,344.29,2656.215
store_266,2015-07-25,232.785,1992.02
store_266,2015-07-26,0.0,0.0
store_266,2015-07-27,446.34,4344.185
store_266,2015-07-28,417.835,3826.31
store_266,2015-07-29,399.91,3542.585
store_266,2015-07-30,376.945,3176.14
store_266,2015-07-31,386.68,3227.97
store_266,2015-08-01,233.635,1982.065
store_266,2015-08-02,0.0,0.0
store_266,2015-08-03,473.95,4454.135
store_266,2015-08-04,407.175,3842.355
store_266,2015-08-05,379.26,3336.57
store_266,2015-08-06,382.975,3273.0
store_266,2015-08-07,389.245,3309.135
store_266,2015-08-08,232.255,1958.795
store_266,2015-08-09,0.0,0.0
store_266,2015-08-10,390.89,3089.735
store_266,2015-08-11,361.61,2901.08
store_266,2015-08-12,335.255,2683.39
store_266,2015-08-13,345.665,2711.795
store_266,2015-08-14,358.04,2825.685
store_266,2015-08-15,231.52,1959.69
store_266,2015-08-16,0.0,0.0
store_266,2015-08-17,456.85,4390.835
store_266,2015-08-18,401.28,3649.855
store_266,2015-08-19,396.21,3391.345
store_266,2015-08-20,391.16,3297.495
store_266,2015-08-21,396.11,3327.535
store_266,2015-08-22,232.625,1943.785
store_266,2015-08-23,0.0,0.0
store_266,2015-08-24,381.235,3004.87
store_266,2015-08-25,349.675,2811.135
store_266,2015-08-26,345.845,2734.09
store_266,2015-08-27,350.83,2755.195
store_266,2015-08-28,364.78,2834.985
store_266,2015-08-29,228.235,1905.7
store_267,2015-07-20,556.88,4778.415
store_267,2015-07-21,548.755,4606.43
store_267,2015-07-22,547.38,4654.93
store_267,2015-07-23,558.225,4673.06
store_267,2015-07-24,587.495,5279.61
store_267,2015-07-25,421.8,3492.99
store_267,2015-07-26,0.0,0.0
store_267,2015-07-27,716.72,7767.675
store_267,2015-07-28,652.855,7356.335
store_267,2015-07-29,626.765,7051.535
store_267,2015-07-30,655.98,6731.97
store_267,2015-07-31,671.625,6881.245
store_267,2015-08-01,442.53,3970.175
store_267,2015-08-02,0.0,0.0
store_267,2015-08-03,739.97,8155.93
store_267,2015-08-04,619.29,6901.09
store_267,2015-08-05,591.0,6287.85
store_267,2015-08-06,614.74,6091.81
store_267,2015-08-07,635.89,6761.28
store_267,2015-08-08,429.725,3835.725
store_267,2015-08-09,0.0,0.0
store_267,2015-08-10,566.805,5169.285
store_267,2015-08-11,528.07,4847.025
store_267,2015-08-12,532.175,4902.465
store_267,2015-08-13,537.41,4941.925
store_267,2015-08-14,567.01,5420.1
store_267,2015-08-15,423.885,3808.87
store_267,2015-08-16,0.0,0.0
store_267,2015-08-17,739.15,8387.81
store_267,2015-08-18,641.515,7035.515
store_267,2015-08-19,615.605,6514.515
store_267,2015-08-20,622.075,6301.0
store_267,2015-08-21,646.515,6710.215
store_267,2015-08-22,435.23,3913.965
store_267,2015-08-23,0.0,0.0
store_267,2015-08-24,557.945,5098.725
store_267,2015-08-25,497.925,4703.525
store_267,2015-08-26,506.86,4866.49
store_267,2015-08-27,519.44,5188.275
store_267,2015-08-28,563.38,5800.55
store_267,2015-08-29,424.295,3961.795
store_268,2015-07-20,677.14,6133.135
store_268,2015-07-21,587.175,5422.4
store_268,2015-07-22,591.74,5130.47
store_268,2015-07-23,600.465,5213.42
store_268,2015-07-24,646.105,5727.98
store_268,2015-07-25,691.84,6347.81
store_268,2015-07-26,0.0,0.0
store_268,2015-07-27,811.59,9052.18
store_268,2015-07-28,714.085,8059.35
store_268,2015-07-29,693.45,7462.4
store_268,2015-07-30,702.265,7150.21
store_268,2015-07-31,716.315,7491.71
store_268,2015-08-01,727.855,6830.1
store_268,2015-08-02,0.0,0.0
store_268,2015-08-03,884.795,9805.04
store_268,2015-08-04,741.29,7882.58
store_268,2015-08-05,681.12,7072.955
store_268,2015-08-06,663.795,6865.98
store_268,2015-08-07,687.095,6939.74
store_268,2015-08-08,729.97,6897.25
store_268,2015-08-09,0.0,0.0
store_268,2015-08-10,651.285,6140.395
store_268,2015-08-11,593.15,5493.585
store_268,2015-08-12,585.43,5386.345
store_268,2015-08-13,595.705,5417.575
store_268,2015-08-14,644.63,5735.1
store_268,2015-08-15,718.49,6655.475
store_268,2015-08-16,0.0,0.0
store_268,2015-08-17,870.43,9723.315
store_268,2015-08-18,733.06,8010.29
store_268,2015-08-19,702.04,7233.975
store_268,2015-08-20,689.56,6904.775
store_268,2015-08-21,714.85,7097.0
store_268,2015-08-22,717.265,6591.93
store_268,2015-08-23,0.0,0.0
store_268,2015-08-24,650.555,6029.015
store_268,2015-08-25,576.66,5459.03
store_268,2015-08-26,567.885,5342.295
store_268,2015-08-27,597.37,5513.43
store_268,2015-08-28,656.265,6076.205
store_268,2015-08-29,720.895,6925.695
store_269,2015-07-20,450.64,3899.605
store_269,2015-07-21,383.65,3341.035
store_269,2015-07-22,396.72,3347.345
store_269,2015-07-23,401.725,3325.945
store_269,2015-07-24,436.705,3650.93
store_269,2015-07-25,466.105,4385.94
store_269,2015-07-26,0.0,0.0
store_269,2015-07-27,569.34,6523.9
store_269,2015-07-28,499.07,5600.85
store_269,2015-07-29,480.155,5121.405
store_269,2015-07-30,473.65,4896.885
store_269,2015-07-31,490.125,4863.335
store_269,2015-08-01,477.965,4650.73
store_269,2015-08-02,0.0,0.0
store_269,2015-08-03,590.37,6627.92
store_269,2015-08-04,508.55,5503.745
store_269,2015-08-05,474.525,5018.565
store_269,2015-08-06,464.79,4697.76
store_269,2015-08-07,465.28,4712.75
store_269,2015-08-08,450.435,4318.71
store_269,2015-08-09,0.0,0.0
store_269,2015-08-10,483.35,4225.83
store_269,2015-08-11,451.265,3952.875
store_269,2015-08-12,427.345,3790.115
store_269,2015-08-13,435.74,3924.83
store_269,2015-08-14,440.38,4080.275
store_269,2015-08-15,451.305,4357.96
store_269,2015-08-16,0.0,0.0
store_269,2015-08-17,595.495,6529.64
store_269,2015-08-18,523.065,5681.22
store_269,2015-08-19,498.67,5143.7
store_269,2015-08-20,493.52,4956.83
store_269,2015-08-21,496.205,4917.44
store_269,2015-08-22,456.235,4311.575
store_269,2015-08-23,0.0,0.0
store_269,2015-08-24,464.635,4292.415
store_269,2015-08-25,426.99,3983.03
store_269,2015-08-26,416.03,3897.695
store_269,2015-08-27,424.92,4081.455
store_269,2015-08-28,436.78,4191.545
store_269,2015-08-29,455.125,4323.325
store_27,2015-07-20,450.935,4932.645
store_27,2015-07-21,419.84,4602.475
store_27,2015-07-22,472.28,4874.73
store_27,2015-07-23,491.375,5115.745
store_27,2015-07-24,530.44,5371.045
store_27,2015-07-25,354.585,3653.86
store_27,2015-07-26,0.0,0.0
store_27,2015-07-27,638.505,7949.06
store_27,2015-07-28,565.48,7054.505
store_27,2015-07-29,561.78,6648.475
store_27,2015-07-30,567.93,6471.23
store_27,2015-07-31,599.915,6654.435
store_27,2015-08-01,397.465,3858.445
store_27,2015-08-02,0.0,0.0
store_27,2015-08-03,653.685,7754.4
store_27,2015-08-04,538.055,6521.805
store_27,2015-08-05,520.915,6075.68
store_27,2015-08-06,556.04,6133.985
store_27,2015-08-07,564.08,6210.32
store_27,2015-08-08,372.77,3576.97
store_27,2015-08-09,0.0,0.0
store_27,2015-08-10,462.06,4627.545
store_27,2015-08-11,427.2,4201.88
store_27,2015-08-12,445.85,4283.595
store_27,2015-08-13,471.06,4766.225
store_27,2015-08-14,507.125,5065.04
store_27,2015-08-15,381.86,3642.68
store_27,2015-08-16,0.0,0.0
store_27,2015-08-17,651.46,7085.965
store_27,2015-08-18,552.195,5939.975
store_27,2015-08-19,531.455,5533.68
store_27,2015-08-20,551.805,5651.96
store_27,2015-08-21,586.975,5878.71
store_27,2015-08-22,375.265,3549.715
store_27,2015-08-23,0.0,0.0
store_27,2015-08-24,450.99,4174.795
store_27,2015-08-25,414.66,3784.855
store_27,2015-08-26,430.685,3945.685
store_27,2015-08-27,455.855,4319.91
store_27,2015-08-28,521.795,4814.35
store_27,2015-08-29,391.64,3626.905
store_270,2015-07-20,1381.415,7785.685
store_270,2015-07-21,1214.47,7173.74
store_270,2015-07-22,1141.865,6780.94
store_270,2015-07-23,1181.21,7146.585
store_270,2015-07-24,1316.255,7781.605
store_270,2015-07-25,1901.855,11071.355
store_270,2015-07-26,0.0,0.0
store_270,2015-07-27,1611.75,11822.975
store_270,2015-07-28,1460.515,10843.265
store_270,2015-07-29,1362.295,9891.98
store_270,2015-07-30,1340.915,9379.0
store_270,2015-07-31,1410.545,9109.62
store_270,2015-08-01,1874.34,10829.46
store_270,2015-08-02,0.0,0.0
store_270,2015-08-03,1638.19,12373.18
store_270,2015-08-04,1484.87,10840.065
store_270,2015-08-05,1361.14,9854.69
store_270,2015-08-06,1338.56,9669.02
store_270,2015-08-07,1397.34,9621.32
store_270,2015-08-08,1850.68,11296.565
store_270,2015-08-09,0.0,0.0
store_270,2015-08-10,1338.72,8690.915
store_270,2015-08-11,1267.245,8337.215
store_270,2015-08-12,1185.975,7749.185
store_270,2015-08-13,1200.71,7850.16
store_270,2015-08-14,1243.4,8141.76
store_270,2015-08-15,1814.61,11034.485
store_270,2015-08-16,0.0,0.0
store_270,2015-08-17,1674.135,13437.065
store_270,2015-08-18,1520.765,11854.74
store_270,2015-08-19,1410.525,10698.94
store_270,2015-08-20,1376.34,10162.03
store_270,2015-08-21,1400.5,10019.14
store_270,2015-08-22,1796.26,10981.345
store_270,2015-08-23,0.0,0.0
store_270,2015-08-24,1376.595,9643.935
store_270,2015-08-25,1286.215,9009.49
store_270,2015-08-26,1247.95,8584.215
store_270,2015-08-27,1227.685,8539.58
store_270,2015-08-28,1269.97,8703.76
store_270,2015-08-29,1740.9,10719.635
store_271,2015-07-20,489.865,3362.355
store_271,2015-07-21,478.81,3303.01
store_271,2015-07-22,482.445,3464.165
store_271,2015-07-23,510.86,3645.195
store_271,2015-07-24,533.585,3808.75
store_271,2015-07-25,295.68,2399.1
store_271,2015-07-26,0.0,0.0
store_271,2015-07-27,679.37,5803.195
store_271,2015-07-28,627.18,5147.74
store_271,2015-07-29,590.92,4904.165
store_271,2015-07-30,615.085,4981.265
store_271,2015-07-31,615.115,4865.13
store_271,2015-08-01,302.31,2429.515
store_271,2015-08-02,0.0,0.0
store_271,2015-08-03,753.585,6166.35
store_271,2015-08-04,625.4,5107.37
store_271,2015-08-05,570.43,4721.805
store_271,2015-08-06,558.62,4703.42
store_271,2015-08-07,555.59,4584.585
store_271,2015-08-08,300.285,2389.625
store_271,2015-08-09,0.0,0.0
store_271,2015-08-10,536.22,3675.035
store_271,2015-08-11,523.16,3517.86
store_271,2015-08-12,497.665,3529.88
store_271,2015-08-13,491.63,3601.745
store_271,2015-08-14,496.5,3601.63
store_271,2015-08-15,289.25,2304.61
store_271,2015-08-16,0.0,0.0
store_271,2015-08-17,766.28,5866.275
store_271,2015-08-18,660.01,4962.48
store_271,2015-08-19,607.665,4406.785
store_271,2015-08-20,576.625,4193.705
store_271,2015-08-21,581.265,4108.22
store_271,2015-08-22,299.11,2235.665
store_271,2015-08-23,0.0,0.0
store_271,2015-08-24,516.82,3427.15
store_271,2015-08-25,497.565,3252.795
store_271,2015-08-26,493.905,3318.025
store_271,2015-08-27,500.175,3403.36
store_271,2015-08-28,518.615,3497.895
store_271,2015-08-29,287.805,2284.84
store_272,2015-07-20,684.39,5507.18
store_272,2015-07-21,615.91,5017.455
store_272,2015-07-22,573.7,4678.215
store_272,2015-07-23,557.68,4628.17
store_272,2015-07-24,555.215,4625.77
store_272,2015-07-25,569.53,4926.14
store_272,2015-07-26,0.0,0.0
store_272,2015-07-27,765.255,7506.7
store_272,2015-07-28,683.77,6828.49
store_272,2015-07-29,654.09,6378.745
store_272,2015-07-30,673.655,6229.155
store_272,2015-07-31,656.37,6217.03
store_272,2015-08-01,581.16,5220.86
store_272,2015-08-02,0.0,0.0
store_272,2015-08-03,797.97,8287.285
store_272,2015-08-04,677.365,6812.155
store_272,2015-08-05,629.9,5989.445
store_272,2015-08-06,627.765,5864.785
store_272,2015-08-07,601.88,5494.325
store_272,2015-08-08,559.88,5070.6
store_272,2015-08-09,0.0,0.0
store_272,2015-08-10,669.625,5750.525
store_272,2015-08-11,602.915,5290.65
store_272,2015-08-12,562.055,4790.255
store_272,2015-08-13,574.245,4865.08
store_272,2015-08-14,558.28,4652.185
store_272,2015-08-15,548.62,4781.105
store_272,2015-08-16,0.0,0.0
store_272,2015-08-17,848.995,8428.535
store_272,2015-08-18,747.365,7445.585
store_272,2015-08-19,698.28,6599.78
store_272,2015-08-20,679.48,6270.43
store_272,2015-08-21,648.495,5884.75
store_272,2015-08-22,554.805,4890.395
store_272,2015-08-23,0.0,0.0
store_272,2015-08-24,670.38,5871.995
store_272,2015-08-25,596.445,5441.27
store_272,2015-08-26,576.625,5228.69
store_272,2015-08-27,575.2,5174.99
store_272,2015-08-28,577.62,5078.905
store_272,2015-08-29,550.93,4944.23
store_273,2015-07-20,640.22,6812.025
store_273,2015-07-21,595.5,6214.555
store_273,2015-07-22,610.82,6470.615
store_273,2015-07-23,645.325,7099.945
store_273,2015-07-24,654.385,7226.605
store_273,2015-07-25,434.3,4812.35
store_273,2015-07-26,0.0,0.0
store_273,2015-07-27,848.19,11039.465
store_273,2015-07-28,757.22,9131.645
store_273,2015-07-29,746.595,8649.055
store_273,2015-07-30,752.105,8723.5
store_273,2015-07-31,771.405,8822.81
store_273,2015-08-01,448.05,4892.735
store_273,2015-08-02,0.0,0.0
store_273,2015-08-03,900.23,11056.55
store_273,2015-08-04,755.825,8872.39
store_273,2015-08-05,711.33,8377.96
store_273,2015-08-06,716.18,8466.035
store_273,2015-08-07,726.12,8234.025
store_273,2015-08-08,452.3,4706.375
store_273,2015-08-09,0.0,0.0
store_273,2015-08-10,698.81,6926.96
store_273,2015-08-11,643.545,6161.635
store_273,2015-08-12,641.41,6175.435
store_273,2015-08-13,644.925,6674.665
store_273,2015-08-14,673.17,7005.485
store_273,2015-08-15,447.48,4678.22
store_273,2015-08-16,0.0,0.0
store_273,2015-08-17,915.855,10272.03
store_273,2015-08-18,773.995,8319.71
store_273,2015-08-19,718.065,7690.155
store_273,2015-08-20,737.935,7731.915
store_273,2015-08-21,741.765,7743.525
store_273,2015-08-22,446.715,4539.47
store_273,2015-08-23,0.0,0.0
store_273,2015-08-24,750.355,6654.14
store_273,2015-08-25,679.725,6161.085
store_273,2015-08-26,646.565,6055.55
store_273,2015-08-27,669.55,6476.915
store_273,2015-08-28,671.915,6760.79
store_273,2015-08-29,453.03,4532.805
store_274,2015-07-20,1364.04,9238.7
store_274,2015-07-21,1252.54,8552.105
store_274,2015-07-22,1294.425,8806.375
store_274,2015-07-23,1319.64,8835.225
store_274,2015-07-24,1269.7,8631.52
store_274,2015-07-25,1153.735,7740.06
store_274,2015-07-26,0.0,0.0
store_274,2015-07-27,1703.77,14621.675
store_274,2015-07-28,1693.115,13550.665
store_274,2015-07-29,1761.675,13300.235
store_274,2015-07-30,1682.935,12174.59
store_274,2015-07-31,1530.33,10722.58
store_274,2015-08-01,1198.975,7843.34
store_274,2015-08-02,0.0,0.0
store_274,2015-08-03,1767.465,14414.83
store_274,2015-08-04,1565.335,12186.165
store_274,2015-08-05,1471.26,11498.315
store_274,2015-08-06,1473.52,10603.29
store_274,2015-08-07,1430.305,10046.365
store_274,2015-08-08,1215.155,8123.84
store_274,2015-08-09,0.0,0.0
store_274,2015-08-10,1500.94,9784.37
store_274,2015-08-11,1423.625,9280.465
store_274,2015-08-12,1399.845,9204.59
store_274,2015-08-13,1399.345,9057.665
store_274,2015-08-14,1411.325,8897.655
store_274,2015-08-15,1220.205,8145.07
store_274,2015-08-16,0.0,0.0
store_274,2015-08-17,1784.01,14226.825
store_274,2015-08-18,1628.835,12243.8
store_274,2015-08-19,1507.66,11206.07
store_274,2015-08-20,1536.31,10671.305
store_274,2015-08-21,1481.615,10247.27
store_274,2015-08-22,1198.505,8160.0
store_274,2015-08-23,0.0,0.0
store_274,2015-08-24,1417.05,9229.75
store_274,2015-08-25,1323.57,8794.42
store_274,2015-08-26,1247.165,8539.665
store_274,2015-08-27,1311.615,9076.435
store_274,2015-08-28,1362.63,9077.245
store_274,2015-08-29,1219.65,8231.715
store_275,2015-07-20,882.825,6502.14
store_275,2015-07-21,841.755,6132.96
store_275,2015-07-22,837.8,6028.49
store_275,2015-07-23,1072.5,8111.535
store_275,2015-07-24,957.54,7240.34
store_275,2015-07-25,1261.365,9647.285
store_275,2015-07-26,0.0,0.0
store_275,2015-07-27,1099.745,11028.055
store_275,2015-07-28,1000.55,9425.54
store_275,2015-07-29,958.24,8490.04
store_275,2015-07-30,1167.14,10653.815
store_275,2015-07-31,1106.31,9765.845
store_275,2015-08-01,1346.825,10726.965
store_275,2015-08-02,0.0,0.0
store_275,2015-08-03,1220.495,11152.14
store_275,2015-08-04,1020.89,9281.39
store_275,2015-08-05,970.815,8253.81
store_275,2015-08-06,1087.795,9708.995
store_275,2015-08-07,1050.975,9052.295
store_275,2015-08-08,1256.145,9907.085
store_275,2015-08-09,0.0,0.0
store_275,2015-08-10,1008.945,7628.335
store_275,2015-08-11,908.16,7047.84
store_275,2015-08-12,868.475,6531.08
store_275,2015-08-13,927.59,7496.9
store_275,2015-08-14,959.26,7535.4
store_275,2015-08-15,1361.53,10670.15
store_275,2015-08-16,0.0,0.0
store_275,2015-08-17,1261.38,11154.33
store_275,2015-08-18,1107.24,9499.955
store_275,2015-08-19,1038.91,8535.585
store_275,2015-08-20,1078.175,9212.92
store_275,2015-08-21,1074.72,8948.06
store_275,2015-08-22,1340.02,10353.9
store_275,2015-08-23,0.0,0.0
store_275,2015-08-24,996.65,7716.51
store_275,2015-08-25,878.3,7089.19
store_275,2015-08-26,860.725,6594.35
store_275,2015-08-27,899.235,7148.025
store_275,2015-08-28,940.63,7533.76
store_275,2015-08-29,1368.57,10761.76
store_276,2015-07-20,452.275,4839.335
store_276,2015-07-21,403.86,4428.205
store_276,2015-07-22,404.76,4250.47
store_276,2015-07-23,420.83,4466.705
store_276,2015-07-24,446.005,4811.0
store_276,2015-07-25,396.73,4494.12
store_276,2015-07-26,0.0,0.0
store_276,2015-07-27,551.05,7315.8
store_276,2015-07-28,492.94,6490.985
store_276,2015-07-29,492.38,5868.425
store_276,2015-07-30,509.79,5994.005
store_276,2015-07-31,530.785,6088.71
store_276,2015-08-01,414.695,4507.52
store_276,2015-08-02,0.0,0.0
store_276,2015-08-03,574.86,7291.305
store_276,2015-08-04,504.775,6130.82
store_276,2015-08-05,467.35,5514.14
store_276,2015-08-06,468.905,5519.885
store_276,2015-08-07,477.0,5554.595
store_276,2015-08-08,398.47,4482.91
store_276,2015-08-09,0.0,0.0
store_276,2015-08-10,499.11,5009.865
store_276,2015-08-11,449.435,4592.79
store_276,2015-08-12,420.39,4274.21
store_276,2015-08-13,423.28,4441.215
store_276,2015-08-14,428.035,4622.99
store_276,2015-08-15,405.97,4380.06
store_276,2015-08-16,0.0,0.0
store_276,2015-08-17,618.12,7329.94
store_276,2015-08-18,539.12,6277.68
store_276,2015-08-19,503.015,5614.07
store_276,2015-08-20,502.325,5576.07
store_276,2015-08-21,495.065,5532.555
store_276,2015-08-22,414.655,4331.255
store_276,2015-08-23,0.0,0.0
store_276,2015-08-24,499.74,5057.97
store_276,2015-08-25,431.965,4580.085
store_276,2015-08-26,422.06,4427.465
store_276,2015-08-27,416.565,4524.405
store_276,2015-08-28,428.945,4769.185
store_276,2015-08-29,409.775,4301.855
store_277,2015-07-20,428.475,3898.015
store_277,2015-07-21,407.35,3655.265
store_277,2015-07-22,410.495,3532.965
store_277,2015-07-23,421.48,3828.575
store_277,2015-07-24,443.6,4060.91
store_277,2015-07-25,289.245,2744.98
store_277,2015-07-26,0.0,0.0
store_277,2015-07-27,587.44,7005.235
store_277,2015-07-28,521.255,6187.795
store_277,2015-07-29,510.03,5619.33
store_277,2015-07-30,526.445,5708.31
store_277,2015-07-31,526.57,5703.88
store_277,2015-08-01,297.62,2901.445
store_277,2015-08-02,0.0,0.0
store_277,2015-08-03,615.365,6982.265
store_277,2015-08-04,518.985,5805.86
store_277,2015-08-05,483.83,5061.245
store_277,2015-08-06,481.95,5079.12
store_277,2015-08-07,490.35,5195.28
store_277,2015-08-08,280.755,2660.755
store_277,2015-08-09,0.0,0.0
store_277,2015-08-10,485.645,4386.85
store_277,2015-08-11,450.945,4080.02
store_277,2015-08-12,432.15,3930.685
store_277,2015-08-13,448.195,4187.475
store_277,2015-08-14,461.265,4323.695
store_277,2015-08-15,278.745,2626.425
store_277,2015-08-16,0.0,0.0
store_277,2015-08-17,611.395,6737.94
store_277,2015-08-18,538.965,5763.45
store_277,2015-08-19,508.23,5123.19
store_277,2015-08-20,504.8,5032.1
store_277,2015-08-21,508.115,5087.11
store_277,2015-08-22,279.53,2616.085
store_277,2015-08-23,0.0,0.0
store_277,2015-08-24,480.86,4312.375
store_277,2015-08-25,436.29,3972.035
store_277,2015-08-26,438.68,3921.66
store_277,2015-08-27,452.34,4189.605
store_277,2015-08-28,469.96,4511.375
store_277,2015-08-29,280.385,2638.71
store_278,2015-07-20,1503.9,12248.2
store_278,2015-07-21,1345.225,10905.565
store_278,2015-07-22,1380.74,11119.1
store_278,2015-07-23,1358.225,10748.09
store_278,2015-07-24,1258.585,9842.3
store_278,2015-07-25,1149.245,9002.235
store_278,2015-07-26,902.13,6788.885
store_278,2015-07-27,1668.055,15012.625
store_278,2015-07-28,1475.205,13969.025
store_278,2015-07-29,1364.07,13414.15
store_278,2015-07-30,1423.765,13482.585
store_278,2015-07-31,1289.205,12693.44
store_278,2015-08-01,1169.215,9776.925
store_278,2015-08-02,966.335,7440.565
store_278,2015-08-03,1718.075,15628.275
store_278,2015-08-04,1577.555,14398.67
store_278,2015-08-05,1371.335,12996.16
store_278,2015-08-06,1576.045,13860.225
store_278,2015-08-07,1336.32,11885.625
store_278,2015-08-08,1157.115,9757.865
store_278,2015-08-09,1004.39,7624.635
store_278,2015-08-10,1552.075,12604.45
store_278,2015-08-11,1439.08,11960.725
store_278,2015-08-12,1330.06,11538.515
store_278,2015-08-13,1429.59,11647.6
store_278,2015-08-14,1293.66,10657.905
store_278,2015-08-15,1152.41,9842.025
store_278,2015-08-16,1042.555,7988.475
store_278,2015-08-17,1620.675,14517.425
store_278,2015-08-18,1543.07,13758.645
store_278,2015-08-19,1339.675,12053.02
store_278,2015-08-20,1499.64,13121.22
store_278,2015-08-21,1236.425,11518.09
store_278,2015-08-22,1131.31,10080.275
store_278,2015-08-23,1015.98,8030.275
store_278,2015-08-24,1465.835,11647.045
store_278,2015-08-25,1357.5,11349.23
store_278,2015-08-26,1296.735,11010.565
store_278,2015-08-27,1409.35,11634.445
store_278,2015-08-28,1230.92,11106.105
store_278,2015-08-29,1117.17,10195.305
store_279,2015-07-20,496.21,6876.525
store_279,2015-07-21,440.035,6493.805
store_279,2015-07-22,444.23,6399.26
store_279,2015-07-23,432.15,6301.755
store_279,2015-07-24,440.795,6350.145
store_279,2015-07-25,529.565,8923.97
store_279,2015-07-26,0.0,0.0
store_279,2015-07-27,593.19,9553.16
store_279,2015-07-28,531.045,8969.485
store_279,2015-07-29,517.035,8580.955
store_279,2015-07-30,504.74,8321.8
store_279,2015-07-31,505.71,8286.01
store_279,2015-08-01,535.285,8933.215
store_279,2015-08-02,0.0,0.0
store_279,2015-08-03,623.44,9850.215
store_279,2015-08-04,525.385,8580.845
store_279,2015-08-05,501.835,8365.715
store_279,2015-08-06,495.03,8007.195
store_279,2015-08-07,500.68,7806.895
store_279,2015-08-08,520.845,8709.4
store_279,2015-08-09,0.0,0.0
store_279,2015-08-10,473.09,6740.01
store_279,2015-08-11,433.345,6333.385
store_279,2015-08-12,420.8,6154.865
store_279,2015-08-13,437.99,6304.095
store_279,2015-08-14,472.27,6612.27
store_279,2015-08-15,515.8,8262.805
store_279,2015-08-16,0.0,0.0
store_279,2015-08-17,628.655,9821.595
store_279,2015-08-18,536.525,8283.055
store_279,2015-08-19,520.27,7838.215
store_279,2015-08-20,522.75,7789.055
store_279,2015-08-21,537.055,7801.435
store_279,2015-08-22,524.99,8107.63
store_279,2015-08-23,0.0,0.0
store_279,2015-08-24,458.19,6474.575
store_279,2015-08-25,412.515,6041.865
store_279,2015-08-26,430.19,6155.02
store_279,2015-08-27,442.035,6471.895
store_279,2015-08-28,476.675,7011.36
store_279,2015-08-29,520.235,8117.925
store_28,2015-07-20,404.2,4603.885
store_28,2015-07-21,354.91,3990.49
store_28,2015-07-22,344.895,3818.265
store_28,2015-07-23,373.895,4219.795
store_28,2015-07-24,404.71,4652.525
store_28,2015-07-25,452.44,5498.24
store_28,2015-07-26,0.0,0.0
store_28,2015-07-27,525.195,7719.165
store_28,2015-07-28,459.775,6439.2
store_28,2015-07-29,462.41,6105.4
store_28,2015-07-30,465.07,5903.085
store_28,2015-07-31,470.495,6155.635
store_28,2015-08-01,484.295,5790.48
store_28,2015-08-02,0.0,0.0
store_28,2015-08-03,545.19,7760.035
store_28,2015-08-04,462.88,6161.855
store_28,2015-08-05,423.735,5452.33
store_28,2015-08-06,434.92,5601.19
store_28,2015-08-07,451.17,5748.475
store_28,2015-08-08,459.52,5551.57
store_28,2015-08-09,0.0,0.0
store_28,2015-08-10,413.815,4872.075
store_28,2015-08-11,372.02,4405.585
store_28,2015-08-12,385.655,4362.945
store_28,2015-08-13,414.005,4824.6
store_28,2015-08-14,423.38,4944.39
store_28,2015-08-15,444.86,5546.135
store_28,2015-08-16,0.0,0.0
store_28,2015-08-17,533.155,7328.345
store_28,2015-08-18,471.55,6151.445
store_28,2015-08-19,443.025,5638.77
store_28,2015-08-20,459.075,5821.135
store_28,2015-08-21,479.765,5992.745
store_28,2015-08-22,444.74,5349.83
store_28,2015-08-23,0.0,0.0
store_28,2015-08-24,393.305,4651.62
store_28,2015-08-25,342.85,4150.8
store_28,2015-08-26,361.89,4211.395
store_28,2015-08-27,399.33,4745.225
store_28,2015-08-28,435.935,5375.375
store_28,2015-08-29,452.745,5537.575
store_280,2015-07-20,770.965,5109.91
store_280,2015-07-21,699.18,4667.455
store_280,2015-07-22,768.835,4949.385
store_280,2015-07-23,793.82,5137.145
store_280,2015-07-24,724.75,4759.385
store_280,2015-07-25,654.575,4355.64
store_280,2015-07-26,0.0,0.0
store_280,2015-07-27,973.75,8104.39
store_280,2015-07-28,898.59,7289.13
store_280,2015-07-29,941.96,7334.11
store_280,2015-07-30,977.5,7496.795
store_280,2015-07-31,866.955,6508.31
store_280,2015-08-01,674.635,4510.255
store_280,2015-08-02,0.0,0.0
store_280,2015-08-03,1081.03,8863.7
store_280,2015-08-04,913.26,7124.44
store_280,2015-08-05,877.985,6745.72
store_280,2015-08-06,865.255,6651.74
store_280,2015-08-07,814.765,6020.395
store_280,2015-08-08,662.025,4487.22
store_280,2015-08-09,0.0,0.0
store_280,2015-08-10,811.575,5486.11
store_280,2015-08-11,753.565,5098.575
store_280,2015-08-12,740.685,5061.675
store_280,2015-08-13,771.745,5242.855
store_280,2015-08-14,782.73,5152.03
store_280,2015-08-15,673.02,4579.82
store_280,2015-08-16,0.0,0.0
store_280,2015-08-17,1068.96,8423.75
store_280,2015-08-18,956.65,7303.185
store_280,2015-08-19,901.325,6598.645
store_280,2015-08-20,888.855,6477.66
store_280,2015-08-21,856.635,6217.245
store_280,2015-08-22,665.115,4438.965
store_280,2015-08-23,0.0,0.0
store_280,2015-08-24,801.035,5217.925
store_280,2015-08-25,708.99,4760.965
store_280,2015-08-26,709.19,4890.98
store_280,2015-08-27,771.18,5368.785
store_280,2015-08-28,777.81,5452.315
store_280,2015-08-29,683.22,4767.035
store_281,2015-07-20,686.93,6223.51
store_281,2015-07-21,617.72,5777.245
store_281,2015-07-22,604.995,5703.075
store_281,2015-07-23,609.615,5588.37
store_281,2015-07-24,603.43,5613.335
store_281,2015-07-25,843.82,9205.745
store_281,2015-07-26,0.0,0.0
store_281,2015-07-27,815.51,9686.32
store_281,2015-07-28,749.75,8891.2
store_281,2015-07-29,770.885,8457.775
store_281,2015-07-30,778.535,8122.475
store_281,2015-07-31,760.865,8177.435
store_281,2015-08-01,840.315,8784.885
store_281,2015-08-02,0.0,0.0
store_281,2015-08-03,885.51,10395.16
store_281,2015-08-04,778.64,8539.705
store_281,2015-08-05,725.81,7831.885
store_281,2015-08-06,716.375,7391.405
store_281,2015-08-07,709.625,7366.285
store_281,2015-08-08,798.94,8602.77
store_281,2015-08-09,0.0,0.0
store_281,2015-08-10,709.045,6687.095
store_281,2015-08-11,656.045,6231.125
store_281,2015-08-12,645.915,6019.43
store_281,2015-08-13,639.45,5921.435
store_281,2015-08-14,660.39,6175.97
store_281,2015-08-15,774.5,8397.7
store_281,2015-08-16,0.0,0.0
store_281,2015-08-17,871.105,10323.765
store_281,2015-08-18,793.86,8740.17
store_281,2015-08-19,750.75,7946.09
store_281,2015-08-20,761.92,7709.72
store_281,2015-08-21,752.81,7668.835
store_281,2015-08-22,773.87,8212.845
store_281,2015-08-23,0.0,0.0
store_281,2015-08-24,762.695,7364.74
store_281,2015-08-25,679.42,6663.945
store_281,2015-08-26,645.595,6180.5
store_281,2015-08-27,652.415,6325.705
store_281,2015-08-28,675.465,6598.62
store_281,2015-08-29,750.765,8081.89
store_282,2015-07-20,1049.035,7794.785
store_282,2015-07-21,1016.28,7303.45
store_282,2015-07-22,972.53,6906.24
store_282,2015-07-23,1053.675,7631.805
store_282,2015-07-24,1061.73,7666.82
store_282,2015-07-25,732.04,5548.255
store_282,2015-07-26,0.0,0.0
store_282,2015-07-27,1432.125,13439.71
store_282,2015-07-28,1340.735,12362.305
store_282,2015-07-29,1255.34,11098.735
store_282,2015-07-30,1268.5,11180.05
store_282,2015-07-31,1191.865,10163.205
store_282,2015-08-01,750.6,5790.83
store_282,2015-08-02,0.0,0.0
store_282,2015-08-03,1479.205,14083.605
store_282,2015-08-04,1307.555,11607.63
store_282,2015-08-05,1231.605,10516.94
store_282,2015-08-06,1225.76,10426.92
store_282,2015-08-07,1157.57,9785.255
store_282,2015-08-08,758.13,5958.41
store_282,2015-08-09,0.0,0.0
store_282,2015-08-10,1128.375,8530.785
store_282,2015-08-11,1065.82,8020.38
store_282,2015-08-12,1059.36,7794.64
store_282,2015-08-13,1089.695,8090.795
store_282,2015-08-14,1071.96,8193.74
store_282,2015-08-15,763.785,5851.535
store_282,2015-08-16,0.0,0.0
store_282,2015-08-17,1379.44,12883.135
store_282,2015-08-18,1270.875,10908.39
store_282,2015-08-19,1195.7,10052.305
store_282,2015-08-20,1196.45,9878.48
store_282,2015-08-21,1178.62,9645.465
store_282,2015-08-22,792.54,5838.16
store_282,2015-08-23,0.0,0.0
store_282,2015-08-24,1069.92,7970.26
store_282,2015-08-25,976.145,7435.26
store_282,2015-08-26,999.14,7534.815
store_282,2015-08-27,1025.175,7927.03
store_282,2015-08-28,1047.79,8262.745
store_282,2015-08-29,809.99,6123.245
store_283,2015-07-20,467.785,4164.155
store_283,2015-07-21,407.045,3870.085
store_283,2015-07-22,407.685,3699.35
store_283,2015-07-23,393.745,3623.39
store_283,2015-07-24,422.695,3767.255
store_283,2015-07-25,473.71,4560.805
store_283,2015-07-26,0.0,0.0
store_283,2015-07-27,609.8,7163.175
store_283,2015-07-28,505.23,6129.89
store_283,2015-07-29,498.305,5602.84
store_283,2015-07-30,488.755,5239.35
store_283,2015-07-31,475.715,5172.425
store_283,2015-08-01,489.975,4758.72
store_283,2015-08-02,0.0,0.0
store_283,2015-08-03,661.31,7313.17
store_283,2015-08-04,526.145,5898.12
store_283,2015-08-05,488.03,5510.585
store_283,2015-08-06,482.945,5154.02
store_283,2015-08-07,471.5,4956.1
store_283,2015-08-08,465.845,4589.45
store_283,2015-08-09,0.0,0.0
store_283,2015-08-10,502.505,4780.49
store_283,2015-08-11,448.59,4508.6
store_283,2015-08-12,429.735,4244.61
store_283,2015-08-13,444.52,4362.29
store_283,2015-08-14,454.765,4432.29
store_283,2015-08-15,464.685,4617.985
store_283,2015-08-16,0.0,0.0
store_283,2015-08-17,664.81,8053.015
store_283,2015-08-18,560.37,6645.04
store_283,2015-08-19,533.225,6051.455
store_283,2015-08-20,523.18,5760.88
store_283,2015-08-21,519.855,5610.23
store_283,2015-08-22,491.28,4826.665
store_283,2015-08-23,0.0,0.0
store_283,2015-08-24,488.725,5053.7
store_283,2015-08-25,438.095,4762.235
store_283,2015-08-26,446.375,4786.09
store_283,2015-08-27,446.94,4881.65
store_283,2015-08-28,468.055,4868.98
store_283,2015-08-29,468.735,4798.86
store_284,2015-07-20,897.215,5873.44
store_284,2015-07-21,841.625,5466.525
store_284,2015-07-22,834.495,5369.695
store_284,2015-07-23,842.525,5437.985
store_284,2015-07-24,834.905,5104.755
store_284,2015-07-25,547.925,3738.24
store_284,2015-07-26,0.0,0.0
store_284,2015-07-27,1111.52,9001.14
store_284,2015-07-28,1041.17,8212.565
store_284,2015-07-29,1003.235,7759.96
store_284,2015-07-30,1018.64,7531.045
store_284,2015-07-31,979.87,6829.145
store_284,2015-08-01,603.68,3872.685
store_284,2015-08-02,0.0,0.0
store_284,2015-08-03,1133.185,9171.34
store_284,2015-08-04,1029.25,7837.37
store_284,2015-08-05,962.265,7203.725
store_284,2015-08-06,934.875,7045.23
store_284,2015-08-07,893.5,6398.425
store_284,2015-08-08,572.305,3888.835
store_284,2015-08-09,0.0,0.0
store_284,2015-08-10,854.86,6061.82
store_284,2015-08-11,845.755,5680.49
store_284,2015-08-12,847.25,5648.11
store_284,2015-08-13,839.95,5724.21
store_284,2015-08-14,868.145,5576.68
store_284,2015-08-15,586.09,3859.265
store_284,2015-08-16,0.0,0.0
store_284,2015-08-17,1135.325,8647.695
store_284,2015-08-18,1030.075,7799.43
store_284,2015-08-19,973.57,7186.66
store_284,2015-08-20,976.915,7031.115
store_284,2015-08-21,960.55,6634.395
store_284,2015-08-22,591.395,3853.175
store_284,2015-08-23,0.0,0.0
store_284,2015-08-24,894.65,5929.945
store_284,2015-08-25,824.855,5554.585
store_284,2015-08-26,841.795,5567.13
store_284,2015-08-27,854.74,5910.28
store_284,2015-08-28,833.63,5799.65
store_284,2015-08-29,568.405,3874.75
store_285,2015-07-20,602.23,7067.185
store_285,2015-07-21,526.905,6220.61
store_285,2015-07-22,556.48,6371.105
store_285,2015-07-23,556.455,6415.54
store_285,2015-07-24,585.625,6871.87
store_285,2015-07-25,582.365,7002.21
store_285,2015-07-26,0.0,0.0
store_285,2015-07-27,833.07,12347.42
store_285,2015-07-28,688.74,9631.64
store_285,2015-07-29,689.875,9173.165
store_285,2015-07-30,693.705,9276.77
store_285,2015-07-31,689.615,9348.205
store_285,2015-08-01,608.73,7339.585
store_285,2015-08-02,0.0,0.0
store_285,2015-08-03,879.49,12436.325
store_285,2015-08-04,706.875,9451.005
store_285,2015-08-05,666.49,8900.53
store_285,2015-08-06,662.825,8745.165
store_285,2015-08-07,645.835,8455.27
store_285,2015-08-08,593.34,7269.79
store_285,2015-08-09,0.0,0.0
store_285,2015-08-10,640.35,7821.445
store_285,2015-08-11,581.595,7030.915
store_285,2015-08-12,579.835,6865.485
store_285,2015-08-13,597.735,7102.21
store_285,2015-08-14,608.385,7469.08
store_285,2015-08-15,588.225,7118.855
store_285,2015-08-16,0.0,0.0
store_285,2015-08-17,873.925,12509.065
store_285,2015-08-18,719.83,9819.66
store_285,2015-08-19,695.645,9030.765
store_285,2015-08-20,699.97,8975.02
store_285,2015-08-21,709.22,9252.485
store_285,2015-08-22,605.32,7121.235
store_285,2015-08-23,0.0,0.0
store_285,2015-08-24,630.765,7976.52
store_285,2015-08-25,571.5,7096.015
store_285,2015-08-26,579.22,7043.58
store_285,2015-08-27,600.055,7463.38
store_285,2015-08-28,632.56,8104.92
store_285,2015-08-29,597.8,7269.435
store_286,2015-07-20,645.15,5961.3
store_286,2015-07-21,584.115,5436.835
store_286,2015-07-22,606.2,5783.585
store_286,2015-07-23,659.62,6548.49
store_286,2015-07-24,692.8,7001.995
store_286,2015-07-25,408.57,4059.035
store_286,2015-07-26,0.0,0.0
store_286,2015-07-27,793.69,9213.97
store_286,2015-07-28,722.98,8017.12
store_286,2015-07-29,750.705,8197.395
store_286,2015-07-30,779.31,8375.2
store_286,2015-07-31,802.835,8767.525
store_286,2015-08-01,431.38,4193.485
store_286,2015-08-02,0.0,0.0
store_286,2015-08-03,861.38,9744.71
store_286,2015-08-04,729.855,7765.02
store_286,2015-08-05,703.345,7393.19
store_286,2015-08-06,721.65,7701.265
store_286,2015-08-07,746.42,8106.93
store_286,2015-08-08,431.135,4159.395
store_286,2015-08-09,0.0,0.0
store_286,2015-08-10,689.885,6191.515
store_286,2015-08-11,622.115,5480.04
store_286,2015-08-12,612.65,5569.11
store_286,2015-08-13,641.94,6116.935
store_286,2015-08-14,670.535,6528.605
store_286,2015-08-15,428.485,4105.45
store_286,2015-08-16,0.0,0.0
store_286,2015-08-17,902.52,9212.275
store_286,2015-08-18,744.85,7481.04
store_286,2015-08-19,703.995,7059.985
store_286,2015-08-20,731.37,7083.67
store_286,2015-08-21,740.9,7417.715
store_286,2015-08-22,424.48,3977.69
store_286,2015-08-23,0.0,0.0
store_286,2015-08-24,732.405,6033.97
store_286,2015-08-25,663.31,5543.02
store_286,2015-08-26,627.075,5401.525
store_286,2015-08-27,647.015,5747.455
store_286,2015-08-28,677.915,6162.055
store_286,2015-08-29,431.005,4047.275
store_287,2015-07-20,1382.145,10898.08
store_287,2015-07-21,1410.835,11056.075
store_287,2015-07-22,1387.975,10972.36
store_287,2015-07-23,1477.655,11291.4
store_287,2015-07-24,1325.835,10727.84
store_287,2015-07-25,1467.55,11433.935
store_287,2015-07-26,0.0,0.0
store_287,2015-07-27,1704.945,16777.98
store_287,2015-07-28,1627.375,15603.825
store_287,2015-07-29,1600.695,14649.54
store_287,2015-07-30,1642.205,14182.68
store_287,2015-07-31,1503.18,12906.945
store_287,2015-08-01,1511.78,11610.88
store_287,2015-08-02,0.0,0.0
store_287,2015-08-03,1770.6,16399.99
store_287,2015-08-04,1645.385,14723.525
store_287,2015-08-05,1555.625,13523.645
store_287,2015-08-06,1521.955,13394.125
store_287,2015-08-07,1504.36,12762.235
store_287,2015-08-08,1446.185,11734.385
store_287,2015-08-09,0.0,0.0
store_287,2015-08-10,1370.605,10778.54
store_287,2015-08-11,1412.495,10827.02
store_287,2015-08-12,1356.185,10609.34
store_287,2015-08-13,1404.33,11139.515
store_287,2015-08-14,1418.025,11059.585
store_287,2015-08-15,1411.14,11260.6
store_287,2015-08-16,0.0,0.0
store_287,2015-08-17,1728.22,15606.19
store_287,2015-08-18,1627.1,14155.595
store_287,2015-08-19,1537.78,13096.795
store_287,2015-08-20,1599.155,13292.02
store_287,2015-08-21,1492.84,12699.075
store_287,2015-08-22,1428.955,11205.515
store_287,2015-08-23,0.0,0.0
store_287,2015-08-24,1375.95,10390.595
store_287,2015-08-25,1311.87,10224.05
store_287,2015-08-26,1321.865,10272.985
store_287,2015-08-27,1419.53,10987.415
store_287,2015-08-28,1426.39,11220.9
store_287,2015-08-29,1442.585,11434.14
store_288,2015-07-20,664.58,4977.94
store_288,2015-07-21,601.995,4528.14
store_288,2015-07-22,568.51,4413.675
store_288,2015-07-23,581.93,4391.34
store_288,2015-07-24,573.625,4600.605
store_288,2015-07-25,829.75,7199.19
store_288,2015-07-26,0.0,0.0
store_288,2015-07-27,797.195,7491.065
store_288,2015-07-28,719.5,6952.855
store_288,2015-07-29,697.525,6323.57
store_288,2015-07-30,706.33,6165.605
store_288,2015-07-31,694.625,6026.605
store_288,2015-08-01,845.51,7151.485
store_288,2015-08-02,0.0,0.0
store_288,2015-08-03,879.155,8222.88
store_288,2015-08-04,740.185,6941.235
store_288,2015-08-05,683.625,6179.695
store_288,2015-08-06,675.0,5970.335
store_288,2015-08-07,641.875,5657.72
store_288,2015-08-08,826.22,7165.56
store_288,2015-08-09,0.0,0.0
store_288,2015-08-10,715.88,5536.14
store_288,2015-08-11,660.175,5226.84
store_288,2015-08-12,633.905,4832.515
store_288,2015-08-13,634.14,4887.58
store_288,2015-08-14,628.09,4784.025
store_288,2015-08-15,814.9,6997.715
store_288,2015-08-16,0.0,0.0
store_288,2015-08-17,861.51,8125.075
store_288,2015-08-18,777.91,7055.32
store_288,2015-08-19,737.88,6307.12
store_288,2015-08-20,731.755,6041.56
store_288,2015-08-21,701.46,5743.215
store_288,2015-08-22,793.63,6719.865
store_288,2015-08-23,0.0,0.0
store_288,2015-08-24,799.075,6474.45
store_288,2015-08-25,725.68,5893.22
store_288,2015-08-26,680.295,5374.4
store_288,2015-08-27,670.45,5304.04
store_288,2015-08-28,678.695,5156.935
store_288,2015-08-29,805.165,6794.755
store_289,2015-07-20,1428.045,9581.81
store_289,2015-07-21,1345.775,8998.55
store_289,2015-07-22,1360.15,9152.265
store_289,2015-07-23,1408.895,9464.515
store_289,2015-07-24,1394.275,9327.525
store_289,2015-07-25,1582.81,10605.645
store_289,2015-07-26,0.0,0.0
store_289,2015-07-27,1808.365,15656.865
store_289,2015-07-28,1728.165,14242.215
store_289,2015-07-29,1723.475,13201.555
store_289,2015-07-30,1731.01,12680.4
store_289,2015-07-31,1608.99,11563.195
store_289,2015-08-01,1583.375,10592.965
store_289,2015-08-02,0.0,0.0
store_289,2015-08-03,1801.185,14360.375
store_289,2015-08-04,1664.95,12690.25
store_289,2015-08-05,1534.1,11831.475
store_289,2015-08-06,1525.755,11450.44
store_289,2015-08-07,1503.04,10823.13
store_289,2015-08-08,1549.85,10815.135
store_289,2015-08-09,0.0,0.0
store_289,2015-08-10,1562.195,10125.11
store_289,2015-08-11,1452.855,9648.94
store_289,2015-08-12,1407.03,9339.415
store_289,2015-08-13,1415.52,9446.725
store_289,2015-08-14,1457.59,9444.355
store_289,2015-08-15,1548.08,10516.71
store_289,2015-08-16,0.0,0.0
store_289,2015-08-17,1832.165,14000.525
store_289,2015-08-18,1710.31,12604.355
store_289,2015-08-19,1624.135,11682.035
store_289,2015-08-20,1591.38,10932.685
store_289,2015-08-21,1512.525,10521.725
store_289,2015-08-22,1483.86,10218.9
store_289,2015-08-23,0.0,0.0
store_289,2015-08-24,1452.47,9312.2
store_289,2015-08-25,1448.76,9282.775
store_289,2015-08-26,1483.185,9313.295
store_289,2015-08-27,1492.7,9512.765
store_289,2015-08-28,1485.185,9412.525
store_289,2015-08-29,1468.76,10161.765
store_29,2015-07-20,866.26,6490.485
store_29,2015-07-21,799.365,5935.115
store_29,2015-07-22,831.95,6023.88
store_29,2015-07-23,826.655,6191.955
store_29,2015-07-24,791.79,6147.44
store_29,2015-07-25,677.565,5224.045
store_29,2015-07-26,0.0,0.0
store_29,2015-07-27,1073.005,9821.165
store_29,2015-07-28,976.49,8730.165
store_29,2015-07-29,975.92,8329.83
store_29,2015-07-30,994.715,8228.24
store_29,2015-07-31,950.46,7686.01
store_29,2015-08-01,702.045,5233.735
store_29,2015-08-02,0.0,0.0
store_29,2015-08-03,1152.935,10599.965
store_29,2015-08-04,994.645,8599.885
store_29,2015-08-05,943.65,8096.805
store_29,2015-08-06,928.615,7973.05
store_29,2015-08-07,916.46,7663.505
store_29,2015-08-08,691.575,5360.87
store_29,2015-08-09,0.0,0.0
store_29,2015-08-10,877.305,6635.55
store_29,2015-08-11,819.17,6088.65
store_29,2015-08-12,787.03,5932.785
store_29,2015-08-13,815.9,6206.385
store_29,2015-08-14,863.34,6548.87
store_29,2015-08-15,688.945,5245.17
store_29,2015-08-16,0.0,0.0
store_29,2015-08-17,1132.2,9897.27
store_29,2015-08-18,1037.405,8688.59
store_29,2015-08-19,931.66,7722.715
store_29,2015-08-20,925.445,7522.06
store_29,2015-08-21,921.22,7438.9
store_29,2015-08-22,706.78,5222.075
store_29,2015-08-23,0.0,0.0
store_29,2015-08-24,905.335,6623.885
store_29,2015-08-25,849.51,6275.01
store_29,2015-08-26,783.28,5898.3
store_29,2015-08-27,794.54,6071.01
store_29,2015-08-28,834.45,6370.67
store_29,2015-08-29,705.405,5256.205
store_290,2015-07-20,677.385,5084.475
store_290,2015-07-21,623.015,4654.175
store_290,2015-07-22,603.3,4487.6
store_290,2015-07-23,620.48,4636.83
store_290,2015-07-24,649.9,4752.57
store_290,2015-07-25,587.22,4339.125
store_290,2015-07-26,0.0,0.0
store_290,2015-07-27,872.15,7723.94
store_290,2015-07-28,762.175,7109.825
store_290,2015-07-29,751.66,6987.995
store_290,2015-07-30,771.595,6602.025
store_290,2015-07-31,760.075,6390.54
store_290,2015-08-01,623.675,4766.765
store_290,2015-08-02,0.0,0.0
store_290,2015-08-03,924.1,8653.035
store_290,2015-08-04,783.825,7052.315
store_290,2015-08-05,720.1,6365.75
store_290,2015-08-06,719.1,6177.855
store_290,2015-08-07,704.88,6002.25
store_290,2015-08-08,614.765,4791.705
store_290,2015-08-09,0.0,0.0
store_290,2015-08-10,684.775,5532.915
store_290,2015-08-11,637.015,5269.985
store_290,2015-08-12,638.97,4950.12
store_290,2015-08-13,655.735,5159.14
store_290,2015-08-14,672.525,5224.25
store_290,2015-08-15,636.24,4758.775
store_290,2015-08-16,0.0,0.0
store_290,2015-08-17,901.605,8809.51
store_290,2015-08-18,776.505,7402.62
store_290,2015-08-19,732.92,6801.11
store_290,2015-08-20,744.79,6669.11
store_290,2015-08-21,746.525,6594.015
store_290,2015-08-22,660.405,5048.05
store_290,2015-08-23,0.0,0.0
store_290,2015-08-24,663.415,5427.45
store_290,2015-08-25,603.24,5151.595
store_290,2015-08-26,591.795,5116.685
store_290,2015-08-27,632.37,5321.805
store_290,2015-08-28,669.79,5654.95
store_290,2015-08-29,658.335,5219.995
store_291,2015-07-20,444.505,2868.525
store_291,2015-07-21,385.965,2674.255
store_291,2015-07-22,381.155,2579.015
store_291,2015-07-23,426.245,2792.115
store_291,2015-07-24,383.485,2696.15
store_291,2015-07-25,293.505,2153.45
store_291,2015-07-26,0.0,0.0
store_291,2015-07-27,586.26,4993.535
store_291,2015-07-28,528.28,4488.66
store_291,2015-07-29,504.465,4088.395
store_291,2015-07-30,520.705,4112.62
store_291,2015-07-31,472.07,3652.09
store_291,2015-08-01,295.19,2130.155
store_291,2015-08-02,0.0,0.0
store_291,2015-08-03,621.44,5131.85
store_291,2015-08-04,524.37,4297.835
store_291,2015-08-05,485.955,3951.795
store_291,2015-08-06,486.65,3764.275
store_291,2015-08-07,474.16,3615.13
store_291,2015-08-08,288.985,2133.255
store_291,2015-08-09,0.0,0.0
store_291,2015-08-10,469.035,3233.86
store_291,2015-08-11,438.27,3058.415
store_291,2015-08-12,420.62,3020.41
store_291,2015-08-13,443.875,3138.84
store_291,2015-08-14,440.7,3061.755
store_291,2015-08-15,265.79,2063.35
store_291,2015-08-16,0.0,0.0
store_291,2015-08-17,628.755,5121.955
store_291,2015-08-18,548.21,4364.655
store_291,2015-08-19,502.34,3925.13
store_291,2015-08-20,492.37,3732.505
store_291,2015-08-21,495.5,3616.76
store_291,2015-08-22,285.835,2080.315
store_291,2015-08-23,0.0,0.0
store_291,2015-08-24,438.67,3016.31
store_291,2015-08-25,421.085,2895.64
store_291,2015-08-26,423.56,2980.52
store_291,2015-08-27,438.92,3159.385
store_291,2015-08-28,465.805,3336.39
store_291,2015-08-29,286.54,2129.44
store_292,2015-07-20,857.62,5189.035
store_292,2015-07-21,796.515,4828.235
store_292,2015-07-22,763.595,4786.28
store_292,2015-07-23,775.975,4848.495
store_292,2015-07-24,760.475,4777.805
store_292,2015-07-25,888.8,5803.43
store_292,2015-07-26,0.0,0.0
store_292,2015-07-27,1068.725,8317.925
store_292,2015-07-28,1013.32,7765.49
store_292,2015-07-29,955.64,7089.245
store_292,2015-07-30,980.805,6730.945
store_292,2015-07-31,937.725,6375.06
store_292,2015-08-01,918.77,5853.34
store_292,2015-08-02,0.0,0.0
store_292,2015-08-03,1130.825,8588.705
store_292,2015-08-04,994.075,7557.825
store_292,2015-08-05,940.865,6718.655
store_292,2015-08-06,929.545,6652.24
store_292,2015-08-07,879.265,6081.835
store_292,2015-08-08,858.305,5934.06
store_292,2015-08-09,0.0,0.0
store_292,2015-08-10,866.835,5550.805
store_292,2015-08-11,822.82,5188.875
store_292,2015-08-12,802.535,5001.885
store_292,2015-08-13,812.27,5213.7
store_292,2015-08-14,821.07,5071.52
store_292,2015-08-15,832.29,5660.62
store_292,2015-08-16,0.0,0.0
store_292,2015-08-17,1132.13,8423.305
store_292,2015-08-18,1030.79,7500.77
store_292,2015-08-19,954.9,6720.645
store_292,2015-08-20,949.635,6374.645
store_292,2015-08-21,909.845,6120.385
store_292,2015-08-22,828.785,5665.735
store_292,2015-08-23,0.0,0.0
store_292,2015-08-24,870.475,5477.275
store_292,2015-08-25,802.375,5063.265
store_292,2015-08-26,772.345,4983.885
store_292,2015-08-27,807.415,5156.125
store_292,2015-08-28,828.285,5239.39
store_292,2015-08-29,838.045,5646.995
store_293,2015-07-20,522.29,5472.33
store_293,2015-07-21,432.14,4728.54
store_293,2015-07-22,469.995,4704.495
store_293,2015-07-23,486.005,5144.375
store_293,2015-07-24,484.965,5101.06
store_293,2015-07-25,483.99,4920.88
store_293,2015-07-26,0.0,0.0
store_293,2015-07-27,654.76,8728.425
store_293,2015-07-28,559.54,7357.025
store_293,2015-07-29,537.85,6809.255
store_293,2015-07-30,551.78,6742.175
store_293,2015-07-31,564.235,6809.905
store_293,2015-08-01,497.79,5320.575
store_293,2015-08-02,0.0,0.0
store_293,2015-08-03,683.195,9124.295
store_293,2015-08-04,541.945,6875.91
store_293,2015-08-05,532.66,6401.905
store_293,2015-08-06,533.745,6495.67
store_293,2015-08-07,523.25,6247.36
store_293,2015-08-08,490.705,5271.425
store_293,2015-08-09,0.0,0.0
store_293,2015-08-10,529.45,5832.13
store_293,2015-08-11,487.625,5467.52
store_293,2015-08-12,485.225,5149.465
store_293,2015-08-13,498.99,5427.0
store_293,2015-08-14,504.12,5586.43
store_293,2015-08-15,516.79,5405.565
store_293,2015-08-16,0.0,0.0
store_293,2015-08-17,664.445,8608.07
store_293,2015-08-18,577.625,7200.66
store_293,2015-08-19,561.84,6624.52
store_293,2015-08-20,573.51,6833.67
store_293,2015-08-21,585.83,6836.58
store_293,2015-08-22,509.49,5428.395
store_293,2015-08-23,0.0,0.0
store_293,2015-08-24,518.205,5931.41
store_293,2015-08-25,456.825,5309.1
store_293,2015-08-26,455.79,5042.715
store_293,2015-08-27,482.03,5617.665
store_293,2015-08-28,518.04,6126.48
store_293,2015-08-29,501.175,5614.925
store_294,2015-07-20,691.705,6420.535
store_294,2015-07-21,601.105,5579.795
store_294,2015-07-22,589.675,5488.725
store_294,2015-07-23,650.725,6023.645
store_294,2015-07-24,721.07,6852.74
store_294,2015-07-25,787.45,8134.16
store_294,2015-07-26,0.0,0.0
store_294,2015-07-27,849.8,9881.755
store_294,2015-07-28,733.595,8307.295
store_294,2015-07-29,706.705,7638.43
store_294,2015-07-30,739.25,7854.5
store_294,2015-07-31,791.51,8570.61
store_294,2015-08-01,819.21,8380.24
store_294,2015-08-02,0.0,0.0
store_294,2015-08-03,909.345,10526.9
store_294,2015-08-04,762.905,8116.895
store_294,2015-08-05,711.8,7398.18
store_294,2015-08-06,713.81,7543.195
store_294,2015-08-07,757.075,8104.865
store_294,2015-08-08,820.265,8427.31
store_294,2015-08-09,0.0,0.0
store_294,2015-08-10,739.82,6892.29
store_294,2015-08-11,678.58,6166.66
store_294,2015-08-12,635.31,5703.98
store_294,2015-08-13,647.065,6049.595
store_294,2015-08-14,689.36,6690.905
store_294,2015-08-15,772.675,8020.795
store_294,2015-08-16,0.0,0.0
store_294,2015-08-17,906.055,10668.375
store_294,2015-08-18,783.235,8598.035
store_294,2015-08-19,744.285,7618.435
store_294,2015-08-20,761.995,7477.335
store_294,2015-08-21,772.02,7820.325
store_294,2015-08-22,780.7,7793.92
store_294,2015-08-23,0.0,0.0
store_294,2015-08-24,750.17,7145.83
store_294,2015-08-25,681.675,6570.25
store_294,2015-08-26,653.65,6038.775
store_294,2015-08-27,652.645,6064.875
store_294,2015-08-28,664.04,6541.82
store_294,2015-08-29,744.38,7519.805
store_295,2015-07-20,477.715,3858.695
store_295,2015-07-21,432.82,3441.28
store_295,2015-07-22,426.83,3407.575
store_295,2015-07-23,477.265,3742.745
store_295,2015-07-24,465.77,3642.66
store_295,2015-07-25,322.125,2695.37
store_295,2015-07-26,0.0,0.0
store_295,2015-07-27,605.175,6427.22
store_295,2015-07-28,531.495,5401.39
store_295,2015-07-29,523.74,4747.895
store_295,2015-07-30,548.915,4837.3
store_295,2015-07-31,532.355,4633.475
store_295,2015-08-01,323.155,2629.155
store_295,2015-08-02,0.0,0.0
store_295,2015-08-03,647.41,6609.21
store_295,2015-08-04,540.965,5100.75
store_295,2015-08-05,500.165,4592.335
store_295,2015-08-06,513.955,4758.105
store_295,2015-08-07,509.355,4380.09
store_295,2015-08-08,322.475,2712.83
store_295,2015-08-09,0.0,0.0
store_295,2015-08-10,509.45,4083.07
store_295,2015-08-11,470.35,3774.245
store_295,2015-08-12,452.42,3594.55
store_295,2015-08-13,464.315,3881.825
store_295,2015-08-14,481.83,3796.445
store_295,2015-08-15,319.005,2586.49
store_295,2015-08-16,0.0,0.0
store_295,2015-08-17,642.98,6117.35
store_295,2015-08-18,553.055,5079.865
store_295,2015-08-19,528.945,4670.18
store_295,2015-08-20,526.74,4570.785
store_295,2015-08-21,532.095,4467.78
store_295,2015-08-22,314.11,2539.02
store_295,2015-08-23,0.0,0.0
store_295,2015-08-24,511.505,3973.105
store_295,2015-08-25,456.93,3675.775
store_295,2015-08-26,447.07,3548.83
store_295,2015-08-27,454.59,3663.995
store_295,2015-08-28,475.605,3790.315
store_295,2015-08-29,308.24,2587.415
store_296,2015-07-20,600.565,5753.185
store_296,2015-07-21,527.63,5212.915
store_296,2015-07-22,542.035,5295.38
store_296,2015-07-23,573.22,5647.805
store_296,2015-07-24,639.495,6311.065
store_296,2015-07-25,636.65,6590.305
store_296,2015-07-26,0.0,0.0
store_296,2015-07-27,758.52,9097.45
store_296,2015-07-28,649.12,7643.495
store_296,2015-07-29,655.35,7378.705
store_296,2015-07-30,673.13,7403.98
store_296,2015-07-31,705.36,7858.94
store_296,2015-08-01,652.245,6603.635
store_296,2015-08-02,0.0,0.0
store_296,2015-08-03,797.505,9444.49
store_296,2015-08-04,665.06,7483.46
store_296,2015-08-05,622.315,7097.305
store_296,2015-08-06,634.28,7158.655
store_296,2015-08-07,657.115,7578.615
store_296,2015-08-08,670.64,6798.385
store_296,2015-08-09,0.0,0.0
store_296,2015-08-10,618.385,5912.75
store_296,2015-08-11,563.39,5309.985
store_296,2015-08-12,544.12,5292.76
store_296,2015-08-13,556.255,5640.705
store_296,2015-08-14,581.68,5999.08
store_296,2015-08-15,636.325,6592.285
store_296,2015-08-16,0.0,0.0
store_296,2015-08-17,829.7,9679.795
store_296,2015-08-18,706.66,7848.15
store_296,2015-08-19,679.785,7148.125
store_296,2015-08-20,687.225,7229.46
store_296,2015-08-21,684.565,7310.775
store_296,2015-08-22,626.695,6432.97
store_296,2015-08-23,0.0,0.0
store_296,2015-08-24,608.02,5874.91
store_296,2015-08-25,524.195,5243.77
store_296,2015-08-26,538.875,5206.595
store_296,2015-08-27,558.07,5512.125
store_296,2015-08-28,574.88,5872.335
store_296,2015-08-29,630.8,6419.24
store_297,2015-07-20,409.31,3683.31
store_297,2015-07-21,358.82,3209.47
store_297,2015-07-22,366.8,3213.03
store_297,2015-07-23,346.205,3141.98
store_297,2015-07-24,368.25,3278.025
store_297,2015-07-25,361.85,3301.095
store_297,2015-07-26,0.0,0.0
store_297,2015-07-27,507.455,5638.365
store_297,2015-07-28,455.895,4983.37
store_297,2015-07-29,444.88,4762.14
store_297,2015-07-30,440.915,4486.35
store_297,2015-07-31,435.05,4407.63
store_297,2015-08-01,370.175,3596.37
store_297,2015-08-02,0.0,0.0
store_297,2015-08-03,538.43,5818.05
store_297,2015-08-04,456.14,4903.255
store_297,2015-08-05,430.655,4530.82
store_297,2015-08-06,423.815,4495.52
store_297,2015-08-07,422.49,4393.28
store_297,2015-08-08,364.085,3445.375
store_297,2015-08-09,0.0,0.0
store_297,2015-08-10,459.21,4221.905
store_297,2015-08-11,418.46,3918.305
store_297,2015-08-12,404.52,3714.225
store_297,2015-08-13,417.45,3789.46
store_297,2015-08-14,423.67,3854.77
store_297,2015-08-15,354.175,3415.24
store_297,2015-08-16,0.0,0.0
store_297,2015-08-17,533.175,5893.92
store_297,2015-08-18,473.205,5227.57
store_297,2015-08-19,462.38,4888.225
store_297,2015-08-20,476.195,4852.57
store_297,2015-08-21,472.825,4825.525
store_297,2015-08-22,358.005,3408.305
store_297,2015-08-23,0.0,0.0
store_297,2015-08-24,459.63,4472.91
store_297,2015-08-25,418.57,4127.47
store_297,2015-08-26,418.655,4067.955
store_297,2015-08-27,418.875,4188.205
store_297,2015-08-28,433.52,4292.235
store_297,2015-08-29,350.67,3537.495
store_298,2015-07-20,522.51,6242.265
store_298,2015-07-21,456.255,5441.01
store_298,2015-07-22,467.305,5480.885
store_298,2015-07-23,459.965,5416.385
store_298,2015-07-24,497.21,5856.53
store_298,2015-07-25,523.95,6309.73
store_298,2015-07-26,0.0,0.0
store_298,2015-07-27,664.51,10127.14
store_298,2015-07-28,577.25,8329.935
store_298,2015-07-29,546.45,7536.36
store_298,2015-07-30,558.325,7468.85
store_298,2015-07-31,577.22,7588.895
store_298,2015-08-01,528.155,6559.59
store_298,2015-08-02,0.0,0.0
store_298,2015-08-03,694.535,10203.81
store_298,2015-08-04,582.78,7940.91
store_298,2015-08-05,546.585,7251.61
store_298,2015-08-06,545.555,7037.57
store_298,2015-08-07,555.54,7185.015
store_298,2015-08-08,536.625,6625.56
store_298,2015-08-09,0.0,0.0
store_298,2015-08-10,513.885,6204.785
store_298,2015-08-11,464.86,5589.29
store_298,2015-08-12,467.43,5538.53
store_298,2015-08-13,490.92,5844.065
store_298,2015-08-14,521.03,6341.535
store_298,2015-08-15,534.605,6554.105
store_298,2015-08-16,0.0,0.0
store_298,2015-08-17,692.76,10052.07
store_298,2015-08-18,579.755,8060.175
store_298,2015-08-19,557.2,7323.03
store_298,2015-08-20,562.96,7100.805
store_298,2015-08-21,586.385,7396.475
store_298,2015-08-22,525.155,6480.965
store_298,2015-08-23,0.0,0.0
store_298,2015-08-24,515.525,6225.025
store_298,2015-08-25,443.835,5498.54
store_298,2015-08-26,458.515,5517.14
store_298,2015-08-27,492.505,5975.82
store_298,2015-08-28,529.12,6718.9
store_298,2015-08-29,536.555,6647.785
store_299,2015-07-20,673.905,6967.055
store_299,2015-07-21,609.15,6429.92
store_299,2015-07-22,621.85,6334.055
store_299,2015-07-23,655.89,6581.15
store_299,2015-07-24,671.475,6828.245
store_299,2015-07-25,760.54,7287.85
store_299,2015-07-26,0.0,0.0
store_299,2015-07-27,894.34,10954.92
store_299,2015-07-28,810.175,9820.75
store_299,2015-07-29,798.43,9201.075
store_299,2015-07-30,818.025,9137.955
store_299,2015-07-31,828.08,9189.37
store_299,2015-08-01,781.345,7669.815
store_299,2015-08-02,0.0,0.0
store_299,2015-08-03,942.725,11451.79
store_299,2015-08-04,787.895,9302.81
store_299,2015-08-05,739.92,8580.355
store_299,2015-08-06,744.59,8416.245
store_299,2015-08-07,754.385,8335.045
store_299,2015-08-08,773.43,7598.51
store_299,2015-08-09,0.0,0.0
store_299,2015-08-10,698.545,6744.56
store_299,2015-08-11,626.325,6267.145
store_299,2015-08-12,622.505,6130.04
store_299,2015-08-13,647.14,6348.03
store_299,2015-08-14,672.9,6612.685
store_299,2015-08-15,738.13,7180.15
store_299,2015-08-16,0.0,0.0
store_299,2015-08-17,931.445,10468.945
store_299,2015-08-18,813.725,8966.935
store_299,2015-08-19,793.74,8465.275
store_299,2015-08-20,792.1,8404.89
store_299,2015-08-21,801.8,8321.175
store_299,2015-08-22,749.6,7270.195
store_299,2015-08-23,0.0,0.0
store_299,2015-08-24,710.74,6348.07
store_299,2015-08-25,630.775,5896.385
store_299,2015-08-26,624.355,5749.33
store_299,2015-08-27,662.83,6264.51
store_299,2015-08-28,731.025,6882.215
store_299,2015-08-29,742.255,7158.87
store_3,2015-07-20,993.08,8665.105
store_3,2015-07-21,963.375,8423.665
store_3,2015-07-22,882.27,7771.68
store_3,2015-07-23,998.9,8373.67
store_3,2015-07-24,959.905,8432.075
store_3,2015-07-25,719.64,6446.475
store_3,2015-07-26,0.0,0.0
store_3,2015-07-27,1164.965,12762.97
store_3,2015-07-28,1090.275,12074.47
store_3,2015-07-29,1023.265,11122.84
store_3,2015-07-30,1086.385,11184.505
store_3,2015-07-31,1063.685,11151.43
store_3,2015-08-01,764.345,7041.36
store_3,2015-08-02,0.0,0.0
store_3,2015-08-03,1203.34,13512.5
store_3,2015-08-04,1088.92,11554.325
store_3,2015-08-05,993.335,10665.605
store_3,2015-08-06,1030.945,10540.96
store_3,2015-08-07,1017.26,10310.525
store_3,2015-08-08,749.32,6942.67
store_3,2015-08-09,0.0,0.0
store_3,2015-08-10,953.225,8998.75
store_3,2015-08-11,908.2,8501.815
store_3,2015-08-12,875.205,8142.74
store_3,2015-08-13,914.485,8541.635
store_3,2015-08-14,959.85,8993.885
store_3,2015-08-15,770.305,7139.66
store_3,2015-08-16,0.0,0.0
store_3,2015-08-17,1229.77,13274.195
store_3,2015-08-18,1142.77,11634.515
store_3,2015-08-19,1035.61,10592.735
store_3,2015-08-20,1045.09,10534.555
store_3,2015-08-21,1064.38,10509.77
store_3,2015-08-22,792.51,7252.205
store_3,2015-08-23,0.0,0.0
store_3,2015-08-24,948.765,8607.275
store_3,2015-08-25,910.785,8217.29
store_3,2015-08-26,876.25,8064.895
store_3,2015-08-27,894.985,8400.07
store_3,2015-08-28,941.265,9134.595
store_3,2015-08-29,759.455,7088.185
store_30,2015-07-20,363.79,2897.705
store_30,2015-07-21,326.265,2707.67
store_30,2015-07-22,331.22,2716.105
store_30,2015-07-23,340.61,2795.84
store_30,2015-07-24,349.415,2808.225
store_30,2015-07-25,268.615,2427.995
store_30,2015-07-26,0.0,0.0
store_30,2015-07-27,445.95,4572.715
store_30,2015-07-28,396.615,4015.82
store_30,2015-07-29,395.78,3783.47
store_30,2015-07-30,409.09,3767.865
store_30,2015-07-31,401.455,3516.695
store_30,2015-08-01,279.24,2411.945
store_30,2015-08-02,0.0,0.0
store_30,2015-08-03,486.35,4705.955
store_30,2015-08-04,408.655,3911.185
store_30,2015-08-05,366.69,3518.33
store_30,2015-08-06,376.23,3545.285
store_30,2015-08-07,370.55,3365.125
store_30,2015-08-08,268.41,2343.25
store_30,2015-08-09,0.0,0.0
store_30,2015-08-10,422.245,3338.125
store_30,2015-08-11,381.26,3030.705
store_30,2015-08-12,353.735,2874.23
store_30,2015-08-13,353.275,2948.745
store_30,2015-08-14,348.09,2809.835
store_30,2015-08-15,283.34,2401.235
store_30,2015-08-16,0.0,0.0
store_30,2015-08-17,491.235,4546.365
store_30,2015-08-18,422.8,3777.215
store_30,2015-08-19,404.82,3378.545
store_30,2015-08-20,410.145,3347.065
store_30,2015-08-21,404.22,3210.145
store_30,2015-08-22,262.205,2238.39
store_30,2015-08-23,0.0,0.0
store_30,2015-08-24,410.4,3179.775
store_30,2015-08-25,378.765,2978.36
store_30,2015-08-26,360.155,2790.215
store_30,2015-08-27,369.705,2894.055
store_30,2015-08-28,365.11,2805.09
store_30,2015-08-29,271.51,2282.08
store_300,2015-07-20,386.975,4484.525
store_300,2015-07-21,326.54,3745.75
store_300,2015-07-22,368.705,4223.385
store_300,2015-07-23,385.035,4554.485
store_300,2015-07-24,398.685,4819.265
store_300,2015-07-25,394.33,4741.26
store_300,2015-07-26,0.0,0.0
store_300,2015-07-27,561.84,8223.055
store_300,2015-07-28,450.325,6547.89
store_300,2015-07-29,441.825,6099.885
store_300,2015-07-30,449.345,5993.89
store_300,2015-07-31,465.76,6251.0
store_300,2015-08-01,412.565,4956.785
store_300,2015-08-02,0.0,0.0
store_300,2015-08-03,602.63,8236.795
store_300,2015-08-04,469.65,6399.89
store_300,2015-08-05,431.855,5886.04
store_300,2015-08-06,447.995,6000.395
store_300,2015-08-07,455.945,6043.355
store_300,2015-08-08,411.125,4883.855
store_300,2015-08-09,0.0,0.0
store_300,2015-08-10,446.57,5554.415
store_300,2015-08-11,384.79,4846.89
store_300,2015-08-12,385.105,4721.895
store_300,2015-08-13,406.765,5155.26
store_300,2015-08-14,425.665,5439.97
store_300,2015-08-15,412.515,5011.165
store_300,2015-08-16,0.0,0.0
store_300,2015-08-17,604.615,8462.815
store_300,2015-08-18,491.08,6671.07
store_300,2015-08-19,467.96,6179.795
store_300,2015-08-20,475.67,6215.515
store_300,2015-08-21,489.155,6332.935
store_300,2015-08-22,420.98,5046.175
store_300,2015-08-23,0.0,0.0
store_300,2015-08-24,428.185,5452.23
store_300,2015-08-25,380.315,4932.3
store_300,2015-08-26,392.325,4950.56
store_300,2015-08-27,404.535,5350.75
store_300,2015-08-28,424.625,5623.715
store_300,2015-08-29,437.075,5229.01
store_301,2015-07-20,1008.105,7398.71
store_301,2015-07-21,931.975,6902.96
store_301,2015-07-22,943.575,6895.76
store_301,2015-07-23,950.395,7141.68
store_301,2015-07-24,955.385,7321.315
store_301,2015-07-25,782.32,6022.215
store_301,2015-07-26,0.0,0.0
store_301,2015-07-27,1225.06,10967.385
store_301,2015-07-28,1148.245,10188.925
store_301,2015-07-29,1110.05,9497.96
store_301,2015-07-30,1108.495,9087.13
store_301,2015-07-31,1086.41,8828.905
store_301,2015-08-01,823.02,6441.845
store_301,2015-08-02,0.0,0.0
store_301,2015-08-03,1225.535,10939.395
store_301,2015-08-04,1109.55,9525.21
store_301,2015-08-05,1064.195,9032.305
store_301,2015-08-06,1023.25,8819.72
store_301,2015-08-07,1023.16,8595.655
store_301,2015-08-08,817.68,6344.9
store_301,2015-08-09,0.0,0.0
store_301,2015-08-10,1058.93,7651.84
store_301,2015-08-11,1003.175,7165.355
store_301,2015-08-12,938.53,6928.41
store_301,2015-08-13,930.89,7033.665
store_301,2015-08-14,961.0,7242.82
store_301,2015-08-15,832.505,6387.93
store_301,2015-08-16,0.0,0.0
store_301,2015-08-17,1197.93,10072.91
store_301,2015-08-18,1101.355,9038.84
store_301,2015-08-19,1053.895,8344.0
store_301,2015-08-20,1056.25,8244.835
store_301,2015-08-21,1062.015,8058.26
store_301,2015-08-22,849.275,6342.59
store_301,2015-08-23,0.0,0.0
store_301,2015-08-24,949.935,6841.265
store_301,2015-08-25,896.905,6502.52
store_301,2015-08-26,880.18,6326.8
store_301,2015-08-27,898.535,6518.27
store_301,2015-08-28,922.055,6747.425
store_301,2015-08-29,826.81,6266.16
store_302,2015-07-20,716.265,5113.305
store_302,2015-07-21,656.03,4551.985
store_302,2015-07-22,645.81,4383.375
store_302,2015-07-23,659.75,4423.21
store_302,2015-07-24,693.75,4642.125
store_302,2015-07-25,706.035,4925.66
store_302,2015-07-26,0.0,0.0
store_302,2015-07-27,913.025,7965.315
store_302,2015-07-28,801.51,6963.91
store_302,2015-07-29,777.67,6427.96
store_302,2015-07-30,796.26,6274.65
store_302,2015-07-31,803.445,6314.475
store_302,2015-08-01,714.33,5333.5
store_302,2015-08-02,0.0,0.0
store_302,2015-08-03,990.245,8637.99
store_302,2015-08-04,819.67,7009.15
store_302,2015-08-05,768.285,6257.035
store_302,2015-08-06,742.155,5866.955
store_302,2015-08-07,724.23,5670.26
store_302,2015-08-08,698.63,5033.515
store_302,2015-08-09,0.0,0.0
store_302,2015-08-10,761.145,5642.67
store_302,2015-08-11,682.445,5106.705
store_302,2015-08-12,655.31,4769.425
store_302,2015-08-13,656.895,4791.565
store_302,2015-08-14,661.93,4728.79
store_302,2015-08-15,707.47,4949.87
store_302,2015-08-16,0.0,0.0
store_302,2015-08-17,1001.705,8930.685
store_302,2015-08-18,876.12,7684.76
store_302,2015-08-19,838.44,6834.275
store_302,2015-08-20,786.35,6326.935
store_302,2015-08-21,765.61,5945.27
store_302,2015-08-22,710.99,5047.765
store_302,2015-08-23,0.0,0.0
store_302,2015-08-24,741.625,5753.56
store_302,2015-08-25,650.71,5286.825
store_302,2015-08-26,682.85,5148.29
store_302,2015-08-27,669.655,5148.36
store_302,2015-08-28,681.965,5181.56
store_302,2015-08-29,716.47,5337.75
store_303,2015-07-20,1280.895,8448.835
store_303,2015-07-21,1204.62,7984.14
store_303,2015-07-22,1269.96,8229.955
store_303,2015-07-23,1339.69,8387.835
store_303,2015-07-24,1318.95,8237.11
store_303,2015-07-25,1289.295,8307.5
store_303,2015-07-26,0.0,0.0
store_303,2015-07-27,1646.785,13869.87
store_303,2015-07-28,1497.365,12207.885
store_303,2015-07-29,1507.715,11766.335
store_303,2015-07-30,1569.195,11216.685
store_303,2015-07-31,1479.255,10271.255
store_303,2015-08-01,1315.925,8339.095
store_303,2015-08-02,0.0,0.0
store_303,2015-08-03,1702.25,13563.01
store_303,2015-08-04,1464.16,11412.335
store_303,2015-08-05,1447.285,10746.365
store_303,2015-08-06,1453.145,10477.58
store_303,2015-08-07,1461.19,9995.16
store_303,2015-08-08,1317.475,8730.395
store_303,2015-08-09,0.0,0.0
store_303,2015-08-10,1416.49,9417.055
store_303,2015-08-11,1289.48,8381.565
store_303,2015-08-12,1226.9,8157.6
store_303,2015-08-13,1286.26,8622.405
store_303,2015-08-14,1332.735,8727.09
store_303,2015-08-15,1304.53,8567.88
store_303,2015-08-16,0.0,0.0
store_303,2015-08-17,1701.25,12970.97
store_303,2015-08-18,1537.515,11390.555
store_303,2015-08-19,1425.7,10239.54
store_303,2015-08-20,1380.4,9910.13
store_303,2015-08-21,1421.465,9699.575
store_303,2015-08-22,1280.505,8430.765
store_303,2015-08-23,0.0,0.0
store_303,2015-08-24,1295.405,8594.25
store_303,2015-08-25,1200.915,7823.105
store_303,2015-08-26,1205.72,7922.585
store_303,2015-08-27,1188.635,8161.665
store_303,2015-08-28,1214.265,8246.34
store_303,2015-08-29,1270.65,8417.58
store_304,2015-07-20,885.135,6074.95
store_304,2015-07-21,818.455,5562.15
store_304,2015-07-22,808.405,5423.37
store_304,2015-07-23,852.67,5721.105
store_304,2015-07-24,828.945,5535.085
store_304,2015-07-25,846.34,6025.425
store_304,2015-07-26,0.0,0.0
store_304,2015-07-27,1099.225,9305.305
store_304,2015-07-28,995.905,8379.305
store_304,2015-07-29,957.42,7796.55
store_304,2015-07-30,991.405,7878.925
store_304,2015-07-31,970.9,7410.675
store_304,2015-08-01,839.755,6270.69
store_304,2015-08-02,0.0,0.0
store_304,2015-08-03,1199.265,10236.6
store_304,2015-08-04,991.205,8167.56
store_304,2015-08-05,944.385,7594.55
store_304,2015-08-06,933.84,7564.415
store_304,2015-08-07,912.11,6742.585
store_304,2015-08-08,836.085,6308.865
store_304,2015-08-09,0.0,0.0
store_304,2015-08-10,963.745,6699.68
store_304,2015-08-11,849.21,6034.19
store_304,2015-08-12,836.885,5861.965
store_304,2015-08-13,840.035,6083.67
store_304,2015-08-14,872.46,6056.615
store_304,2015-08-15,845.255,6157.4
store_304,2015-08-16,0.0,0.0
store_304,2015-08-17,1235.99,10391.83
store_304,2015-08-18,1048.505,8711.625
store_304,2015-08-19,966.71,7585.28
store_304,2015-08-20,982.755,7471.6
store_304,2015-08-21,987.475,7225.76
store_304,2015-08-22,844.745,6181.61
store_304,2015-08-23,0.0,0.0
store_304,2015-08-24,980.115,7120.595
store_304,2015-08-25,861.75,6309.105
store_304,2015-08-26,831.7,6024.01
store_304,2015-08-27,858.71,6360.825
store_304,2015-08-28,859.11,6356.69
store_304,2015-08-29,840.455,6227.74
store_305,2015-07-20,576.28,4253.935
store_305,2015-07-21,548.21,4146.11
store_305,2015-07-22,531.515,3965.285
store_305,2015-07-23,532.42,4006.45
store_305,2015-07-24,500.965,3649.97
store_305,2015-07-25,445.89,3267.255
store_305,2015-07-26,0.0,0.0
store_305,2015-07-27,754.995,6744.575
store_305,2015-07-28,682.395,6126.21
store_305,2015-07-29,643.025,5561.49
store_305,2015-07-30,651.23,5590.51
store_305,2015-07-31,611.11,5104.15
store_305,2015-08-01,464.95,3512.89
store_305,2015-08-02,0.0,0.0
store_305,2015-08-03,779.975,6831.57
store_305,2015-08-04,674.31,5906.635
store_305,2015-08-05,612.435,5193.39
store_305,2015-08-06,606.08,5040.105
store_305,2015-08-07,574.48,4550.96
store_305,2015-08-08,477.73,3566.78
store_305,2015-08-09,0.0,0.0
store_305,2015-08-10,586.25,4356.13
store_305,2015-08-11,547.875,4090.23
store_305,2015-08-12,533.065,3988.675
store_305,2015-08-13,524.065,3964.65
store_305,2015-08-14,515.76,3789.725
store_305,2015-08-15,456.155,3451.85
store_305,2015-08-16,0.0,0.0
store_305,2015-08-17,772.335,6678.48
store_305,2015-08-18,677.76,5889.665
store_305,2015-08-19,632.79,5292.52
store_305,2015-08-20,610.965,5046.515
store_305,2015-08-21,599.595,4791.49
store_305,2015-08-22,473.155,3551.29
store_305,2015-08-23,0.0,0.0
store_305,2015-08-24,574.485,4265.165
store_305,2015-08-25,516.84,3963.06
store_305,2015-08-26,527.135,4012.75
store_305,2015-08-27,522.345,4117.895
store_305,2015-08-28,521.035,4078.82
store_305,2015-08-29,455.945,3542.47
store_306,2015-07-20,757.21,6114.6
store_306,2015-07-21,694.42,5539.985
store_306,2015-07-22,710.56,5634.03
store_306,2015-07-23,697.38,5644.48
store_306,2015-07-24,679.755,5445.37
store_306,2015-07-25,506.7,4306.71
store_306,2015-07-26,0.0,0.0
store_306,2015-07-27,940.52,9948.64
store_306,2015-07-28,840.23,8380.345
store_306,2015-07-29,835.645,7820.09
store_306,2015-07-30,829.115,7498.63
store_306,2015-07-31,782.275,6877.025
store_306,2015-08-01,511.2,4269.12
store_306,2015-08-02,0.0,0.0
store_306,2015-08-03,985.45,10151.475
store_306,2015-08-04,836.145,8077.41
store_306,2015-08-05,809.455,7489.3
store_306,2015-08-06,779.08,7072.195
store_306,2015-08-07,742.64,6549.245
store_306,2015-08-08,498.38,4251.395
store_306,2015-08-09,0.0,0.0
store_306,2015-08-10,738.82,6155.21
store_306,2015-08-11,685.355,5529.665
store_306,2015-08-12,682.335,5500.645
store_306,2015-08-13,703.665,5593.46
store_306,2015-08-14,735.465,5541.04
store_306,2015-08-15,484.005,4018.26
store_306,2015-08-16,0.0,0.0
store_306,2015-08-17,969.575,8962.965
store_306,2015-08-18,830.765,7475.555
store_306,2015-08-19,788.18,6834.99
store_306,2015-08-20,784.315,6566.275
store_306,2015-08-21,783.86,6162.765
store_306,2015-08-22,473.985,3912.095
store_306,2015-08-23,0.0,0.0
store_306,2015-08-24,746.53,5594.835
store_306,2015-08-25,652.165,5065.85
store_306,2015-08-26,654.44,5062.815
store_306,2015-08-27,680.81,5242.39
store_306,2015-08-28,689.235,5271.28
store_306,2015-08-29,459.15,3842.275
store_307,2015-07-20,605.575,7212.29
store_307,2015-07-21,546.13,6357.25
store_307,2015-07-22,544.345,6206.615
store_307,2015-07-23,567.765,6403.34
store_307,2015-07-24,582.075,6688.62
store_307,2015-07-25,584.955,6614.97
store_307,2015-07-26,0.0,0.0
store_307,2015-07-27,789.525,11363.25
store_307,2015-07-28,703.98,9631.545
store_307,2015-07-29,691.525,8571.435
store_307,2015-07-30,702.625,8297.205
store_307,2015-07-31,689.03,8220.945
store_307,2015-08-01,572.385,6511.74
store_307,2015-08-02,0.0,0.0
store_307,2015-08-03,835.585,11379.09
store_307,2015-08-04,694.675,8976.855
store_307,2015-08-05,645.255,8064.23
store_307,2015-08-06,647.95,7881.56
store_307,2015-08-07,635.05,7719.02
store_307,2015-08-08,592.345,6668.995
store_307,2015-08-09,0.0,0.0
store_307,2015-08-10,664.42,7308.15
store_307,2015-08-11,602.1,6481.65
store_307,2015-08-12,574.85,6076.175
store_307,2015-08-13,596.65,6356.965
store_307,2015-08-14,612.695,6533.355
store_307,2015-08-15,560.93,6257.0
store_307,2015-08-16,0.0,0.0
store_307,2015-08-17,861.46,11095.915
store_307,2015-08-18,735.68,9077.03
store_307,2015-08-19,678.02,8076.215
store_307,2015-08-20,690.22,7645.45
store_307,2015-08-21,695.945,7567.26
store_307,2015-08-22,569.475,6158.67
store_307,2015-08-23,0.0,0.0
store_307,2015-08-24,737.56,7488.825
store_307,2015-08-25,667.09,7061.085
store_307,2015-08-26,620.19,6509.74
store_307,2015-08-27,612.525,6534.55
store_307,2015-08-28,629.355,6763.91
store_307,2015-08-29,565.58,6213.57
store_308,2015-07-20,640.14,6140.375
store_308,2015-07-21,590.725,5710.995
store_308,2015-07-22,545.485,5443.205
store_308,2015-07-23,576.52,5731.115
store_308,2015-07-24,621.335,6122.36
store_308,2015-07-25,529.7,5599.28
store_308,2015-07-26,0.0,0.0
store_308,2015-07-27,793.3,9990.45
store_308,2015-07-28,719.19,8754.405
store_308,2015-07-29,699.725,8198.385
store_308,2015-07-30,714.38,8075.935
store_308,2015-07-31,725.39,8089.555
store_308,2015-08-01,563.13,5799.77
store_308,2015-08-02,0.0,0.0
store_308,2015-08-03,842.885,10173.12
store_308,2015-08-04,713.61,8173.22
store_308,2015-08-05,659.57,7403.165
store_308,2015-08-06,652.41,7311.26
store_308,2015-08-07,668.455,7232.415
store_308,2015-08-08,569.47,5758.11
store_308,2015-08-09,0.0,0.0
store_308,2015-08-10,686.605,6772.37
store_308,2015-08-11,626.15,6028.13
store_308,2015-08-12,599.9,5859.915
store_308,2015-08-13,587.235,5957.535
store_308,2015-08-14,607.475,6124.575
store_308,2015-08-15,556.67,5644.665
store_308,2015-08-16,0.0,0.0
store_308,2015-08-17,871.96,10056.215
store_308,2015-08-18,741.565,8399.25
store_308,2015-08-19,696.65,7608.39
store_308,2015-08-20,690.81,7421.545
store_308,2015-08-21,683.895,7298.425
store_308,2015-08-22,556.1,5641.74
store_308,2015-08-23,0.0,0.0
store_308,2015-08-24,722.4,6701.37
store_308,2015-08-25,656.495,6334.77
store_308,2015-08-26,622.54,5993.01
store_308,2015-08-27,608.98,6152.2
store_308,2015-08-28,619.94,6414.44
store_308,2015-08-29,543.015,5630.13
store_309,2015-07-20,472.83,5095.94
store_309,2015-07-21,435.43,4672.635
store_309,2015-07-22,434.895,4696.415
store_309,2015-07-23,454.175,4700.73
store_309,2015-07-24,471.02,4954.565
store_309,2015-07-25,339.3,3607.415
store_309,2015-07-26,0.0,0.0
store_309,2015-07-27,674.665,9253.2
store_309,2015-07-28,585.36,7847.995
store_309,2015-07-29,547.68,6922.665
store_309,2015-07-30,560.465,6365.75
store_309,2015-07-31,563.515,6475.13
store_309,2015-08-01,367.07,3758.87
store_309,2015-08-02,0.0,0.0
store_309,2015-08-03,695.15,9146.935
store_309,2015-08-04,564.095,7276.72
store_309,2015-08-05,525.065,6555.87
store_309,2015-08-06,532.045,6209.74
store_309,2015-08-07,512.215,6073.65
store_309,2015-08-08,348.735,3751.985
store_309,2015-08-09,0.0,0.0
store_309,2015-08-10,519.24,5388.525
store_309,2015-08-11,486.165,5022.655
store_309,2015-08-12,492.22,4910.98
store_309,2015-08-13,487.68,5045.075
store_309,2015-08-14,491.885,5195.955
store_309,2015-08-15,347.345,3756.085
store_309,2015-08-16,0.0,0.0
store_309,2015-08-17,674.205,8568.165
store_309,2015-08-18,595.09,7151.085
store_309,2015-08-19,553.19,6375.065
store_309,2015-08-20,560.985,6239.015
store_309,2015-08-21,548.025,6080.84
store_309,2015-08-22,351.515,3603.465
store_309,2015-08-23,0.0,0.0
store_309,2015-08-24,501.425,5083.73
store_309,2015-08-25,459.175,4793.215
store_309,2015-08-26,487.43,4990.97
store_309,2015-08-27,497.91,5176.86
store_309,2015-08-28,501.26,5461.62
store_309,2015-08-29,340.325,3675.74
store_31,2015-07-20,550.925,6598.255
store_31,2015-07-21,491.645,6038.875
store_31,2015-07-22,485.945,6150.77
store_31,2015-07-23,474.285,6111.715
store_31,2015-07-24,531.3,7041.06
store_31,2015-07-25,546.7,7238.83
store_31,2015-07-26,0.0,0.0
store_31,2015-07-27,716.175,10919.115
store_31,2015-07-28,600.97,8975.405
store_31,2015-07-29,564.275,8488.375
store_31,2015-07-30,583.57,8324.61
store_31,2015-07-31,614.095,8687.02
store_31,2015-08-01,557.58,7388.515
store_31,2015-08-02,0.0,0.0
store_31,2015-08-03,767.42,11055.545
store_31,2015-08-04,627.415,8896.545
store_31,2015-08-05,571.7,8397.58
store_31,2015-08-06,562.92,8116.78
store_31,2015-08-07,562.555,8060.57
store_31,2015-08-08,535.24,7111.22
store_31,2015-08-09,0.0,0.0
store_31,2015-08-10,593.025,7362.495
store_31,2015-08-11,539.855,6920.4
store_31,2015-08-12,532.125,6790.355
store_31,2015-08-13,539.985,6920.155
store_31,2015-08-14,554.63,7469.58
store_31,2015-08-15,539.895,7126.145
store_31,2015-08-16,0.0,0.0
store_31,2015-08-17,777.91,11296.235
store_31,2015-08-18,675.27,9505.06
store_31,2015-08-19,657.775,9085.03
store_31,2015-08-20,662.32,9008.96
store_31,2015-08-21,651.8,9035.14
store_31,2015-08-22,561.61,7321.075
store_31,2015-08-23,0.0,0.0
store_31,2015-08-24,585.4,7636.675
store_31,2015-08-25,534.025,7134.285
store_31,2015-08-26,555.25,7391.28
store_31,2015-08-27,569.705,7761.3
store_31,2015-08-28,579.895,8164.125
store_31,2015-08-29,550.205,7259.27
store_310,2015-07-20,692.595,6718.265
store_310,2015-07-21,631.24,6111.085
store_310,2015-07-22,689.045,6510.56
store_310,2015-07-23,686.305,6660.38
store_310,2015-07-24,703.015,6828.355
store_310,2015-07-25,461.22,4442.455
store_310,2015-07-26,0.0,0.0
store_310,2015-07-27,875.8,10134.395
store_310,2015-07-28,781.45,8525.825
store_310,2015-07-29,776.05,8391.215
store_310,2015-07-30,804.96,8301.68
store_310,2015-07-31,806.085,8360.81
store_310,2015-08-01,478.575,4541.635
store_310,2015-08-02,0.0,0.0
store_310,2015-08-03,914.89,10000.71
store_310,2015-08-04,781.845,8191.47
store_310,2015-08-05,741.58,7797.255
store_310,2015-08-06,746.64,7733.365
store_310,2015-08-07,751.315,7806.15
store_310,2015-08-08,471.33,4427.875
store_310,2015-08-09,0.0,0.0
store_310,2015-08-10,700.715,6373.205
store_310,2015-08-11,647.375,5656.37
store_310,2015-08-12,644.385,5659.385
store_310,2015-08-13,661.675,5980.3
store_310,2015-08-14,693.27,6278.965
store_310,2015-08-15,469.395,4251.125
store_310,2015-08-16,0.0,0.0
store_310,2015-08-17,909.435,8938.61
store_310,2015-08-18,784.75,7496.435
store_310,2015-08-19,735.885,6988.23
store_310,2015-08-20,752.225,6900.915
store_310,2015-08-21,762.875,6934.265
store_310,2015-08-22,488.35,4211.625
store_310,2015-08-23,0.0,0.0
store_310,2015-08-24,723.025,5780.66
store_310,2015-08-25,658.08,5235.755
store_310,2015-08-26,632.38,5213.57
store_310,2015-08-27,662.23,5455.715
store_310,2015-08-28,680.075,5671.05
store_310,2015-08-29,473.045,4020.45
store_311,2015-07-20,750.42,5167.68
store_311,2015-07-21,681.975,4792.72
store_311,2015-07-22,682.325,4714.9
store_311,2015-07-23,717.7,4783.2
store_311,2015-07-24,710.71,4813.195
store_311,2015-07-25,730.775,5218.975
store_311,2015-07-26,0.0,0.0
store_311,2015-07-27,840.355,6724.355
store_311,2015-07-28,759.945,6342.115
store_311,2015-07-29,766.48,6144.635
store_311,2015-07-30,777.27,5940.89
store_311,2015-07-31,768.38,5789.525
store_311,2015-08-01,732.395,5347.185
store_311,2015-08-02,0.0,0.0
store_311,2015-08-03,888.455,7093.87
store_311,2015-08-04,799.16,6286.48
store_311,2015-08-05,752.22,5826.595
store_311,2015-08-06,764.38,5712.42
store_311,2015-08-07,760.305,5594.02
store_311,2015-08-08,729.295,5292.34
store_311,2015-08-09,0.0,0.0
store_311,2015-08-10,787.3,5441.06
store_311,2015-08-11,728.21,5010.325
store_311,2015-08-12,697.7,4785.865
store_311,2015-08-13,705.815,4893.025
store_311,2015-08-14,732.735,5002.4
store_311,2015-08-15,713.735,5213.98
store_311,2015-08-16,0.0,0.0
store_311,2015-08-17,858.88,6638.56
store_311,2015-08-18,800.12,6094.025
store_311,2015-08-19,763.2,5697.65
store_311,2015-08-20,780.86,5708.025
store_311,2015-08-21,772.835,5577.17
store_311,2015-08-22,713.62,5178.7
store_311,2015-08-23,0.0,0.0
store_311,2015-08-24,770.05,5326.645
store_311,2015-08-25,682.075,4770.84
store_311,2015-08-26,655.99,4468.1
store_311,2015-08-27,670.075,4661.535
store_311,2015-08-28,686.065,4815.825
store_311,2015-08-29,708.785,5044.56
store_312,2015-07-20,633.025,7153.64
store_312,2015-07-21,563.175,6337.16
store_312,2015-07-22,550.79,6217.71
store_312,2015-07-23,586.21,6674.18
store_312,2015-07-24,667.79,7787.875
store_312,2015-07-25,697.995,8499.07
store_312,2015-07-26,0.0,0.0
store_312,2015-07-27,800.73,10845.48
store_312,2015-07-28,687.795,9167.79
store_312,2015-07-29,687.3,8640.46
store_312,2015-07-30,727.325,9021.505
store_312,2015-07-31,764.835,9588.46
store_312,2015-08-01,739.29,8525.39
store_312,2015-08-02,0.0,0.0
store_312,2015-08-03,848.83,11046.075
store_312,2015-08-04,689.605,8757.61
store_312,2015-08-05,655.15,8022.835
store_312,2015-08-06,665.575,8079.905
store_312,2015-08-07,716.605,8843.795
store_312,2015-08-08,694.255,8257.395
store_312,2015-08-09,0.0,0.0
store_312,2015-08-10,617.025,6744.91
store_312,2015-08-11,565.49,6193.225
store_312,2015-08-12,562.315,5969.38
store_312,2015-08-13,591.785,6292.74
store_312,2015-08-14,661.475,7253.89
store_312,2015-08-15,705.49,7989.65
store_312,2015-08-16,0.0,0.0
store_312,2015-08-17,844.89,10877.16
store_312,2015-08-18,711.28,8720.835
store_312,2015-08-19,675.72,7877.355
store_312,2015-08-20,688.59,7917.695
store_312,2015-08-21,732.19,8443.91
store_312,2015-08-22,677.47,7663.455
store_312,2015-08-23,0.0,0.0
store_312,2015-08-24,709.925,6843.155
store_312,2015-08-25,625.345,6394.815
store_312,2015-08-26,615.44,6017.615
store_312,2015-08-27,607.26,6224.65
store_312,2015-08-28,688.4,7126.22
store_312,2015-08-29,675.305,7584.435
store_313,2015-07-20,617.195,4633.41
store_313,2015-07-21,571.81,4300.12
store_313,2015-07-22,607.83,4345.57
store_313,2015-07-23,661.12,4737.675
store_313,2015-07-24,616.985,4402.64
store_313,2015-07-25,545.895,3947.265
store_313,2015-07-26,0.0,0.0
store_313,2015-07-27,842.53,8340.95
store_313,2015-07-28,832.225,7582.7
store_313,2015-07-29,781.845,6657.405
store_313,2015-07-30,802.285,6362.46
store_313,2015-07-31,734.555,5538.695
store_313,2015-08-01,608.25,4089.285
store_313,2015-08-02,0.0,0.0
store_313,2015-08-03,945.505,8762.81
store_313,2015-08-04,757.61,6915.49
store_313,2015-08-05,727.095,6007.34
store_313,2015-08-06,752.63,6044.965
store_313,2015-08-07,723.12,5379.74
store_313,2015-08-08,597.965,4270.575
store_313,2015-08-09,0.0,0.0
store_313,2015-08-10,723.13,5195.27
store_313,2015-08-11,675.19,4855.83
store_313,2015-08-12,636.0,4481.115
store_313,2015-08-13,653.225,4777.365
store_313,2015-08-14,663.765,4575.47
store_313,2015-08-15,625.575,4296.7
store_313,2015-08-16,0.0,0.0
store_313,2015-08-17,949.545,8168.265
store_313,2015-08-18,827.09,6789.935
store_313,2015-08-19,765.285,5969.145
store_313,2015-08-20,739.735,5740.64
store_313,2015-08-21,741.965,5438.345
store_313,2015-08-22,596.785,4225.96
store_313,2015-08-23,0.0,0.0
store_313,2015-08-24,705.62,4982.95
store_313,2015-08-25,634.42,4559.62
store_313,2015-08-26,617.05,4431.565
store_313,2015-08-27,637.965,4565.69
store_313,2015-08-28,650.635,4473.76
store_313,2015-08-29,623.175,4263.65
store_314,2015-07-20,660.385,5720.36
store_314,2015-07-21,609.365,5280.14
store_314,2015-07-22,628.58,5539.0
store_314,2015-07-23,642.13,5737.48
store_314,2015-07-24,633.955,5626.485
store_314,2015-07-25,393.49,3454.345
store_314,2015-07-26,0.0,0.0
store_314,2015-07-27,835.115,10088.625
store_314,2015-07-28,776.65,8991.71
store_314,2015-07-29,749.18,8620.66
store_314,2015-07-30,774.025,8457.43
store_314,2015-07-31,758.535,8078.765
store_314,2015-08-01,435.175,4097.96
store_314,2015-08-02,0.0,0.0
store_314,2015-08-03,857.27,10308.27
store_314,2015-08-04,715.965,8236.21
store_314,2015-08-05,693.045,7590.395
store_314,2015-08-06,731.885,7556.01
store_314,2015-08-07,712.775,7275.84
store_314,2015-08-08,446.995,3977.38
store_314,2015-08-09,0.0,0.0
store_314,2015-08-10,711.47,7073.265
store_314,2015-08-11,636.045,6316.51
store_314,2015-08-12,609.24,6028.275
store_314,2015-08-13,631.085,6223.905
store_314,2015-08-14,654.265,6191.345
store_314,2015-08-15,438.33,3976.065
store_314,2015-08-16,0.0,0.0
store_314,2015-08-17,884.675,10460.325
store_314,2015-08-18,774.075,8830.29
store_314,2015-08-19,710.35,7919.665
store_314,2015-08-20,725.77,7776.175
store_314,2015-08-21,733.315,7742.51
store_314,2015-08-22,438.14,4010.6
store_314,2015-08-23,0.0,0.0
store_314,2015-08-24,701.44,7023.075
store_314,2015-08-25,645.91,6570.105
store_314,2015-08-26,624.245,6402.38
store_314,2015-08-27,636.29,6598.825
store_314,2015-08-28,654.225,6853.02
store_314,2015-08-29,436.885,4251.415
store_315,2015-07-20,502.995,4415.065
store_315,2015-07-21,445.425,3843.925
store_315,2015-07-22,451.435,3837.325
store_315,2015-07-23,464.32,3988.53
store_315,2015-07-24,505.65,4383.19
store_315,2015-07-25,568.475,5116.11
store_315,2015-07-26,0.0,0.0
store_315,2015-07-27,642.71,7395.715
store_315,2015-07-28,537.735,6172.83
store_315,2015-07-29,548.06,5648.62
store_315,2015-07-30,557.15,5415.56
store_315,2015-07-31,592.82,5610.545
store_315,2015-08-01,582.06,5242.61
store_315,2015-08-02,0.0,0.0
store_315,2015-08-03,720.21,7747.705
store_315,2015-08-04,580.67,6114.835
store_315,2015-08-05,535.37,5519.965
store_315,2015-08-06,526.665,5291.155
store_315,2015-08-07,551.18,5380.22
store_315,2015-08-08,570.63,5378.03
store_315,2015-08-09,0.0,0.0
store_315,2015-08-10,553.58,4909.0
store_315,2015-08-11,497.485,4478.46
store_315,2015-08-12,476.1,4214.365
store_315,2015-08-13,477.29,4344.675
store_315,2015-08-14,493.61,4533.74
store_315,2015-08-15,556.7,5230.765
store_315,2015-08-16,0.0,0.0
store_315,2015-08-17,734.135,7868.975
store_315,2015-08-18,632.31,6488.405
store_315,2015-08-19,601.705,5857.105
store_315,2015-08-20,580.74,5461.14
store_315,2015-08-21,578.355,5344.25
store_315,2015-08-22,561.095,5162.98
store_315,2015-08-23,0.0,0.0
store_315,2015-08-24,583.54,5372.995
store_315,2015-08-25,489.45,4739.03
store_315,2015-08-26,483.395,4425.93
store_315,2015-08-27,500.92,4516.29
store_315,2015-08-28,508.65,4633.21
store_315,2015-08-29,547.27,5082.735
store_316,2015-07-20,468.93,4204.46
store_316,2015-07-21,431.385,3938.715
store_316,2015-07-22,431.705,3902.92
store_316,2015-07-23,436.64,4012.12
store_316,2015-07-24,468.965,4245.96
store_316,2015-07-25,355.53,3212.045
store_316,2015-07-26,0.0,0.0
store_316,2015-07-27,586.72,6077.58
store_316,2015-07-28,491.43,5542.445
store_316,2015-07-29,490.95,5390.785
store_316,2015-07-30,511.19,5252.43
store_316,2015-07-31,535.255,5426.645
store_316,2015-08-01,358.92,3448.41
store_316,2015-08-02,0.0,0.0
store_316,2015-08-03,639.18,6613.405
store_316,2015-08-04,522.63,5476.02
store_316,2015-08-05,491.455,5112.045
store_316,2015-08-06,496.46,5101.485
store_316,2015-08-07,507.035,5311.945
store_316,2015-08-08,350.07,3447.8
store_316,2015-08-09,0.0,0.0
store_316,2015-08-10,510.595,4650.72
store_316,2015-08-11,445.485,4402.205
store_316,2015-08-12,442.36,4217.035
store_316,2015-08-13,458.635,4362.41
store_316,2015-08-14,479.735,4680.555
store_316,2015-08-15,355.0,3441.145
store_316,2015-08-16,0.0,0.0
store_316,2015-08-17,627.61,6685.26
store_316,2015-08-18,560.25,5901.57
store_316,2015-08-19,543.14,5669.11
store_316,2015-08-20,537.02,5675.785
store_316,2015-08-21,542.965,5754.025
store_316,2015-08-22,362.745,3569.2
store_316,2015-08-23,0.0,0.0
store_316,2015-08-24,500.205,5021.6
store_316,2015-08-25,438.055,4579.94
store_316,2015-08-26,449.985,4540.81
store_316,2015-08-27,456.53,4707.625
store_316,2015-08-28,481.885,5101.69
store_316,2015-08-29,345.89,3613.62
store_317,2015-07-20,417.195,4484.095
store_317,2015-07-21,361.3,3966.565
store_317,2015-07-22,368.275,3949.845
store_317,2015-07-23,419.0,4442.405
store_317,2015-07-24,439.465,4861.36
store_317,2015-07-25,430.64,4836.015
store_317,2015-07-26,0.0,0.0
store_317,2015-07-27,523.48,7265.325
store_317,2015-07-28,458.825,6273.495
store_317,2015-07-29,451.455,5838.345
store_317,2015-07-30,473.725,5868.175
store_317,2015-07-31,503.92,6249.555
store_317,2015-08-01,436.895,4995.975
store_317,2015-08-02,0.0,0.0
store_317,2015-08-03,537.105,7327.255
store_317,2015-08-04,448.975,5866.405
store_317,2015-08-05,425.765,5313.875
store_317,2015-08-06,460.735,5690.21
store_317,2015-08-07,485.55,5906.78
store_317,2015-08-08,445.07,5071.39
store_317,2015-08-09,0.0,0.0
store_317,2015-08-10,428.545,4807.135
store_317,2015-08-11,371.415,4251.855
store_317,2015-08-12,385.72,4235.435
store_317,2015-08-13,420.405,4770.135
store_317,2015-08-14,435.895,5017.26
store_317,2015-08-15,434.485,4904.6
store_317,2015-08-16,0.0,0.0
store_317,2015-08-17,520.16,6932.235
store_317,2015-08-18,447.835,5747.94
store_317,2015-08-19,438.645,5433.7
store_317,2015-08-20,466.01,5709.335
store_317,2015-08-21,497.86,6004.18
store_317,2015-08-22,438.155,5001.235
store_317,2015-08-23,0.0,0.0
store_317,2015-08-24,404.31,4532.295
store_317,2015-08-25,359.28,4012.475
store_317,2015-08-26,400.025,4368.625
store_317,2015-08-27,420.435,4839.795
store_317,2015-08-28,442.655,5287.91
store_317,2015-08-29,440.33,5045.78
store_318,2015-07-20,917.185,8006.83
store_318,2015-07-21,835.325,7363.02
store_318,2015-07-22,839.67,7241.59
store_318,2015-07-23,868.575,7603.335
store_318,2015-07-24,880.125,7617.085
store_318,2015-07-25,740.21,6646.36
store_318,2015-07-26,264.995,2321.105
store_318,2015-07-27,1087.02,11569.075
store_318,2015-07-28,971.725,10561.41
store_318,2015-07-29,950.175,10074.52
store_318,2015-07-30,957.915,9832.13
store_318,2015-07-31,934.36,9445.335
store_318,2015-08-01,766.88,7025.43
store_318,2015-08-02,290.795,2459.61
store_318,2015-08-03,1119.025,11930.51
store_318,2015-08-04,970.03,10188.35
store_318,2015-08-05,943.135,9602.5
store_318,2015-08-06,907.335,9302.88
store_318,2015-08-07,894.74,9053.125
store_318,2015-08-08,780.505,7155.1
store_318,2015-08-09,281.2,2545.78
store_318,2015-08-10,954.525,8391.595
store_318,2015-08-11,839.835,7758.87
store_318,2015-08-12,855.845,7746.395
store_318,2015-08-13,857.045,7834.735
store_318,2015-08-14,881.08,7835.425
store_318,2015-08-15,776.46,7121.025
store_318,2015-08-16,296.315,2558.235
store_318,2015-08-17,1097.645,11554.79
store_318,2015-08-18,966.19,10020.725
store_318,2015-08-19,947.875,9467.145
store_318,2015-08-20,932.695,9303.465
store_318,2015-08-21,895.905,8869.2
store_318,2015-08-22,800.4,7174.455
store_318,2015-08-23,307.125,2547.65
store_318,2015-08-24,910.805,7938.985
store_318,2015-08-25,828.66,7565.995
store_318,2015-08-26,820.03,7488.9
store_318,2015-08-27,837.57,7767.305
store_318,2015-08-28,847.395,7839.4
store_318,2015-08-29,778.415,7254.38
store_319,2015-07-20,871.625,8734.715
store_319,2015-07-21,789.34,8154.795
store_319,2015-07-22,794.53,7950.215
store_319,2015-07-23,818.45,8138.84
store_319,2015-07-24,833.735,8367.37
store_319,2015-07-25,863.36,8525.1
store_319,2015-07-26,0.0,0.0
store_319,2015-07-27,1087.965,12912.47
store_319,2015-07-28,966.06,11464.055
store_319,2015-07-29,956.43,10549.565
store_319,2015-07-30,952.87,10150.38
store_319,2015-07-31,943.73,9882.855
store_319,2015-08-01,868.475,8458.81
store_319,2015-08-02,0.0,0.0
store_319,2015-08-03,1171.895,13008.985
store_319,2015-08-04,959.965,10812.615
store_319,2015-08-05,922.02,10135.935
store_319,2015-08-06,927.885,10017.3
store_319,2015-08-07,918.175,9674.21
store_319,2015-08-08,878.305,8692.875
store_319,2015-08-09,0.0,0.0
store_319,2015-08-10,920.21,8575.55
store_319,2015-08-11,825.115,7892.735
store_319,2015-08-12,798.395,7533.02
store_319,2015-08-13,838.53,7773.755
store_319,2015-08-14,900.26,8155.45
store_319,2015-08-15,867.205,8278.15
store_319,2015-08-16,0.0,0.0
store_319,2015-08-17,1153.175,12398.295
store_319,2015-08-18,994.855,10526.795
store_319,2015-08-19,983.18,9840.27
store_319,2015-08-20,1000.835,9836.275
store_319,2015-08-21,990.005,9744.49
store_319,2015-08-22,877.635,8207.045
store_319,2015-08-23,0.0,0.0
store_319,2015-08-24,916.52,8134.945
store_319,2015-08-25,821.665,7462.605
store_319,2015-08-26,806.88,7298.515
store_319,2015-08-27,865.515,7890.155
store_319,2015-08-28,897.45,8316.215
store_319,2015-08-29,861.245,8126.205
store_32,2015-07-20,312.055,3553.135
store_32,2015-07-21,297.27,3354.495
store_32,2015-07-22,310.985,3609.525
store_32,2015-07-23,331.68,3724.385
store_32,2015-07-24,340.505,4000.77
store_32,2015-07-25,337.19,4079.785
store_32,2015-07-26,0.0,0.0
store_32,2015-07-27,505.495,7341.7
store_32,2015-07-28,417.21,5886.035
store_32,2015-07-29,392.55,5415.585
store_32,2015-07-30,405.135,5351.42
store_32,2015-07-31,415.035,5311.155
store_32,2015-08-01,352.145,4346.79
store_32,2015-08-02,0.0,0.0
store_32,2015-08-03,516.34,7249.025
store_32,2015-08-04,414.04,5645.695
store_32,2015-08-05,384.71,5111.605
store_32,2015-08-06,392.16,5152.36
store_32,2015-08-07,396.605,5042.62
store_32,2015-08-08,353.12,4215.16
store_32,2015-08-09,0.0,0.0
store_32,2015-08-10,378.89,4491.525
store_32,2015-08-11,338.515,4117.325
store_32,2015-08-12,330.93,3997.635
store_32,2015-08-13,344.415,4204.805
store_32,2015-08-14,354.23,4264.41
store_32,2015-08-15,343.18,4309.375
store_32,2015-08-16,0.0,0.0
store_32,2015-08-17,558.23,7625.435
store_32,2015-08-18,453.44,6146.175
store_32,2015-08-19,435.285,5932.25
store_32,2015-08-20,439.45,5866.655
store_32,2015-08-21,437.57,5806.465
store_32,2015-08-22,353.06,4274.125
store_32,2015-08-23,0.0,0.0
store_32,2015-08-24,378.54,4654.385
store_32,2015-08-25,331.18,4263.15
store_32,2015-08-26,330.61,4297.96
store_32,2015-08-27,338.87,4468.67
store_32,2015-08-28,357.795,4667.305
store_32,2015-08-29,344.155,4248.875
store_320,2015-07-20,877.565,8833.125
store_320,2015-07-21,794.805,7860.0
store_320,2015-07-22,773.62,7720.94
store_320,2015-07-23,822.47,8150.98
store_320,2015-07-24,845.2,8580.11
store_320,2015-07-25,744.79,7513.905
store_320,2015-07-26,0.0,0.0
store_320,2015-07-27,1080.025,13390.935
store_320,2015-07-28,961.11,11475.01
store_320,2015-07-29,951.78,11125.06
store_320,2015-07-30,988.97,11212.5
store_320,2015-07-31,1002.965,11139.1
store_320,2015-08-01,786.965,7778.46
store_320,2015-08-02,0.0,0.0
store_320,2015-08-03,1138.815,13065.465
store_320,2015-08-04,970.295,10978.605
store_320,2015-08-05,918.305,10059.505
store_320,2015-08-06,930.615,10110.685
store_320,2015-08-07,916.1,9973.475
store_320,2015-08-08,757.61,7584.895
store_320,2015-08-09,0.0,0.0
store_320,2015-08-10,929.76,8926.415
store_320,2015-08-11,849.545,8040.94
store_320,2015-08-12,813.55,7710.85
store_320,2015-08-13,820.615,7958.185
store_320,2015-08-14,885.63,8438.73
store_320,2015-08-15,750.75,7450.98
store_320,2015-08-16,0.0,0.0
store_320,2015-08-17,1133.63,12650.89
store_320,2015-08-18,1036.17,10966.19
store_320,2015-08-19,985.965,10117.73
store_320,2015-08-20,977.74,9887.185
store_320,2015-08-21,968.165,9773.98
store_320,2015-08-22,763.4,7428.115
store_320,2015-08-23,0.0,0.0
store_320,2015-08-24,909.085,8174.035
store_320,2015-08-25,840.42,7694.485
store_320,2015-08-26,810.975,7456.305
store_320,2015-08-27,852.8,8051.33
store_320,2015-08-28,844.505,8251.355
store_320,2015-08-29,748.905,7266.755
store_321,2015-07-20,699.805,7088.98
store_321,2015-07-21,611.545,6389.16
store_321,2015-07-22,612.8,6143.615
store_321,2015-07-23,745.855,7356.205
store_321,2015-07-24,793.37,8083.615
store_321,2015-07-25,707.08,7246.51
store_321,2015-07-26,0.0,0.0
store_321,2015-07-27,924.78,11562.885
store_321,2015-07-28,800.965,10123.02
store_321,2015-07-29,765.75,9235.26
store_321,2015-07-30,828.69,9912.17
store_321,2015-07-31,873.835,10317.82
store_321,2015-08-01,760.285,8022.175
store_321,2015-08-02,0.0,0.0
store_321,2015-08-03,975.225,11851.045
store_321,2015-08-04,793.365,9527.14
store_321,2015-08-05,735.11,8634.225
store_321,2015-08-06,777.295,9212.01
store_321,2015-08-07,824.17,9473.25
store_321,2015-08-08,727.76,7748.79
store_321,2015-08-09,0.0,0.0
store_321,2015-08-10,766.035,7630.44
store_321,2015-08-11,672.38,6960.785
store_321,2015-08-12,646.525,6444.865
store_321,2015-08-13,663.705,7150.7
store_321,2015-08-14,743.25,8043.885
store_321,2015-08-15,710.49,7659.985
store_321,2015-08-16,0.0,0.0
store_321,2015-08-17,973.365,12285.62
store_321,2015-08-18,816.745,9953.73
store_321,2015-08-19,750.815,8668.38
store_321,2015-08-20,791.25,8887.44
store_321,2015-08-21,839.12,9512.545
store_321,2015-08-22,726.19,7638.055
store_321,2015-08-23,0.0,0.0
store_321,2015-08-24,753.44,7706.86
store_321,2015-08-25,668.955,7027.375
store_321,2015-08-26,643.175,6648.5
store_321,2015-08-27,670.88,7104.045
store_321,2015-08-28,730.89,8200.53
store_321,2015-08-29,707.605,7877.39
store_322,2015-07-20,1224.385,8458.14
store_322,2015-07-21,1199.19,8449.74
store_322,2015-07-22,1166.5,8098.705
store_322,2015-07-23,1138.6,7797.13
store_322,2015-07-24,1123.895,7584.59
store_322,2015-07-25,1150.73,8060.795
store_322,2015-07-26,1079.865,6969.155
store_322,2015-07-27,1215.55,10213.24
store_322,2015-07-28,1248.595,10333.54
store_322,2015-07-29,1196.75,10341.165
store_322,2015-07-30,1229.01,10407.53
store_322,2015-07-31,1243.56,10158.935
store_322,2015-08-01,1130.52,9089.85
store_322,2015-08-02,1096.3,7640.185
store_322,2015-08-03,1264.405,10417.62
store_322,2015-08-04,1223.81,10366.565
store_322,2015-08-05,1194.435,10312.68
store_322,2015-08-06,1180.625,10033.385
store_322,2015-08-07,1147.725,9912.245
store_322,2015-08-08,1093.375,8873.63
store_322,2015-08-09,1049.725,7813.5
store_322,2015-08-10,1235.28,9584.28
store_322,2015-08-11,1220.67,9348.175
store_322,2015-08-12,1198.585,9169.955
store_322,2015-08-13,1190.885,9179.47
store_322,2015-08-14,1171.03,9152.585
store_322,2015-08-15,1076.53,8861.535
store_322,2015-08-16,1024.325,8133.385
store_322,2015-08-17,1229.845,10981.225
store_322,2015-08-18,1201.74,11094.76
store_322,2015-08-19,1197.855,11111.065
store_322,2015-08-20,1200.655,11169.085
store_322,2015-08-21,1177.09,11041.095
store_322,2015-08-22,1072.975,9481.705
store_322,2015-08-23,975.43,8128.805
store_322,2015-08-24,1090.79,9386.145
store_322,2015-08-25,1049.365,9602.6
store_322,2015-08-26,1086.815,9819.555
store_322,2015-08-27,1147.485,9916.715
store_322,2015-08-28,1150.785,10135.715
store_322,2015-08-29,1076.095,10057.08
store_323,2015-07-20,612.78,4925.45
store_323,2015-07-21,554.965,4515.46
store_323,2015-07-22,535.8,4456.01
store_323,2015-07-23,568.605,4628.92
store_323,2015-07-24,593.32,4818.34
store_323,2015-07-25,497.25,4203.7
store_323,2015-07-26,0.0,0.0
store_323,2015-07-27,728.96,6855.295
store_323,2015-07-28,644.705,6225.07
store_323,2015-07-29,636.2,6112.715
store_323,2015-07-30,654.085,6074.12
store_323,2015-07-31,643.32,5931.36
store_323,2015-08-01,508.305,4338.28
store_323,2015-08-02,0.0,0.0
store_323,2015-08-03,784.015,7559.045
store_323,2015-08-04,651.17,6375.625
store_323,2015-08-05,613.16,5931.585
store_323,2015-08-06,620.335,5931.645
store_323,2015-08-07,644.02,6057.64
store_323,2015-08-08,511.115,4662.45
store_323,2015-08-09,0.0,0.0
store_323,2015-08-10,649.28,5361.94
store_323,2015-08-11,579.22,4869.085
store_323,2015-08-12,564.095,4594.115
store_323,2015-08-13,577.81,4881.34
store_323,2015-08-14,597.59,5117.3
store_323,2015-08-15,491.58,4423.24
store_323,2015-08-16,0.0,0.0
store_323,2015-08-17,799.03,7824.73
store_323,2015-08-18,701.555,6680.125
store_323,2015-08-19,665.225,6110.095
store_323,2015-08-20,663.925,6121.155
store_323,2015-08-21,644.31,6112.18
store_323,2015-08-22,500.795,4449.61
store_323,2015-08-23,0.0,0.0
store_323,2015-08-24,647.035,5633.805
store_323,2015-08-25,586.45,5139.71
store_323,2015-08-26,567.565,4935.92
store_323,2015-08-27,593.22,5185.775
store_323,2015-08-28,601.865,5444.325
store_323,2015-08-29,495.705,4492.105
store_324,2015-07-20,1202.14,9426.955
store_324,2015-07-21,1114.59,8817.57
store_324,2015-07-22,1056.36,8321.46
store_324,2015-07-23,1073.085,8374.485
store_324,2015-07-24,1054.8,8275.02
store_324,2015-07-25,1066.43,8619.8
store_324,2015-07-26,0.0,0.0
store_324,2015-07-27,1377.385,12500.695
store_324,2015-07-28,1286.675,11395.735
store_324,2015-07-29,1216.845,10512.36
store_324,2015-07-30,1211.365,10398.4
store_324,2015-07-31,1197.985,10123.365
store_324,2015-08-01,1074.88,9075.41
store_324,2015-08-02,0.0,0.0
store_324,2015-08-03,1447.54,12966.52
store_324,2015-08-04,1298.55,11345.405
store_324,2015-08-05,1214.865,10162.375
store_324,2015-08-06,1216.525,9995.665
store_324,2015-08-07,1186.995,9839.485
store_324,2015-08-08,1054.59,8789.53
store_324,2015-08-09,0.0,0.0
store_324,2015-08-10,1209.7,9169.48
store_324,2015-08-11,1133.835,8539.42
store_324,2015-08-12,1068.015,8079.605
store_324,2015-08-13,1111.72,8436.075
store_324,2015-08-14,1100.71,8569.66
store_324,2015-08-15,1079.22,8717.13
store_324,2015-08-16,0.0,0.0
store_324,2015-08-17,1384.26,12026.025
store_324,2015-08-18,1264.29,10496.075
store_324,2015-08-19,1201.41,9683.2
store_324,2015-08-20,1204.2,9729.53
store_324,2015-08-21,1179.97,9545.5
store_324,2015-08-22,1038.475,8218.425
store_324,2015-08-23,0.0,0.0
store_324,2015-08-24,1156.38,8464.09
store_324,2015-08-25,1066.165,7901.41
store_324,2015-08-26,1041.21,7669.77
store_324,2015-08-27,1065.525,7956.66
store_324,2015-08-28,1049.575,7963.97
store_324,2015-08-29,1035.18,8122.395
store_325,2015-07-20,951.75,9722.08
store_325,2015-07-21,899.525,9101.085
store_325,2015-07-22,863.14,8786.715
store_325,2015-07-23,867.985,9051.87
store_325,2015-07-24,923.715,9387.67
store_325,2015-07-25,712.905,7659.42
store_325,2015-07-26,0.0,0.0
store_325,2015-07-27,1204.0,15780.47
store_325,2015-07-28,1100.68,13271.445
store_325,2015-07-29,1029.735,12418.18
store_325,2015-07-30,1028.855,11933.8
store_325,2015-07-31,1051.895,11459.6
store_325,2015-08-01,735.21,7997.74
store_325,2015-08-02,0.0,0.0
store_325,2015-08-03,1282.315,15100.585
store_325,2015-08-04,1075.935,12507.83
store_325,2015-08-05,985.885,11349.755
store_325,2015-08-06,993.615,11236.175
store_325,2015-08-07,1011.34,11116.7
store_325,2015-08-08,772.365,8050.495
store_325,2015-08-09,0.0,0.0
store_325,2015-08-10,1002.975,10171.45
store_325,2015-08-11,920.125,9481.135
store_325,2015-08-12,878.515,9090.115
store_325,2015-08-13,891.255,9249.925
store_325,2015-08-14,928.005,9518.705
store_325,2015-08-15,756.67,7985.305
store_325,2015-08-16,0.0,0.0
store_325,2015-08-17,1246.82,15301.755
store_325,2015-08-18,1094.235,12636.745
store_325,2015-08-19,1025.71,11310.375
store_325,2015-08-20,1025.135,10943.055
store_325,2015-08-21,1022.88,10845.845
store_325,2015-08-22,782.305,8061.05
store_325,2015-08-23,0.0,0.0
store_325,2015-08-24,974.865,9651.76
store_325,2015-08-25,912.61,9014.485
store_325,2015-08-26,857.685,8816.075
store_325,2015-08-27,868.75,9019.285
store_325,2015-08-28,929.27,9816.98
store_325,2015-08-29,769.48,8121.98
store_326,2015-07-20,774.83,6204.6
store_326,2015-07-21,758.395,6245.07
store_326,2015-07-22,789.605,6677.285
store_326,2015-07-23,831.69,7387.925
store_326,2015-07-24,825.375,7383.73
store_326,2015-07-25,595.05,5261.795
store_326,2015-07-26,0.0,0.0
store_326,2015-07-27,977.485,9590.81
store_326,2015-07-28,928.47,9146.045
store_326,2015-07-29,941.125,9161.12
store_326,2015-07-30,984.895,9541.2
store_326,2015-07-31,968.36,9159.03
store_326,2015-08-01,596.57,5212.095
store_326,2015-08-02,0.0,0.0
store_326,2015-08-03,1040.27,10287.31
store_326,2015-08-04,923.895,9017.055
store_326,2015-08-05,867.075,8432.76
store_326,2015-08-06,869.97,8545.67
store_326,2015-08-07,867.71,7959.525
store_326,2015-08-08,576.06,5115.37
store_326,2015-08-09,0.0,0.0
store_326,2015-08-10,831.69,6477.57
store_326,2015-08-11,782.79,6049.47
store_326,2015-08-12,769.37,6117.615
store_326,2015-08-13,793.855,6683.555
store_326,2015-08-14,822.17,6841.25
store_326,2015-08-15,568.595,4896.14
store_326,2015-08-16,0.0,0.0
store_326,2015-08-17,1078.25,9441.85
store_326,2015-08-18,955.52,8348.31
store_326,2015-08-19,896.025,7783.17
store_326,2015-08-20,919.605,7914.825
store_326,2015-08-21,916.92,7826.625
store_326,2015-08-22,570.715,4934.045
store_326,2015-08-23,0.0,0.0
store_326,2015-08-24,799.505,6012.735
store_326,2015-08-25,751.945,5632.315
store_326,2015-08-26,725.11,5597.03
store_326,2015-08-27,763.99,6129.22
store_326,2015-08-28,815.055,6709.34
store_326,2015-08-29,559.485,4912.83
store_327,2015-07-20,733.06,6557.3
store_327,2015-07-21,703.06,6491.535
store_327,2015-07-22,671.795,6180.82
store_327,2015-07-23,710.9,6245.53
store_327,2015-07-24,797.525,6990.82
store_327,2015-07-25,492.82,4709.27
store_327,2015-07-26,0.0,0.0
store_327,2015-07-27,907.985,9752.11
store_327,2015-07-28,883.945,9349.565
store_327,2015-07-29,854.965,8626.085
store_327,2015-07-30,934.43,8441.725
store_327,2015-07-31,957.76,9055.38
store_327,2015-08-01,529.92,5087.81
store_327,2015-08-02,0.0,0.0
store_327,2015-08-03,979.205,10271.3
store_327,2015-08-04,832.68,8749.265
store_327,2015-08-05,793.09,7860.79
store_327,2015-08-06,805.85,7725.98
store_327,2015-08-07,840.905,8049.77
store_327,2015-08-08,523.405,4956.795
store_327,2015-08-09,0.0,0.0
store_327,2015-08-10,772.145,6498.585
store_327,2015-08-11,709.23,5987.865
store_327,2015-08-12,677.615,5816.545
store_327,2015-08-13,697.81,5958.55
store_327,2015-08-14,786.95,6630.375
store_327,2015-08-15,507.725,4681.89
store_327,2015-08-16,0.0,0.0
store_327,2015-08-17,1022.16,9457.685
store_327,2015-08-18,870.935,8117.965
store_327,2015-08-19,800.11,7280.64
store_327,2015-08-20,809.95,7195.715
store_327,2015-08-21,850.095,7524.025
store_327,2015-08-22,535.765,4667.29
store_327,2015-08-23,0.0,0.0
store_327,2015-08-24,759.31,5976.295
store_327,2015-08-25,683.48,5483.585
store_327,2015-08-26,686.085,5440.645
store_327,2015-08-27,699.895,5599.2
store_327,2015-08-28,744.425,6186.165
store_327,2015-08-29,532.955,4796.5
store_328,2015-07-20,583.245,5052.945
store_328,2015-07-21,546.58,4714.54
store_328,2015-07-22,547.27,4579.575
store_328,2015-07-23,544.94,4653.045
store_328,2015-07-24,541.67,4724.61
store_328,2015-07-25,476.61,4406.075
store_328,2015-07-26,0.0,0.0
store_328,2015-07-27,735.965,8155.25
store_328,2015-07-28,684.345,7309.91
store_328,2015-07-29,662.325,6875.52
store_328,2015-07-30,676.145,6644.395
store_328,2015-07-31,646.43,6310.325
store_328,2015-08-01,496.665,4601.985
store_328,2015-08-02,0.0,0.0
store_328,2015-08-03,763.31,8041.945
store_328,2015-08-04,668.085,6782.31
store_328,2015-08-05,615.585,6332.84
store_328,2015-08-06,637.385,6047.545
store_328,2015-08-07,601.425,5976.065
store_328,2015-08-08,502.91,4683.11
store_328,2015-08-09,0.0,0.0
store_328,2015-08-10,595.185,5131.59
store_328,2015-08-11,556.01,4784.155
store_328,2015-08-12,530.33,4568.23
store_328,2015-08-13,543.19,4642.65
store_328,2015-08-14,535.9,4646.84
store_328,2015-08-15,460.43,4281.635
store_328,2015-08-16,0.0,0.0
store_328,2015-08-17,761.795,7941.18
store_328,2015-08-18,690.5,6750.98
store_328,2015-08-19,635.005,6221.935
store_328,2015-08-20,632.75,6024.69
store_328,2015-08-21,610.93,5781.805
store_328,2015-08-22,472.585,4186.18
store_328,2015-08-23,0.0,0.0
store_328,2015-08-24,583.85,4912.4
store_328,2015-08-25,521.615,4579.52
store_328,2015-08-26,517.735,4532.33
store_328,2015-08-27,527.29,4774.63
store_328,2015-08-28,526.93,4873.98
store_328,2015-08-29,467.785,4254.34
store_329,2015-07-20,593.1,4413.38
store_329,2015-07-21,552.155,3872.245
store_329,2015-07-22,517.255,3459.785
store_329,2015-07-23,540.585,3689.825
store_329,2015-07-24,530.91,3466.265
store_329,2015-07-25,344.91,2290.115
store_329,2015-07-26,0.0,0.0
store_329,2015-07-27,742.315,6619.155
store_329,2015-07-28,673.38,5924.33
store_329,2015-07-29,630.43,5230.615
store_329,2015-07-30,660.7,5226.11
store_329,2015-07-31,622.285,4752.995
store_329,2015-08-01,365.765,2549.085
store_329,2015-08-02,0.0,0.0
store_329,2015-08-03,751.92,6760.225
store_329,2015-08-04,662.365,5595.755
store_329,2015-08-05,607.635,4923.095
store_329,2015-08-06,630.28,4983.085
store_329,2015-08-07,597.03,4615.845
store_329,2015-08-08,359.795,2681.085
store_329,2015-08-09,0.0,0.0
store_329,2015-08-10,588.51,4503.0
store_329,2015-08-11,555.62,4232.21
store_329,2015-08-12,539.415,3907.775
store_329,2015-08-13,539.875,4043.18
store_329,2015-08-14,535.215,3878.72
store_329,2015-08-15,361.1,2534.32
store_329,2015-08-16,0.0,0.0
store_329,2015-08-17,717.69,6415.355
store_329,2015-08-18,671.17,5698.25
store_329,2015-08-19,631.03,5126.345
store_329,2015-08-20,638.93,5176.68
store_329,2015-08-21,626.77,4971.2
store_329,2015-08-22,369.54,2604.085
store_329,2015-08-23,0.0,0.0
store_329,2015-08-24,578.69,4342.67
store_329,2015-08-25,506.77,3983.665
store_329,2015-08-26,511.98,3982.065
store_329,2015-08-27,528.775,4205.31
store_329,2015-08-28,540.145,4216.85
store_329,2015-08-29,369.04,2703.845
store_33,2015-07-20,578.52,4974.7
store_33,2015-07-21,538.28,4636.68
store_33,2015-07-22,541.13,4691.375
store_33,2015-07-23,572.275,5051.945
store_33,2015-07-24,600.61,5325.78
store_33,2015-07-25,368.92,3343.915
store_33,2015-07-26,0.0,0.0
store_33,2015-07-27,725.85,7826.46
store_33,2015-07-28,645.27,6955.9
store_33,2015-07-29,645.395,6968.44
store_33,2015-07-30,653.85,6910.68
store_33,2015-07-31,654.99,6919.37
store_33,2015-08-01,382.4,3574.095
store_33,2015-08-02,0.0,0.0
store_33,2015-08-03,781.37,8467.745
store_33,2015-08-04,646.12,6786.905
store_33,2015-08-05,610.665,6441.45
store_33,2015-08-06,626.805,6287.14
store_33,2015-08-07,644.99,6480.44
store_33,2015-08-08,390.855,3568.445
store_33,2015-08-09,0.0,0.0
store_33,2015-08-10,616.705,5567.79
store_33,2015-08-11,567.065,5208.94
store_33,2015-08-12,542.47,5018.05
store_33,2015-08-13,561.435,5240.93
store_33,2015-08-14,593.31,5565.485
store_33,2015-08-15,373.455,3467.86
store_33,2015-08-16,0.0,0.0
store_33,2015-08-17,771.39,8391.245
store_33,2015-08-18,666.025,7076.92
store_33,2015-08-19,624.795,6585.675
store_33,2015-08-20,653.41,6717.98
store_33,2015-08-21,634.495,6643.08
store_33,2015-08-22,376.37,3543.32
store_33,2015-08-23,0.0,0.0
store_33,2015-08-24,627.94,5876.525
store_33,2015-08-25,568.52,5451.685
store_33,2015-08-26,568.59,5478.23
store_33,2015-08-27,587.53,5859.78
store_33,2015-08-28,599.895,6253.43
store_33,2015-08-29,384.355,3660.05
store_330,2015-07-20,828.075,6162.63
store_330,2015-07-21,726.855,5714.75
store_330,2015-07-22,726.605,5749.385
store_330,2015-07-23,724.295,5515.64
store_330,2015-07-24,668.095,4806.8
store_330,2015-07-25,574.645,4346.105
store_330,2015-07-26,0.0,0.0
store_330,2015-07-27,1100.6,11286.875
store_330,2015-07-28,990.375,9645.645
store_330,2015-07-29,949.655,8782.07
store_330,2015-07-30,955.625,8275.595
store_330,2015-07-31,841.03,7234.51
store_330,2015-08-01,602.77,4795.36
store_330,2015-08-02,0.0,0.0
store_330,2015-08-03,1060.425,10842.085
store_330,2015-08-04,912.805,8497.39
store_330,2015-08-05,879.005,7975.145
store_330,2015-08-06,851.59,7431.71
store_330,2015-08-07,785.62,6325.54
store_330,2015-08-08,573.105,4531.005
store_330,2015-08-09,0.0,0.0
store_330,2015-08-10,789.78,6502.775
store_330,2015-08-11,768.3,6098.6
store_330,2015-08-12,751.56,5961.995
store_330,2015-08-13,771.095,5948.83
store_330,2015-08-14,755.785,5527.895
store_330,2015-08-15,573.265,4698.515
store_330,2015-08-16,0.0,0.0
store_330,2015-08-17,1054.55,10033.06
store_330,2015-08-18,958.595,8702.38
store_330,2015-08-19,918.985,7923.745
store_330,2015-08-20,901.66,7507.65
store_330,2015-08-21,873.485,6856.895
store_330,2015-08-22,580.91,4623.765
store_330,2015-08-23,0.0,0.0
store_330,2015-08-24,780.025,6093.73
store_330,2015-08-25,737.68,5866.78
store_330,2015-08-26,725.145,5937.55
store_330,2015-08-27,766.92,6114.905
store_330,2015-08-28,771.62,6139.76
store_330,2015-08-29,585.25,4754.55
store_331,2015-07-20,211.83,2188.89
store_331,2015-07-21,206.135,2094.645
store_331,2015-07-22,191.465,1946.965
store_331,2015-07-23,198.09,2059.635
store_331,2015-07-24,193.34,1913.325
store_331,2015-07-25,143.285,1426.46
store_331,2015-07-26,0.0,0.0
store_331,2015-07-27,365.33,4800.475
store_331,2015-07-28,312.37,4193.19
store_331,2015-07-29,281.91,3659.065
store_331,2015-07-30,285.08,3451.285
store_331,2015-07-31,274.425,3308.275
store_331,2015-08-01,147.025,1517.62
store_331,2015-08-02,0.0,0.0
store_331,2015-08-03,335.295,4480.565
store_331,2015-08-04,301.45,3831.315
store_331,2015-08-05,286.52,3495.98
store_331,2015-08-06,279.665,3429.205
store_331,2015-08-07,267.355,3224.01
store_331,2015-08-08,143.87,1487.165
store_331,2015-08-09,0.0,0.0
store_331,2015-08-10,208.345,2275.855
store_331,2015-08-11,208.775,2109.405
store_331,2015-08-12,220.755,2237.3
store_331,2015-08-13,222.7,2283.965
store_331,2015-08-14,232.42,2396.65
store_331,2015-08-15,141.08,1360.58
store_331,2015-08-16,0.0,0.0
store_331,2015-08-17,353.835,4657.605
store_331,2015-08-18,309.24,3991.735
store_331,2015-08-19,292.67,3600.535
store_331,2015-08-20,286.565,3449.885
store_331,2015-08-21,281.71,3455.27
store_331,2015-08-22,142.66,1456.25
store_331,2015-08-23,0.0,0.0
store_331,2015-08-24,207.965,2220.585
store_331,2015-08-25,191.175,1953.955
store_331,2015-08-26,199.74,1990.44
store_331,2015-08-27,206.605,2165.74
store_331,2015-08-28,213.99,2188.165
store_331,2015-08-29,138.58,1360.13
store_332,2015-07-20,891.14,8453.305
store_332,2015-07-21,827.41,7938.635
store_332,2015-07-22,810.22,8125.52
store_332,2015-07-23,874.125,8349.445
store_332,2015-07-24,881.0,8270.215
store_332,2015-07-25,743.32,7193.265
store_332,2015-07-26,0.0,0.0
store_332,2015-07-27,1059.06,12562.115
store_332,2015-07-28,1021.11,11449.265
store_332,2015-07-29,986.615,11107.16
store_332,2015-07-30,1073.265,11446.84
store_332,2015-07-31,1028.23,10954.34
store_332,2015-08-01,797.09,7582.53
store_332,2015-08-02,0.0,0.0
store_332,2015-08-03,1126.95,12055.165
store_332,2015-08-04,958.075,10283.935
store_332,2015-08-05,912.17,9511.68
store_332,2015-08-06,940.895,9692.225
store_332,2015-08-07,909.21,9450.255
store_332,2015-08-08,781.075,7401.76
store_332,2015-08-09,0.0,0.0
store_332,2015-08-10,898.54,8181.405
store_332,2015-08-11,831.98,7465.1
store_332,2015-08-12,802.995,7139.2
store_332,2015-08-13,808.3,7389.235
store_332,2015-08-14,843.07,7633.44
store_332,2015-08-15,795.72,7244.515
store_332,2015-08-16,0.0,0.0
store_332,2015-08-17,1100.825,11164.62
store_332,2015-08-18,1001.935,9567.615
store_332,2015-08-19,960.51,8903.14
store_332,2015-08-20,939.135,8917.905
store_332,2015-08-21,926.12,8659.93
store_332,2015-08-22,779.49,6932.5
store_332,2015-08-23,0.0,0.0
store_332,2015-08-24,917.795,7555.16
store_332,2015-08-25,820.59,6916.465
store_332,2015-08-26,795.495,6710.2
store_332,2015-08-27,831.755,7148.155
store_332,2015-08-28,845.415,7452.635
store_332,2015-08-29,795.24,7067.875
store_333,2015-07-20,410.175,4752.155
store_333,2015-07-21,345.885,4039.11
store_333,2015-07-22,359.575,4119.345
store_333,2015-07-23,347.145,4109.07
store_333,2015-07-24,378.255,4347.845
store_333,2015-07-25,346.445,3970.64
store_333,2015-07-26,0.0,0.0
store_333,2015-07-27,518.675,7684.13
store_333,2015-07-28,446.62,6440.54
store_333,2015-07-29,437.03,5968.445
store_333,2015-07-30,431.59,5690.765
store_333,2015-07-31,442.405,5782.74
store_333,2015-08-01,358.055,4042.09
store_333,2015-08-02,0.0,0.0
store_333,2015-08-03,553.82,7659.275
store_333,2015-08-04,454.06,6272.985
store_333,2015-08-05,429.705,5722.535
store_333,2015-08-06,422.905,5414.175
store_333,2015-08-07,417.745,5366.515
store_333,2015-08-08,348.335,4050.14
store_333,2015-08-09,0.0,0.0
store_333,2015-08-10,419.695,5077.315
store_333,2015-08-11,383.65,4579.855
store_333,2015-08-12,378.145,4455.215
store_333,2015-08-13,394.94,4549.565
store_333,2015-08-14,408.67,4768.25
store_333,2015-08-15,342.01,3959.55
store_333,2015-08-16,0.0,0.0
store_333,2015-08-17,551.08,7629.455
store_333,2015-08-18,472.735,6309.865
store_333,2015-08-19,456.355,5937.045
store_333,2015-08-20,474.625,6065.6
store_333,2015-08-21,488.835,6207.99
store_333,2015-08-22,356.925,4167.555
store_333,2015-08-23,0.0,0.0
store_333,2015-08-24,410.94,4922.975
store_333,2015-08-25,372.525,4568.755
store_333,2015-08-26,392.015,4719.825
store_333,2015-08-27,413.625,5211.22
store_333,2015-08-28,433.765,5438.44
store_333,2015-08-29,350.95,4111.685
store_334,2015-07-20,536.945,4282.87
store_334,2015-07-21,497.0,4047.135
store_334,2015-07-22,491.78,3926.6
store_334,2015-07-23,504.5,4103.475
store_334,2015-07-24,554.255,4617.495
store_334,2015-07-25,390.025,3451.985
store_334,2015-07-26,0.0,0.0
store_334,2015-07-27,646.04,6074.68
store_334,2015-07-28,576.065,5349.2
store_334,2015-07-29,566.195,5263.575
store_334,2015-07-30,584.14,5314.525
store_334,2015-07-31,619.43,5766.965
store_334,2015-08-01,402.51,3615.94
store_334,2015-08-02,0.0,0.0
store_334,2015-08-03,709.59,6707.16
store_334,2015-08-04,597.235,5529.945
store_334,2015-08-05,547.98,5091.905
store_334,2015-08-06,552.81,4952.0
store_334,2015-08-07,577.345,5329.785
store_334,2015-08-08,391.37,3559.78
store_334,2015-08-09,0.0,0.0
store_334,2015-08-10,565.0,4537.84
store_334,2015-08-11,519.715,4138.34
store_334,2015-08-12,493.24,4087.865
store_334,2015-08-13,501.495,4103.605
store_334,2015-08-14,519.265,4454.535
store_334,2015-08-15,387.6,3433.965
store_334,2015-08-16,0.0,0.0
store_334,2015-08-17,693.13,6455.15
store_334,2015-08-18,620.97,5708.68
store_334,2015-08-19,578.755,5122.45
store_334,2015-08-20,586.26,5113.71
store_334,2015-08-21,600.29,5285.185
store_334,2015-08-22,405.515,3505.57
store_334,2015-08-23,0.0,0.0
store_334,2015-08-24,570.28,4517.265
store_334,2015-08-25,508.3,4106.6
store_334,2015-08-26,494.83,4015.79
store_334,2015-08-27,511.02,4211.96
store_334,2015-08-28,529.3,4554.925
store_334,2015-08-29,385.43,3471.93
store_335,2015-07-20,379.875,3715.825
store_335,2015-07-21,325.13,3375.09
store_335,2015-07-22,363.545,3477.355
store_335,2015-07-23,371.48,3749.55
store_335,2015-07-24,388.02,4039.025
store_335,2015-07-25,417.945,4305.305
store_335,2015-07-26,0.0,0.0
store_335,2015-07-27,493.055,5938.415
store_335,2015-07-28,453.835,5295.855
store_335,2015-07-29,437.315,4985.805
store_335,2015-07-30,450.99,5097.12
store_335,2015-07-31,467.15,5372.0
store_335,2015-08-01,440.49,4630.755
store_335,2015-08-02,0.0,0.0
store_335,2015-08-03,535.365,6288.74
store_335,2015-08-04,442.975,5042.27
store_335,2015-08-05,414.69,4574.18
store_335,2015-08-06,427.195,4635.01
store_335,2015-08-07,438.235,4892.225
store_335,2015-08-08,432.79,4497.895
store_335,2015-08-09,0.0,0.0
store_335,2015-08-10,446.135,4212.85
store_335,2015-08-11,392.23,3707.32
store_335,2015-08-12,376.975,3582.99
store_335,2015-08-13,390.41,3815.61
store_335,2015-08-14,423.445,4087.845
store_335,2015-08-15,447.15,4444.445
store_335,2015-08-16,0.0,0.0
store_335,2015-08-17,596.87,6523.88
store_335,2015-08-18,501.105,5504.71
store_335,2015-08-19,491.52,4870.66
store_335,2015-08-20,469.845,4777.525
store_335,2015-08-21,484.54,4989.72
store_335,2015-08-22,450.865,4314.79
store_335,2015-08-23,0.0,0.0
store_335,2015-08-24,418.37,3891.18
store_335,2015-08-25,376.2,3642.045
store_335,2015-08-26,392.56,3658.54
store_335,2015-08-27,408.63,3863.15
store_335,2015-08-28,421.13,4028.27
store_335,2015-08-29,430.995,4188.64
store_336,2015-07-20,1016.705,6544.19
store_336,2015-07-21,994.56,6322.56
store_336,2015-07-22,934.915,5776.89
store_336,2015-07-23,937.32,5909.34
store_336,2015-07-24,936.275,5880.185
store_336,2015-07-25,766.03,4845.46
store_336,2015-07-26,0.0,0.0
store_336,2015-07-27,1196.715,9562.14
store_336,2015-07-28,1150.765,9326.645
store_336,2015-07-29,1090.935,9019.645
store_336,2015-07-30,1116.95,8977.035
store_336,2015-07-31,1062.225,8284.73
store_336,2015-08-01,812.125,5667.745
store_336,2015-08-02,0.0,0.0
store_336,2015-08-03,1266.145,10322.075
store_336,2015-08-04,1149.72,9234.295
store_336,2015-08-05,1081.25,8296.65
store_336,2015-08-06,1045.005,7901.945
store_336,2015-08-07,1007.995,7341.3
store_336,2015-08-08,812.39,5437.905
store_336,2015-08-09,0.0,0.0
store_336,2015-08-10,1062.41,7499.04
store_336,2015-08-11,998.525,7145.965
store_336,2015-08-12,944.31,6727.02
store_336,2015-08-13,942.51,6545.36
store_336,2015-08-14,943.02,6409.33
store_336,2015-08-15,834.675,5522.85
store_336,2015-08-16,0.0,0.0
store_336,2015-08-17,1226.23,10197.735
store_336,2015-08-18,1133.435,9326.185
store_336,2015-08-19,1072.815,8577.13
store_336,2015-08-20,1074.465,8429.075
store_336,2015-08-21,1063.58,8106.74
store_336,2015-08-22,854.27,5822.68
store_336,2015-08-23,0.0,0.0
store_336,2015-08-24,989.09,7222.425
store_336,2015-08-25,906.93,6754.835
store_336,2015-08-26,886.17,6607.485
store_336,2015-08-27,912.54,6909.045
store_336,2015-08-28,925.565,7012.665
store_336,2015-08-29,843.73,6196.045
store_337,2015-07-20,661.835,6143.53
store_337,2015-07-21,603.01,5760.55
store_337,2015-07-22,611.2,5989.69
store_337,2015-07-23,620.205,5984.425
store_337,2015-07-24,596.025,5694.75
store_337,2015-07-25,403.35,3954.89
store_337,2015-07-26,0.0,0.0
store_337,2015-07-27,856.195,11285.6
store_337,2015-07-28,774.185,9610.575
store_337,2015-07-29,756.21,8938.79
store_337,2015-07-30,767.355,8314.725
store_337,2015-07-31,745.06,7849.155
store_337,2015-08-01,432.39,4203.96
store_337,2015-08-02,0.0,0.0
store_337,2015-08-03,871.895,10732.015
store_337,2015-08-04,726.335,8562.915
store_337,2015-08-05,704.84,8145.37
store_337,2015-08-06,706.925,7663.67
store_337,2015-08-07,696.4,7405.065
store_337,2015-08-08,424.285,4207.52
store_337,2015-08-09,0.0,0.0
store_337,2015-08-10,675.305,6479.1
store_337,2015-08-11,617.35,5778.995
store_337,2015-08-12,589.685,5863.315
store_337,2015-08-13,611.56,6048.005
store_337,2015-08-14,641.825,6108.0
store_337,2015-08-15,426.88,4271.78
store_337,2015-08-16,0.0,0.0
store_337,2015-08-17,881.03,10487.3
store_337,2015-08-18,769.39,8542.785
store_337,2015-08-19,699.555,7716.045
store_337,2015-08-20,724.055,7528.44
store_337,2015-08-21,730.945,7467.16
store_337,2015-08-22,429.375,4111.665
store_337,2015-08-23,0.0,0.0
store_337,2015-08-24,684.49,6364.395
store_337,2015-08-25,656.095,6083.705
store_337,2015-08-26,612.555,5940.995
store_337,2015-08-27,631.325,6165.01
store_337,2015-08-28,658.99,6379.885
store_337,2015-08-29,429.12,4206.335
store_338,2015-07-20,571.405,5940.93
store_338,2015-07-21,518.895,5291.745
store_338,2015-07-22,525.075,4936.0
store_338,2015-07-23,541.45,5221.29
store_338,2015-07-24,580.86,5787.23
store_338,2015-07-25,927.51,9983.935
store_338,2015-07-26,0.0,0.0
store_338,2015-07-27,736.24,9166.565
store_338,2015-07-28,647.26,7870.83
store_338,2015-07-29,620.6,6960.015
store_338,2015-07-30,643.715,6752.985
store_338,2015-07-31,660.015,7051.58
store_338,2015-08-01,931.73,9791.74
store_338,2015-08-02,0.0,0.0
store_338,2015-08-03,779.055,9587.07
store_338,2015-08-04,690.4,7799.76
store_338,2015-08-05,624.395,6954.2
store_338,2015-08-06,614.32,6546.115
store_338,2015-08-07,631.14,6871.37
store_338,2015-08-08,906.955,9773.63
store_338,2015-08-09,0.0,0.0
store_338,2015-08-10,647.76,6317.135
store_338,2015-08-11,593.635,5865.035
store_338,2015-08-12,584.13,5379.77
store_338,2015-08-13,569.855,5310.21
store_338,2015-08-14,572.225,5769.215
store_338,2015-08-15,869.535,9512.2
store_338,2015-08-16,0.0,0.0
store_338,2015-08-17,815.86,9948.82
store_338,2015-08-18,721.015,8264.445
store_338,2015-08-19,688.015,7323.445
store_338,2015-08-20,675.27,7037.01
store_338,2015-08-21,660.79,7000.545
store_338,2015-08-22,871.165,9369.795
store_338,2015-08-23,0.0,0.0
store_338,2015-08-24,692.775,7104.68
store_338,2015-08-25,614.28,6400.875
store_338,2015-08-26,582.985,5787.28
store_338,2015-08-27,573.7,5754.81
store_338,2015-08-28,586.965,5984.135
store_338,2015-08-29,870.85,9494.885
store_339,2015-07-20,616.585,5463.855
store_339,2015-07-21,569.8,4922.4
store_339,2015-07-22,566.75,4907.68
store_339,2015-07-23,591.205,5095.075
store_339,2015-07-24,594.87,5093.37
store_339,2015-07-25,489.56,4269.56
store_339,2015-07-26,0.0,0.0
store_339,2015-07-27,781.88,8792.625
store_339,2015-07-28,694.435,7749.51
store_339,2015-07-29,671.335,7285.75
store_339,2015-07-30,699.29,7097.42
store_339,2015-07-31,683.34,6871.815
store_339,2015-08-01,530.21,4696.61
store_339,2015-08-02,0.0,0.0
store_339,2015-08-03,796.125,8709.045
store_339,2015-08-04,679.03,7312.65
store_339,2015-08-05,638.76,6714.06
store_339,2015-08-06,635.775,6722.8
store_339,2015-08-07,626.01,6613.73
store_339,2015-08-08,538.075,5040.08
store_339,2015-08-09,0.0,0.0
store_339,2015-08-10,611.52,5834.01
store_339,2015-08-11,547.48,5420.73
store_339,2015-08-12,536.175,5263.69
store_339,2015-08-13,544.205,5433.955
store_339,2015-08-14,561.06,5513.195
store_339,2015-08-15,534.935,5243.205
store_339,2015-08-16,0.0,0.0
store_339,2015-08-17,794.15,9181.64
store_339,2015-08-18,680.045,7856.305
store_339,2015-08-19,644.625,7161.28
store_339,2015-08-20,640.72,7103.105
store_339,2015-08-21,651.71,7107.385
store_339,2015-08-22,576.95,5357.93
store_339,2015-08-23,0.0,0.0
store_339,2015-08-24,620.945,6371.405
store_339,2015-08-25,546.395,5952.09
store_339,2015-08-26,540.61,5832.18
store_339,2015-08-27,558.34,6148.985
store_339,2015-08-28,588.695,6459.37
store_339,2015-08-29,556.235,5583.405
store_34,2015-07-20,537.205,6945.755
store_34,2015-07-21,475.025,6325.62
store_34,2015-07-22,463.775,6222.935
store_34,2015-07-23,497.79,6628.025
store_34,2015-07-24,567.945,7813.035
store_34,2015-07-25,586.315,8562.035
store_34,2015-07-26,0.0,0.0
store_34,2015-07-27,722.535,11218.925
store_34,2015-07-28,591.89,9213.25
store_34,2015-07-29,575.88,8677.825
store_34,2015-07-30,595.465,8867.1
store_34,2015-07-31,641.67,9792.93
store_34,2015-08-01,634.285,9002.825
store_34,2015-08-02,0.0,0.0
store_34,2015-08-03,749.655,11315.57
store_34,2015-08-04,601.88,9082.9
store_34,2015-08-05,548.45,8425.145
store_34,2015-08-06,563.885,8435.145
store_34,2015-08-07,599.48,8977.81
store_34,2015-08-08,616.555,8845.94
store_34,2015-08-09,0.0,0.0
store_34,2015-08-10,555.115,7693.46
store_34,2015-08-11,498.03,6938.97
store_34,2015-08-12,490.44,6556.495
store_34,2015-08-13,509.555,6945.585
store_34,2015-08-14,547.11,7984.83
store_34,2015-08-15,593.465,8706.02
store_34,2015-08-16,0.0,0.0
store_34,2015-08-17,768.895,11597.905
store_34,2015-08-18,641.09,9598.39
store_34,2015-08-19,609.74,8889.255
store_34,2015-08-20,601.395,8782.78
store_34,2015-08-21,633.62,9305.075
store_34,2015-08-22,606.925,8680.93
store_34,2015-08-23,0.0,0.0
store_34,2015-08-24,551.705,7823.32
store_34,2015-08-25,487.24,6847.075
store_34,2015-08-26,497.745,6830.185
store_34,2015-08-27,504.445,7133.205
store_34,2015-08-28,553.345,8238.69
store_34,2015-08-29,584.52,8718.395
store_340,2015-07-20,548.715,3388.135
store_340,2015-07-21,507.015,3115.835
store_340,2015-07-22,570.325,3522.695
store_340,2015-07-23,541.395,3268.565
store_340,2015-07-24,489.15,3134.92
store_340,2015-07-25,530.87,3451.975
store_340,2015-07-26,0.0,0.0
store_340,2015-07-27,737.37,5878.85
store_340,2015-07-28,629.645,5041.335
store_340,2015-07-29,668.465,5049.49
store_340,2015-07-30,679.3,4490.565
store_340,2015-07-31,610.39,4067.61
store_340,2015-08-01,553.735,3450.5
store_340,2015-08-02,0.0,0.0
store_340,2015-08-03,847.44,6525.345
store_340,2015-08-04,708.35,5207.065
store_340,2015-08-05,652.69,4855.62
store_340,2015-08-06,630.465,4280.435
store_340,2015-08-07,577.555,3944.97
store_340,2015-08-08,538.62,3525.16
store_340,2015-08-09,0.0,0.0
store_340,2015-08-10,656.15,4062.685
store_340,2015-08-11,603.765,3783.195
store_340,2015-08-12,577.455,3799.76
store_340,2015-08-13,551.725,3607.485
store_340,2015-08-14,553.33,3364.93
store_340,2015-08-15,534.8,3463.13
store_340,2015-08-16,0.0,0.0
store_340,2015-08-17,879.195,6773.77
store_340,2015-08-18,772.975,5696.2
store_340,2015-08-19,715.575,5052.6
store_340,2015-08-20,672.3,4604.74
store_340,2015-08-21,652.41,4282.65
store_340,2015-08-22,551.96,3574.06
store_340,2015-08-23,0.0,0.0
store_340,2015-08-24,622.81,4109.695
store_340,2015-08-25,594.26,3978.245
store_340,2015-08-26,588.49,3943.92
store_340,2015-08-27,558.595,3795.385
store_340,2015-08-28,578.725,3642.795
store_340,2015-08-29,534.615,3586.645
store_341,2015-07-20,439.52,2948.88
store_341,2015-07-21,406.95,2807.68
store_341,2015-07-22,406.845,2673.505
store_341,2015-07-23,416.12,2950.68
store_341,2015-07-24,417.865,2917.45
store_341,2015-07-25,378.54,2933.85
store_341,2015-07-26,0.0,0.0
store_341,2015-07-27,549.995,4345.615
store_341,2015-07-28,505.945,4241.175
store_341,2015-07-29,492.29,4054.97
store_341,2015-07-30,508.225,3969.89
store_341,2015-07-31,490.77,3837.975
store_341,2015-08-01,372.86,2779.1
store_341,2015-08-02,0.0,0.0
store_341,2015-08-03,600.745,5008.73
store_341,2015-08-04,512.815,4413.03
store_341,2015-08-05,470.675,3906.425
store_341,2015-08-06,477.925,4038.26
store_341,2015-08-07,474.845,3826.18
store_341,2015-08-08,367.41,3003.525
store_341,2015-08-09,0.0,0.0
store_341,2015-08-10,474.67,3488.38
store_341,2015-08-11,432.75,3272.84
store_341,2015-08-12,413.595,3119.655
store_341,2015-08-13,427.13,3308.59
store_341,2015-08-14,430.08,3245.585
store_341,2015-08-15,362.05,2845.965
store_341,2015-08-16,0.0,0.0
store_341,2015-08-17,581.37,5102.58
store_341,2015-08-18,505.57,4525.65
store_341,2015-08-19,474.485,4019.745
store_341,2015-08-20,494.45,4048.22
store_341,2015-08-21,501.5,4074.905
store_341,2015-08-22,361.535,2897.345
store_341,2015-08-23,0.0,0.0
store_341,2015-08-24,458.26,3569.52
store_341,2015-08-25,414.355,3335.58
store_341,2015-08-26,411.38,3224.54
store_341,2015-08-27,426.46,3399.49
store_341,2015-08-28,447.82,3539.935
store_341,2015-08-29,356.61,2853.17
store_342,2015-07-20,464.49,4694.585
store_342,2015-07-21,512.89,5011.525
store_342,2015-07-22,564.565,5435.05
store_342,2015-07-23,597.63,5799.165
store_342,2015-07-24,623.62,6074.61
store_342,2015-07-25,453.825,4403.37
store_342,2015-07-26,0.0,0.0
store_342,2015-07-27,598.955,6577.175
store_342,2015-07-28,588.15,7075.82
store_342,2015-07-29,630.285,7229.06
store_342,2015-07-30,683.19,7654.67
store_342,2015-07-31,699.485,7789.115
store_342,2015-08-01,482.005,4669.095
store_342,2015-08-02,0.0,0.0
store_342,2015-08-03,639.865,6570.675
store_342,2015-08-04,564.345,6183.495
store_342,2015-08-05,552.965,6284.93
store_342,2015-08-06,615.27,6802.09
store_342,2015-08-07,652.18,7117.495
store_342,2015-08-08,471.715,4587.03
store_342,2015-08-09,0.0,0.0
store_342,2015-08-10,500.09,4489.375
store_342,2015-08-11,458.445,4411.035
store_342,2015-08-12,462.495,4419.52
store_342,2015-08-13,514.65,5133.245
store_342,2015-08-14,565.1,5593.06
store_342,2015-08-15,490.985,4709.49
store_342,2015-08-16,0.0,0.0
store_342,2015-08-17,666.73,6494.59
store_342,2015-08-18,576.955,5800.065
store_342,2015-08-19,546.77,5641.45
store_342,2015-08-20,584.12,6051.68
store_342,2015-08-21,640.32,6568.195
store_342,2015-08-22,492.39,4572.31
store_342,2015-08-23,0.0,0.0
store_342,2015-08-24,544.96,4297.155
store_342,2015-08-25,488.095,4093.435
store_342,2015-08-26,479.68,4198.505
store_342,2015-08-27,513.17,4722.295
store_342,2015-08-28,565.81,5252.835
store_342,2015-08-29,494.28,4676.525
store_343,2015-07-20,3100.875,17442.77
store_343,2015-07-21,2961.195,16363.835
store_343,2015-07-22,2909.64,15947.82
store_343,2015-07-23,2927.78,15573.81
store_343,2015-07-24,3188.83,16734.485
store_343,2015-07-25,2539.885,12647.915
store_343,2015-07-26,3186.125,18983.39
store_343,2015-07-27,3283.89,20353.08
store_343,2015-07-28,3176.97,19720.3
store_343,2015-07-29,3198.545,19845.7
store_343,2015-07-30,3298.035,19677.125
store_343,2015-07-31,3420.415,19711.61
store_343,2015-08-01,2747.69,13867.315
store_343,2015-08-02,3141.285,18656.555
store_343,2015-08-03,3228.97,19540.255
store_343,2015-08-04,3145.365,18895.11
store_343,2015-08-05,3124.05,18660.47
store_343,2015-08-06,3101.805,18399.275
store_343,2015-08-07,3320.005,19208.925
store_343,2015-08-08,2646.295,13235.41
store_343,2015-08-09,3112.24,18787.205
store_343,2015-08-10,3056.835,17172.405
store_343,2015-08-11,2997.34,16603.675
store_343,2015-08-12,3079.035,16850.765
store_343,2015-08-13,3095.63,16702.715
store_343,2015-08-14,3280.38,17526.205
store_343,2015-08-15,2688.745,13354.535
store_343,2015-08-16,3138.065,18911.35
store_343,2015-08-17,3241.475,19651.44
store_343,2015-08-18,3161.795,18956.585
store_343,2015-08-19,3165.215,18655.73
store_343,2015-08-20,3221.025,18454.695
store_343,2015-08-21,3419.29,19399.205
store_343,2015-08-22,2811.8,13736.72
store_343,2015-08-23,3225.635,19013.11
store_343,2015-08-24,3091.395,17193.47
store_343,2015-08-25,3013.84,16781.68
store_343,2015-08-26,2979.93,16762.085
store_343,2015-08-27,3026.145,16764.14
store_343,2015-08-28,3246.765,17565.89
store_343,2015-08-29,2744.49,13921.415
store_344,2015-07-20,482.89,3323.045
store_344,2015-07-21,463.94,3297.2
store_344,2015-07-22,442.195,3211.515
store_344,2015-07-23,472.515,3433.46
store_344,2015-07-24,464.05,3320.395
store_344,2015-07-25,486.895,3673.27
store_344,2015-07-26,0.0,0.0
store_344,2015-07-27,556.68,4705.07
store_344,2015-07-28,552.585,4630.545
store_344,2015-07-29,540.075,4433.785
store_344,2015-07-30,557.47,4269.0
store_344,2015-07-31,520.76,4019.01
store_344,2015-08-01,506.69,3505.965
store_344,2015-08-02,0.0,0.0
store_344,2015-08-03,576.785,4564.01
store_344,2015-08-04,537.445,4234.525
store_344,2015-08-05,497.81,4008.34
store_344,2015-08-06,510.015,4161.665
store_344,2015-08-07,496.96,3921.775
store_344,2015-08-08,479.465,3555.73
store_344,2015-08-09,0.0,0.0
store_344,2015-08-10,493.07,3350.035
store_344,2015-08-11,458.625,3144.26
store_344,2015-08-12,431.085,3113.215
store_344,2015-08-13,445.275,3304.395
store_344,2015-08-14,463.225,3171.94
store_344,2015-08-15,469.365,3366.84
store_344,2015-08-16,0.0,0.0
store_344,2015-08-17,621.695,4619.295
store_344,2015-08-18,549.005,4054.18
store_344,2015-08-19,511.575,3765.36
store_344,2015-08-20,522.81,3788.38
store_344,2015-08-21,533.03,3717.005
store_344,2015-08-22,491.305,3320.35
store_344,2015-08-23,0.0,0.0
store_344,2015-08-24,496.76,3205.62
store_344,2015-08-25,448.69,2910.955
store_344,2015-08-26,445.22,2988.675
store_344,2015-08-27,455.805,3103.455
store_344,2015-08-28,483.57,3164.935
store_344,2015-08-29,463.935,3286.13
store_345,2015-07-20,437.6,4764.585
store_345,2015-07-21,407.13,4719.415
store_345,2015-07-22,411.125,4815.975
store_345,2015-07-23,443.38,5139.175
store_345,2015-07-24,490.755,5498.095
store_345,2015-07-25,517.305,6045.01
store_345,2015-07-26,0.0,0.0
store_345,2015-07-27,590.71,8314.805
store_345,2015-07-28,495.685,7167.695
store_345,2015-07-29,492.74,6619.98
store_345,2015-07-30,514.95,6747.32
store_345,2015-07-31,544.365,6886.035
store_345,2015-08-01,540.23,6199.655
store_345,2015-08-02,0.0,0.0
store_345,2015-08-03,621.595,8673.88
store_345,2015-08-04,518.42,6993.46
store_345,2015-08-05,490.56,6290.265
store_345,2015-08-06,501.535,6383.08
store_345,2015-08-07,529.585,6558.92
store_345,2015-08-08,540.405,6217.365
store_345,2015-08-09,0.0,0.0
store_345,2015-08-10,474.84,5420.21
store_345,2015-08-11,435.24,5077.35
store_345,2015-08-12,430.155,4947.115
store_345,2015-08-13,449.705,5246.465
store_345,2015-08-14,484.63,5631.66
store_345,2015-08-15,526.63,6325.725
store_345,2015-08-16,0.0,0.0
store_345,2015-08-17,628.2,8528.4
store_345,2015-08-18,531.58,7086.945
store_345,2015-08-19,493.54,6374.51
store_345,2015-08-20,510.07,6324.865
store_345,2015-08-21,531.73,6657.16
store_345,2015-08-22,531.34,6320.195
store_345,2015-08-23,0.0,0.0
store_345,2015-08-24,499.88,6007.455
store_345,2015-08-25,444.65,5445.37
store_345,2015-08-26,435.99,5111.675
store_345,2015-08-27,445.92,5434.905
store_345,2015-08-28,498.58,6113.93
store_345,2015-08-29,517.815,6326.885
store_346,2015-07-20,647.91,4950.49
store_346,2015-07-21,605.58,4812.525
store_346,2015-07-22,668.225,5122.49
store_346,2015-07-23,650.66,5118.09
store_346,2015-07-24,662.525,5102.675
store_346,2015-07-25,625.735,4660.96
store_346,2015-07-26,0.0,0.0
store_346,2015-07-27,880.525,8226.485
store_346,2015-07-28,798.585,7502.37
store_346,2015-07-29,800.08,7261.515
store_346,2015-07-30,839.78,7211.07
store_346,2015-07-31,767.585,6486.01
store_346,2015-08-01,671.05,4899.435
store_346,2015-08-02,0.0,0.0
store_346,2015-08-03,921.865,8425.205
store_346,2015-08-04,794.06,7179.76
store_346,2015-08-05,755.93,6617.18
store_346,2015-08-06,754.03,6388.4
store_346,2015-08-07,730.265,5957.525
store_346,2015-08-08,649.205,4735.19
store_346,2015-08-09,0.0,0.0
store_346,2015-08-10,720.675,5279.905
store_346,2015-08-11,683.95,5014.815
store_346,2015-08-12,668.81,4973.66
store_346,2015-08-13,664.99,5078.735
store_346,2015-08-14,666.195,4897.61
store_346,2015-08-15,651.0,4679.395
store_346,2015-08-16,0.0,0.0
store_346,2015-08-17,947.9,7995.85
store_346,2015-08-18,824.72,6950.7
store_346,2015-08-19,772.945,6216.88
store_346,2015-08-20,766.53,6058.655
store_346,2015-08-21,735.835,5774.35
store_346,2015-08-22,642.625,4601.66
store_346,2015-08-23,0.0,0.0
store_346,2015-08-24,684.94,4819.185
store_346,2015-08-25,617.67,4479.76
store_346,2015-08-26,636.05,4615.24
store_346,2015-08-27,651.645,4726.46
store_346,2015-08-28,667.89,4832.415
store_346,2015-08-29,662.03,4695.71
store_347,2015-07-20,557.035,4972.48
store_347,2015-07-21,523.325,4478.825
store_347,2015-07-22,505.17,4387.52
store_347,2015-07-23,521.945,4778.485
store_347,2015-07-24,560.01,5117.33
store_347,2015-07-25,414.81,3837.05
store_347,2015-07-26,0.0,0.0
store_347,2015-07-27,710.64,8359.695
store_347,2015-07-28,655.27,7498.545
store_347,2015-07-29,638.075,7063.29
store_347,2015-07-30,693.68,7067.59
store_347,2015-07-31,693.395,6950.53
store_347,2015-08-01,426.585,3998.925
store_347,2015-08-02,0.0,0.0
store_347,2015-08-03,759.655,8678.925
store_347,2015-08-04,645.08,7080.55
store_347,2015-08-05,597.36,6523.33
store_347,2015-08-06,617.225,6556.995
store_347,2015-08-07,617.6,6450.49
store_347,2015-08-08,411.835,4071.215
store_347,2015-08-09,0.0,0.0
store_347,2015-08-10,587.95,5509.455
store_347,2015-08-11,542.015,5131.09
store_347,2015-08-12,534.735,4968.95
store_347,2015-08-13,535.75,5241.925
store_347,2015-08-14,552.4,5450.41
store_347,2015-08-15,398.09,3869.985
store_347,2015-08-16,0.0,0.0
store_347,2015-08-17,749.995,8542.69
store_347,2015-08-18,645.74,7189.17
store_347,2015-08-19,609.91,6555.26
store_347,2015-08-20,615.47,6646.5
store_347,2015-08-21,622.05,6762.085
store_347,2015-08-22,394.975,3866.385
store_347,2015-08-23,0.0,0.0
store_347,2015-08-24,570.335,5479.9
store_347,2015-08-25,527.105,5112.23
store_347,2015-08-26,512.7,5123.945
store_347,2015-08-27,542.3,5587.81
store_347,2015-08-28,574.345,6131.72
store_347,2015-08-29,391.885,3987.285
store_348,2015-07-20,568.7,4237.225
store_348,2015-07-21,523.68,3767.155
store_348,2015-07-22,532.43,3922.75
store_348,2015-07-23,546.66,3899.075
store_348,2015-07-24,535.8,3814.535
store_348,2015-07-25,405.8,2936.075
store_348,2015-07-26,0.0,0.0
store_348,2015-07-27,730.89,6330.01
store_348,2015-07-28,659.355,5768.155
store_348,2015-07-29,639.3,5537.985
store_348,2015-07-30,656.02,5566.16
store_348,2015-07-31,622.3,4959.76
store_348,2015-08-01,416.215,3135.395
store_348,2015-08-02,0.0,0.0
store_348,2015-08-03,754.275,6621.91
store_348,2015-08-04,657.13,5633.31
store_348,2015-08-05,610.04,5151.055
store_348,2015-08-06,606.015,5070.995
store_348,2015-08-07,572.845,4533.925
store_348,2015-08-08,409.08,3076.725
store_348,2015-08-09,0.0,0.0
store_348,2015-08-10,595.535,4263.565
store_348,2015-08-11,546.37,3911.34
store_348,2015-08-12,527.465,3823.605
store_348,2015-08-13,529.2,4077.225
store_348,2015-08-14,541.7,3895.955
store_348,2015-08-15,404.0,3090.165
store_348,2015-08-16,0.0,0.0
store_348,2015-08-17,736.14,6090.26
store_348,2015-08-18,676.595,5386.205
store_348,2015-08-19,634.115,4960.845
store_348,2015-08-20,609.28,4772.65
store_348,2015-08-21,605.22,4554.03
store_348,2015-08-22,407.67,3016.725
store_348,2015-08-23,0.0,0.0
store_348,2015-08-24,609.765,4119.855
store_348,2015-08-25,548.525,3746.215
store_348,2015-08-26,531.825,3746.385
store_348,2015-08-27,543.635,3933.405
store_348,2015-08-28,549.95,3952.225
store_348,2015-08-29,407.05,3117.22
store_349,2015-07-20,397.11,4426.065
store_349,2015-07-21,354.34,4034.44
store_349,2015-07-22,361.61,4002.95
store_349,2015-07-23,379.47,4119.665
store_349,2015-07-24,410.8,4773.46
store_349,2015-07-25,482.49,5853.79
store_349,2015-07-26,0.0,0.0
store_349,2015-07-27,498.81,6947.015
store_349,2015-07-28,436.59,5982.675
store_349,2015-07-29,436.715,5661.73
store_349,2015-07-30,459.46,5730.55
store_349,2015-07-31,475.295,5962.605
store_349,2015-08-01,470.25,5722.835
store_349,2015-08-02,0.0,0.0
store_349,2015-08-03,502.875,6827.78
store_349,2015-08-04,436.59,5583.01
store_349,2015-08-05,416.52,5268.945
store_349,2015-08-06,425.185,5281.18
store_349,2015-08-07,442.65,5663.84
store_349,2015-08-08,473.095,5828.185
store_349,2015-08-09,0.0,0.0
store_349,2015-08-10,421.745,4646.35
store_349,2015-08-11,368.835,4120.04
store_349,2015-08-12,365.615,4088.135
store_349,2015-08-13,386.84,4288.485
store_349,2015-08-14,431.195,5016.25
store_349,2015-08-15,479.095,5769.89
store_349,2015-08-16,0.0,0.0
store_349,2015-08-17,545.41,7211.085
store_349,2015-08-18,456.935,5966.05
store_349,2015-08-19,445.055,5634.61
store_349,2015-08-20,472.815,5928.81
store_349,2015-08-21,496.765,6180.88
store_349,2015-08-22,466.71,5685.435
store_349,2015-08-23,0.0,0.0
store_349,2015-08-24,443.52,5094.385
store_349,2015-08-25,387.635,4580.73
store_349,2015-08-26,390.085,4492.185
store_349,2015-08-27,409.51,4881.925
store_349,2015-08-28,435.755,5355.675
store_349,2015-08-29,492.825,5949.625
store_35,2015-07-20,605.985,5343.305
store_35,2015-07-21,554.595,4665.5
store_35,2015-07-22,535.175,4667.71
store_35,2015-07-23,519.64,4175.34
store_35,2015-07-24,521.115,4063.935
store_35,2015-07-25,629.31,4608.92
store_35,2015-07-26,0.0,0.0
store_35,2015-07-27,776.55,9206.56
store_35,2015-07-28,687.665,7547.085
store_35,2015-07-29,653.155,6888.28
store_35,2015-07-30,637.08,5920.155
store_35,2015-07-31,603.61,5479.58
store_35,2015-08-01,615.68,4957.72
store_35,2015-08-02,0.0,0.0
store_35,2015-08-03,805.77,9215.01
store_35,2015-08-04,686.165,7004.025
store_35,2015-08-05,624.8,6483.55
store_35,2015-08-06,612.575,5679.46
store_35,2015-08-07,583.545,5204.43
store_35,2015-08-08,604.085,4881.27
store_35,2015-08-09,0.0,0.0
store_35,2015-08-10,668.14,6303.56
store_35,2015-08-11,609.44,5721.895
store_35,2015-08-12,579.955,5293.13
store_35,2015-08-13,564.335,4783.665
store_35,2015-08-14,547.775,4546.99
store_35,2015-08-15,574.64,4917.28
store_35,2015-08-16,0.0,0.0
store_35,2015-08-17,838.185,9352.085
store_35,2015-08-18,734.075,8021.155
store_35,2015-08-19,702.98,7178.495
store_35,2015-08-20,668.31,6550.565
store_35,2015-08-21,658.675,5971.51
store_35,2015-08-22,576.06,4905.28
store_35,2015-08-23,0.0,0.0
store_35,2015-08-24,675.02,6753.615
store_35,2015-08-25,623.585,6334.6
store_35,2015-08-26,619.335,6109.805
store_35,2015-08-27,602.96,5832.11
store_35,2015-08-28,579.21,5286.785
store_35,2015-08-29,556.305,5090.91
store_350,2015-07-20,542.555,3412.535
store_350,2015-07-21,511.92,3158.555
store_350,2015-07-22,532.57,3409.725
store_350,2015-07-23,520.635,3294.485
store_350,2015-07-24,529.345,3189.66
store_350,2015-07-25,414.48,2652.84
store_350,2015-07-26,0.0,0.0
store_350,2015-07-27,747.07,5821.455
store_350,2015-07-28,692.03,5241.145
store_350,2015-07-29,684.675,4939.435
store_350,2015-07-30,648.65,4656.04
store_350,2015-07-31,621.52,4207.535
store_350,2015-08-01,414.575,2604.68
store_350,2015-08-02,0.0,0.0
store_350,2015-08-03,858.395,6496.585
store_350,2015-08-04,711.445,5205.22
store_350,2015-08-05,642.95,4732.27
store_350,2015-08-06,618.2,4400.98
store_350,2015-08-07,583.325,4169.885
store_350,2015-08-08,428.03,2688.495
store_350,2015-08-09,0.0,0.0
store_350,2015-08-10,644.65,4013.915
store_350,2015-08-11,595.86,3756.335
store_350,2015-08-12,574.45,3700.54
store_350,2015-08-13,558.77,3624.445
store_350,2015-08-14,558.51,3476.52
store_350,2015-08-15,415.78,2692.93
store_350,2015-08-16,0.0,0.0
store_350,2015-08-17,858.625,6576.885
store_350,2015-08-18,736.885,5502.815
store_350,2015-08-19,664.665,4746.675
store_350,2015-08-20,662.57,4547.23
store_350,2015-08-21,654.21,4365.16
store_350,2015-08-22,409.535,2678.075
store_350,2015-08-23,0.0,0.0
store_350,2015-08-24,592.045,3895.225
store_350,2015-08-25,543.385,3625.35
store_350,2015-08-26,553.82,3619.19
store_350,2015-08-27,569.47,3732.465
store_350,2015-08-28,586.47,3769.69
store_350,2015-08-29,428.16,2762.33
store_351,2015-07-20,499.865,5741.05
store_351,2015-07-21,429.2,5131.01
store_351,2015-07-22,450.99,5215.005
store_351,2015-07-23,490.34,5558.355
store_351,2015-07-24,506.88,5902.4
store_351,2015-07-25,485.535,5370.515
store_351,2015-07-26,0.0,0.0
store_351,2015-07-27,655.42,9047.585
store_351,2015-07-28,554.175,7654.22
store_351,2015-07-29,553.055,7065.995
store_351,2015-07-30,576.775,7217.225
store_351,2015-07-31,591.615,7192.02
store_351,2015-08-01,516.635,5396.25
store_351,2015-08-02,0.0,0.0
store_351,2015-08-03,682.595,9367.825
store_351,2015-08-04,540.195,7236.105
store_351,2015-08-05,527.84,6757.065
store_351,2015-08-06,555.525,6960.875
store_351,2015-08-07,559.405,6839.235
store_351,2015-08-08,488.46,5412.385
store_351,2015-08-09,0.0,0.0
store_351,2015-08-10,515.485,5795.795
store_351,2015-08-11,466.215,5102.83
store_351,2015-08-12,467.25,5091.785
store_351,2015-08-13,499.71,5624.215
store_351,2015-08-14,516.835,5746.755
store_351,2015-08-15,501.04,5244.365
store_351,2015-08-16,0.0,0.0
store_351,2015-08-17,661.43,8710.185
store_351,2015-08-18,564.275,7043.88
store_351,2015-08-19,545.255,6666.47
store_351,2015-08-20,565.99,6790.695
store_351,2015-08-21,589.65,6968.52
store_351,2015-08-22,517.52,5351.165
store_351,2015-08-23,0.0,0.0
store_351,2015-08-24,520.18,5550.82
store_351,2015-08-25,448.705,4931.05
store_351,2015-08-26,477.94,5073.665
store_351,2015-08-27,492.84,5475.245
store_351,2015-08-28,520.34,5688.62
store_351,2015-08-29,509.15,5341.525
store_352,2015-07-20,636.695,7809.0
store_352,2015-07-21,587.335,6949.88
store_352,2015-07-22,587.555,7168.085
store_352,2015-07-23,594.995,7169.75
store_352,2015-07-24,627.315,7592.88
store_352,2015-07-25,614.84,7584.475
store_352,2015-07-26,0.0,0.0
store_352,2015-07-27,859.11,13095.81
store_352,2015-07-28,727.35,10575.845
store_352,2015-07-29,709.83,10176.2
store_352,2015-07-30,718.485,9733.37
store_352,2015-07-31,732.395,10018.325
store_352,2015-08-01,656.585,8061.94
store_352,2015-08-02,0.0,0.0
store_352,2015-08-03,865.525,12949.81
store_352,2015-08-04,713.915,9961.325
store_352,2015-08-05,679.19,9231.34
store_352,2015-08-06,666.505,8942.195
store_352,2015-08-07,679.035,9095.21
store_352,2015-08-08,643.78,7888.84
store_352,2015-08-09,0.0,0.0
store_352,2015-08-10,669.505,7691.02
store_352,2015-08-11,596.96,7025.61
store_352,2015-08-12,604.45,7126.515
store_352,2015-08-13,612.2,7346.66
store_352,2015-08-14,642.01,7855.145
store_352,2015-08-15,646.21,7798.775
store_352,2015-08-16,0.0,0.0
store_352,2015-08-17,882.09,12491.765
store_352,2015-08-18,754.055,10294.385
store_352,2015-08-19,716.075,9293.9
store_352,2015-08-20,733.815,9346.465
store_352,2015-08-21,733.37,9313.965
store_352,2015-08-22,642.035,7753.955
store_352,2015-08-23,0.0,0.0
store_352,2015-08-24,634.935,7459.145
store_352,2015-08-25,569.77,6843.775
store_352,2015-08-26,567.15,6823.735
store_352,2015-08-27,591.065,7126.465
store_352,2015-08-28,639.715,7940.775
store_352,2015-08-29,628.99,7693.625
store_353,2015-07-20,563.52,4306.11
store_353,2015-07-21,512.49,4039.525
store_353,2015-07-22,486.515,3905.25
store_353,2015-07-23,494.27,3845.64
store_353,2015-07-24,521.695,4082.565
store_353,2015-07-25,488.24,3973.545
store_353,2015-07-26,0.0,0.0
store_353,2015-07-27,727.245,6970.475
store_353,2015-07-28,637.665,6210.755
store_353,2015-07-29,615.2,5865.12
store_353,2015-07-30,612.1,5495.89
store_353,2015-07-31,621.165,5624.055
store_353,2015-08-01,524.22,4525.88
store_353,2015-08-02,0.0,0.0
store_353,2015-08-03,775.805,7582.67
store_353,2015-08-04,644.53,6342.13
store_353,2015-08-05,582.305,5711.16
store_353,2015-08-06,585.065,5322.825
store_353,2015-08-07,589.21,5306.245
store_353,2015-08-08,511.715,4418.72
store_353,2015-08-09,0.0,0.0
store_353,2015-08-10,652.975,5381.865
store_353,2015-08-11,582.905,4805.81
store_353,2015-08-12,554.84,4547.365
store_353,2015-08-13,558.91,4590.31
store_353,2015-08-14,558.595,4618.36
store_353,2015-08-15,490.98,4314.44
store_353,2015-08-16,0.0,0.0
store_353,2015-08-17,790.72,7875.52
store_353,2015-08-18,695.41,6693.625
store_353,2015-08-19,652.335,5986.48
store_353,2015-08-20,647.955,5759.875
store_353,2015-08-21,634.83,5584.815
store_353,2015-08-22,491.75,4270.045
store_353,2015-08-23,0.0,0.0
store_353,2015-08-24,625.415,5390.74
store_353,2015-08-25,563.13,4908.535
store_353,2015-08-26,557.645,4808.59
store_353,2015-08-27,576.14,4942.49
store_353,2015-08-28,573.655,5004.24
store_353,2015-08-29,496.115,4455.08
store_354,2015-07-20,1142.365,10787.93
store_354,2015-07-21,1053.26,9871.385
store_354,2015-07-22,956.235,9365.725
store_354,2015-07-23,972.58,9504.435
store_354,2015-07-24,953.24,9283.63
store_354,2015-07-25,981.99,9787.685
store_354,2015-07-26,710.295,6594.36
store_354,2015-07-27,1338.635,14828.67
store_354,2015-07-28,1211.425,14002.475
store_354,2015-07-29,1115.945,13463.605
store_354,2015-07-30,1134.99,13382.6
store_354,2015-07-31,1117.21,13344.33
store_354,2015-08-01,1050.59,10992.41
store_354,2015-08-02,815.005,7355.615
store_354,2015-08-03,1323.765,14425.01
store_354,2015-08-04,1219.145,13227.9
store_354,2015-08-05,1095.78,12384.195
store_354,2015-08-06,1080.325,12166.64
store_354,2015-08-07,1050.865,11440.535
store_354,2015-08-08,998.81,10642.075
store_354,2015-08-09,773.48,7583.98
store_354,2015-08-10,1147.24,11122.065
store_354,2015-08-11,1085.13,10876.67
store_354,2015-08-12,1014.01,10192.68
store_354,2015-08-13,1033.04,10278.105
store_354,2015-08-14,1025.805,10277.425
store_354,2015-08-15,1016.305,10832.645
store_354,2015-08-16,821.555,8066.2
store_354,2015-08-17,1222.69,13475.2
store_354,2015-08-18,1139.25,12860.84
store_354,2015-08-19,1096.115,12100.46
store_354,2015-08-20,1131.04,12371.615
store_354,2015-08-21,1116.9,12036.99
store_354,2015-08-22,1033.14,10814.785
store_354,2015-08-23,814.54,7808.635
store_354,2015-08-24,1192.085,11190.76
store_354,2015-08-25,1090.725,11004.415
store_354,2015-08-26,1060.275,10785.175
store_354,2015-08-27,1068.21,10940.055
store_354,2015-08-28,1069.045,11196.66
store_354,2015-08-29,1026.63,11192.595
store_355,2015-07-20,807.44,6617.905
store_355,2015-07-21,736.895,6015.645
store_355,2015-07-22,716.235,5811.18
store_355,2015-07-23,745.85,5809.7
store_355,2015-07-24,724.83,5594.58
store_355,2015-07-25,770.8,6253.47
store_355,2015-07-26,0.0,0.0
store_355,2015-07-27,1065.97,11112.065
store_355,2015-07-28,944.925,9656.5
store_355,2015-07-29,912.35,8898.84
store_355,2015-07-30,897.415,8259.295
store_355,2015-07-31,875.955,7738.17
store_355,2015-08-01,795.125,6619.44
store_355,2015-08-02,0.0,0.0
store_355,2015-08-03,1129.75,11823.48
store_355,2015-08-04,951.875,9435.435
store_355,2015-08-05,884.37,8515.36
store_355,2015-08-06,875.96,8128.65
store_355,2015-08-07,859.275,7498.725
store_355,2015-08-08,793.12,6617.45
store_355,2015-08-09,0.0,0.0
store_355,2015-08-10,882.795,7323.555
store_355,2015-08-11,818.44,6779.31
store_355,2015-08-12,786.145,6439.55
store_355,2015-08-13,813.955,6472.7
store_355,2015-08-14,831.82,6346.47
store_355,2015-08-15,792.335,6571.13
store_355,2015-08-16,0.0,0.0
store_355,2015-08-17,1114.325,11011.46
store_355,2015-08-18,987.875,9402.435
store_355,2015-08-19,971.485,8572.185
store_355,2015-08-20,945.82,8157.32
store_355,2015-08-21,931.1,7707.26
store_355,2015-08-22,772.855,6381.605
store_355,2015-08-23,0.0,0.0
store_355,2015-08-24,915.55,7436.77
store_355,2015-08-25,821.15,6969.88
store_355,2015-08-26,811.875,6625.15
store_355,2015-08-27,843.085,6879.195
store_355,2015-08-28,864.1,7012.875
store_355,2015-08-29,771.225,6593.13
store_356,2015-07-20,1374.27,8942.21
store_356,2015-07-21,1413.95,8584.305
store_356,2015-07-22,1370.04,8273.275
store_356,2015-07-23,1386.885,8360.52
store_356,2015-07-24,1380.355,8620.585
store_356,2015-07-25,1247.77,8155.0
store_356,2015-07-26,0.0,0.0
store_356,2015-07-27,1653.23,11826.19
store_356,2015-07-28,1629.385,11471.92
store_356,2015-07-29,1598.48,11205.11
store_356,2015-07-30,1572.74,10790.79
store_356,2015-07-31,1486.675,10019.165
store_356,2015-08-01,1228.405,7923.97
store_356,2015-08-02,0.0,0.0
store_356,2015-08-03,1759.695,12583.24
store_356,2015-08-04,1609.81,11405.645
store_356,2015-08-05,1525.79,10456.3
store_356,2015-08-06,1512.655,10209.08
store_356,2015-08-07,1487.925,10220.995
store_356,2015-08-08,1273.565,8521.82
store_356,2015-08-09,0.0,0.0
store_356,2015-08-10,1501.335,9206.795
store_356,2015-08-11,1427.445,8670.22
store_356,2015-08-12,1372.235,8620.35
store_356,2015-08-13,1397.005,8698.335
store_356,2015-08-14,1381.825,8682.37
store_356,2015-08-15,1237.47,8167.185
store_356,2015-08-16,0.0,0.0
store_356,2015-08-17,1775.415,12815.505
store_356,2015-08-18,1635.385,11443.255
store_356,2015-08-19,1540.73,10282.01
store_356,2015-08-20,1545.455,9999.9
store_356,2015-08-21,1498.745,9699.43
store_356,2015-08-22,1282.03,8277.96
store_356,2015-08-23,0.0,0.0
store_356,2015-08-24,1406.805,8930.79
store_356,2015-08-25,1323.55,8408.365
store_356,2015-08-26,1273.14,8194.005
store_356,2015-08-27,1359.43,8645.575
store_356,2015-08-28,1365.24,8770.795
store_356,2015-08-29,1266.835,8262.59
store_357,2015-07-20,549.325,4353.31
store_357,2015-07-21,497.3,4087.2
store_357,2015-07-22,524.825,4045.37
store_357,2015-07-23,550.385,4282.955
store_357,2015-07-24,528.42,4132.32
store_357,2015-07-25,290.295,2315.7
store_357,2015-07-26,0.0,0.0
store_357,2015-07-27,685.69,7784.48
store_357,2015-07-28,642.25,6803.43
store_357,2015-07-29,639.56,6402.285
store_357,2015-07-30,667.425,6302.975
store_357,2015-07-31,632.95,5866.375
store_357,2015-08-01,294.045,2457.44
store_357,2015-08-02,0.0,0.0
store_357,2015-08-03,703.01,7792.165
store_357,2015-08-04,601.9,6432.425
store_357,2015-08-05,562.215,5678.3
store_357,2015-08-06,610.785,5731.19
store_357,2015-08-07,587.295,5422.82
store_357,2015-08-08,290.01,2420.745
store_357,2015-08-09,0.0,0.0
store_357,2015-08-10,533.73,4615.275
store_357,2015-08-11,510.02,4310.835
store_357,2015-08-12,496.49,4235.535
store_357,2015-08-13,527.25,4457.705
store_357,2015-08-14,535.76,4412.825
store_357,2015-08-15,289.985,2465.21
store_357,2015-08-16,0.0,0.0
store_357,2015-08-17,686.9,7200.1
store_357,2015-08-18,598.445,6058.11
store_357,2015-08-19,572.645,5497.065
store_357,2015-08-20,612.165,5640.575
store_357,2015-08-21,603.89,5437.57
store_357,2015-08-22,291.865,2428.975
store_357,2015-08-23,0.0,0.0
store_357,2015-08-24,496.88,4075.705
store_357,2015-08-25,472.05,3926.475
store_357,2015-08-26,475.16,4067.85
store_357,2015-08-27,508.785,4415.265
store_357,2015-08-28,521.2,4531.955
store_357,2015-08-29,287.82,2481.62
store_358,2015-07-20,716.205,4938.725
store_358,2015-07-21,661.27,4577.935
store_358,2015-07-22,705.29,4947.81
store_358,2015-07-23,716.63,5077.285
store_358,2015-07-24,718.435,5101.47
store_358,2015-07-25,545.17,3957.42
store_358,2015-07-26,0.0,0.0
store_358,2015-07-27,913.67,8048.395
store_358,2015-07-28,913.18,7596.61
store_358,2015-07-29,861.65,7046.43
store_358,2015-07-30,911.3,6809.64
store_358,2015-07-31,829.695,6182.405
store_358,2015-08-01,567.54,3981.11
store_358,2015-08-02,0.0,0.0
store_358,2015-08-03,1006.25,8470.14
store_358,2015-08-04,856.685,7272.765
store_358,2015-08-05,820.97,6540.85
store_358,2015-08-06,804.225,6269.855
store_358,2015-08-07,780.055,5885.58
store_358,2015-08-08,561.99,4004.02
store_358,2015-08-09,0.0,0.0
store_358,2015-08-10,766.52,5304.835
store_358,2015-08-11,699.305,4937.915
store_358,2015-08-12,692.705,4786.165
store_358,2015-08-13,689.2,4879.615
store_358,2015-08-14,702.795,4877.265
store_358,2015-08-15,568.89,3948.705
store_358,2015-08-16,0.0,0.0
store_358,2015-08-17,1011.435,8173.375
store_358,2015-08-18,886.56,7029.285
store_358,2015-08-19,830.58,6250.545
store_358,2015-08-20,816.125,6011.325
store_358,2015-08-21,787.06,5778.37
store_358,2015-08-22,594.96,4025.43
store_358,2015-08-23,0.0,0.0
store_358,2015-08-24,754.05,5029.29
store_358,2015-08-25,689.04,4656.36
store_358,2015-08-26,676.385,4624.155
store_358,2015-08-27,691.47,4694.71
store_358,2015-08-28,726.325,4900.635
store_358,2015-08-29,588.21,4044.535
store_359,2015-07-20,414.23,4211.755
store_359,2015-07-21,355.005,3703.865
store_359,2015-07-22,371.615,3831.73
store_359,2015-07-23,382.47,3855.095
store_359,2015-07-24,406.755,4114.045
store_359,2015-07-25,444.3,4633.555
store_359,2015-07-26,0.0,0.0
store_359,2015-07-27,552.76,7214.105
store_359,2015-07-28,482.11,5959.915
store_359,2015-07-29,470.15,5756.665
store_359,2015-07-30,450.74,5365.475
store_359,2015-07-31,474.635,5464.445
store_359,2015-08-01,435.395,4599.91
store_359,2015-08-02,0.0,0.0
store_359,2015-08-03,583.33,7464.295
store_359,2015-08-04,486.92,6063.015
store_359,2015-08-05,448.47,5377.61
store_359,2015-08-06,451.875,5165.91
store_359,2015-08-07,459.68,5264.135
store_359,2015-08-08,432.795,4799.71
store_359,2015-08-09,0.0,0.0
store_359,2015-08-10,427.265,4434.12
store_359,2015-08-11,384.79,4054.16
store_359,2015-08-12,382.715,3930.905
store_359,2015-08-13,400.915,4194.025
store_359,2015-08-14,416.795,4449.7
store_359,2015-08-15,423.145,4557.68
store_359,2015-08-16,0.0,0.0
store_359,2015-08-17,543.84,7185.46
store_359,2015-08-18,484.92,6065.075
store_359,2015-08-19,459.0,5525.81
store_359,2015-08-20,450.14,5334.765
store_359,2015-08-21,470.34,5440.095
store_359,2015-08-22,436.98,4652.22
store_359,2015-08-23,0.0,0.0
store_359,2015-08-24,404.435,4202.59
store_359,2015-08-25,369.195,3919.235
store_359,2015-08-26,382.37,3997.825
store_359,2015-08-27,393.355,4199.75
store_359,2015-08-28,415.775,4621.32
store_359,2015-08-29,432.135,4681.57
store_36,2015-07-20,642.65,5639.485
store_36,2015-07-21,614.815,5390.575
store_36,2015-07-22,620.68,5476.075
store_36,2015-07-23,630.325,5587.14
store_36,2015-07-24,662.02,5854.285
store_36,2015-07-25,382.69,3654.265
store_36,2015-07-26,0.0,0.0
store_36,2015-07-27,805.865,8299.795
store_36,2015-07-28,745.045,7802.48
store_36,2015-07-29,768.685,7747.94
store_36,2015-07-30,771.895,7456.34
store_36,2015-07-31,769.04,7276.89
store_36,2015-08-01,401.97,3731.2
store_36,2015-08-02,0.0,0.0
store_36,2015-08-03,850.07,8578.98
store_36,2015-08-04,744.345,7737.495
store_36,2015-08-05,714.04,7158.34
store_36,2015-08-06,712.48,6911.06
store_36,2015-08-07,710.845,6799.64
store_36,2015-08-08,405.325,3771.15
store_36,2015-08-09,0.0,0.0
store_36,2015-08-10,691.615,5637.72
store_36,2015-08-11,615.66,5240.625
store_36,2015-08-12,607.755,5215.905
store_36,2015-08-13,621.35,5527.38
store_36,2015-08-14,643.42,5592.02
store_36,2015-08-15,404.3,3668.385
store_36,2015-08-16,0.0,0.0
store_36,2015-08-17,873.41,8224.665
store_36,2015-08-18,751.31,7014.715
store_36,2015-08-19,702.66,6597.29
store_36,2015-08-20,708.76,6476.045
store_36,2015-08-21,716.08,6409.955
store_36,2015-08-22,426.645,3717.595
store_36,2015-08-23,0.0,0.0
store_36,2015-08-24,689.98,5326.825
store_36,2015-08-25,619.92,4944.945
store_36,2015-08-26,592.57,5020.945
store_36,2015-08-27,617.82,5370.44
store_36,2015-08-28,651.085,5657.81
store_36,2015-08-29,412.73,3703.735
store_360,2015-07-20,709.46,4434.1
store_360,2015-07-21,681.7,4225.09
store_360,2015-07-22,653.635,4013.42
store_360,2015-07-23,684.02,4331.09
store_360,2015-07-24,724.685,4488.105
store_360,2015-07-25,620.245,3874.41
store_360,2015-07-26,0.0,0.0
store_360,2015-07-27,907.135,6950.275
store_360,2015-07-28,854.9,6771.81
store_360,2015-07-29,841.185,6612.655
store_360,2015-07-30,901.165,6680.12
store_360,2015-07-31,868.625,6442.51
store_360,2015-08-01,651.045,4159.745
store_360,2015-08-02,0.0,0.0
store_360,2015-08-03,966.985,7414.68
store_360,2015-08-04,816.795,6433.81
store_360,2015-08-05,755.64,5694.905
store_360,2015-08-06,774.565,5637.28
store_360,2015-08-07,771.105,5579.205
store_360,2015-08-08,664.485,4319.14
store_360,2015-08-09,0.0,0.0
store_360,2015-08-10,724.565,4753.07
store_360,2015-08-11,653.155,4422.205
store_360,2015-08-12,657.88,4403.155
store_360,2015-08-13,667.91,4701.565
store_360,2015-08-14,686.585,4714.96
store_360,2015-08-15,642.235,4269.935
store_360,2015-08-16,0.0,0.0
store_360,2015-08-17,943.235,7239.305
store_360,2015-08-18,834.665,6387.6
store_360,2015-08-19,762.4,5547.03
store_360,2015-08-20,762.585,5461.005
store_360,2015-08-21,755.28,5427.905
store_360,2015-08-22,655.435,4247.81
store_360,2015-08-23,0.0,0.0
store_360,2015-08-24,728.995,4757.98
store_360,2015-08-25,642.4,4341.35
store_360,2015-08-26,632.14,4280.455
store_360,2015-08-27,655.58,4530.89
store_360,2015-08-28,677.875,4615.125
store_360,2015-08-29,655.21,4314.985
store_361,2015-07-20,2183.485,13459.46
store_361,2015-07-21,2084.43,12785.99
store_361,2015-07-22,2102.015,13100.735
store_361,2015-07-23,2106.31,12851.295
store_361,2015-07-24,2099.42,12637.145
store_361,2015-07-25,2605.47,15521.445
store_361,2015-07-26,0.0,0.0
store_361,2015-07-27,2530.2,19521.455
store_361,2015-07-28,2357.11,18045.26
store_361,2015-07-29,2397.89,18146.65
store_361,2015-07-30,2375.17,16362.055
store_361,2015-07-31,2322.015,15358.69
store_361,2015-08-01,2670.97,15808.13
store_361,2015-08-02,0.0,0.0
store_361,2015-08-03,2701.99,20411.51
store_361,2015-08-04,2568.635,18182.985
store_361,2015-08-05,2382.59,17590.665
store_361,2015-08-06,2400.845,16679.94
store_361,2015-08-07,2372.45,15941.28
store_361,2015-08-08,2696.205,16537.41
store_361,2015-08-09,0.0,0.0
store_361,2015-08-10,2306.49,14578.81
store_361,2015-08-11,2213.48,14145.22
store_361,2015-08-12,2243.115,14551.965
store_361,2015-08-13,2236.62,14220.66
store_361,2015-08-14,2213.145,13725.41
store_361,2015-08-15,2678.85,16541.175
store_361,2015-08-16,0.0,0.0
store_361,2015-08-17,2685.505,20400.875
store_361,2015-08-18,2552.815,18797.185
store_361,2015-08-19,2429.17,17595.93
store_361,2015-08-20,2378.425,17000.635
store_361,2015-08-21,2352.74,16420.97
store_361,2015-08-22,2646.81,16502.0
store_361,2015-08-23,0.0,0.0
store_361,2015-08-24,2182.61,14462.57
store_361,2015-08-25,2138.69,14195.51
store_361,2015-08-26,2139.485,14160.35
store_361,2015-08-27,2161.045,14525.915
store_361,2015-08-28,2221.61,14788.52
store_361,2015-08-29,2648.49,16825.44
store_362,2015-07-20,638.1,6169.285
store_362,2015-07-21,591.935,5425.4
store_362,2015-07-22,601.865,5370.85
store_362,2015-07-23,619.865,5754.67
store_362,2015-07-24,666.175,6319.115
store_362,2015-07-25,508.47,4973.05
store_362,2015-07-26,0.0,0.0
store_362,2015-07-27,798.325,9507.8
store_362,2015-07-28,682.515,7924.09
store_362,2015-07-29,689.88,7610.27
store_362,2015-07-30,730.88,7836.345
store_362,2015-07-31,754.985,8283.77
store_362,2015-08-01,525.71,5257.005
store_362,2015-08-02,0.0,0.0
store_362,2015-08-03,843.83,9787.45
store_362,2015-08-04,703.14,7763.67
store_362,2015-08-05,667.505,7331.465
store_362,2015-08-06,681.095,7286.995
store_362,2015-08-07,724.815,7639.285
store_362,2015-08-08,530.44,5136.795
store_362,2015-08-09,0.0,0.0
store_362,2015-08-10,618.53,6046.075
store_362,2015-08-11,568.435,5469.275
store_362,2015-08-12,574.295,5538.81
store_362,2015-08-13,605.645,5808.77
store_362,2015-08-14,690.735,6687.255
store_362,2015-08-15,525.915,5182.7
store_362,2015-08-16,0.0,0.0
store_362,2015-08-17,851.495,10108.91
store_362,2015-08-18,732.51,8227.615
store_362,2015-08-19,699.445,7583.95
store_362,2015-08-20,715.52,7617.735
store_362,2015-08-21,761.98,8080.2
store_362,2015-08-22,519.895,5125.76
store_362,2015-08-23,0.0,0.0
store_362,2015-08-24,643.66,6168.58
store_362,2015-08-25,580.855,5744.325
store_362,2015-08-26,592.355,5817.11
store_362,2015-08-27,619.97,6252.235
store_362,2015-08-28,671.885,7149.27
store_362,2015-08-29,526.725,5286.615
store_363,2015-07-20,506.09,4440.835
store_363,2015-07-21,503.445,4530.905
store_363,2015-07-22,497.65,4467.985
store_363,2015-07-23,507.165,4486.57
store_363,2015-07-24,470.07,4237.575
store_363,2015-07-25,336.395,2935.265
store_363,2015-07-26,0.0,0.0
store_363,2015-07-27,638.64,7370.97
store_363,2015-07-28,625.27,6962.75
store_363,2015-07-29,599.71,6679.965
store_363,2015-07-30,610.45,6630.205
store_363,2015-07-31,568.67,6227.91
store_363,2015-08-01,345.22,3162.93
store_363,2015-08-02,0.0,0.0
store_363,2015-08-03,725.595,7846.055
store_363,2015-08-04,635.57,7024.275
store_363,2015-08-05,584.08,6488.155
store_363,2015-08-06,577.23,6254.015
store_363,2015-08-07,546.125,5673.055
store_363,2015-08-08,341.625,3176.905
store_363,2015-08-09,0.0,0.0
store_363,2015-08-10,552.695,5043.49
store_363,2015-08-11,524.625,5089.035
store_363,2015-08-12,517.345,5151.29
store_363,2015-08-13,520.085,5134.33
store_363,2015-08-14,511.565,5002.255
store_363,2015-08-15,335.625,3165.02
store_363,2015-08-16,0.0,0.0
store_363,2015-08-17,747.72,8101.945
store_363,2015-08-18,653.76,7196.645
store_363,2015-08-19,621.165,6915.17
store_363,2015-08-20,602.15,6643.74
store_363,2015-08-21,576.695,6263.37
store_363,2015-08-22,338.055,3198.69
store_363,2015-08-23,0.0,0.0
store_363,2015-08-24,556.575,5481.225
store_363,2015-08-25,506.96,5252.935
store_363,2015-08-26,503.01,5439.25
store_363,2015-08-27,502.75,5639.42
store_363,2015-08-28,510.545,5688.585
store_363,2015-08-29,329.69,3270.71
store_364,2015-07-20,368.3,4430.98
store_364,2015-07-21,303.325,3693.48
store_364,2015-07-22,317.285,3735.7
store_364,2015-07-23,356.5,4210.45
store_364,2015-07-24,404.975,4924.14
store_364,2015-07-25,449.505,5649.745
store_364,2015-07-26,0.0,0.0
store_364,2015-07-27,482.255,6967.61
store_364,2015-07-28,382.46,5542.34
store_364,2015-07-29,374.85,5040.25
store_364,2015-07-30,400.24,5212.085
store_364,2015-07-31,432.84,5896.475
store_364,2015-08-01,460.65,5805.8
store_364,2015-08-02,0.0,0.0
store_364,2015-08-03,516.175,7306.255
store_364,2015-08-04,421.69,5722.14
store_364,2015-08-05,387.88,5262.32
store_364,2015-08-06,395.275,5212.695
store_364,2015-08-07,432.27,5664.33
store_364,2015-08-08,449.9,5599.91
store_364,2015-08-09,0.0,0.0
store_364,2015-08-10,390.95,4650.5
store_364,2015-08-11,354.205,4222.035
store_364,2015-08-12,355.85,4195.775
store_364,2015-08-13,365.18,4417.22
store_364,2015-08-14,403.625,4952.04
store_364,2015-08-15,452.345,5641.815
store_364,2015-08-16,0.0,0.0
store_364,2015-08-17,549.035,7554.24
store_364,2015-08-18,447.29,6085.655
store_364,2015-08-19,427.12,5609.17
store_364,2015-08-20,441.34,5795.535
store_364,2015-08-21,455.825,5983.745
store_364,2015-08-22,463.435,5650.19
store_364,2015-08-23,0.0,0.0
store_364,2015-08-24,396.615,4898.785
store_364,2015-08-25,349.97,4403.89
store_364,2015-08-26,364.505,4454.76
store_364,2015-08-27,377.67,4714.46
store_364,2015-08-28,405.94,5195.125
store_364,2015-08-29,451.58,5697.06
store_365,2015-07-20,496.385,5220.7
store_365,2015-07-21,449.495,4659.765
store_365,2015-07-22,434.49,4620.075
store_365,2015-07-23,446.5,4672.385
store_365,2015-07-24,506.385,5276.07
store_365,2015-07-25,347.98,3713.475
store_365,2015-07-26,0.0,0.0
store_365,2015-07-27,630.05,7750.74
store_365,2015-07-28,559.495,6581.595
store_365,2015-07-29,522.365,6131.305
store_365,2015-07-30,527.045,6014.565
store_365,2015-07-31,563.555,6483.675
store_365,2015-08-01,361.08,4078.34
store_365,2015-08-02,0.0,0.0
store_365,2015-08-03,676.315,8021.5
store_365,2015-08-04,548.615,6477.195
store_365,2015-08-05,506.265,6010.715
store_365,2015-08-06,503.17,5945.74
store_365,2015-08-07,525.99,6380.48
store_365,2015-08-08,345.48,3847.76
store_365,2015-08-09,0.0,0.0
store_365,2015-08-10,522.99,5340.32
store_365,2015-08-11,483.2,4814.715
store_365,2015-08-12,468.88,4678.22
store_365,2015-08-13,474.0,4809.26
store_365,2015-08-14,497.975,5355.145
store_365,2015-08-15,346.035,3879.25
store_365,2015-08-16,0.0,0.0
store_365,2015-08-17,665.52,7941.255
store_365,2015-08-18,567.26,6600.8
store_365,2015-08-19,530.54,5928.665
store_365,2015-08-20,529.585,5876.745
store_365,2015-08-21,540.395,6113.245
store_365,2015-08-22,349.895,3785.93
store_365,2015-08-23,0.0,0.0
store_365,2015-08-24,520.225,5358.93
store_365,2015-08-25,470.455,4793.145
store_365,2015-08-26,470.22,4813.8
store_365,2015-08-27,465.17,4913.65
store_365,2015-08-28,491.145,5418.785
store_365,2015-08-29,338.575,3804.815
store_366,2015-07-20,464.69,3534.405
store_366,2015-07-21,401.81,3312.215
store_366,2015-07-22,417.15,3329.175
store_366,2015-07-23,583.685,4508.6
store_366,2015-07-24,524.61,3993.665
store_366,2015-07-25,305.155,2389.515
store_366,2015-07-26,0.0,0.0
store_366,2015-07-27,580.56,5272.98
store_366,2015-07-28,542.965,4869.58
store_366,2015-07-29,525.675,4527.465
store_366,2015-07-30,604.015,5329.635
store_366,2015-07-31,576.86,4888.66
store_366,2015-08-01,310.195,2557.475
store_366,2015-08-02,0.0,0.0
store_366,2015-08-03,627.91,5486.71
store_366,2015-08-04,528.945,4646.515
store_366,2015-08-05,488.61,4067.48
store_366,2015-08-06,562.83,4770.865
store_366,2015-08-07,554.665,4493.94
store_366,2015-08-08,306.205,2464.5
store_366,2015-08-09,0.0,0.0
store_366,2015-08-10,505.46,3646.17
store_366,2015-08-11,465.955,3456.58
store_366,2015-08-12,442.13,3259.61
store_366,2015-08-13,480.475,3908.855
store_366,2015-08-14,498.395,3837.57
store_366,2015-08-15,291.46,2353.835
store_366,2015-08-16,0.0,0.0
store_366,2015-08-17,633.415,5186.785
store_366,2015-08-18,544.555,4448.335
store_366,2015-08-19,524.45,4039.36
store_366,2015-08-20,552.7,4444.27
store_366,2015-08-21,571.87,4487.38
store_366,2015-08-22,303.675,2359.85
store_366,2015-08-23,0.0,0.0
store_366,2015-08-24,539.285,3757.9
store_366,2015-08-25,485.14,3425.645
store_366,2015-08-26,460.895,3331.17
store_366,2015-08-27,469.555,3620.64
store_366,2015-08-28,503.35,3829.165
store_366,2015-08-29,290.595,2414.16
store_367,2015-07-20,1238.99,9002.43
store_367,2015-07-21,1152.395,8319.855
store_367,2015-07-22,1103.415,7864.395
store_367,2015-07-23,1437.14,10081.935
store_367,2015-07-24,1154.555,8619.845
store_367,2015-07-25,999.14,7634.935
store_367,2015-07-26,0.0,0.0
store_367,2015-07-27,1467.78,13112.255
store_367,2015-07-28,1337.64,11864.445
store_367,2015-07-29,1264.255,10743.57
store_367,2015-07-30,1552.03,12659.52
store_367,2015-07-31,1162.855,9892.005
store_367,2015-08-01,1022.305,7765.32
store_367,2015-08-02,0.0,0.0
store_367,2015-08-03,1569.335,14209.955
store_367,2015-08-04,1386.515,11757.755
store_367,2015-08-05,1254.34,10552.35
store_367,2015-08-06,1545.69,12636.95
store_367,2015-08-07,1182.965,9967.895
store_367,2015-08-08,1012.99,7878.41
store_367,2015-08-09,0.0,0.0
store_367,2015-08-10,1218.02,9373.595
store_367,2015-08-11,1211.95,8993.63
store_367,2015-08-12,1187.16,8753.545
store_367,2015-08-13,1436.885,10751.98
store_367,2015-08-14,1199.995,9141.71
store_367,2015-08-15,1034.57,7989.795
store_367,2015-08-16,0.0,0.0
store_367,2015-08-17,1464.605,13280.895
store_367,2015-08-18,1330.875,11605.37
store_367,2015-08-19,1247.715,10394.635
store_367,2015-08-20,1507.85,12238.775
store_367,2015-08-21,1179.895,9798.41
store_367,2015-08-22,1007.395,7768.17
store_367,2015-08-23,0.0,0.0
store_367,2015-08-24,1220.85,9276.285
store_367,2015-08-25,1151.965,8722.305
store_367,2015-08-26,1091.185,8175.99
store_367,2015-08-27,1323.495,10366.465
store_367,2015-08-28,1195.49,9561.12
store_367,2015-08-29,1042.335,8112.09
store_368,2015-07-20,715.525,4614.46
store_368,2015-07-21,665.795,4436.93
store_368,2015-07-22,644.85,4334.42
store_368,2015-07-23,648.605,4200.715
store_368,2015-07-24,659.955,4208.98
store_368,2015-07-25,685.93,4626.74
store_368,2015-07-26,0.0,0.0
store_368,2015-07-27,855.3,6967.155
store_368,2015-07-28,822.755,6543.13
store_368,2015-07-29,774.185,6065.305
store_368,2015-07-30,790.46,5684.97
store_368,2015-07-31,778.305,5473.525
store_368,2015-08-01,716.24,4905.99
store_368,2015-08-02,0.0,0.0
store_368,2015-08-03,916.655,7376.015
store_368,2015-08-04,824.755,6551.745
store_368,2015-08-05,767.305,5792.905
store_368,2015-08-06,744.175,5509.94
store_368,2015-08-07,741.975,5327.28
store_368,2015-08-08,703.205,4946.97
store_368,2015-08-09,0.0,0.0
store_368,2015-08-10,753.475,5184.97
store_368,2015-08-11,696.565,4748.165
store_368,2015-08-12,687.365,4666.055
store_368,2015-08-13,685.765,4680.06
store_368,2015-08-14,691.805,4641.135
store_368,2015-08-15,697.26,5047.965
store_368,2015-08-16,0.0,0.0
store_368,2015-08-17,924.57,7495.215
store_368,2015-08-18,848.73,6688.14
store_368,2015-08-19,781.55,6015.51
store_368,2015-08-20,762.565,5616.595
store_368,2015-08-21,757.915,5485.845
store_368,2015-08-22,691.0,4990.305
store_368,2015-08-23,0.0,0.0
store_368,2015-08-24,701.96,4879.685
store_368,2015-08-25,630.88,4495.81
store_368,2015-08-26,638.57,4471.395
store_368,2015-08-27,643.595,4524.23
store_368,2015-08-28,665.85,4684.335
store_368,2015-08-29,686.08,4866.11
store_369,2015-07-20,639.38,6560.19
store_369,2015-07-21,562.155,5876.97
store_369,2015-07-22,558.66,5899.005
store_369,2015-07-23,592.335,6213.985
store_369,2015-07-24,619.415,6757.965
store_369,2015-07-25,615.1,6728.16
store_369,2015-07-26,0.0,0.0
store_369,2015-07-27,783.9,10885.325
store_369,2015-07-28,684.605,9120.285
store_369,2015-07-29,670.155,8654.235
store_369,2015-07-30,682.76,8829.645
store_369,2015-07-31,713.165,9222.88
store_369,2015-08-01,650.85,7222.85
store_369,2015-08-02,0.0,0.0
store_369,2015-08-03,830.62,11301.19
store_369,2015-08-04,691.92,8874.935
store_369,2015-08-05,658.36,8246.725
store_369,2015-08-06,670.135,8281.48
store_369,2015-08-07,677.195,8456.715
store_369,2015-08-08,653.34,7165.53
store_369,2015-08-09,0.0,0.0
store_369,2015-08-10,614.955,6783.685
store_369,2015-08-11,573.605,6244.205
store_369,2015-08-12,564.025,6223.0
store_369,2015-08-13,610.89,6681.165
store_369,2015-08-14,642.435,7467.825
store_369,2015-08-15,631.14,7286.365
store_369,2015-08-16,0.0,0.0
store_369,2015-08-17,847.895,11478.345
store_369,2015-08-18,721.47,9321.23
store_369,2015-08-19,686.955,8522.225
store_369,2015-08-20,705.825,8614.28
store_369,2015-08-21,706.325,8824.54
store_369,2015-08-22,642.44,7191.085
store_369,2015-08-23,0.0,0.0
store_369,2015-08-24,637.57,7204.29
store_369,2015-08-25,581.0,6661.31
store_369,2015-08-26,591.885,6646.27
store_369,2015-08-27,626.835,7441.795
store_369,2015-08-28,668.825,8205.835
store_369,2015-08-29,649.635,7640.835
store_37,2015-07-20,571.9,5547.585
store_37,2015-07-21,514.89,4999.55
store_37,2015-07-22,528.275,5225.195
store_37,2015-07-23,580.48,5760.175
store_37,2015-07-24,605.785,6116.18
store_37,2015-07-25,663.41,7083.045
store_37,2015-07-26,0.0,0.0
store_37,2015-07-27,748.515,9542.345
store_37,2015-07-28,645.865,8208.625
store_37,2015-07-29,644.565,7551.105
store_37,2015-07-30,673.785,8080.175
store_37,2015-07-31,707.915,8535.965
store_37,2015-08-01,672.85,7588.44
store_37,2015-08-02,0.0,0.0
store_37,2015-08-03,778.06,9914.165
store_37,2015-08-04,644.86,7635.85
store_37,2015-08-05,608.425,7046.11
store_37,2015-08-06,639.415,7297.74
store_37,2015-08-07,645.91,7353.025
store_37,2015-08-08,667.595,7230.355
store_37,2015-08-09,0.0,0.0
store_37,2015-08-10,618.17,6143.75
store_37,2015-08-11,560.62,5533.39
store_37,2015-08-12,546.405,5256.335
store_37,2015-08-13,554.105,5796.48
store_37,2015-08-14,575.285,5994.9
store_37,2015-08-15,648.15,6949.615
store_37,2015-08-16,0.0,0.0
store_37,2015-08-17,795.87,9836.095
store_37,2015-08-18,685.53,7943.895
store_37,2015-08-19,662.33,7116.785
store_37,2015-08-20,667.71,7183.195
store_37,2015-08-21,676.985,7495.89
store_37,2015-08-22,650.68,6847.04
store_37,2015-08-23,0.0,0.0
store_37,2015-08-24,620.79,6089.39
store_37,2015-08-25,551.045,5520.29
store_37,2015-08-26,552.48,5360.83
store_37,2015-08-27,571.555,5803.955
store_37,2015-08-28,590.64,6206.24
store_37,2015-08-29,627.71,6778.885
store_370,2015-07-20,352.07,3902.89
store_370,2015-07-21,320.885,3698.3
store_370,2015-07-22,320.955,3764.45
store_370,2015-07-23,323.915,3724.72
store_370,2015-07-24,365.37,4164.22
store_370,2015-07-25,404.59,4635.24
store_370,2015-07-26,0.0,0.0
store_370,2015-07-27,460.12,6564.72
store_370,2015-07-28,400.665,5656.4
store_370,2015-07-29,386.9,5109.525
store_370,2015-07-30,392.71,4861.73
store_370,2015-07-31,431.135,5535.225
store_370,2015-08-01,427.135,4928.405
store_370,2015-08-02,0.0,0.0
store_370,2015-08-03,472.47,6614.725
store_370,2015-08-04,408.365,5477.975
store_370,2015-08-05,371.125,5017.465
store_370,2015-08-06,383.32,4879.385
store_370,2015-08-07,395.16,5029.93
store_370,2015-08-08,421.56,5006.35
store_370,2015-08-09,0.0,0.0
store_370,2015-08-10,375.135,4163.655
store_370,2015-08-11,340.63,3940.44
store_370,2015-08-12,319.93,3752.765
store_370,2015-08-13,336.94,3839.6
store_370,2015-08-14,366.455,4197.615
store_370,2015-08-15,406.805,4667.27
store_370,2015-08-16,0.0,0.0
store_370,2015-08-17,464.955,6287.745
store_370,2015-08-18,388.72,5183.21
store_370,2015-08-19,384.665,4935.045
store_370,2015-08-20,393.29,4954.43
store_370,2015-08-21,418.96,5297.49
store_370,2015-08-22,416.765,4791.62
store_370,2015-08-23,0.0,0.0
store_370,2015-08-24,370.72,4142.97
store_370,2015-08-25,319.965,3774.365
store_370,2015-08-26,315.985,3659.44
store_370,2015-08-27,334.705,3876.075
store_370,2015-08-28,361.955,4281.46
store_370,2015-08-29,407.88,4732.625
store_371,2015-07-20,586.87,5478.705
store_371,2015-07-21,539.105,5074.78
store_371,2015-07-22,558.805,5251.54
store_371,2015-07-23,557.9,5464.71
store_371,2015-07-24,574.335,5353.94
store_371,2015-07-25,427.03,4287.265
store_371,2015-07-26,0.0,0.0
store_371,2015-07-27,755.085,8828.19
store_371,2015-07-28,667.44,7698.865
store_371,2015-07-29,650.245,7225.53
store_371,2015-07-30,667.83,7088.4
store_371,2015-07-31,668.415,6996.115
store_371,2015-08-01,447.08,4480.9
store_371,2015-08-02,0.0,0.0
store_371,2015-08-03,777.1,9412.29
store_371,2015-08-04,656.81,7468.945
store_371,2015-08-05,617.485,6969.54
store_371,2015-08-06,633.0,6809.705
store_371,2015-08-07,606.1,6406.435
store_371,2015-08-08,442.89,4394.75
store_371,2015-08-09,0.0,0.0
store_371,2015-08-10,599.175,5714.245
store_371,2015-08-11,544.13,5116.95
store_371,2015-08-12,540.795,5170.815
store_371,2015-08-13,557.47,5309.475
store_371,2015-08-14,537.15,5150.27
store_371,2015-08-15,423.1,4221.005
store_371,2015-08-16,0.0,0.0
store_371,2015-08-17,790.905,9059.67
store_371,2015-08-18,684.985,7547.465
store_371,2015-08-19,633.565,6730.775
store_371,2015-08-20,637.455,6625.86
store_371,2015-08-21,625.315,6404.095
store_371,2015-08-22,436.32,4146.805
store_371,2015-08-23,0.0,0.0
store_371,2015-08-24,587.47,5345.435
store_371,2015-08-25,535.23,4971.07
store_371,2015-08-26,534.585,5025.945
store_371,2015-08-27,551.1,5310.035
store_371,2015-08-28,560.795,5469.76
store_371,2015-08-29,436.42,4291.145
store_372,2015-07-20,921.665,6615.765
store_372,2015-07-21,870.985,6270.155
store_372,2015-07-22,887.65,6365.02
store_372,2015-07-23,919.15,6482.675
store_372,2015-07-24,909.13,6312.12
store_372,2015-07-25,863.16,5967.69
store_372,2015-07-26,0.0,0.0
store_372,2015-07-27,1128.94,10291.085
store_372,2015-07-28,1096.255,9806.93
store_372,2015-07-29,1071.775,9083.29
store_372,2015-07-30,1084.68,8845.6
store_372,2015-07-31,1113.91,8571.09
store_372,2015-08-01,886.245,6087.795
store_372,2015-08-02,0.0,0.0
store_372,2015-08-03,1226.695,10813.54
store_372,2015-08-04,1079.34,9125.355
store_372,2015-08-05,1025.57,8502.95
store_372,2015-08-06,1020.18,8388.09
store_372,2015-08-07,1025.265,7880.57
store_372,2015-08-08,889.62,6299.33
store_372,2015-08-09,0.0,0.0
store_372,2015-08-10,967.065,7177.165
store_372,2015-08-11,920.335,6913.55
store_372,2015-08-12,917.965,6882.045
store_372,2015-08-13,918.525,7052.245
store_372,2015-08-14,939.14,6996.575
store_372,2015-08-15,884.94,6378.29
store_372,2015-08-16,0.0,0.0
store_372,2015-08-17,1218.86,10639.86
store_372,2015-08-18,1095.92,9368.6
store_372,2015-08-19,1050.48,8818.02
store_372,2015-08-20,1047.685,8725.115
store_372,2015-08-21,1074.325,8749.55
store_372,2015-08-22,860.51,6568.24
store_372,2015-08-23,0.0,0.0
store_372,2015-08-24,946.455,7066.43
store_372,2015-08-25,904.89,6952.85
store_372,2015-08-26,894.03,6835.79
store_372,2015-08-27,937.765,7340.72
store_372,2015-08-28,951.34,7731.875
store_372,2015-08-29,839.66,6771.02
store_373,2015-07-20,476.33,6145.75
store_373,2015-07-21,416.35,5457.31
store_373,2015-07-22,424.54,5281.47
store_373,2015-07-23,457.65,5779.01
store_373,2015-07-24,494.65,6273.415
store_373,2015-07-25,527.395,6622.735
store_373,2015-07-26,0.0,0.0
store_373,2015-07-27,683.205,11039.005
store_373,2015-07-28,570.045,8797.865
store_373,2015-07-29,537.355,7786.15
store_373,2015-07-30,560.475,7778.895
store_373,2015-07-31,583.79,7922.015
store_373,2015-08-01,532.335,6747.705
store_373,2015-08-02,0.0,0.0
store_373,2015-08-03,692.17,10414.56
store_373,2015-08-04,554.07,8081.355
store_373,2015-08-05,520.945,7385.62
store_373,2015-08-06,543.955,7758.005
store_373,2015-08-07,553.505,7785.16
store_373,2015-08-08,529.995,7067.89
store_373,2015-08-09,0.0,0.0
store_373,2015-08-10,508.355,6482.58
store_373,2015-08-11,461.67,5856.365
store_373,2015-08-12,451.66,5607.915
store_373,2015-08-13,472.54,6065.86
store_373,2015-08-14,493.375,6458.06
store_373,2015-08-15,516.735,6713.32
store_373,2015-08-16,0.0,0.0
store_373,2015-08-17,678.23,10110.865
store_373,2015-08-18,569.765,8185.63
store_373,2015-08-19,539.175,7441.0
store_373,2015-08-20,551.945,7569.435
store_373,2015-08-21,578.005,7808.615
store_373,2015-08-22,520.495,6668.53
store_373,2015-08-23,0.0,0.0
store_373,2015-08-24,488.955,6050.49
store_373,2015-08-25,445.93,5775.395
store_373,2015-08-26,450.865,5591.275
store_373,2015-08-27,471.84,6072.19
store_373,2015-08-28,506.44,6691.27
store_373,2015-08-29,515.75,6677.365
store_374,2015-07-20,460.28,3438.445
store_374,2015-07-21,425.24,3223.365
store_374,2015-07-22,408.165,3038.32
store_374,2015-07-23,427.035,3207.605
store_374,2015-07-24,467.77,3527.795
store_374,2015-07-25,346.13,2758.665
store_374,2015-07-26,0.0,0.0
store_374,2015-07-27,622.92,6067.075
store_374,2015-07-28,533.8,5020.795
store_374,2015-07-29,529.525,4599.19
store_374,2015-07-30,534.095,4518.565
store_374,2015-07-31,529.86,4381.85
store_374,2015-08-01,376.68,2841.615
store_374,2015-08-02,0.0,0.0
store_374,2015-08-03,676.2,6256.58
store_374,2015-08-04,547.63,4999.76
store_374,2015-08-05,499.055,4413.705
store_374,2015-08-06,494.575,4213.385
store_374,2015-08-07,515.525,4227.075
store_374,2015-08-08,358.435,2719.11
store_374,2015-08-09,0.0,0.0
store_374,2015-08-10,525.035,4013.695
store_374,2015-08-11,491.26,3721.49
store_374,2015-08-12,464.06,3533.795
store_374,2015-08-13,465.985,3541.265
store_374,2015-08-14,480.51,3582.285
store_374,2015-08-15,358.6,2772.575
store_374,2015-08-16,0.0,0.0
store_374,2015-08-17,679.14,6114.56
store_374,2015-08-18,588.83,5119.59
store_374,2015-08-19,544.88,4561.89
store_374,2015-08-20,558.965,4483.49
store_374,2015-08-21,540.725,4316.16
store_374,2015-08-22,366.365,2725.98
store_374,2015-08-23,0.0,0.0
store_374,2015-08-24,505.97,3865.32
store_374,2015-08-25,464.055,3587.1
store_374,2015-08-26,456.005,3534.33
store_374,2015-08-27,479.91,3691.795
store_374,2015-08-28,498.1,3767.59
store_374,2015-08-29,357.365,2777.57
store_375,2015-07-20,1084.76,7720.525
store_375,2015-07-21,1033.085,7202.445
store_375,2015-07-22,1048.15,7313.82
store_375,2015-07-23,1113.89,7768.79
store_375,2015-07-24,1077.48,7569.73
store_375,2015-07-25,1043.215,7695.22
store_375,2015-07-26,0.0,0.0
store_375,2015-07-27,1415.34,12895.1
store_375,2015-07-28,1293.595,11290.065
store_375,2015-07-29,1258.615,10318.285
store_375,2015-07-30,1283.395,10285.28
store_375,2015-07-31,1172.775,9544.305
store_375,2015-08-01,1060.185,7778.1
store_375,2015-08-02,0.0,0.0
store_375,2015-08-03,1449.83,13378.715
store_375,2015-08-04,1275.365,11202.215
store_375,2015-08-05,1193.41,10103.515
store_375,2015-08-06,1180.17,9735.96
store_375,2015-08-07,1177.76,9451.155
store_375,2015-08-08,1063.845,7878.74
store_375,2015-08-09,0.0,0.0
store_375,2015-08-10,1130.155,8138.815
store_375,2015-08-11,1075.73,7678.38
store_375,2015-08-12,1076.83,7683.635
store_375,2015-08-13,1084.765,7901.015
store_375,2015-08-14,1090.945,7879.585
store_375,2015-08-15,1030.915,7788.1
store_375,2015-08-16,0.0,0.0
store_375,2015-08-17,1425.45,12708.045
store_375,2015-08-18,1284.88,10632.215
store_375,2015-08-19,1224.66,9779.9
store_375,2015-08-20,1200.535,9546.76
store_375,2015-08-21,1188.455,9367.21
store_375,2015-08-22,1069.925,7903.965
store_375,2015-08-23,0.0,0.0
store_375,2015-08-24,1074.765,7692.07
store_375,2015-08-25,1022.72,7457.79
store_375,2015-08-26,1025.575,7424.91
store_375,2015-08-27,1052.0,7759.85
store_375,2015-08-28,1065.895,7947.49
store_375,2015-08-29,1039.605,7815.83
store_376,2015-07-20,727.31,6938.19
store_376,2015-07-21,682.745,6344.64
store_376,2015-07-22,672.98,6345.845
store_376,2015-07-23,678.39,6435.195
store_376,2015-07-24,719.15,6817.755
store_376,2015-07-25,542.81,5232.725
store_376,2015-07-26,0.0,0.0
store_376,2015-07-27,922.935,10333.615
store_376,2015-07-28,830.135,9034.17
store_376,2015-07-29,841.09,8915.14
store_376,2015-07-30,852.81,8833.9
store_376,2015-07-31,876.97,9112.115
store_376,2015-08-01,597.355,5680.06
store_376,2015-08-02,0.0,0.0
store_376,2015-08-03,974.72,10836.66
store_376,2015-08-04,819.945,8898.9
store_376,2015-08-05,790.325,8334.375
store_376,2015-08-06,771.775,7924.225
store_376,2015-08-07,784.515,8005.13
store_376,2015-08-08,561.61,5387.62
store_376,2015-08-09,0.0,0.0
store_376,2015-08-10,773.92,7031.65
store_376,2015-08-11,708.96,6333.925
store_376,2015-08-12,683.145,6138.995
store_376,2015-08-13,708.21,6295.815
store_376,2015-08-14,743.475,6717.095
store_376,2015-08-15,564.58,5241.56
store_376,2015-08-16,0.0,0.0
store_376,2015-08-17,1017.12,10470.015
store_376,2015-08-18,875.725,8631.6
store_376,2015-08-19,806.69,7855.08
store_376,2015-08-20,802.565,7585.405
store_376,2015-08-21,806.54,7607.46
store_376,2015-08-22,569.775,5071.94
store_376,2015-08-23,0.0,0.0
store_376,2015-08-24,765.35,6459.575
store_376,2015-08-25,689.1,5888.135
store_376,2015-08-26,688.58,5839.15
store_376,2015-08-27,680.695,5966.395
store_376,2015-08-28,718.205,6453.78
store_376,2015-08-29,550.755,5173.62
store_377,2015-07-20,559.065,7237.09
store_377,2015-07-21,500.935,6408.63
store_377,2015-07-22,493.295,6380.355
store_377,2015-07-23,503.735,6398.365
store_377,2015-07-24,505.41,6672.625
store_377,2015-07-25,537.025,7200.55
store_377,2015-07-26,0.0,0.0
store_377,2015-07-27,705.29,10921.67
store_377,2015-07-28,609.275,9408.695
store_377,2015-07-29,600.095,8964.115
store_377,2015-07-30,612.635,9141.545
store_377,2015-07-31,602.445,9043.17
store_377,2015-08-01,558.955,7494.105
store_377,2015-08-02,0.0,0.0
store_377,2015-08-03,742.895,11012.055
store_377,2015-08-04,607.23,9119.4
store_377,2015-08-05,576.005,8539.855
store_377,2015-08-06,570.28,8255.125
store_377,2015-08-07,567.885,8283.16
store_377,2015-08-08,554.03,7480.07
store_377,2015-08-09,0.0,0.0
store_377,2015-08-10,567.11,7580.95
store_377,2015-08-11,519.63,7129.67
store_377,2015-08-12,506.655,6830.5
store_377,2015-08-13,529.545,7155.2
store_377,2015-08-14,553.94,7453.385
store_377,2015-08-15,548.625,7560.705
store_377,2015-08-16,0.0,0.0
store_377,2015-08-17,758.91,11052.93
store_377,2015-08-18,622.73,9243.23
store_377,2015-08-19,608.315,8831.635
store_377,2015-08-20,603.735,8728.885
store_377,2015-08-21,614.355,8869.085
store_377,2015-08-22,552.935,7404.485
store_377,2015-08-23,0.0,0.0
store_377,2015-08-24,545.82,7478.905
store_377,2015-08-25,494.84,6897.075
store_377,2015-08-26,506.38,7019.445
store_377,2015-08-27,515.59,7388.745
store_377,2015-08-28,549.33,8041.195
store_377,2015-08-29,550.975,7554.335
store_378,2015-07-20,674.145,4715.84
store_378,2015-07-21,634.35,4345.88
store_378,2015-07-22,707.205,4850.95
store_378,2015-07-23,682.39,4846.105
store_378,2015-07-24,686.26,4766.02
store_378,2015-07-25,646.94,4644.81
store_378,2015-07-26,0.0,0.0
store_378,2015-07-27,858.16,7533.57
store_378,2015-07-28,856.645,7202.06
store_378,2015-07-29,865.88,7116.095
store_378,2015-07-30,856.735,6925.89
store_378,2015-07-31,825.935,6449.29
store_378,2015-08-01,658.645,4874.49
store_378,2015-08-02,0.0,0.0
store_378,2015-08-03,885.99,7569.815
store_378,2015-08-04,788.155,6589.62
store_378,2015-08-05,773.71,6259.275
store_378,2015-08-06,778.57,6343.78
store_378,2015-08-07,766.495,5742.59
store_378,2015-08-08,677.505,4967.75
store_378,2015-08-09,0.0,0.0
store_378,2015-08-10,738.605,5089.825
store_378,2015-08-11,697.07,4668.405
store_378,2015-08-12,678.65,4655.96
store_378,2015-08-13,684.72,4852.22
store_378,2015-08-14,687.965,4802.53
store_378,2015-08-15,652.755,4651.0
store_378,2015-08-16,0.0,0.0
store_378,2015-08-17,923.99,7277.55
store_378,2015-08-18,825.255,6454.925
store_378,2015-08-19,778.85,5889.92
store_378,2015-08-20,789.57,5964.83
store_378,2015-08-21,796.135,5891.24
store_378,2015-08-22,651.125,4671.26
store_378,2015-08-23,0.0,0.0
store_378,2015-08-24,727.925,4800.945
store_378,2015-08-25,661.315,4461.425
store_378,2015-08-26,658.99,4527.0
store_378,2015-08-27,686.995,4718.8
store_378,2015-08-28,712.62,4875.115
store_378,2015-08-29,634.255,4570.355
store_379,2015-07-20,436.97,4159.795
store_379,2015-07-21,377.88,3636.56
store_379,2015-07-22,384.765,3667.82
store_379,2015-07-23,430.055,4041.0
store_379,2015-07-24,443.55,4326.9
store_379,2015-07-25,273.14,2624.62
store_379,2015-07-26,0.0,0.0
store_379,2015-07-27,540.745,6235.945
store_379,2015-07-28,456.58,5141.21
store_379,2015-07-29,450.295,5013.555
store_379,2015-07-30,484.735,5455.94
store_379,2015-07-31,476.2,5501.925
store_379,2015-08-01,272.63,2661.325
store_379,2015-08-02,0.0,0.0
store_379,2015-08-03,567.085,6487.305
store_379,2015-08-04,472.325,5071.515
store_379,2015-08-05,452.485,4729.735
store_379,2015-08-06,463.145,5055.655
store_379,2015-08-07,466.415,5048.475
store_379,2015-08-08,274.085,2579.905
store_379,2015-08-09,0.0,0.0
store_379,2015-08-10,488.09,4370.81
store_379,2015-08-11,441.405,3984.09
store_379,2015-08-12,425.895,3857.16
store_379,2015-08-13,439.43,4270.595
store_379,2015-08-14,454.19,4453.215
store_379,2015-08-15,269.2,2552.45
store_379,2015-08-16,0.0,0.0
store_379,2015-08-17,579.34,6354.455
store_379,2015-08-18,516.22,5415.165
store_379,2015-08-19,486.585,5068.635
store_379,2015-08-20,487.045,5119.83
store_379,2015-08-21,489.985,5205.865
store_379,2015-08-22,287.445,2721.68
store_379,2015-08-23,0.0,0.0
store_379,2015-08-24,448.665,4293.105
store_379,2015-08-25,418.06,3911.745
store_379,2015-08-26,409.595,3846.475
store_379,2015-08-27,427.235,4222.5
store_379,2015-08-28,445.56,4645.14
store_379,2015-08-29,267.485,2603.295
store_38,2015-07-20,715.28,8893.71
store_38,2015-07-21,650.19,7936.695
store_38,2015-07-22,664.28,7991.625
store_38,2015-07-23,744.845,8981.37
store_38,2015-07-24,800.04,9566.05
store_38,2015-07-25,779.355,9466.075
store_38,2015-07-26,0.0,0.0
store_38,2015-07-27,1005.105,15535.315
store_38,2015-07-28,883.95,13001.165
store_38,2015-07-29,865.82,11837.195
store_38,2015-07-30,925.645,12557.205
store_38,2015-07-31,892.885,12280.485
store_38,2015-08-01,787.77,9653.845
store_38,2015-08-02,0.0,0.0
store_38,2015-08-03,1030.805,15010.28
store_38,2015-08-04,841.175,11988.52
store_38,2015-08-05,786.16,10849.885
store_38,2015-08-06,840.845,11031.095
store_38,2015-08-07,857.215,11098.695
store_38,2015-08-08,798.06,9659.96
store_38,2015-08-09,0.0,0.0
store_38,2015-08-10,817.9,9606.05
store_38,2015-08-11,724.615,8667.47
store_38,2015-08-12,697.475,8475.24
store_38,2015-08-13,724.44,8823.655
store_38,2015-08-14,775.05,9382.76
store_38,2015-08-15,785.97,9279.315
store_38,2015-08-16,0.0,0.0
store_38,2015-08-17,1087.01,15117.55
store_38,2015-08-18,909.87,12396.53
store_38,2015-08-19,859.33,11104.485
store_38,2015-08-20,860.91,10994.095
store_38,2015-08-21,917.245,11286.965
store_38,2015-08-22,785.53,9290.585
store_38,2015-08-23,0.0,0.0
store_38,2015-08-24,801.585,8848.965
store_38,2015-08-25,752.065,8726.125
store_38,2015-08-26,721.315,8602.815
store_38,2015-08-27,716.735,8880.83
store_38,2015-08-28,788.365,9798.57
store_38,2015-08-29,797.585,9526.91
store_380,2015-07-20,675.045,5097.48
store_380,2015-07-21,633.705,4957.775
store_380,2015-07-22,648.465,5068.22
store_380,2015-07-23,668.905,5423.745
store_380,2015-07-24,715.91,5700.935
store_380,2015-07-25,482.425,4027.41
store_380,2015-07-26,0.0,0.0
store_380,2015-07-27,869.775,8063.82
store_380,2015-07-28,815.03,7483.325
store_380,2015-07-29,839.67,7266.655
store_380,2015-07-30,856.94,7234.775
store_380,2015-07-31,889.28,7331.875
store_380,2015-08-01,523.44,4071.58
store_380,2015-08-02,0.0,0.0
store_380,2015-08-03,924.105,8262.965
store_380,2015-08-04,790.465,7048.33
store_380,2015-08-05,750.785,6548.555
store_380,2015-08-06,775.19,6647.035
store_380,2015-08-07,788.79,6647.715
store_380,2015-08-08,493.315,4063.78
store_380,2015-08-09,0.0,0.0
store_380,2015-08-10,738.005,5469.91
store_380,2015-08-11,683.16,5062.965
store_380,2015-08-12,657.495,4983.675
store_380,2015-08-13,666.955,5350.75
store_380,2015-08-14,698.575,5475.37
store_380,2015-08-15,469.225,3840.085
store_380,2015-08-16,0.0,0.0
store_380,2015-08-17,943.055,8037.33
store_380,2015-08-18,819.79,6903.435
store_380,2015-08-19,757.825,6188.735
store_380,2015-08-20,769.915,6193.78
store_380,2015-08-21,775.46,6249.565
store_380,2015-08-22,481.49,3824.715
store_380,2015-08-23,0.0,0.0
store_380,2015-08-24,734.39,5208.725
store_380,2015-08-25,644.375,4739.39
store_380,2015-08-26,635.475,4734.78
store_380,2015-08-27,650.875,4987.665
store_380,2015-08-28,669.13,5218.435
store_380,2015-08-29,466.275,3870.81
store_381,2015-07-20,638.125,6125.56
store_381,2015-07-21,585.905,5608.86
store_381,2015-07-22,562.7,5387.86
store_381,2015-07-23,636.865,5969.2
store_381,2015-07-24,609.24,5958.42
store_381,2015-07-25,416.235,4130.505
store_381,2015-07-26,0.0,0.0
store_381,2015-07-27,786.91,9221.2
store_381,2015-07-28,688.16,7890.01
store_381,2015-07-29,671.795,7255.66
store_381,2015-07-30,721.705,7567.35
store_381,2015-07-31,707.915,7431.225
store_381,2015-08-01,427.2,4174.29
store_381,2015-08-02,0.0,0.0
store_381,2015-08-03,856.955,10151.865
store_381,2015-08-04,722.89,7821.45
store_381,2015-08-05,670.01,7047.14
store_381,2015-08-06,674.17,7040.845
store_381,2015-08-07,661.4,6793.88
store_381,2015-08-08,425.93,4190.14
store_381,2015-08-09,0.0,0.0
store_381,2015-08-10,655.54,6144.46
store_381,2015-08-11,596.125,5518.89
store_381,2015-08-12,595.16,5496.84
store_381,2015-08-13,603.235,5799.955
store_381,2015-08-14,615.31,5832.61
store_381,2015-08-15,415.34,3997.43
store_381,2015-08-16,0.0,0.0
store_381,2015-08-17,873.535,9728.385
store_381,2015-08-18,744.49,7824.66
store_381,2015-08-19,698.04,7131.86
store_381,2015-08-20,684.8,6948.395
store_381,2015-08-21,691.165,6852.935
store_381,2015-08-22,417.115,4036.555
store_381,2015-08-23,0.0,0.0
store_381,2015-08-24,645.035,5858.405
store_381,2015-08-25,593.885,5500.23
store_381,2015-08-26,586.925,5367.985
store_381,2015-08-27,600.525,5656.245
store_381,2015-08-28,620.02,5954.51
store_381,2015-08-29,424.585,4137.075
store_382,2015-07-20,564.545,5201.71
store_382,2015-07-21,514.715,4984.955
store_382,2015-07-22,491.27,4920.95
store_382,2015-07-23,525.115,5220.435
store_382,2015-07-24,515.965,5020.29
store_382,2015-07-25,444.33,4151.75
store_382,2015-07-26,0.0,0.0
store_382,2015-07-27,693.395,8188.78
store_382,2015-07-28,648.805,7684.725
store_382,2015-07-29,625.45,7020.555
store_382,2015-07-30,625.355,6586.915
store_382,2015-07-31,589.97,5988.5
store_382,2015-08-01,457.48,4209.415
store_382,2015-08-02,0.0,0.0
store_382,2015-08-03,748.565,8834.63
store_382,2015-08-04,642.53,7460.42
store_382,2015-08-05,585.22,6464.155
store_382,2015-08-06,589.0,6171.125
store_382,2015-08-07,576.125,5554.71
store_382,2015-08-08,457.72,4222.37
store_382,2015-08-09,0.0,0.0
store_382,2015-08-10,576.205,5318.57
store_382,2015-08-11,541.33,4957.53
store_382,2015-08-12,516.49,4799.005
store_382,2015-08-13,525.37,4870.67
store_382,2015-08-14,540.855,4761.08
store_382,2015-08-15,458.57,4107.53
store_382,2015-08-16,0.0,0.0
store_382,2015-08-17,752.37,8028.365
store_382,2015-08-18,666.415,6843.93
store_382,2015-08-19,603.835,6246.715
store_382,2015-08-20,608.62,5969.285
store_382,2015-08-21,603.15,5634.52
store_382,2015-08-22,470.89,4126.2
store_382,2015-08-23,0.0,0.0
store_382,2015-08-24,589.555,5041.705
store_382,2015-08-25,547.08,4740.705
store_382,2015-08-26,525.97,4698.96
store_382,2015-08-27,546.17,4923.595
store_382,2015-08-28,550.36,4805.495
store_382,2015-08-29,473.945,4163.305
store_383,2015-07-20,690.27,6471.45
store_383,2015-07-21,603.37,5663.135
store_383,2015-07-22,594.405,5264.695
store_383,2015-07-23,611.155,5479.805
store_383,2015-07-24,591.115,5407.735
store_383,2015-07-25,674.485,6788.55
store_383,2015-07-26,0.0,0.0
store_383,2015-07-27,805.035,10102.35
store_383,2015-07-28,711.495,8779.34
store_383,2015-07-29,696.91,7902.37
store_383,2015-07-30,725.395,7718.785
store_383,2015-07-31,694.245,7664.955
store_383,2015-08-01,680.32,7067.945
store_383,2015-08-02,0.0,0.0
store_383,2015-08-03,875.935,10555.365
store_383,2015-08-04,731.645,8332.535
store_383,2015-08-05,687.56,7526.61
store_383,2015-08-06,685.23,7443.46
store_383,2015-08-07,656.845,7148.72
store_383,2015-08-08,668.585,7050.4
store_383,2015-08-09,0.0,0.0
store_383,2015-08-10,675.615,6890.665
store_383,2015-08-11,618.745,6407.56
store_383,2015-08-12,604.35,6062.97
store_383,2015-08-13,615.21,6216.73
store_383,2015-08-14,638.01,6204.91
store_383,2015-08-15,676.825,7009.44
store_383,2015-08-16,0.0,0.0
store_383,2015-08-17,861.49,10674.265
store_383,2015-08-18,760.0,9048.89
store_383,2015-08-19,726.28,8271.2
store_383,2015-08-20,728.465,8060.0
store_383,2015-08-21,687.845,7754.19
store_383,2015-08-22,665.03,6935.455
store_383,2015-08-23,0.0,0.0
store_383,2015-08-24,669.29,7095.605
store_383,2015-08-25,586.39,6349.375
store_383,2015-08-26,589.17,6300.83
store_383,2015-08-27,626.96,6714.755
store_383,2015-08-28,655.89,7120.15
store_383,2015-08-29,665.91,7166.91
store_384,2015-07-20,723.09,5518.865
store_384,2015-07-21,684.33,5080.21
store_384,2015-07-22,675.32,4920.35
store_384,2015-07-23,640.995,4933.145
store_384,2015-07-24,667.18,5174.315
store_384,2015-07-25,451.77,3632.56
store_384,2015-07-26,0.0,0.0
store_384,2015-07-27,902.345,8342.495
store_384,2015-07-28,834.285,7792.265
store_384,2015-07-29,813.075,7636.845
store_384,2015-07-30,812.795,7643.625
store_384,2015-07-31,784.145,7274.91
store_384,2015-08-01,466.6,3994.84
store_384,2015-08-02,0.0,0.0
store_384,2015-08-03,948.12,8786.4
store_384,2015-08-04,807.87,7470.04
store_384,2015-08-05,771.775,6930.5
store_384,2015-08-06,737.41,6631.875
store_384,2015-08-07,743.16,6279.405
store_384,2015-08-08,467.965,3828.825
store_384,2015-08-09,0.0,0.0
store_384,2015-08-10,714.51,5679.37
store_384,2015-08-11,658.695,5236.775
store_384,2015-08-12,658.37,5120.47
store_384,2015-08-13,659.31,5344.165
store_384,2015-08-14,675.85,5181.08
store_384,2015-08-15,471.015,3715.045
store_384,2015-08-16,0.0,0.0
store_384,2015-08-17,931.85,8586.55
store_384,2015-08-18,813.325,7323.08
store_384,2015-08-19,787.475,6758.245
store_384,2015-08-20,782.835,6560.93
store_384,2015-08-21,773.94,6373.13
store_384,2015-08-22,503.07,3936.925
store_384,2015-08-23,0.0,0.0
store_384,2015-08-24,728.92,5455.52
store_384,2015-08-25,635.62,4966.185
store_384,2015-08-26,641.06,5125.35
store_384,2015-08-27,661.08,5445.0
store_384,2015-08-28,671.2,5536.49
store_384,2015-08-29,485.765,4021.93
store_385,2015-07-20,636.85,5513.34
store_385,2015-07-21,572.595,5045.495
store_385,2015-07-22,556.595,4902.11
store_385,2015-07-23,571.28,4886.68
store_385,2015-07-24,605.94,4921.535
store_385,2015-07-25,511.48,4337.155
store_385,2015-07-26,0.0,0.0
store_385,2015-07-27,804.61,8884.165
store_385,2015-07-28,697.395,8085.665
store_385,2015-07-29,671.335,7493.86
store_385,2015-07-30,726.37,7910.235
store_385,2015-07-31,734.985,7705.385
store_385,2015-08-01,562.435,5172.88
store_385,2015-08-02,0.0,0.0
store_385,2015-08-03,845.61,9143.095
store_385,2015-08-04,707.205,7752.495
store_385,2015-08-05,660.525,6982.8
store_385,2015-08-06,665.36,6704.02
store_385,2015-08-07,669.215,6732.98
store_385,2015-08-08,566.99,5001.46
store_385,2015-08-09,0.0,0.0
store_385,2015-08-10,612.985,5724.96
store_385,2015-08-11,565.145,5308.395
store_385,2015-08-12,563.61,5353.24
store_385,2015-08-13,576.495,5440.855
store_385,2015-08-14,620.36,5632.635
store_385,2015-08-15,572.53,4902.43
store_385,2015-08-16,0.0,0.0
store_385,2015-08-17,829.235,9600.72
store_385,2015-08-18,706.785,8058.745
store_385,2015-08-19,669.24,7247.575
store_385,2015-08-20,680.775,7066.45
store_385,2015-08-21,696.26,7107.805
store_385,2015-08-22,600.985,5276.72
store_385,2015-08-23,0.0,0.0
store_385,2015-08-24,610.53,5715.14
store_385,2015-08-25,532.53,5305.655
store_385,2015-08-26,537.245,5395.205
store_385,2015-08-27,572.08,5722.63
store_385,2015-08-28,612.47,6296.46
store_385,2015-08-29,579.245,5493.88
store_386,2015-07-20,912.545,6949.325
store_386,2015-07-21,809.83,6333.965
store_386,2015-07-22,791.59,5840.36
store_386,2015-07-23,834.24,6084.655
store_386,2015-07-24,889.08,6560.575
store_386,2015-07-25,920.06,7637.28
store_386,2015-07-26,0.0,0.0
store_386,2015-07-27,1095.05,10566.53
store_386,2015-07-28,1002.695,9672.975
store_386,2015-07-29,948.865,8628.32
store_386,2015-07-30,976.295,8587.79
store_386,2015-07-31,963.135,8439.715
store_386,2015-08-01,881.315,7642.6
store_386,2015-08-02,0.0,0.0
store_386,2015-08-03,1166.44,11303.265
store_386,2015-08-04,987.31,9284.29
store_386,2015-08-05,934.84,8322.53
store_386,2015-08-06,918.68,7994.785
store_386,2015-08-07,904.38,7787.07
store_386,2015-08-08,874.145,7807.48
store_386,2015-08-09,0.0,0.0
store_386,2015-08-10,947.455,7515.69
store_386,2015-08-11,841.535,6850.685
store_386,2015-08-12,816.325,6395.295
store_386,2015-08-13,838.68,6480.745
store_386,2015-08-14,882.01,6827.925
store_386,2015-08-15,860.85,7305.395
store_386,2015-08-16,0.0,0.0
store_386,2015-08-17,1155.46,11446.885
store_386,2015-08-18,1035.04,9815.715
store_386,2015-08-19,958.57,8572.11
store_386,2015-08-20,955.54,8167.78
store_386,2015-08-21,947.835,8084.66
store_386,2015-08-22,829.06,7310.04
store_386,2015-08-23,0.0,0.0
store_386,2015-08-24,883.815,7313.11
store_386,2015-08-25,814.45,6809.875
store_386,2015-08-26,789.985,6479.82
store_386,2015-08-27,842.28,6780.98
store_386,2015-08-28,863.615,7117.26
store_386,2015-08-29,832.145,7298.13
store_387,2015-07-20,427.69,3558.815
store_387,2015-07-21,394.075,3401.115
store_387,2015-07-22,407.755,3655.995
store_387,2015-07-23,410.955,3692.565
store_387,2015-07-24,432.62,3774.68
store_387,2015-07-25,275.805,2405.545
store_387,2015-07-26,0.0,0.0
store_387,2015-07-27,515.57,5552.935
store_387,2015-07-28,466.4,4954.33
store_387,2015-07-29,461.39,4733.335
store_387,2015-07-30,472.47,4603.915
store_387,2015-07-31,502.64,4645.845
store_387,2015-08-01,286.895,2548.095
store_387,2015-08-02,0.0,0.0
store_387,2015-08-03,538.335,5599.26
store_387,2015-08-04,472.895,4781.595
store_387,2015-08-05,449.53,4497.93
store_387,2015-08-06,462.13,4375.795
store_387,2015-08-07,472.275,4299.23
store_387,2015-08-08,279.765,2431.88
store_387,2015-08-09,0.0,0.0
store_387,2015-08-10,494.385,4000.26
store_387,2015-08-11,445.52,3691.515
store_387,2015-08-12,449.02,3715.62
store_387,2015-08-13,461.025,3866.245
store_387,2015-08-14,461.945,3890.905
store_387,2015-08-15,280.66,2498.685
store_387,2015-08-16,0.0,0.0
store_387,2015-08-17,538.29,5348.815
store_387,2015-08-18,493.635,4599.285
store_387,2015-08-19,473.08,4340.4
store_387,2015-08-20,486.47,4368.575
store_387,2015-08-21,505.355,4514.775
store_387,2015-08-22,287.28,2479.12
store_387,2015-08-23,0.0,0.0
store_387,2015-08-24,436.25,3621.925
store_387,2015-08-25,417.34,3386.215
store_387,2015-08-26,416.685,3448.81
store_387,2015-08-27,434.31,3674.635
store_387,2015-08-28,484.835,3984.43
store_387,2015-08-29,282.68,2524.08
store_388,2015-07-20,821.52,9947.565
store_388,2015-07-21,732.13,8681.335
store_388,2015-07-22,728.93,8621.27
store_388,2015-07-23,728.085,8691.27
store_388,2015-07-24,778.81,9104.7
store_388,2015-07-25,795.775,9404.265
store_388,2015-07-26,0.0,0.0
store_388,2015-07-27,1079.075,15927.67
store_388,2015-07-28,927.755,12959.77
store_388,2015-07-29,895.41,12175.285
store_388,2015-07-30,901.175,12065.57
store_388,2015-07-31,906.91,12016.82
store_388,2015-08-01,808.905,9574.355
store_388,2015-08-02,0.0,0.0
store_388,2015-08-03,1124.295,14639.135
store_388,2015-08-04,922.745,12283.535
store_388,2015-08-05,878.575,11297.005
store_388,2015-08-06,869.665,11090.585
store_388,2015-08-07,865.86,10928.375
store_388,2015-08-08,830.835,9536.765
store_388,2015-08-09,0.0,0.0
store_388,2015-08-10,869.855,9671.285
store_388,2015-08-11,783.125,8804.155
store_388,2015-08-12,770.065,8767.615
store_388,2015-08-13,799.88,9012.3
store_388,2015-08-14,827.275,9406.42
store_388,2015-08-15,827.845,9489.105
store_388,2015-08-16,0.0,0.0
store_388,2015-08-17,1104.275,14462.755
store_388,2015-08-18,946.895,11870.56
store_388,2015-08-19,888.025,11001.19
store_388,2015-08-20,913.79,10939.835
store_388,2015-08-21,911.515,10839.79
store_388,2015-08-22,841.245,9383.31
store_388,2015-08-23,0.0,0.0
store_388,2015-08-24,875.375,8986.365
store_388,2015-08-25,774.23,8480.525
store_388,2015-08-26,754.43,8308.705
store_388,2015-08-27,775.025,8701.535
store_388,2015-08-28,839.17,9352.92
store_388,2015-08-29,857.465,9577.45
store_389,2015-07-20,430.155,3903.715
store_389,2015-07-21,390.615,3715.765
store_389,2015-07-22,394.175,3719.86
store_389,2015-07-23,411.125,3938.745
store_389,2015-07-24,394.76,3707.67
store_389,2015-07-25,275.565,2792.015
store_389,2015-07-26,0.0,0.0
store_389,2015-07-27,550.08,6513.02
store_389,2015-07-28,488.98,5517.07
store_389,2015-07-29,483.49,5185.71
store_389,2015-07-30,522.285,5394.725
store_389,2015-07-31,490.42,4683.155
store_389,2015-08-01,297.045,2655.7
store_389,2015-08-02,0.0,0.0
store_389,2015-08-03,558.125,6149.16
store_389,2015-08-04,489.62,5150.29
store_389,2015-08-05,463.355,4668.97
store_389,2015-08-06,468.09,4624.235
store_389,2015-08-07,474.0,4219.52
store_389,2015-08-08,277.19,2617.68
store_389,2015-08-09,0.0,0.0
store_389,2015-08-10,480.9,4142.85
store_389,2015-08-11,445.145,3810.625
store_389,2015-08-12,426.635,3644.955
store_389,2015-08-13,437.51,3855.985
store_389,2015-08-14,443.67,3723.655
store_389,2015-08-15,270.785,2491.83
store_389,2015-08-16,0.0,0.0
store_389,2015-08-17,562.385,5423.6
store_389,2015-08-18,513.87,4711.7
store_389,2015-08-19,486.97,4380.705
store_389,2015-08-20,478.355,4231.71
store_389,2015-08-21,465.505,4007.445
store_389,2015-08-22,272.66,2336.895
store_389,2015-08-23,0.0,0.0
store_389,2015-08-24,452.43,3516.43
store_389,2015-08-25,416.805,3269.915
store_389,2015-08-26,413.125,3251.15
store_389,2015-08-27,429.775,3481.995
store_389,2015-08-28,434.625,3475.61
store_389,2015-08-29,260.59,2310.805
store_39,2015-07-20,498.28,5619.235
store_39,2015-07-21,425.77,4962.265
store_39,2015-07-22,448.555,4898.96
store_39,2015-07-23,475.565,5200.05
store_39,2015-07-24,503.52,5598.95
store_39,2015-07-25,574.225,6537.065
store_39,2015-07-26,0.0,0.0
store_39,2015-07-27,651.475,9321.89
store_39,2015-07-28,554.75,7986.125
store_39,2015-07-29,544.43,6970.2
store_39,2015-07-30,563.075,6911.215
store_39,2015-07-31,577.05,7176.435
store_39,2015-08-01,578.0,6689.12
store_39,2015-08-02,0.0,0.0
store_39,2015-08-03,683.81,9849.765
store_39,2015-08-04,546.805,7531.305
store_39,2015-08-05,529.705,7008.305
store_39,2015-08-06,539.625,6838.29
store_39,2015-08-07,548.69,6906.15
store_39,2015-08-08,560.37,6605.695
store_39,2015-08-09,0.0,0.0
store_39,2015-08-10,518.28,5892.215
store_39,2015-08-11,470.87,5506.385
store_39,2015-08-12,469.405,5370.64
store_39,2015-08-13,481.0,5497.555
store_39,2015-08-14,491.77,5661.88
store_39,2015-08-15,536.845,6451.525
store_39,2015-08-16,0.0,0.0
store_39,2015-08-17,654.225,9382.485
store_39,2015-08-18,556.08,7729.935
store_39,2015-08-19,542.75,6984.015
store_39,2015-08-20,548.42,6914.49
store_39,2015-08-21,566.155,7067.33
store_39,2015-08-22,548.285,6540.92
store_39,2015-08-23,0.0,0.0
store_39,2015-08-24,485.515,5858.075
store_39,2015-08-25,437.09,5324.985
store_39,2015-08-26,460.43,5412.24
store_39,2015-08-27,473.275,5677.925
store_39,2015-08-28,502.545,6248.155
store_39,2015-08-29,538.6,6635.905
store_390,2015-07-20,385.795,2631.7
store_390,2015-07-21,353.42,2637.58
store_390,2015-07-22,372.07,2756.505
store_390,2015-07-23,385.92,2590.9
store_390,2015-07-24,393.82,2644.925
store_390,2015-07-25,383.755,2692.415
store_390,2015-07-26,0.0,0.0
store_390,2015-07-27,507.985,3995.105
store_390,2015-07-28,454.59,3798.86
store_390,2015-07-29,437.01,3675.93
store_390,2015-07-30,447.61,3393.275
store_390,2015-07-31,451.395,3286.27
store_390,2015-08-01,384.6,2691.99
store_390,2015-08-02,0.0,0.0
store_390,2015-08-03,531.66,4233.67
store_390,2015-08-04,448.25,3730.855
store_390,2015-08-05,418.5,3491.945
store_390,2015-08-06,427.615,3344.365
store_390,2015-08-07,442.3,3326.13
store_390,2015-08-08,394.135,2744.645
store_390,2015-08-09,0.0,0.0
store_390,2015-08-10,454.655,3081.37
store_390,2015-08-11,416.68,2965.795
store_390,2015-08-12,401.16,2937.735
store_390,2015-08-13,424.665,2863.77
store_390,2015-08-14,438.04,2942.17
store_390,2015-08-15,408.415,2838.105
store_390,2015-08-16,0.0,0.0
store_390,2015-08-17,579.42,4581.42
store_390,2015-08-18,500.1,3942.62
store_390,2015-08-19,488.445,3653.025
store_390,2015-08-20,467.725,3452.06
store_390,2015-08-21,476.005,3432.375
store_390,2015-08-22,422.065,2937.275
store_390,2015-08-23,0.0,0.0
store_390,2015-08-24,432.9,2935.71
store_390,2015-08-25,397.95,2838.225
store_390,2015-08-26,412.105,2883.5
store_390,2015-08-27,415.455,2892.335
store_390,2015-08-28,436.41,3001.365
store_390,2015-08-29,440.915,3010.435
store_391,2015-07-20,878.92,6443.93
store_391,2015-07-21,885.34,6389.935
store_391,2015-07-22,831.165,5836.25
store_391,2015-07-23,853.225,5931.445
store_391,2015-07-24,907.43,6319.47
store_391,2015-07-25,769.315,5539.195
store_391,2015-07-26,0.0,0.0
store_391,2015-07-27,1106.505,9956.49
store_391,2015-07-28,1056.385,9252.275
store_391,2015-07-29,1011.1,8540.89
store_391,2015-07-30,1021.12,8248.23
store_391,2015-07-31,1038.785,8396.37
store_391,2015-08-01,784.805,5655.795
store_391,2015-08-02,0.0,0.0
store_391,2015-08-03,1203.06,10761.36
store_391,2015-08-04,1023.48,9028.815
store_391,2015-08-05,958.34,8029.345
store_391,2015-08-06,949.515,7826.055
store_391,2015-08-07,968.285,7807.03
store_391,2015-08-08,759.95,5694.3
store_391,2015-08-09,0.0,0.0
store_391,2015-08-10,922.145,6718.805
store_391,2015-08-11,869.115,6198.875
store_391,2015-08-12,848.455,5984.33
store_391,2015-08-13,821.64,5898.408333333334
store_391,2015-08-14,867.075,6208.405
store_391,2015-08-15,785.4,5553.05
store_391,2015-08-16,0.0,0.0
store_391,2015-08-17,1176.43,9752.925
store_391,2015-08-18,1062.15,8564.83
store_391,2015-08-19,983.61,7641.74
store_391,2015-08-20,960.95,7360.07
store_391,2015-08-21,955.085,7268.125
store_391,2015-08-22,788.45,5579.435
store_391,2015-08-23,0.0,0.0
store_391,2015-08-24,910.365,6280.49
store_391,2015-08-25,839.51,5761.765
store_391,2015-08-26,836.78,5678.065
store_391,2015-08-27,834.405,5860.9
store_391,2015-08-28,850.34,6035.95
store_391,2015-08-29,816.19,5658.705
store_392,2015-07-20,1167.27,8464.2
store_392,2015-07-21,1085.71,7912.255
store_392,2015-07-22,1063.665,7990.675
store_392,2015-07-23,1078.695,7836.93
store_392,2015-07-24,1077.76,7606.7
store_392,2015-07-25,1187.095,8383.95
store_392,2015-07-26,0.0,0.0
store_392,2015-07-27,1530.205,14065.055
store_392,2015-07-28,1389.72,12278.26
store_392,2015-07-29,1284.66,11101.475
store_392,2015-07-30,1295.21,10649.925
store_392,2015-07-31,1221.345,9854.15
store_392,2015-08-01,1169.845,8261.045
store_392,2015-08-02,0.0,0.0
store_392,2015-08-03,1592.89,14239.44
store_392,2015-08-04,1431.05,12082.19
store_392,2015-08-05,1281.85,10800.805
store_392,2015-08-06,1254.485,10268.98
store_392,2015-08-07,1202.2,9732.755
store_392,2015-08-08,1179.53,8760.715
store_392,2015-08-09,0.0,0.0
store_392,2015-08-10,1191.865,9120.22
store_392,2015-08-11,1117.575,8116.435
store_392,2015-08-12,1089.255,7820.92
store_392,2015-08-13,1116.94,8063.63
store_392,2015-08-14,1129.495,8233.685
store_392,2015-08-15,1159.445,8496.89
store_392,2015-08-16,0.0,0.0
store_392,2015-08-17,1480.765,12861.365
store_392,2015-08-18,1373.14,11269.275
store_392,2015-08-19,1321.01,10270.75
store_392,2015-08-20,1291.87,9913.1
store_392,2015-08-21,1250.87,9492.91
store_392,2015-08-22,1173.425,8410.195
store_392,2015-08-23,0.0,0.0
store_392,2015-08-24,1145.24,8316.05
store_392,2015-08-25,1051.175,7563.705
store_392,2015-08-26,1048.5,7586.36
store_392,2015-08-27,1051.905,7810.13
store_392,2015-08-28,1058.595,7936.36
store_392,2015-08-29,1148.74,8361.995
store_393,2015-07-20,645.74,5232.495
store_393,2015-07-21,587.92,4791.045
store_393,2015-07-22,573.36,4528.9
store_393,2015-07-23,602.815,4841.47
store_393,2015-07-24,683.25,5460.98
store_393,2015-07-25,537.105,4580.875
store_393,2015-07-26,0.0,0.0
store_393,2015-07-27,871.125,9308.155
store_393,2015-07-28,737.105,7932.875
store_393,2015-07-29,689.32,7094.695
store_393,2015-07-30,727.865,7397.125
store_393,2015-07-31,758.54,7645.77
store_393,2015-08-01,559.84,5054.565
store_393,2015-08-02,0.0,0.0
store_393,2015-08-03,908.69,9770.44
store_393,2015-08-04,743.27,7603.725
store_393,2015-08-05,683.925,6764.86
store_393,2015-08-06,687.315,6725.69
store_393,2015-08-07,731.325,6895.4
store_393,2015-08-08,556.51,5049.21
store_393,2015-08-09,0.0,0.0
store_393,2015-08-10,718.34,6350.115
store_393,2015-08-11,641.08,5575.515
store_393,2015-08-12,610.245,5225.16
store_393,2015-08-13,626.67,5433.52
store_393,2015-08-14,679.805,5827.65
store_393,2015-08-15,543.295,5001.73
store_393,2015-08-16,0.0,0.0
store_393,2015-08-17,925.04,10245.665
store_393,2015-08-18,773.515,8112.75
store_393,2015-08-19,703.335,7203.835
store_393,2015-08-20,701.02,6815.55
store_393,2015-08-21,731.625,7145.93
store_393,2015-08-22,560.9,5053.395
store_393,2015-08-23,0.0,0.0
store_393,2015-08-24,709.12,6487.93
store_393,2015-08-25,654.195,6048.3
store_393,2015-08-26,620.46,5777.105
store_393,2015-08-27,636.95,5942.79
store_393,2015-08-28,653.99,6279.7
store_393,2015-08-29,556.81,5280.98
store_394,2015-07-20,802.675,5882.665
store_394,2015-07-21,753.8,5536.88
store_394,2015-07-22,734.62,5337.83
store_394,2015-07-23,733.74,5370.345
store_394,2015-07-24,780.735,5617.08
store_394,2015-07-25,793.15,6043.105
store_394,2015-07-26,0.0,0.0
store_394,2015-07-27,997.675,8628.945
store_394,2015-07-28,951.3,7885.68
store_394,2015-07-29,892.785,7314.81
store_394,2015-07-30,888.535,7032.25
store_394,2015-07-31,895.955,7037.5
store_394,2015-08-01,835.335,6226.855
store_394,2015-08-02,0.0,0.0
store_394,2015-08-03,1054.88,8957.14
store_394,2015-08-04,928.545,7858.37
store_394,2015-08-05,857.575,6955.39
store_394,2015-08-06,825.74,6615.94
store_394,2015-08-07,836.45,6603.0
store_394,2015-08-08,817.83,6256.33
store_394,2015-08-09,0.0,0.0
store_394,2015-08-10,851.79,6050.24
store_394,2015-08-11,799.425,5545.645
store_394,2015-08-12,754.74,5200.27
store_394,2015-08-13,759.755,5304.59
store_394,2015-08-14,791.03,5438.615
store_394,2015-08-15,829.2,6121.64
store_394,2015-08-16,0.0,0.0
store_394,2015-08-17,1101.325,8740.03
store_394,2015-08-18,974.465,7558.21
store_394,2015-08-19,886.5,6753.52
store_394,2015-08-20,874.435,6469.26
store_394,2015-08-21,863.995,6305.18
store_394,2015-08-22,841.505,5990.05
store_394,2015-08-23,0.0,0.0
store_394,2015-08-24,862.485,5852.215
store_394,2015-08-25,758.41,5176.38
store_394,2015-08-26,766.38,5179.7
store_394,2015-08-27,769.015,5254.7
store_394,2015-08-28,765.895,5315.005
store_394,2015-08-29,788.86,5870.815
store_395,2015-07-20,426.54,4871.245
store_395,2015-07-21,390.725,4366.735
store_395,2015-07-22,397.435,4454.895
store_395,2015-07-23,435.755,4833.16
store_395,2015-07-24,466.94,5203.015
store_395,2015-07-25,362.535,4034.74
store_395,2015-07-26,0.0,0.0
store_395,2015-07-27,536.785,7327.08
store_395,2015-07-28,486.57,6418.735
store_395,2015-07-29,476.235,6162.155
store_395,2015-07-30,513.32,6333.145
store_395,2015-07-31,522.86,6522.655
store_395,2015-08-01,394.325,4245.395
store_395,2015-08-02,0.0,0.0
store_395,2015-08-03,569.52,7532.195
store_395,2015-08-04,493.795,6153.69
store_395,2015-08-05,467.395,5809.395
store_395,2015-08-06,480.605,5932.55
store_395,2015-08-07,500.23,6105.465
store_395,2015-08-08,377.135,4087.745
store_395,2015-08-09,0.0,0.0
store_395,2015-08-10,435.13,4818.705
store_395,2015-08-11,405.0,4298.72
store_395,2015-08-12,404.305,4442.47
store_395,2015-08-13,423.995,4823.775
store_395,2015-08-14,455.685,5221.695
store_395,2015-08-15,378.75,4175.345
store_395,2015-08-16,0.0,0.0
store_395,2015-08-17,555.94,7018.895
store_395,2015-08-18,485.77,5909.63
store_395,2015-08-19,473.485,5654.38
store_395,2015-08-20,490.43,5814.475
store_395,2015-08-21,514.62,5901.425
store_395,2015-08-22,383.86,4123.755
store_395,2015-08-23,0.0,0.0
store_395,2015-08-24,435.53,4515.195
store_395,2015-08-25,395.285,4114.805
store_395,2015-08-26,392.17,4094.1
store_395,2015-08-27,422.49,4545.605
store_395,2015-08-28,458.545,5043.81
store_395,2015-08-29,386.37,4118.595
store_396,2015-07-20,590.555,6932.615
store_396,2015-07-21,544.01,6127.61
store_396,2015-07-22,568.67,6472.12
store_396,2015-07-23,592.83,6613.92
store_396,2015-07-24,611.49,6687.945
store_396,2015-07-25,636.99,7057.29
store_396,2015-07-26,0.0,0.0
store_396,2015-07-27,944.03,13366.66
store_396,2015-07-28,758.775,10460.67
store_396,2015-07-29,727.6,9510.29
store_396,2015-07-30,725.23,9194.69
store_396,2015-07-31,711.95,8898.98
store_396,2015-08-01,652.74,7387.505
store_396,2015-08-02,0.0,0.0
store_396,2015-08-03,967.56,13279.345
store_396,2015-08-04,741.525,9740.33
store_396,2015-08-05,693.72,8795.13
store_396,2015-08-06,678.32,8409.88
store_396,2015-08-07,665.94,8018.25
store_396,2015-08-08,667.585,7435.8
store_396,2015-08-09,0.0,0.0
store_396,2015-08-10,656.265,7339.73
store_396,2015-08-11,605.815,6605.15
store_396,2015-08-12,602.045,6582.9
store_396,2015-08-13,599.41,6637.66
store_396,2015-08-14,636.04,6861.16
store_396,2015-08-15,653.16,7309.57
store_396,2015-08-16,0.0,0.0
store_396,2015-08-17,944.99,12478.59
store_396,2015-08-18,768.11,9774.945
store_396,2015-08-19,723.25,8878.725
store_396,2015-08-20,710.1,8589.41
store_396,2015-08-21,721.295,8424.145
store_396,2015-08-22,659.47,7229.32
store_396,2015-08-23,0.0,0.0
store_396,2015-08-24,655.115,7167.035
store_396,2015-08-25,585.32,6571.705
store_396,2015-08-26,595.77,6540.695
store_396,2015-08-27,617.95,6767.175
store_396,2015-08-28,673.55,7503.965
store_396,2015-08-29,675.135,7558.84
store_397,2015-07-20,360.045,2969.45
store_397,2015-07-21,328.395,2819.755
store_397,2015-07-22,328.875,2741.545
store_397,2015-07-23,344.7,2784.22
store_397,2015-07-24,356.38,2810.675
store_397,2015-07-25,350.825,2792.665
store_397,2015-07-26,0.0,0.0
store_397,2015-07-27,463.05,4819.13
store_397,2015-07-28,416.195,4577.84
store_397,2015-07-29,403.355,4075.985
store_397,2015-07-30,394.695,3542.945
store_397,2015-07-31,403.82,3551.08
store_397,2015-08-01,357.385,2887.235
store_397,2015-08-02,0.0,0.0
store_397,2015-08-03,496.615,4864.135
store_397,2015-08-04,417.335,4183.405
store_397,2015-08-05,383.745,3747.905
store_397,2015-08-06,394.155,3518.195
store_397,2015-08-07,393.615,3486.875
store_397,2015-08-08,364.76,3044.465
store_397,2015-08-09,0.0,0.0
store_397,2015-08-10,375.04,3241.645
store_397,2015-08-11,334.745,2947.395
store_397,2015-08-12,332.395,2890.655
store_397,2015-08-13,336.65,2824.855
store_397,2015-08-14,351.985,2812.39
store_397,2015-08-15,351.58,2860.34
store_397,2015-08-16,0.0,0.0
store_397,2015-08-17,494.375,4897.085
store_397,2015-08-18,425.805,4400.95
store_397,2015-08-19,403.025,3831.79
store_397,2015-08-20,407.685,3696.035
store_397,2015-08-21,407.435,3641.435
store_397,2015-08-22,359.48,2904.455
store_397,2015-08-23,0.0,0.0
store_397,2015-08-24,360.07,3144.115
store_397,2015-08-25,324.765,2968.605
store_397,2015-08-26,337.55,2986.45
store_397,2015-08-27,335.8,3015.03
store_397,2015-08-28,348.29,2957.56
store_397,2015-08-29,347.825,2852.16
store_398,2015-07-20,616.58,4271.33
store_398,2015-07-21,569.8,4066.635
store_398,2015-07-22,589.29,4262.225
store_398,2015-07-23,626.405,4375.56
store_398,2015-07-24,609.165,4240.52
store_398,2015-07-25,465.56,3480.095
store_398,2015-07-26,0.0,0.0
store_398,2015-07-27,791.05,6934.415
store_398,2015-07-28,725.82,6685.09
store_398,2015-07-29,741.585,6331.49
store_398,2015-07-30,738.54,5792.6
store_398,2015-07-31,714.385,5309.96
store_398,2015-08-01,496.71,3632.39
store_398,2015-08-02,0.0,0.0
store_398,2015-08-03,849.7,7051.305
store_398,2015-08-04,728.34,6131.665
store_398,2015-08-05,711.16,5659.335
store_398,2015-08-06,704.37,5625.2
store_398,2015-08-07,677.105,5135.35
store_398,2015-08-08,479.915,3650.425
store_398,2015-08-09,0.0,0.0
store_398,2015-08-10,629.155,4350.245
store_398,2015-08-11,584.45,4176.715
store_398,2015-08-12,598.745,4219.585
store_398,2015-08-13,623.265,4398.605
store_398,2015-08-14,638.01,4359.505
store_398,2015-08-15,496.35,3629.695
store_398,2015-08-16,0.0,0.0
store_398,2015-08-17,872.725,6754.845
store_398,2015-08-18,751.97,5779.705
store_398,2015-08-19,728.695,5356.25
store_398,2015-08-20,742.155,5430.97
store_398,2015-08-21,742.95,5299.12
store_398,2015-08-22,517.8,3634.81
store_398,2015-08-23,0.0,0.0
store_398,2015-08-24,706.185,4641.575
store_398,2015-08-25,627.305,4180.59
store_398,2015-08-26,616.565,4165.12
store_398,2015-08-27,652.78,4405.125
store_398,2015-08-28,674.38,4500.74
store_398,2015-08-29,516.2,3761.275
store_399,2015-07-20,562.055,5095.745
store_399,2015-07-21,492.66,4679.675
store_399,2015-07-22,517.54,4858.35
store_399,2015-07-23,539.745,5108.355
store_399,2015-07-24,528.925,4881.06
store_399,2015-07-25,394.48,3534.145
store_399,2015-07-26,0.0,0.0
store_399,2015-07-27,766.555,9159.75
store_399,2015-07-28,658.375,7675.735
store_399,2015-07-29,644.875,7252.125
store_399,2015-07-30,669.72,7284.03
store_399,2015-07-31,651.635,7209.26
store_399,2015-08-01,409.575,3760.675
store_399,2015-08-02,0.0,0.0
store_399,2015-08-03,768.305,9239.93
store_399,2015-08-04,639.66,7273.04
store_399,2015-08-05,603.455,6855.83
store_399,2015-08-06,638.615,6944.83
store_399,2015-08-07,609.61,6602.525
store_399,2015-08-08,417.685,3859.16
store_399,2015-08-09,0.0,0.0
store_399,2015-08-10,542.365,5405.71
store_399,2015-08-11,515.805,5018.375
store_399,2015-08-12,507.555,4987.215
store_399,2015-08-13,548.08,5343.58
store_399,2015-08-14,554.48,5442.135
store_399,2015-08-15,421.805,3845.605
store_399,2015-08-16,0.0,0.0
store_399,2015-08-17,738.52,8683.06
store_399,2015-08-18,674.51,7352.91
store_399,2015-08-19,636.155,6845.755
store_399,2015-08-20,639.36,6820.5
store_399,2015-08-21,645.065,6797.06
store_399,2015-08-22,439.805,3953.055
store_399,2015-08-23,0.0,0.0
store_399,2015-08-24,558.375,5158.585
store_399,2015-08-25,512.22,4842.17
store_399,2015-08-26,503.37,4906.71
store_399,2015-08-27,537.48,5360.265
store_399,2015-08-28,559.62,5614.345
store_399,2015-08-29,423.08,3930.555
store_4,2015-07-20,668.93,5729.39
store_4,2015-07-21,626.9,5620.735
store_4,2015-07-22,625.93,5488.18
store_4,2015-07-23,715.805,6359.31
store_4,2015-07-24,666.415,6052.85
store_4,2015-07-25,432.485,3870.67
store_4,2015-07-26,0.0,0.0
store_4,2015-07-27,876.59,10034.055
store_4,2015-07-28,806.22,9093.275
store_4,2015-07-29,794.195,8766.08
store_4,2015-07-30,837.445,9316.565
store_4,2015-07-31,761.775,8190.13
store_4,2015-08-01,440.1,4087.525
store_4,2015-08-02,0.0,0.0
store_4,2015-08-03,910.81,10222.055
store_4,2015-08-04,785.125,8708.495
store_4,2015-08-05,722.55,7900.895
store_4,2015-08-06,775.715,8281.29
store_4,2015-08-07,748.53,7777.315
store_4,2015-08-08,444.445,4248.93
store_4,2015-08-09,0.0,0.0
store_4,2015-08-10,687.73,6339.055
store_4,2015-08-11,637.16,5934.175
store_4,2015-08-12,635.095,6059.095
store_4,2015-08-13,678.6,6866.015
store_4,2015-08-14,713.985,6968.82
store_4,2015-08-15,446.315,4226.995
store_4,2015-08-16,0.0,0.0
store_4,2015-08-17,908.305,10349.435
store_4,2015-08-18,793.235,8828.815
store_4,2015-08-19,731.025,7986.865
store_4,2015-08-20,764.725,8267.015
store_4,2015-08-21,780.8,8254.865
store_4,2015-08-22,446.015,4313.22
store_4,2015-08-23,0.0,0.0
store_4,2015-08-24,686.495,6398.345
store_4,2015-08-25,625.52,5947.285
store_4,2015-08-26,601.255,5967.05
store_4,2015-08-27,638.075,6801.33
store_4,2015-08-28,671.33,7187.475
store_4,2015-08-29,440.545,4366.685
store_40,2015-07-20,758.115,6759.15
store_40,2015-07-21,706.3,6371.33
store_40,2015-07-22,718.695,6538.485
store_40,2015-07-23,753.945,6730.34
store_40,2015-07-24,721.66,6524.42
store_40,2015-07-25,563.84,5133.815
store_40,2015-07-26,0.0,0.0
store_40,2015-07-27,1008.625,11738.77
store_40,2015-07-28,934.615,10396.32
store_40,2015-07-29,889.61,9578.21
store_40,2015-07-30,904.535,9205.085
store_40,2015-07-31,863.445,8786.535
store_40,2015-08-01,595.42,5320.64
store_40,2015-08-02,0.0,0.0
store_40,2015-08-03,1069.885,11840.73
store_40,2015-08-04,911.415,9697.19
store_40,2015-08-05,867.0,9155.975
store_40,2015-08-06,835.775,8709.105
store_40,2015-08-07,809.035,8117.97
store_40,2015-08-08,577.255,5341.805
store_40,2015-08-09,0.0,0.0
store_40,2015-08-10,757.275,6924.015
store_40,2015-08-11,728.675,6508.16
store_40,2015-08-12,746.02,6758.61
store_40,2015-08-13,759.065,6932.725
store_40,2015-08-14,753.6,6917.505
store_40,2015-08-15,569.24,5345.92
store_40,2015-08-16,0.0,0.0
store_40,2015-08-17,1062.625,11323.85
store_40,2015-08-18,935.49,9440.48
store_40,2015-08-19,900.395,8850.395
store_40,2015-08-20,896.295,8828.13
store_40,2015-08-21,869.165,8487.585
store_40,2015-08-22,570.465,5221.3
store_40,2015-08-23,0.0,0.0
store_40,2015-08-24,758.27,6711.72
store_40,2015-08-25,686.705,6275.205
store_40,2015-08-26,743.385,6667.81
store_40,2015-08-27,767.88,7062.505
store_40,2015-08-28,751.555,7196.94
store_40,2015-08-29,558.69,5276.795
store_400,2015-07-20,589.105,4692.875
store_400,2015-07-21,574.57,4395.865
store_400,2015-07-22,594.115,4604.035
store_400,2015-07-23,612.26,4624.31
store_400,2015-07-24,608.035,4598.325
store_400,2015-07-25,433.02,3398.905
store_400,2015-07-26,0.0,0.0
store_400,2015-07-27,775.49,7472.395
store_400,2015-07-28,726.78,7108.195
store_400,2015-07-29,724.385,7184.09
store_400,2015-07-30,714.345,6851.785
store_400,2015-07-31,703.44,6327.305
store_400,2015-08-01,442.37,3490.295
store_400,2015-08-02,0.0,0.0
store_400,2015-08-03,802.89,7817.645
store_400,2015-08-04,690.53,6728.165
store_400,2015-08-05,663.49,6319.405
store_400,2015-08-06,668.595,6168.3
store_400,2015-08-07,662.665,5915.82
store_400,2015-08-08,447.545,3586.28
store_400,2015-08-09,0.0,0.0
store_400,2015-08-10,609.835,4825.7
store_400,2015-08-11,546.04,4390.55
store_400,2015-08-12,557.3,4587.805
store_400,2015-08-13,564.09,4705.975
store_400,2015-08-14,584.785,4753.325
store_400,2015-08-15,437.435,3463.61
store_400,2015-08-16,0.0,0.0
store_400,2015-08-17,795.015,8016.24
store_400,2015-08-18,680.665,6585.465
store_400,2015-08-19,656.97,6167.62
store_400,2015-08-20,666.275,6067.755
store_400,2015-08-21,676.435,5935.425
store_400,2015-08-22,438.7,3489.645
store_400,2015-08-23,0.0,0.0
store_400,2015-08-24,613.45,4741.28
store_400,2015-08-25,554.115,4410.415
store_400,2015-08-26,547.565,4521.32
store_400,2015-08-27,574.49,4828.97
store_400,2015-08-28,589.87,4980.16
store_400,2015-08-29,440.035,3576.335
store_401,2015-07-20,564.62,6243.76
store_401,2015-07-21,512.69,5769.525
store_401,2015-07-22,513.945,5798.01
store_401,2015-07-23,523.575,5819.71
store_401,2015-07-24,546.18,6050.83
store_401,2015-07-25,590.37,6787.185
store_401,2015-07-26,0.0,0.0
store_401,2015-07-27,708.23,9808.495
store_401,2015-07-28,618.26,8725.65
store_401,2015-07-29,616.055,8119.945
store_401,2015-07-30,598.915,7663.87
store_401,2015-07-31,617.665,7903.955
store_401,2015-08-01,594.215,7073.735
store_401,2015-08-02,0.0,0.0
store_401,2015-08-03,735.92,9975.425
store_401,2015-08-04,619.97,8331.945
store_401,2015-08-05,596.96,7637.54
store_401,2015-08-06,594.605,7336.02
store_401,2015-08-07,591.855,7235.66
store_401,2015-08-08,591.185,7062.895
store_401,2015-08-09,0.0,0.0
store_401,2015-08-10,557.045,6084.05
store_401,2015-08-11,498.135,5719.16
store_401,2015-08-12,512.805,5799.645
store_401,2015-08-13,534.11,5922.855
store_401,2015-08-14,538.87,6074.95
store_401,2015-08-15,573.36,6869.795
store_401,2015-08-16,0.0,0.0
store_401,2015-08-17,750.75,9974.57
store_401,2015-08-18,632.76,8155.575
store_401,2015-08-19,613.785,7586.655
store_401,2015-08-20,608.82,7350.615
store_401,2015-08-21,611.72,7330.54
store_401,2015-08-22,600.725,6944.37
store_401,2015-08-23,0.0,0.0
store_401,2015-08-24,542.785,5985.37
store_401,2015-08-25,487.315,5560.9
store_401,2015-08-26,490.9,5568.045
store_401,2015-08-27,514.46,5794.31
store_401,2015-08-28,536.775,6184.515
store_401,2015-08-29,559.48,6644.465
store_402,2015-07-20,626.665,5869.18
store_402,2015-07-21,591.715,5856.985
store_402,2015-07-22,627.595,6035.395
store_402,2015-07-23,630.83,5887.08
store_402,2015-07-24,629.255,5780.16
store_402,2015-07-25,610.03,5840.345
store_402,2015-07-26,0.0,0.0
store_402,2015-07-27,911.585,10690.88
store_402,2015-07-28,799.47,9324.76
store_402,2015-07-29,772.01,8835.73
store_402,2015-07-30,799.91,8972.87
store_402,2015-07-31,780.99,8622.42
store_402,2015-08-01,673.845,6380.385
store_402,2015-08-02,0.0,0.0
store_402,2015-08-03,957.09,11186.485
store_402,2015-08-04,773.195,8836.48
store_402,2015-08-05,754.435,8367.08
store_402,2015-08-06,739.66,8152.975
store_402,2015-08-07,717.78,7498.44
store_402,2015-08-08,650.305,5950.505
store_402,2015-08-09,0.0,0.0
store_402,2015-08-10,705.14,6427.99
store_402,2015-08-11,640.605,6031.175
store_402,2015-08-12,637.775,6062.943333333334
store_402,2015-08-13,656.72,6321.5633333333335
store_402,2015-08-14,664.01,6144.635
store_402,2015-08-15,656.965,5999.125
store_402,2015-08-16,0.0,0.0
store_402,2015-08-17,933.11,10053.34
store_402,2015-08-18,794.315,8529.91
store_402,2015-08-19,752.905,8119.055
store_402,2015-08-20,741.52,7937.595
store_402,2015-08-21,738.52,7588.875
store_402,2015-08-22,653.255,5850.275
store_402,2015-08-23,0.0,0.0
store_402,2015-08-24,686.43,6010.88
store_402,2015-08-25,610.0,5619.565
store_402,2015-08-26,613.46,5752.225
store_402,2015-08-27,635.61,6070.965
store_402,2015-08-28,663.195,6296.61
store_402,2015-08-29,666.935,6192.93
store_403,2015-07-20,755.245,6083.235
store_403,2015-07-21,694.63,5756.72
store_403,2015-07-22,734.825,5987.435
store_403,2015-07-23,697.7,5568.835
store_403,2015-07-24,722.425,5864.365
store_403,2015-07-25,829.025,7100.72
store_403,2015-07-26,0.0,0.0
store_403,2015-07-27,943.035,9466.605
store_403,2015-07-28,888.565,9087.66
store_403,2015-07-29,863.86,8539.885
store_403,2015-07-30,823.1,8273.11
store_403,2015-07-31,790.28,7998.04
store_403,2015-08-01,856.255,7467.1
store_403,2015-08-02,0.0,0.0
store_403,2015-08-03,1000.245,10133.485
store_403,2015-08-04,854.62,8907.065
store_403,2015-08-05,817.625,8394.15
store_403,2015-08-06,780.085,8009.625
store_403,2015-08-07,759.9,7760.845
store_403,2015-08-08,808.725,7241.635
store_403,2015-08-09,0.0,0.0
store_403,2015-08-10,837.805,7576.545
store_403,2015-08-11,770.68,7471.65
store_403,2015-08-12,724.205,7302.055
store_403,2015-08-13,703.305,6929.0
store_403,2015-08-14,722.66,6907.325
store_403,2015-08-15,781.195,7452.75
store_403,2015-08-16,0.0,0.0
store_403,2015-08-17,1033.375,11654.275
store_403,2015-08-18,893.695,10362.39
store_403,2015-08-19,849.555,9703.505
store_403,2015-08-20,841.245,9477.13
store_403,2015-08-21,802.02,9046.835
store_403,2015-08-22,786.27,8260.77
store_403,2015-08-23,0.0,0.0
store_403,2015-08-24,771.525,8453.285
store_403,2015-08-25,721.58,7957.985
store_403,2015-08-26,725.125,8033.925
store_403,2015-08-27,715.375,7932.475
store_403,2015-08-28,723.76,7944.925
store_403,2015-08-29,729.09,8173.975
store_404,2015-07-20,1034.88,6440.845
store_404,2015-07-21,1023.16,6429.11
store_404,2015-07-22,1066.96,6631.09
store_404,2015-07-23,1146.51,6728.25
store_404,2015-07-24,1162.84,7069.425
store_404,2015-07-25,857.445,5073.96
store_404,2015-07-26,0.0,0.0
store_404,2015-07-27,1503.05,12158.13
store_404,2015-07-28,1407.08,11280.125
store_404,2015-07-29,1312.41,10165.065
store_404,2015-07-30,1351.99,9325.595
store_404,2015-07-31,1311.495,8881.895
store_404,2015-08-01,872.065,5261.36
store_404,2015-08-02,0.0,0.0
store_404,2015-08-03,1534.545,12379.12
store_404,2015-08-04,1348.37,10733.53
store_404,2015-08-05,1285.68,9783.82
store_404,2015-08-06,1269.645,9299.835
store_404,2015-08-07,1225.025,8860.58
store_404,2015-08-08,859.27,5392.78
store_404,2015-08-09,0.0,0.0
store_404,2015-08-10,1176.565,7526.615
store_404,2015-08-11,1107.87,7168.06
store_404,2015-08-12,1082.665,7175.78
store_404,2015-08-13,1092.815,7243.33
store_404,2015-08-14,1111.935,7350.865
store_404,2015-08-15,822.675,5230.065
store_404,2015-08-16,0.0,0.0
store_404,2015-08-17,1431.16,11777.18
store_404,2015-08-18,1348.765,10560.785
store_404,2015-08-19,1295.31,9731.345
store_404,2015-08-20,1264.615,9199.355
store_404,2015-08-21,1225.085,8714.165
store_404,2015-08-22,854.385,5346.59
store_404,2015-08-23,0.0,0.0
store_404,2015-08-24,1100.095,7184.48
store_404,2015-08-25,1031.28,6954.345
store_404,2015-08-26,1061.29,7343.185
store_404,2015-08-27,1069.67,7542.055
store_404,2015-08-28,1081.605,7669.425
store_404,2015-08-29,798.935,5202.14
store_405,2015-07-20,585.755,5727.31
store_405,2015-07-21,525.74,5098.14
store_405,2015-07-22,545.635,5003.79
store_405,2015-07-23,562.845,5085.86
store_405,2015-07-24,573.525,5336.565
store_405,2015-07-25,712.99,7263.565
store_405,2015-07-26,0.0,0.0
store_405,2015-07-27,856.79,11110.515
store_405,2015-07-28,717.865,9113.11
store_405,2015-07-29,675.825,7846.0
store_405,2015-07-30,698.59,7848.825
store_405,2015-07-31,696.52,7794.81
store_405,2015-08-01,755.26,7744.985
store_405,2015-08-02,0.0,0.0
store_405,2015-08-03,867.67,10759.975
store_405,2015-08-04,715.2,8320.76
store_405,2015-08-05,658.32,7150.305
store_405,2015-08-06,653.18,7045.625
store_405,2015-08-07,633.3,6890.785
store_405,2015-08-08,736.445,7489.2
store_405,2015-08-09,0.0,0.0
store_405,2015-08-10,668.81,6653.115
store_405,2015-08-11,608.73,6027.645
store_405,2015-08-12,587.635,5612.26
store_405,2015-08-13,588.53,5718.88
store_405,2015-08-14,584.565,5792.14
store_405,2015-08-15,713.09,7320.665
store_405,2015-08-16,0.0,0.0
store_405,2015-08-17,880.435,10656.065
store_405,2015-08-18,777.545,8858.01
store_405,2015-08-19,727.535,7885.15
store_405,2015-08-20,692.16,7403.315
store_405,2015-08-21,695.91,7387.635
store_405,2015-08-22,706.955,7217.56
store_405,2015-08-23,0.0,0.0
store_405,2015-08-24,647.465,6520.79
store_405,2015-08-25,590.22,6004.665
store_405,2015-08-26,578.91,5838.315
store_405,2015-08-27,588.255,6000.325
store_405,2015-08-28,608.91,6209.235
store_405,2015-08-29,689.13,7264.51
store_406,2015-07-20,711.725,7542.8
store_406,2015-07-21,628.005,6475.365
store_406,2015-07-22,673.0,6683.79
store_406,2015-07-23,662.195,6717.025
store_406,2015-07-24,715.32,7206.145
store_406,2015-07-25,700.005,7312.2
store_406,2015-07-26,0.0,0.0
store_406,2015-07-27,973.93,12316.155
store_406,2015-07-28,829.59,10317.5
store_406,2015-07-29,832.785,9866.63
store_406,2015-07-30,798.4,9422.43
store_406,2015-07-31,839.21,9631.31
store_406,2015-08-01,718.8,7474.39
store_406,2015-08-02,0.0,0.0
store_406,2015-08-03,992.2,12806.73
store_406,2015-08-04,832.36,10080.14
store_406,2015-08-05,789.815,9323.55
store_406,2015-08-06,745.0,8886.17
store_406,2015-08-07,772.43,9017.415
store_406,2015-08-08,722.355,7723.655
store_406,2015-08-09,0.0,0.0
store_406,2015-08-10,724.51,7444.255
store_406,2015-08-11,665.77,6728.86
store_406,2015-08-12,655.25,6655.125
store_406,2015-08-13,659.23,6804.505
store_406,2015-08-14,702.51,7376.585
store_406,2015-08-15,715.67,7392.995
store_406,2015-08-16,0.0,0.0
store_406,2015-08-17,969.295,12170.78
store_406,2015-08-18,799.81,9686.995
store_406,2015-08-19,776.88,8803.025
store_406,2015-08-20,782.875,8698.5
store_406,2015-08-21,802.665,8900.71
store_406,2015-08-22,721.03,7347.71
store_406,2015-08-23,0.0,0.0
store_406,2015-08-24,747.91,7360.635
store_406,2015-08-25,664.35,6719.975
store_406,2015-08-26,647.835,6592.18
store_406,2015-08-27,671.885,6788.74
store_406,2015-08-28,723.655,7455.375
store_406,2015-08-29,726.095,7418.495
store_407,2015-07-20,621.095,6850.665
store_407,2015-07-21,552.32,6385.075
store_407,2015-07-22,544.95,6332.005
store_407,2015-07-23,588.73,6861.095
store_407,2015-07-24,614.925,7268.715
store_407,2015-07-25,581.36,6911.06
store_407,2015-07-26,0.0,0.0
store_407,2015-07-27,745.74,10689.36
store_407,2015-07-28,653.29,9230.075
store_407,2015-07-29,629.345,8813.385
store_407,2015-07-30,668.49,9064.675
store_407,2015-07-31,714.365,9710.45
store_407,2015-08-01,596.81,7148.405
store_407,2015-08-02,0.0,0.0
store_407,2015-08-03,812.165,11372.735
store_407,2015-08-04,678.28,8970.22
store_407,2015-08-05,635.23,8537.46
store_407,2015-08-06,637.19,8470.88
store_407,2015-08-07,657.105,8843.18
store_407,2015-08-08,587.045,7065.84
store_407,2015-08-09,0.0,0.0
store_407,2015-08-10,631.16,7629.3
store_407,2015-08-11,559.24,6873.835
store_407,2015-08-12,555.095,6614.535
store_407,2015-08-13,571.52,7095.65
store_407,2015-08-14,616.505,7961.855
store_407,2015-08-15,585.555,7250.03
store_407,2015-08-16,0.0,0.0
store_407,2015-08-17,784.345,11167.725
store_407,2015-08-18,680.61,9019.34
store_407,2015-08-19,653.725,8508.435
store_407,2015-08-20,673.125,8733.715
store_407,2015-08-21,693.75,9232.915
store_407,2015-08-22,604.88,7264.885
store_407,2015-08-23,0.0,0.0
store_407,2015-08-24,614.515,7607.57
store_407,2015-08-25,529.33,6584.785
store_407,2015-08-26,551.67,6710.2
store_407,2015-08-27,587.24,7371.095
store_407,2015-08-28,616.25,8220.76
store_407,2015-08-29,586.99,7347.61
store_408,2015-07-20,892.79,6658.455
store_408,2015-07-21,820.275,6190.495
store_408,2015-07-22,846.035,6443.18
store_408,2015-07-23,841.68,6614.29
store_408,2015-07-24,951.22,7250.685
store_408,2015-07-25,614.495,4968.26
store_408,2015-07-26,0.0,0.0
store_408,2015-07-27,1072.275,10321.38
store_408,2015-07-28,990.82,9025.545
store_408,2015-07-29,988.245,8870.61
store_408,2015-07-30,992.985,8682.625
store_408,2015-07-31,1023.09,9140.19
store_408,2015-08-01,639.49,5193.605
store_408,2015-08-02,0.0,0.0
store_408,2015-08-03,1131.815,10721.405
store_408,2015-08-04,988.51,8845.92
store_408,2015-08-05,953.635,8292.465
store_408,2015-08-06,938.595,7949.845
store_408,2015-08-07,982.035,8249.11
store_408,2015-08-08,636.93,5126.815
store_408,2015-08-09,0.0,0.0
store_408,2015-08-10,907.245,6896.065
store_408,2015-08-11,825.91,6136.91
store_408,2015-08-12,847.98,6254.085
store_408,2015-08-13,843.745,6391.325
store_408,2015-08-14,887.335,6841.73
store_408,2015-08-15,630.1,5042.72
store_408,2015-08-16,0.0,0.0
store_408,2015-08-17,1115.915,9887.625
store_408,2015-08-18,1015.68,8447.82
store_408,2015-08-19,977.4,7915.96
store_408,2015-08-20,976.5,7705.865
store_408,2015-08-21,970.02,7748.605
store_408,2015-08-22,640.375,5034.675
store_408,2015-08-23,0.0,0.0
store_408,2015-08-24,899.045,6523.95
store_408,2015-08-25,832.69,5970.715
store_408,2015-08-26,839.85,6101.33
store_408,2015-08-27,858.845,6435.91
store_408,2015-08-28,852.975,6686.73
store_408,2015-08-29,629.38,5103.225
store_409,2015-07-20,353.875,2933.14
store_409,2015-07-21,311.165,2688.435
store_409,2015-07-22,310.48,2717.53
store_409,2015-07-23,591.775,4571.52
store_409,2015-07-24,361.57,3222.725
store_409,2015-07-25,222.605,1937.085
store_409,2015-07-26,0.0,0.0
store_409,2015-07-27,443.53,4864.55
store_409,2015-07-28,400.89,4251.875
store_409,2015-07-29,386.05,3733.345
store_409,2015-07-30,651.77,5738.695
store_409,2015-07-31,472.705,4485.53
store_409,2015-08-01,253.81,2168.82
store_409,2015-08-02,0.0,0.0
store_409,2015-08-03,478.34,4785.28
store_409,2015-08-04,406.385,4078.735
store_409,2015-08-05,366.68,3648.285
store_409,2015-08-06,638.085,5881.97
store_409,2015-08-07,503.005,4926.73
store_409,2015-08-08,262.995,2199.895
store_409,2015-08-09,0.0,0.0
store_409,2015-08-10,423.745,3363.045
store_409,2015-08-11,378.735,3105.53
store_409,2015-08-12,355.31,2940.235
store_409,2015-08-13,535.35,4815.935
store_409,2015-08-14,493.745,4336.095
store_409,2015-08-15,263.845,2234.415
store_409,2015-08-16,0.0,0.0
store_409,2015-08-17,507.95,4831.65
store_409,2015-08-18,428.78,4144.25
store_409,2015-08-19,421.135,3634.4
store_409,2015-08-20,634.165,5748.81
store_409,2015-08-21,568.57,5444.93
store_409,2015-08-22,274.14,2349.885
store_409,2015-08-23,0.0,0.0
store_409,2015-08-24,426.71,3390.705
store_409,2015-08-25,360.215,2949.005
store_409,2015-08-26,371.53,2896.825
store_409,2015-08-27,523.515,4585.88
store_409,2015-08-28,513.48,4748.035
store_409,2015-08-29,280.895,2472.005
store_41,2015-07-20,1127.435,7272.57
store_41,2015-07-21,1025.95,6641.795
store_41,2015-07-22,1053.935,6836.95
store_41,2015-07-23,1055.27,6954.785
store_41,2015-07-24,1039.995,6741.165
store_41,2015-07-25,1170.615,8056.23
store_41,2015-07-26,0.0,0.0
store_41,2015-07-27,1336.01,10808.605
store_41,2015-07-28,1240.37,9822.57
store_41,2015-07-29,1207.425,9582.81
store_41,2015-07-30,1223.12,9396.995
store_41,2015-07-31,1161.39,8647.325
store_41,2015-08-01,1163.455,8273.39
store_41,2015-08-02,0.0,0.0
store_41,2015-08-03,1409.83,12199.835
store_41,2015-08-04,1255.705,10143.66
store_41,2015-08-05,1193.975,9459.065
store_41,2015-08-06,1205.895,9346.14
store_41,2015-08-07,1193.735,8661.575
store_41,2015-08-08,1169.295,8529.605
store_41,2015-08-09,0.0,0.0
store_41,2015-08-10,1146.375,8051.235
store_41,2015-08-11,1065.795,7486.445
store_41,2015-08-12,1046.46,7415.71
store_41,2015-08-13,1056.29,7570.645
store_41,2015-08-14,1062.4,7389.285
store_41,2015-08-15,1126.49,8191.765
store_41,2015-08-16,0.0,0.0
store_41,2015-08-17,1380.585,11884.97
store_41,2015-08-18,1282.17,10416.815
store_41,2015-08-19,1202.665,9513.93
store_41,2015-08-20,1167.16,9090.585
store_41,2015-08-21,1131.76,8466.73
store_41,2015-08-22,1108.87,8112.11
store_41,2015-08-23,0.0,0.0
store_41,2015-08-24,1108.345,7890.475
store_41,2015-08-25,973.975,7265.41
store_41,2015-08-26,980.5,7141.575
store_41,2015-08-27,1005.38,7444.665
store_41,2015-08-28,1038.795,7598.275
store_41,2015-08-29,1093.12,8120.615
store_410,2015-07-20,2128.015,9663.52
store_410,2015-07-21,2085.11,9082.94
store_410,2015-07-22,2094.455,8986.77
store_410,2015-07-23,2106.0,8914.135
store_410,2015-07-24,2134.885,9221.835
store_410,2015-07-25,1685.93,7136.94
store_410,2015-07-26,2416.275,13873.82
store_410,2015-07-27,2310.44,11505.105
store_410,2015-07-28,2179.025,11010.115
store_410,2015-07-29,2193.235,11183.36
store_410,2015-07-30,2251.14,11157.655
store_410,2015-07-31,2317.145,11013.415
store_410,2015-08-01,1749.29,7409.31
store_410,2015-08-02,2412.785,13874.445
store_410,2015-08-03,2187.55,11026.15
store_410,2015-08-04,2165.21,10560.75
store_410,2015-08-05,2195.72,10806.705
store_410,2015-08-06,2186.79,11036.775
store_410,2015-08-07,2189.865,10914.85
store_410,2015-08-08,1694.385,7503.825
store_410,2015-08-09,2393.08,13934.285
store_410,2015-08-10,2261.49,11271.44
store_410,2015-08-11,2185.715,10176.15
store_410,2015-08-12,2250.855,10523.0
store_410,2015-08-13,2230.235,10535.825
store_410,2015-08-14,2225.99,10508.6
store_410,2015-08-15,1712.795,7763.48
store_410,2015-08-16,2404.845,13961.52
store_410,2015-08-17,2213.755,12418.025
store_410,2015-08-18,2176.88,11595.125
store_410,2015-08-19,2215.035,11726.68
store_410,2015-08-20,2217.58,11754.65
store_410,2015-08-21,2231.855,11753.245
store_410,2015-08-22,1695.695,8006.295
store_410,2015-08-23,2416.575,13970.12
store_410,2015-08-24,2200.93,12327.365
store_410,2015-08-25,2210.53,11409.085
store_410,2015-08-26,2246.19,11622.88
store_410,2015-08-27,2250.44,11816.645
store_410,2015-08-28,2257.255,11848.485
store_410,2015-08-29,1714.285,8329.085
store_411,2015-07-20,781.605,6559.995
store_411,2015-07-21,696.94,5984.43
store_411,2015-07-22,712.02,5860.33
store_411,2015-07-23,737.88,6387.62
store_411,2015-07-24,746.41,6163.54
store_411,2015-07-25,645.43,5259.365
store_411,2015-07-26,0.0,0.0
store_411,2015-07-27,987.855,10434.955
store_411,2015-07-28,877.225,9152.23
store_411,2015-07-29,862.78,8372.9
store_411,2015-07-30,865.24,8060.0
store_411,2015-07-31,842.685,7563.885
store_411,2015-08-01,674.365,5414.08
store_411,2015-08-02,0.0,0.0
store_411,2015-08-03,1068.235,11039.79
store_411,2015-08-04,877.795,8650.565
store_411,2015-08-05,842.275,7985.685
store_411,2015-08-06,834.23,7961.27
store_411,2015-08-07,810.79,7456.1
store_411,2015-08-08,704.55,5656.72
store_411,2015-08-09,0.0,0.0
store_411,2015-08-10,780.835,6573.05
store_411,2015-08-11,718.24,5935.855
store_411,2015-08-12,718.875,5972.1
store_411,2015-08-13,729.325,6341.29
store_411,2015-08-14,755.59,6316.875
store_411,2015-08-15,708.0,5670.87
store_411,2015-08-16,0.0,0.0
store_411,2015-08-17,1069.175,10562.935
store_411,2015-08-18,926.86,8897.885
store_411,2015-08-19,883.75,8032.81
store_411,2015-08-20,868.995,7908.02
store_411,2015-08-21,864.465,7649.185
store_411,2015-08-22,737.785,5744.34
store_411,2015-08-23,0.0,0.0
store_411,2015-08-24,782.035,6375.19
store_411,2015-08-25,698.585,5820.79
store_411,2015-08-26,726.395,5927.27
store_411,2015-08-27,713.65,6250.905
store_411,2015-08-28,769.965,6596.235
store_411,2015-08-29,731.785,5904.95
store_412,2015-07-20,686.71,4443.365
store_412,2015-07-21,638.405,4097.92
store_412,2015-07-22,643.99,4127.84
store_412,2015-07-23,637.56,4047.185
store_412,2015-07-24,660.28,4110.255
store_412,2015-07-25,727.215,4979.48
store_412,2015-07-26,0.0,0.0
store_412,2015-07-27,844.22,6293.78
store_412,2015-07-28,787.655,6033.055
store_412,2015-07-29,763.12,5849.53
store_412,2015-07-30,763.34,5545.295
store_412,2015-07-31,761.72,5134.07
store_412,2015-08-01,709.825,4901.46
store_412,2015-08-02,0.0,0.0
store_412,2015-08-03,919.145,7113.265
store_412,2015-08-04,791.26,6031.475
store_412,2015-08-05,744.69,5484.855
store_412,2015-08-06,720.69,5077.595
store_412,2015-08-07,701.945,4963.18
store_412,2015-08-08,698.685,4904.17
store_412,2015-08-09,0.0,0.0
store_412,2015-08-10,710.32,4651.91
store_412,2015-08-11,644.635,4192.52
store_412,2015-08-12,642.34,4167.045
store_412,2015-08-13,643.12,4131.58
store_412,2015-08-14,646.735,4117.18
store_412,2015-08-15,704.17,4873.895
store_412,2015-08-16,0.0,0.0
store_412,2015-08-17,928.83,7167.77
store_412,2015-08-18,828.725,6201.315
store_412,2015-08-19,774.885,5647.535
store_412,2015-08-20,760.24,5264.74
store_412,2015-08-21,761.59,5077.945
store_412,2015-08-22,694.355,4775.43
store_412,2015-08-23,0.0,0.0
store_412,2015-08-24,670.68,4414.44
store_412,2015-08-25,612.445,4082.215
store_412,2015-08-26,624.425,4075.06
store_412,2015-08-27,633.5,4232.64
store_412,2015-08-28,673.36,4313.75
store_412,2015-08-29,721.365,4916.425
store_413,2015-07-20,498.315,3654.045
store_413,2015-07-21,475.32,3512.335
store_413,2015-07-22,474.725,3462.765
store_413,2015-07-23,509.595,3547.755
store_413,2015-07-24,534.185,3710.875
store_413,2015-07-25,431.945,3086.815
store_413,2015-07-26,0.0,0.0
store_413,2015-07-27,618.92,5457.64
store_413,2015-07-28,592.145,5121.625
store_413,2015-07-29,558.675,5050.925
store_413,2015-07-30,564.645,4934.71
store_413,2015-07-31,582.135,4825.545
store_413,2015-08-01,426.94,3210.26
store_413,2015-08-02,0.0,0.0
store_413,2015-08-03,673.51,5977.42
store_413,2015-08-04,571.82,5253.98
store_413,2015-08-05,535.74,4767.755
store_413,2015-08-06,544.725,4811.615
store_413,2015-08-07,557.89,4912.985
store_413,2015-08-08,427.865,3516.1
store_413,2015-08-09,0.0,0.0
store_413,2015-08-10,554.075,4250.355
store_413,2015-08-11,523.6,4092.49
store_413,2015-08-12,485.605,3925.385
store_413,2015-08-13,484.0,3902.18
store_413,2015-08-14,495.95,4036.015
store_413,2015-08-15,423.63,3433.28
store_413,2015-08-16,0.0,0.0
store_413,2015-08-17,667.345,6306.37
store_413,2015-08-18,608.8,5790.665
store_413,2015-08-19,557.995,5352.255
store_413,2015-08-20,544.105,5106.93
store_413,2015-08-21,547.79,5040.405
store_413,2015-08-22,433.85,3485.59
store_413,2015-08-23,0.0,0.0
store_413,2015-08-24,550.28,4606.695
store_413,2015-08-25,517.47,4453.03
store_413,2015-08-26,488.545,4200.05
store_413,2015-08-27,482.2,4242.7
store_413,2015-08-28,480.735,4336.54
store_413,2015-08-29,442.55,3697.495
store_414,2015-07-20,448.76,3945.725
store_414,2015-07-21,403.395,3598.845
store_414,2015-07-22,401.49,3529.48
store_414,2015-07-23,454.605,4021.53
store_414,2015-07-24,486.935,4221.76
store_414,2015-07-25,267.53,2417.645
store_414,2015-07-26,0.0,0.0
store_414,2015-07-27,598.76,6536.345
store_414,2015-07-28,553.065,5710.105
store_414,2015-07-29,546.8,5210.515
store_414,2015-07-30,560.515,4898.47
store_414,2015-07-31,562.275,4971.22
store_414,2015-08-01,276.31,2483.11
store_414,2015-08-02,0.0,0.0
store_414,2015-08-03,648.615,6347.25
store_414,2015-08-04,524.795,5129.6
store_414,2015-08-05,486.9,4547.16
store_414,2015-08-06,514.515,4743.385
store_414,2015-08-07,523.84,4677.345
store_414,2015-08-08,277.825,2364.37
store_414,2015-08-09,0.0,0.0
store_414,2015-08-10,512.965,3923.84
store_414,2015-08-11,492.295,3700.53
store_414,2015-08-12,467.73,3590.89
store_414,2015-08-13,468.365,3771.23
store_414,2015-08-14,476.92,3797.675
store_414,2015-08-15,265.16,2318.57
store_414,2015-08-16,0.0,0.0
store_414,2015-08-17,667.785,5939.185
store_414,2015-08-18,558.475,4784.13
store_414,2015-08-19,516.165,4234.78
store_414,2015-08-20,533.1,4293.47
store_414,2015-08-21,541.36,4276.215
store_414,2015-08-22,277.47,2249.295
store_414,2015-08-23,0.0,0.0
store_414,2015-08-24,490.34,3507.16
store_414,2015-08-25,467.835,3282.955
store_414,2015-08-26,452.415,3242.92
store_414,2015-08-27,469.16,3436.57
store_414,2015-08-28,475.225,3469.695
store_414,2015-08-29,258.125,2198.555
store_415,2015-07-20,647.565,7503.53
store_415,2015-07-21,591.085,6672.175
store_415,2015-07-22,590.705,6738.215
store_415,2015-07-23,630.565,7008.435
store_415,2015-07-24,638.345,7126.02
store_415,2015-07-25,640.18,7419.805
store_415,2015-07-26,0.0,0.0
store_415,2015-07-27,880.59,12040.195
store_415,2015-07-28,768.835,10018.97
store_415,2015-07-29,757.255,9571.98
store_415,2015-07-30,752.945,9098.985
store_415,2015-07-31,747.95,9035.86
store_415,2015-08-01,672.575,7508.685
store_415,2015-08-02,0.0,0.0
store_415,2015-08-03,913.235,12298.605
store_415,2015-08-04,749.315,9738.085
store_415,2015-08-05,690.72,8858.15
store_415,2015-08-06,700.435,8694.68
store_415,2015-08-07,702.905,8521.855
store_415,2015-08-08,654.98,7531.66
store_415,2015-08-09,0.0,0.0
store_415,2015-08-10,644.055,6994.07
store_415,2015-08-11,606.8,6600.96
store_415,2015-08-12,573.51,6353.39
store_415,2015-08-13,588.255,6545.54
store_415,2015-08-14,648.54,6881.17
store_415,2015-08-15,674.62,7241.94
store_415,2015-08-16,0.0,0.0
store_415,2015-08-17,905.575,11666.68
store_415,2015-08-18,770.765,9757.17
store_415,2015-08-19,714.03,8676.22
store_415,2015-08-20,708.565,8438.335
store_415,2015-08-21,719.21,8355.505
store_415,2015-08-22,680.375,7281.465
store_415,2015-08-23,0.0,0.0
store_415,2015-08-24,637.455,6740.745
store_415,2015-08-25,572.53,6227.295
store_415,2015-08-26,582.475,6157.69
store_415,2015-08-27,592.595,6354.58
store_415,2015-08-28,633.34,6852.99
store_415,2015-08-29,670.17,7138.93
store_416,2015-07-20,641.425,5837.705
store_416,2015-07-21,599.93,5467.61
store_416,2015-07-22,616.775,5515.905
store_416,2015-07-23,621.925,5563.425
store_416,2015-07-24,665.79,5913.54
store_416,2015-07-25,517.0,4947.83
store_416,2015-07-26,0.0,0.0
store_416,2015-07-27,888.78,9807.875
store_416,2015-07-28,760.89,8296.945
store_416,2015-07-29,745.5,7844.555
store_416,2015-07-30,762.24,7915.75
store_416,2015-07-31,789.3,8145.895
store_416,2015-08-01,540.46,5128.955
store_416,2015-08-02,0.0,0.0
store_416,2015-08-03,930.45,10613.095
store_416,2015-08-04,772.205,8413.005
store_416,2015-08-05,728.225,7758.76
store_416,2015-08-06,716.16,7401.92
store_416,2015-08-07,744.75,7489.795
store_416,2015-08-08,533.725,5043.495
store_416,2015-08-09,0.0,0.0
store_416,2015-08-10,667.595,6176.9
store_416,2015-08-11,626.03,5710.818
store_416,2015-08-12,615.43,5799.365
store_416,2015-08-13,635.2,5981.57
store_416,2015-08-14,673.08,6320.555
store_416,2015-08-15,540.75,5063.475
store_416,2015-08-16,0.0,0.0
store_416,2015-08-17,918.82,10446.105
store_416,2015-08-18,759.92,8257.62
store_416,2015-08-19,735.0,7622.205
store_416,2015-08-20,760.355,7565.88
store_416,2015-08-21,765.62,7735.795
store_416,2015-08-22,544.97,5047.92
store_416,2015-08-23,0.0,0.0
store_416,2015-08-24,650.885,5917.465
store_416,2015-08-25,578.8,5411.955
store_416,2015-08-26,592.615,5463.525
store_416,2015-08-27,630.985,5889.375
store_416,2015-08-28,666.13,6428.255
store_416,2015-08-29,544.98,5192.135
store_417,2015-07-20,672.7,4395.255
store_417,2015-07-21,615.11,4101.105
store_417,2015-07-22,665.23,4475.98
store_417,2015-07-23,678.385,4557.955
store_417,2015-07-24,655.615,4336.855
store_417,2015-07-25,594.795,4075.915
store_417,2015-07-26,0.0,0.0
store_417,2015-07-27,899.345,7265.07
store_417,2015-07-28,853.88,6879.34
store_417,2015-07-29,851.595,6452.785
store_417,2015-07-30,825.655,6200.085
store_417,2015-07-31,760.375,5535.28
store_417,2015-08-01,631.53,4316.845
store_417,2015-08-02,0.0,0.0
store_417,2015-08-03,976.46,7895.815
store_417,2015-08-04,815.16,6591.35
store_417,2015-08-05,772.145,5942.04
store_417,2015-08-06,767.085,5676.13
store_417,2015-08-07,742.62,5283.265
store_417,2015-08-08,605.88,4210.44
store_417,2015-08-09,0.0,0.0
store_417,2015-08-10,766.185,5058.235
store_417,2015-08-11,713.76,4595.05
store_417,2015-08-12,672.075,4486.335
store_417,2015-08-13,659.085,4527.54
store_417,2015-08-14,664.135,4386.75
store_417,2015-08-15,614.375,4129.69
store_417,2015-08-16,0.0,0.0
store_417,2015-08-17,1018.29,8104.23
store_417,2015-08-18,887.095,6945.99
store_417,2015-08-19,813.395,6180.35
store_417,2015-08-20,796.965,5885.26
store_417,2015-08-21,771.025,5506.72
store_417,2015-08-22,640.56,4246.365
store_417,2015-08-23,0.0,0.0
store_417,2015-08-24,756.595,5088.455
store_417,2015-08-25,691.73,4675.69
store_417,2015-08-26,680.98,4654.825
store_417,2015-08-27,675.08,4693.965
store_417,2015-08-28,701.28,4737.96
store_417,2015-08-29,626.57,4303.78
store_418,2015-07-20,544.81,6527.855
store_418,2015-07-21,476.755,5616.75
store_418,2015-07-22,456.18,5267.315
store_418,2015-07-23,486.425,5675.685
store_418,2015-07-24,524.72,6305.225
store_418,2015-07-25,567.23,6658.47
store_418,2015-07-26,0.0,0.0
store_418,2015-07-27,756.235,11765.47
store_418,2015-07-28,636.09,9054.21
store_418,2015-07-29,619.875,7885.25
store_418,2015-07-30,648.495,7700.785
store_418,2015-07-31,629.26,7743.585
store_418,2015-08-01,610.9,6902.25
store_418,2015-08-02,0.0,0.0
store_418,2015-08-03,780.265,11239.715
store_418,2015-08-04,618.175,8382.99
store_418,2015-08-05,572.225,7228.35
store_418,2015-08-06,569.945,7229.065
store_418,2015-08-07,565.75,7303.855
store_418,2015-08-08,567.655,6647.615
store_418,2015-08-09,0.0,0.0
store_418,2015-08-10,579.035,6630.185
store_418,2015-08-11,518.575,5886.805
store_418,2015-08-12,523.635,5687.07
store_418,2015-08-13,531.02,5957.685
store_418,2015-08-14,543.395,6157.795
store_418,2015-08-15,579.935,6589.935
store_418,2015-08-16,0.0,0.0
store_418,2015-08-17,775.45,10568.205
store_418,2015-08-18,625.455,8226.885
store_418,2015-08-19,602.935,7212.23
store_418,2015-08-20,609.28,7109.4
store_418,2015-08-21,614.615,7063.31
store_418,2015-08-22,572.78,6203.925
store_418,2015-08-23,0.0,0.0
store_418,2015-08-24,617.87,6635.395
store_418,2015-08-25,536.405,6008.715
store_418,2015-08-26,529.735,5667.135
store_418,2015-08-27,547.02,5873.24
store_418,2015-08-28,569.05,6166.195
store_418,2015-08-29,574.545,6367.48
store_419,2015-07-20,796.22,6291.46
store_419,2015-07-21,695.68,5784.925
store_419,2015-07-22,643.315,5081.755
store_419,2015-07-23,659.07,5068.45
store_419,2015-07-24,624.24,4668.22
store_419,2015-07-25,419.995,3449.66
store_419,2015-07-26,0.0,0.0
store_419,2015-07-27,876.61,8691.46
store_419,2015-07-28,863.355,8223.04
store_419,2015-07-29,793.58,7296.045
store_419,2015-07-30,813.18,6939.52
store_419,2015-07-31,730.64,6110.06
store_419,2015-08-01,432.555,3672.69
store_419,2015-08-02,0.0,0.0
store_419,2015-08-03,939.755,9043.355
store_419,2015-08-04,860.19,7997.25
store_419,2015-08-05,788.085,6698.095
store_419,2015-08-06,750.275,6206.615
store_419,2015-08-07,712.545,5406.47
store_419,2015-08-08,423.625,3384.23
store_419,2015-08-09,0.0,0.0
store_419,2015-08-10,709.825,5598.945
store_419,2015-08-11,672.97,5292.085
store_419,2015-08-12,656.765,4844.525
store_419,2015-08-13,644.12,4809.875
store_419,2015-08-14,636.3,4482.945
store_419,2015-08-15,441.7,3439.98
store_419,2015-08-16,0.0,0.0
store_419,2015-08-17,930.65,7961.34
store_419,2015-08-18,849.835,7149.565
store_419,2015-08-19,784.45,6357.94
store_419,2015-08-20,769.795,6000.995
store_419,2015-08-21,744.945,5488.675
store_419,2015-08-22,445.84,3422.64
store_419,2015-08-23,0.0,0.0
store_419,2015-08-24,720.215,4997.655
store_419,2015-08-25,633.62,4585.095
store_419,2015-08-26,631.24,4527.42
store_419,2015-08-27,644.3,4603.535
store_419,2015-08-28,651.525,4473.535
store_419,2015-08-29,456.815,3448.21
store_42,2015-07-20,1123.59,8347.26
store_42,2015-07-21,1035.915,7727.0
store_42,2015-07-22,1053.225,7522.615
store_42,2015-07-23,1113.63,7740.42
store_42,2015-07-24,1117.73,8121.51
store_42,2015-07-25,1044.45,7628.57
store_42,2015-07-26,0.0,0.0
store_42,2015-07-27,1326.03,12027.44
store_42,2015-07-28,1231.77,10867.275
store_42,2015-07-29,1174.735,9996.735
store_42,2015-07-30,1244.58,10062.92
store_42,2015-07-31,1204.825,10031.85
store_42,2015-08-01,1041.71,7771.36
store_42,2015-08-02,0.0,0.0
store_42,2015-08-03,1423.705,12897.105
store_42,2015-08-04,1258.24,10846.975
store_42,2015-08-05,1182.74,9790.765
store_42,2015-08-06,1172.35,9740.89
store_42,2015-08-07,1163.015,9662.82
store_42,2015-08-08,1058.31,8031.81
store_42,2015-08-09,0.0,0.0
store_42,2015-08-10,1155.12,8757.895
store_42,2015-08-11,1088.25,7949.11
store_42,2015-08-12,1058.575,7760.955
store_42,2015-08-13,1072.7,8034.95
store_42,2015-08-14,1084.86,8236.065
store_42,2015-08-15,1039.895,7884.08
store_42,2015-08-16,0.0,0.0
store_42,2015-08-17,1357.8,12263.68
store_42,2015-08-18,1257.08,10513.275
store_42,2015-08-19,1195.545,9739.27
store_42,2015-08-20,1171.22,9530.825
store_42,2015-08-21,1186.48,9529.44
store_42,2015-08-22,1040.605,7912.945
store_42,2015-08-23,0.0,0.0
store_42,2015-08-24,1117.05,8217.21
store_42,2015-08-25,1044.07,7781.27
store_42,2015-08-26,1011.25,7548.745
store_42,2015-08-27,1044.67,7974.84
store_42,2015-08-28,1086.31,8252.325
store_42,2015-08-29,1048.335,8050.52
store_420,2015-07-20,414.135,4532.195
store_420,2015-07-21,384.1,4343.845
store_420,2015-07-22,403.75,4331.42
store_420,2015-07-23,409.885,4595.96
store_420,2015-07-24,418.695,4601.55
store_420,2015-07-25,370.175,3943.215
store_420,2015-07-26,0.0,0.0
store_420,2015-07-27,696.61,10332.105
store_420,2015-07-28,575.385,8379.595
store_420,2015-07-29,543.045,7194.54
store_420,2015-07-30,519.065,6757.465
store_420,2015-07-31,516.4,6600.205
store_420,2015-08-01,369.16,3984.155
store_420,2015-08-02,0.0,0.0
store_420,2015-08-03,738.775,10575.42
store_420,2015-08-04,581.295,7908.22
store_420,2015-08-05,522.16,6980.26
store_420,2015-08-06,512.215,6621.345
store_420,2015-08-07,491.685,6222.02
store_420,2015-08-08,360.82,3950.83
store_420,2015-08-09,0.0,0.0
store_420,2015-08-10,439.085,4911.765
store_420,2015-08-11,426.745,4737.45
store_420,2015-08-12,434.45,4763.99
store_420,2015-08-13,452.415,5077.835
store_420,2015-08-14,456.89,5224.09
store_420,2015-08-15,363.51,3991.71
store_420,2015-08-16,0.0,0.0
store_420,2015-08-17,704.36,9569.3
store_420,2015-08-18,581.21,7564.86
store_420,2015-08-19,561.99,6864.01
store_420,2015-08-20,537.02,6635.475
store_420,2015-08-21,538.57,6419.475
store_420,2015-08-22,371.755,3941.27
store_420,2015-08-23,0.0,0.0
store_420,2015-08-24,428.6,4571.47
store_420,2015-08-25,391.945,4423.83
store_420,2015-08-26,415.415,4617.555
store_420,2015-08-27,440.335,4980.665
store_420,2015-08-28,480.445,5449.29
store_420,2015-08-29,363.095,3993.23
store_421,2015-07-20,431.47,4274.035
store_421,2015-07-21,413.89,4122.255
store_421,2015-07-22,402.86,3963.285
store_421,2015-07-23,455.95,4464.5
store_421,2015-07-24,443.03,4449.095
store_421,2015-07-25,252.22,2483.46
store_421,2015-07-26,0.0,0.0
store_421,2015-07-27,695.91,8879.285
store_421,2015-07-28,577.795,7413.6
store_421,2015-07-29,564.635,6354.315
store_421,2015-07-30,560.815,6021.84
store_421,2015-07-31,531.875,5586.405
store_421,2015-08-01,263.535,2363.59
store_421,2015-08-02,0.0,0.0
store_421,2015-08-03,717.66,8949.875
store_421,2015-08-04,568.315,6744.345
store_421,2015-08-05,510.59,5806.745
store_421,2015-08-06,527.505,5774.295
store_421,2015-08-07,505.49,5480.12
store_421,2015-08-08,269.29,2555.605
store_421,2015-08-09,0.0,0.0
store_421,2015-08-10,521.82,4987.97
store_421,2015-08-11,491.19,4693.685
store_421,2015-08-12,471.39,4567.725
store_421,2015-08-13,466.945,4611.15
store_421,2015-08-14,474.985,4602.55
store_421,2015-08-15,259.885,2434.395
store_421,2015-08-16,0.0,0.0
store_421,2015-08-17,752.815,8595.26
store_421,2015-08-18,638.9,6901.295
store_421,2015-08-19,581.59,6203.68
store_421,2015-08-20,558.495,5893.565
store_421,2015-08-21,552.94,5595.18
store_421,2015-08-22,283.425,2522.78
store_421,2015-08-23,0.0,0.0
store_421,2015-08-24,501.64,4632.105
store_421,2015-08-25,459.965,4425.71
store_421,2015-08-26,457.235,4488.04
store_421,2015-08-27,472.035,4614.95
store_421,2015-08-28,469.25,4676.63
store_421,2015-08-29,275.405,2475.605
store_422,2015-07-20,937.8,7628.685
store_422,2015-07-21,915.185,7251.58
store_422,2015-07-22,895.695,7381.2
store_422,2015-07-23,903.24,7494.975
store_422,2015-07-24,926.765,7705.56
store_422,2015-07-25,819.89,6927.825
store_422,2015-07-26,0.0,0.0
store_422,2015-07-27,1209.985,11582.085
store_422,2015-07-28,1150.61,11020.255
store_422,2015-07-29,1122.175,10702.73
store_422,2015-07-30,1150.595,10464.635
store_422,2015-07-31,1088.185,9680.765
store_422,2015-08-01,812.76,6956.065
store_422,2015-08-02,0.0,0.0
store_422,2015-08-03,1250.04,12168.915
store_422,2015-08-04,1113.08,10427.575
store_422,2015-08-05,1038.65,9555.0
store_422,2015-08-06,1055.075,9682.16
store_422,2015-08-07,1010.735,9329.06
store_422,2015-08-08,834.11,7423.705
store_422,2015-08-09,0.0,0.0
store_422,2015-08-10,1042.135,8529.705
store_422,2015-08-11,983.28,7939.66
store_422,2015-08-12,947.28,7868.315
store_422,2015-08-13,946.47,8016.99
store_422,2015-08-14,969.03,8017.42
store_422,2015-08-15,840.565,7361.87
store_422,2015-08-16,0.0,0.0
store_422,2015-08-17,1222.08,11806.41
store_422,2015-08-18,1121.69,10327.59
store_422,2015-08-19,1063.445,9437.095
store_422,2015-08-20,1085.6,9454.13
store_422,2015-08-21,1099.25,9433.49
store_422,2015-08-22,838.225,7204.625
store_422,2015-08-23,0.0,0.0
store_422,2015-08-24,999.96,8172.125
store_422,2015-08-25,919.31,7627.145
store_422,2015-08-26,885.56,7288.21
store_422,2015-08-27,921.765,7695.94
store_422,2015-08-28,970.045,8218.3
store_422,2015-08-29,826.15,7159.83
store_423,2015-07-20,887.29,8707.105
store_423,2015-07-21,773.525,7835.745
store_423,2015-07-22,828.77,7928.245
store_423,2015-07-23,854.055,8030.05
store_423,2015-07-24,908.435,8853.78
store_423,2015-07-25,909.505,8778.075
store_423,2015-07-26,0.0,0.0
store_423,2015-07-27,1139.47,13857.63
store_423,2015-07-28,986.49,11417.665
store_423,2015-07-29,988.84,11090.21
store_423,2015-07-30,1036.515,10770.425
store_423,2015-07-31,1040.595,11017.32
store_423,2015-08-01,927.47,8887.53
store_423,2015-08-02,0.0,0.0
store_423,2015-08-03,1254.19,14421.72
store_423,2015-08-04,1015.47,11158.925
store_423,2015-08-05,962.09,10389.495
store_423,2015-08-06,956.855,10217.605
store_423,2015-08-07,978.41,10168.555
store_423,2015-08-08,930.665,9100.83
store_423,2015-08-09,0.0,0.0
store_423,2015-08-10,946.865,8939.7
store_423,2015-08-11,850.81,8152.585
store_423,2015-08-12,844.96,7910.395
store_423,2015-08-13,845.89,8060.395
store_423,2015-08-14,875.83,8312.745
store_423,2015-08-15,904.355,8632.585
store_423,2015-08-16,0.0,0.0
store_423,2015-08-17,1233.4,13833.18
store_423,2015-08-18,1052.145,11301.34
store_423,2015-08-19,977.625,10109.485
store_423,2015-08-20,1029.42,10302.33
store_423,2015-08-21,1012.595,10380.025
store_423,2015-08-22,916.155,8656.205
store_423,2015-08-23,0.0,0.0
store_423,2015-08-24,963.115,8594.73
store_423,2015-08-25,831.57,7764.66
store_423,2015-08-26,838.29,7783.175
store_423,2015-08-27,891.105,8383.78
store_423,2015-08-28,923.77,8789.125
store_423,2015-08-29,892.49,8638.05
store_424,2015-07-20,812.31,5981.55
store_424,2015-07-21,759.895,5757.97
store_424,2015-07-22,795.27,5786.31
store_424,2015-07-23,817.61,6104.25
store_424,2015-07-24,847.15,6109.885
store_424,2015-07-25,839.18,6263.72
store_424,2015-07-26,0.0,0.0
store_424,2015-07-27,1012.295,9538.85
store_424,2015-07-28,941.47,8276.22
store_424,2015-07-29,946.935,7842.895
store_424,2015-07-30,968.125,7760.815
store_424,2015-07-31,944.9,7346.8
store_424,2015-08-01,826.835,6263.015
store_424,2015-08-02,0.0,0.0
store_424,2015-08-03,1084.945,9841.78
store_424,2015-08-04,973.935,8234.43
store_424,2015-08-05,897.83,7592.105
store_424,2015-08-06,890.675,7491.645
store_424,2015-08-07,902.585,7260.525
store_424,2015-08-08,832.785,6645.235
store_424,2015-08-09,0.0,0.0
store_424,2015-08-10,881.175,6346.505
store_424,2015-08-11,812.545,5810.84
store_424,2015-08-12,745.7,5554.425
store_424,2015-08-13,775.135,5778.49
store_424,2015-08-14,789.835,5828.8
store_424,2015-08-15,800.715,6091.28
store_424,2015-08-16,0.0,0.0
store_424,2015-08-17,1119.69,9450.675
store_424,2015-08-18,1015.75,8233.66
store_424,2015-08-19,948.935,7311.34
store_424,2015-08-20,943.325,7213.405
store_424,2015-08-21,929.865,6944.82
store_424,2015-08-22,816.305,6211.705
store_424,2015-08-23,0.0,0.0
store_424,2015-08-24,875.715,6163.155
store_424,2015-08-25,763.475,5398.62
store_424,2015-08-26,741.115,5126.295
store_424,2015-08-27,773.71,5437.505
store_424,2015-08-28,793.3,5642.5
store_424,2015-08-29,796.85,6033.56
store_425,2015-07-20,543.46,4348.63
store_425,2015-07-21,522.38,4098.765
store_425,2015-07-22,523.705,4150.085
store_425,2015-07-23,545.075,4323.13
store_425,2015-07-24,543.145,4429.31
store_425,2015-07-25,311.045,2619.65
store_425,2015-07-26,0.0,0.0
store_425,2015-07-27,642.29,7361.09
store_425,2015-07-28,588.685,6494.075
store_425,2015-07-29,566.39,5789.45
store_425,2015-07-30,628.345,5613.01
store_425,2015-07-31,628.105,5805.32
store_425,2015-08-01,306.765,2728.24
store_425,2015-08-02,0.0,0.0
store_425,2015-08-03,656.045,7017.14
store_425,2015-08-04,607.205,5962.945
store_425,2015-08-05,547.74,5381.065
store_425,2015-08-06,568.15,5318.51
store_425,2015-08-07,564.015,5279.86
store_425,2015-08-08,302.52,2696.58
store_425,2015-08-09,0.0,0.0
store_425,2015-08-10,519.145,4579.48
store_425,2015-08-11,500.245,4324.855
store_425,2015-08-12,485.22,4198.055
store_425,2015-08-13,494.865,4405.445
store_425,2015-08-14,504.27,4475.69
store_425,2015-08-15,291.545,2582.79
store_425,2015-08-16,0.0,0.0
store_425,2015-08-17,660.75,6824.0
store_425,2015-08-18,592.15,5982.155
store_425,2015-08-19,549.635,5422.555
store_425,2015-08-20,549.845,5268.855
store_425,2015-08-21,553.655,5237.82
store_425,2015-08-22,301.145,2652.89
store_425,2015-08-23,0.0,0.0
store_425,2015-08-24,501.37,4356.46
store_425,2015-08-25,469.41,4095.54
store_425,2015-08-26,458.125,4123.905
store_425,2015-08-27,488.55,4467.875
store_425,2015-08-28,491.49,4641.5
store_425,2015-08-29,286.09,2631.745
store_426,2015-07-20,325.985,2780.665
store_426,2015-07-21,306.94,2623.725
store_426,2015-07-22,306.74,2597.085
store_426,2015-07-23,318.035,2680.29
store_426,2015-07-24,315.285,2653.715
store_426,2015-07-25,233.285,2150.19
store_426,2015-07-26,0.0,0.0
store_426,2015-07-27,434.05,4678.775
store_426,2015-07-28,406.23,4292.765
store_426,2015-07-29,377.285,3673.72
store_426,2015-07-30,370.035,3428.355
store_426,2015-07-31,376.715,3464.13
store_426,2015-08-01,233.125,2121.335
store_426,2015-08-02,0.0,0.0
store_426,2015-08-03,467.435,4648.685
store_426,2015-08-04,403.46,4157.105
store_426,2015-08-05,363.91,3577.06
store_426,2015-08-06,376.19,3479.08
store_426,2015-08-07,379.04,3492.815
store_426,2015-08-08,234.525,2145.725
store_426,2015-08-09,0.0,0.0
store_426,2015-08-10,375.675,3197.135
store_426,2015-08-11,335.22,2941.96
store_426,2015-08-12,338.24,2925.385
store_426,2015-08-13,347.805,2949.78
store_426,2015-08-14,354.045,3037.42
store_426,2015-08-15,230.805,2087.16
store_426,2015-08-16,0.0,0.0
store_426,2015-08-17,457.565,4734.785
store_426,2015-08-18,399.675,4066.95
store_426,2015-08-19,373.64,3576.315
store_426,2015-08-20,389.28,3649.905
store_426,2015-08-21,392.84,3646.575
store_426,2015-08-22,236.33,2132.07
store_426,2015-08-23,0.0,0.0
store_426,2015-08-24,355.94,2996.5
store_426,2015-08-25,310.65,2746.285
store_426,2015-08-26,311.745,2715.645
store_426,2015-08-27,330.38,2900.02
store_426,2015-08-28,328.08,2885.96
store_426,2015-08-29,232.42,2116.07
store_427,2015-07-20,874.97,6819.41
store_427,2015-07-21,805.365,6054.285
store_427,2015-07-22,777.04,6238.21
store_427,2015-07-23,825.445,6817.19
store_427,2015-07-24,837.935,6810.32
store_427,2015-07-25,536.675,4844.935
store_427,2015-07-26,0.0,0.0
store_427,2015-07-27,1067.51,11504.345
store_427,2015-07-28,973.64,9563.715
store_427,2015-07-29,950.36,9012.085
store_427,2015-07-30,981.78,9230.35
store_427,2015-07-31,968.575,8737.185
store_427,2015-08-01,593.705,5039.235
store_427,2015-08-02,0.0,0.0
store_427,2015-08-03,1107.495,11413.93
store_427,2015-08-04,954.715,9277.985
store_427,2015-08-05,889.675,8486.93
store_427,2015-08-06,903.345,8378.67
store_427,2015-08-07,904.64,7928.825
store_427,2015-08-08,572.135,4776.41
store_427,2015-08-09,0.0,0.0
store_427,2015-08-10,865.815,7173.62
store_427,2015-08-11,813.365,6387.385
store_427,2015-08-12,771.735,6175.67
store_427,2015-08-13,792.405,6496.23
store_427,2015-08-14,826.595,6511.125
store_427,2015-08-15,560.905,4740.895
store_427,2015-08-16,0.0,0.0
store_427,2015-08-17,1137.565,10490.245
store_427,2015-08-18,995.635,8896.145
store_427,2015-08-19,930.985,7933.39
store_427,2015-08-20,926.87,7769.19
store_427,2015-08-21,931.71,7522.145
store_427,2015-08-22,577.975,4693.81
store_427,2015-08-23,0.0,0.0
store_427,2015-08-24,905.85,6788.605
store_427,2015-08-25,836.515,6325.57
store_427,2015-08-26,808.14,6208.07
store_427,2015-08-27,811.67,6431.415
store_427,2015-08-28,851.905,6659.59
store_427,2015-08-29,582.56,4740.555
store_428,2015-07-20,778.375,6646.24
store_428,2015-07-21,819.03,6840.055
store_428,2015-07-22,760.14,6778.635
store_428,2015-07-23,790.045,6970.315
store_428,2015-07-24,833.12,7616.97
store_428,2015-07-25,543.28,5118.63
store_428,2015-07-26,0.0,0.0
store_428,2015-07-27,936.765,9766.66
store_428,2015-07-28,927.8,9643.78
store_428,2015-07-29,885.01,8937.175
store_428,2015-07-30,934.595,9087.375
store_428,2015-07-31,940.48,9303.43
store_428,2015-08-01,558.705,5221.92
store_428,2015-08-02,0.0,0.0
store_428,2015-08-03,1000.96,10048.82
store_428,2015-08-04,904.46,9098.525
store_428,2015-08-05,860.505,8443.795
store_428,2015-08-06,869.375,8290.955
store_428,2015-08-07,886.745,8698.045
store_428,2015-08-08,580.835,5432.565
store_428,2015-08-09,0.0,0.0
store_428,2015-08-10,783.71,6440.645
store_428,2015-08-11,746.55,6104.1
store_428,2015-08-12,734.82,6114.42
store_428,2015-08-13,789.705,6657.67
store_428,2015-08-14,817.795,7271.835
store_428,2015-08-15,567.25,5215.17
store_428,2015-08-16,0.0,0.0
store_428,2015-08-17,1027.015,9357.525
store_428,2015-08-18,921.475,8317.33
store_428,2015-08-19,858.535,7707.52
store_428,2015-08-20,870.365,7664.525
store_428,2015-08-21,882.405,8049.18
store_428,2015-08-22,582.09,5129.175
store_428,2015-08-23,0.0,0.0
store_428,2015-08-24,804.14,6146.745
store_428,2015-08-25,718.265,5655.51
store_428,2015-08-26,703.275,5580.765
store_428,2015-08-27,754.97,6106.55
store_428,2015-08-28,787.645,6713.84
store_428,2015-08-29,566.14,5037.665
store_429,2015-07-20,1038.72,7173.34
store_429,2015-07-21,933.145,6521.235
store_429,2015-07-22,1040.045,7320.3
store_429,2015-07-23,1019.78,7322.08
store_429,2015-07-24,967.4,7033.955
store_429,2015-07-25,1040.525,7615.025
store_429,2015-07-26,0.0,0.0
store_429,2015-07-27,1246.49,11330.42
store_429,2015-07-28,1196.52,10259.22
store_429,2015-07-29,1278.745,10485.78
store_429,2015-07-30,1232.59,9830.395
store_429,2015-07-31,1178.225,9118.095
store_429,2015-08-01,1036.805,7460.045
store_429,2015-08-02,0.0,0.0
store_429,2015-08-03,1411.295,12077.58
store_429,2015-08-04,1235.585,10143.395
store_429,2015-08-05,1181.48,9531.325
store_429,2015-08-06,1175.52,9392.25
store_429,2015-08-07,1147.815,8801.16
store_429,2015-08-08,1047.11,7763.83
store_429,2015-08-09,0.0,0.0
store_429,2015-08-10,1180.395,7899.305
store_429,2015-08-11,1090.53,7309.765
store_429,2015-08-12,1040.95,7207.26
store_429,2015-08-13,1027.51,7297.485
store_429,2015-08-14,1031.235,7150.44
store_429,2015-08-15,1035.93,7429.035
store_429,2015-08-16,0.0,0.0
store_429,2015-08-17,1337.325,11099.765
store_429,2015-08-18,1232.225,9787.895
store_429,2015-08-19,1185.935,8942.705
store_429,2015-08-20,1164.675,8647.23
store_429,2015-08-21,1133.22,8121.555
store_429,2015-08-22,1030.115,7299.975
store_429,2015-08-23,0.0,0.0
store_429,2015-08-24,1099.02,7416.815
store_429,2015-08-25,1013.41,6945.675
store_429,2015-08-26,996.28,6813.17
store_429,2015-08-27,1011.34,7063.825
store_429,2015-08-28,1050.52,7163.015
store_429,2015-08-29,1048.82,7342.685
store_43,2015-07-20,669.08,5638.26
store_43,2015-07-21,572.425,5064.04
store_43,2015-07-22,565.17,5033.135
store_43,2015-07-23,591.61,5382.96
store_43,2015-07-24,609.01,5388.515
store_43,2015-07-25,561.845,5129.27
store_43,2015-07-26,0.0,0.0
store_43,2015-07-27,829.675,9653.305
store_43,2015-07-28,712.435,8125.6
store_43,2015-07-29,695.135,7550.64
store_43,2015-07-30,703.445,7546.22
store_43,2015-07-31,690.445,7213.61
store_43,2015-08-01,607.16,5553.19
store_43,2015-08-02,0.0,0.0
store_43,2015-08-03,867.61,10057.395
store_43,2015-08-04,718.4,7795.88
store_43,2015-08-05,680.14,7188.155
store_43,2015-08-06,668.62,7024.58
store_43,2015-08-07,656.02,6570.285
store_43,2015-08-08,602.115,5525.315
store_43,2015-08-09,0.0,0.0
store_43,2015-08-10,641.65,5992.805
store_43,2015-08-11,584.13,5298.155
store_43,2015-08-12,592.44,5308.1
store_43,2015-08-13,606.575,5620.745
store_43,2015-08-14,633.66,5624.375
store_43,2015-08-15,605.845,5574.275
store_43,2015-08-16,0.0,0.0
store_43,2015-08-17,858.98,9872.715
store_43,2015-08-18,729.575,7854.57
store_43,2015-08-19,714.24,7299.565
store_43,2015-08-20,718.215,7199.115
store_43,2015-08-21,699.67,6962.145
store_43,2015-08-22,627.18,5527.305
store_43,2015-08-23,0.0,0.0
store_43,2015-08-24,681.985,6193.015
store_43,2015-08-25,599.305,5702.075
store_43,2015-08-26,589.005,5510.71
store_43,2015-08-27,618.08,5854.81
store_43,2015-08-28,648.75,6143.83
store_43,2015-08-29,612.74,5656.625
store_430,2015-07-20,327.06,4493.26
store_430,2015-07-21,303.305,4083.94
store_430,2015-07-22,315.48,4235.915
store_430,2015-07-23,307.58,4136.955
store_430,2015-07-24,364.175,4946.775
store_430,2015-07-25,381.19,5332.85
store_430,2015-07-26,0.0,0.0
store_430,2015-07-27,425.685,6643.345
store_430,2015-07-28,357.045,5611.515
store_430,2015-07-29,357.175,5366.745
store_430,2015-07-30,364.075,5373.515
store_430,2015-07-31,402.965,5912.2
store_430,2015-08-01,387.875,5381.405
store_430,2015-08-02,0.0,0.0
store_430,2015-08-03,444.05,6826.695
store_430,2015-08-04,382.075,5593.54
store_430,2015-08-05,366.02,5414.235
store_430,2015-08-06,367.395,5327.16
store_430,2015-08-07,392.595,5658.115
store_430,2015-08-08,399.26,5519.065
store_430,2015-08-09,0.0,0.0
store_430,2015-08-10,336.96,4539.295
store_430,2015-08-11,305.655,4170.075
store_430,2015-08-12,307.855,4164.25
store_430,2015-08-13,318.465,4340.035
store_430,2015-08-14,372.85,5274.645
store_430,2015-08-15,395.045,5499.16
store_430,2015-08-16,0.0,0.0
store_430,2015-08-17,433.2,6438.245
store_430,2015-08-18,376.62,5570.38
store_430,2015-08-19,366.94,5353.38
store_430,2015-08-20,375.52,5478.785
store_430,2015-08-21,405.48,5791.04
store_430,2015-08-22,412.995,5614.82
store_430,2015-08-23,0.0,0.0
store_430,2015-08-24,339.075,4643.415
store_430,2015-08-25,295.44,4134.545
store_430,2015-08-26,303.565,4181.755
store_430,2015-08-27,318.09,4440.66
store_430,2015-08-28,380.67,5364.775
store_430,2015-08-29,412.485,5660.185
store_431,2015-07-20,501.285,4652.525
store_431,2015-07-21,453.585,4127.985
store_431,2015-07-22,450.03,3974.38
store_431,2015-07-23,456.835,4012.095
store_431,2015-07-24,459.63,4035.12
store_431,2015-07-25,410.29,3689.225
store_431,2015-07-26,0.0,0.0
store_431,2015-07-27,752.91,9571.6
store_431,2015-07-28,634.525,7715.665
store_431,2015-07-29,612.36,6745.105
store_431,2015-07-30,608.8,6351.185
store_431,2015-07-31,584.73,6107.375
store_431,2015-08-01,415.845,3822.69
store_431,2015-08-02,0.0,0.0
store_431,2015-08-03,817.33,9346.89
store_431,2015-08-04,638.52,7207.095
store_431,2015-08-05,582.51,6551.635
store_431,2015-08-06,570.195,6036.89
store_431,2015-08-07,554.255,5651.52
store_431,2015-08-08,430.08,3916.695
store_431,2015-08-09,0.0,0.0
store_431,2015-08-10,569.425,5341.535
store_431,2015-08-11,525.25,5049.56
store_431,2015-08-12,528.495,4967.95
store_431,2015-08-13,536.36,5124.62
store_431,2015-08-14,533.795,4996.56
store_431,2015-08-15,428.04,3932.7
store_431,2015-08-16,0.0,0.0
store_431,2015-08-17,786.905,9242.8
store_431,2015-08-18,670.695,7827.895
store_431,2015-08-19,635.8,6974.935
store_431,2015-08-20,611.035,6556.105
store_431,2015-08-21,588.265,6242.855
store_431,2015-08-22,441.97,4051.995
store_431,2015-08-23,0.0,0.0
store_431,2015-08-24,553.63,5335.615
store_431,2015-08-25,484.78,5023.14
store_431,2015-08-26,505.295,5194.14
store_431,2015-08-27,529.955,5490.81
store_431,2015-08-28,551.005,5629.515
store_431,2015-08-29,436.22,4148.59
store_432,2015-07-20,807.17,6249.525
store_432,2015-07-21,742.855,5823.705
store_432,2015-07-22,750.56,5958.91
store_432,2015-07-23,746.18,6070.3
store_432,2015-07-24,769.29,6301.175
store_432,2015-07-25,595.35,5177.77
store_432,2015-07-26,0.0,0.0
store_432,2015-07-27,998.39,9560.245
store_432,2015-07-28,913.375,8679.025
store_432,2015-07-29,913.535,8197.15
store_432,2015-07-30,913.22,8113.75
store_432,2015-07-31,922.09,8131.755
store_432,2015-08-01,628.11,5390.87
store_432,2015-08-02,0.0,0.0
store_432,2015-08-03,1043.11,10379.37
store_432,2015-08-04,917.285,8553.29
store_432,2015-08-05,875.76,8029.235
store_432,2015-08-06,850.605,7683.155
store_432,2015-08-07,830.175,7450.28
store_432,2015-08-08,595.375,5299.63
store_432,2015-08-09,0.0,0.0
store_432,2015-08-10,809.84,6509.59
store_432,2015-08-11,766.865,5963.57
store_432,2015-08-12,738.775,5963.74
store_432,2015-08-13,744.485,6033.925
store_432,2015-08-14,762.23,6232.425
store_432,2015-08-15,599.965,5237.355
store_432,2015-08-16,0.0,0.0
store_432,2015-08-17,1072.375,10111.605
store_432,2015-08-18,960.235,8783.745
store_432,2015-08-19,914.085,8052.095
store_432,2015-08-20,892.63,7660.815
store_432,2015-08-21,891.865,7577.41
store_432,2015-08-22,594.525,5106.35
store_432,2015-08-23,0.0,0.0
store_432,2015-08-24,797.505,6213.95
store_432,2015-08-25,728.24,5761.435
store_432,2015-08-26,727.675,5889.465
store_432,2015-08-27,745.97,6079.325
store_432,2015-08-28,764.305,6374.32
store_432,2015-08-29,585.605,5161.695
store_433,2015-07-20,648.58,5828.255
store_433,2015-07-21,596.645,5369.14
store_433,2015-07-22,628.88,5783.65
store_433,2015-07-23,620.455,5657.425
store_433,2015-07-24,640.155,5864.805
store_433,2015-07-25,621.79,5887.4
store_433,2015-07-26,0.0,0.0
store_433,2015-07-27,865.66,10058.895
store_433,2015-07-28,742.145,8592.46
store_433,2015-07-29,749.395,8286.265
store_433,2015-07-30,749.63,8407.85
store_433,2015-07-31,751.125,8026.01
store_433,2015-08-01,651.92,6232.83
store_433,2015-08-02,0.0,0.0
store_433,2015-08-03,906.89,10639.11
store_433,2015-08-04,757.25,8300.73
store_433,2015-08-05,727.68,7928.995
store_433,2015-08-06,724.745,7599.545
store_433,2015-08-07,693.4,7147.88
store_433,2015-08-08,644.98,6229.965
store_433,2015-08-09,0.0,0.0
store_433,2015-08-10,711.925,6631.975
store_433,2015-08-11,650.87,5976.47
store_433,2015-08-12,624.935,5983.79
store_433,2015-08-13,643.28,6046.82
store_433,2015-08-14,655.835,6070.44
store_433,2015-08-15,641.515,5948.235
store_433,2015-08-16,0.0,0.0
store_433,2015-08-17,914.81,10423.935
store_433,2015-08-18,795.945,8499.965
store_433,2015-08-19,772.4,7960.18
store_433,2015-08-20,758.595,7636.18
store_433,2015-08-21,751.645,7445.665
store_433,2015-08-22,662.715,6078.67
store_433,2015-08-23,0.0,0.0
store_433,2015-08-24,706.57,6476.505
store_433,2015-08-25,626.51,5941.12
store_433,2015-08-26,619.675,5933.11
store_433,2015-08-27,633.83,6062.8
store_433,2015-08-28,654.085,6326.175
store_433,2015-08-29,640.655,6092.625
store_434,2015-07-20,691.845,6689.87
store_434,2015-07-21,622.18,5993.605
store_434,2015-07-22,613.955,5860.44
store_434,2015-07-23,652.69,6128.295
store_434,2015-07-24,718.885,6888.495
store_434,2015-07-25,736.585,7501.65
store_434,2015-07-26,0.0,0.0
store_434,2015-07-27,806.895,9217.925
store_434,2015-07-28,723.145,8016.3
store_434,2015-07-29,724.26,7610.715
store_434,2015-07-30,742.695,7657.54
store_434,2015-07-31,807.81,8662.05
store_434,2015-08-01,745.365,7635.425
store_434,2015-08-02,0.0,0.0
store_434,2015-08-03,881.61,10032.715
store_434,2015-08-04,754.855,8198.25
store_434,2015-08-05,710.005,7523.54
store_434,2015-08-06,707.7,7502.625
store_434,2015-08-07,746.075,8029.815
store_434,2015-08-08,755.945,7732.38
store_434,2015-08-09,0.0,0.0
store_434,2015-08-10,780.345,7080.47
store_434,2015-08-11,698.075,6258.445
store_434,2015-08-12,649.335,5922.74
store_434,2015-08-13,652.515,6132.095
store_434,2015-08-14,677.855,6662.705
store_434,2015-08-15,713.87,7188.53
store_434,2015-08-16,0.0,0.0
store_434,2015-08-17,875.545,9615.485
store_434,2015-08-18,789.78,8128.185
store_434,2015-08-19,749.21,7356.225
store_434,2015-08-20,750.09,7266.61
store_434,2015-08-21,777.765,7669.41
store_434,2015-08-22,730.23,7223.03
store_434,2015-08-23,0.0,0.0
store_434,2015-08-24,736.135,6691.33
store_434,2015-08-25,648.975,6017.36
store_434,2015-08-26,635.415,5716.345
store_434,2015-08-27,650.785,5894.17
store_434,2015-08-28,672.85,6292.505
store_434,2015-08-29,727.685,6931.04
store_435,2015-07-20,1048.125,6251.835
store_435,2015-07-21,1005.54,5949.645
store_435,2015-07-22,1011.68,6107.81
store_435,2015-07-23,1037.27,6306.38
store_435,2015-07-24,1058.28,6264.07
store_435,2015-07-25,1114.265,6458.83
store_435,2015-07-26,0.0,0.0
store_435,2015-07-27,1366.69,9571.93
store_435,2015-07-28,1267.84,8991.35
store_435,2015-07-29,1246.105,8849.985
store_435,2015-07-30,1295.085,8512.995
store_435,2015-07-31,1243.09,7917.0
store_435,2015-08-01,1103.47,6352.095
store_435,2015-08-02,0.0,0.0
store_435,2015-08-03,1481.33,9689.545
store_435,2015-08-04,1295.97,8607.025
store_435,2015-08-05,1210.37,8164.615
store_435,2015-08-06,1199.405,7895.735
store_435,2015-08-07,1182.535,7461.745
store_435,2015-08-08,1085.965,6682.17
store_435,2015-08-09,0.0,0.0
store_435,2015-08-10,1140.27,6646.5
store_435,2015-08-11,1071.61,6241.765
store_435,2015-08-12,1038.47,6184.125
store_435,2015-08-13,1056.64,6334.965
store_435,2015-08-14,1067.575,6241.5
store_435,2015-08-15,1110.72,6443.305
store_435,2015-08-16,0.0,0.0
store_435,2015-08-17,1410.605,9472.5
store_435,2015-08-18,1292.13,8591.93
store_435,2015-08-19,1239.355,7934.94
store_435,2015-08-20,1233.57,7787.99
store_435,2015-08-21,1145.78,7307.315
store_435,2015-08-22,1105.915,6546.87
store_435,2015-08-23,0.0,0.0
store_435,2015-08-24,1019.5,6203.47
store_435,2015-08-25,968.435,5916.92
store_435,2015-08-26,980.205,5959.43
store_435,2015-08-27,995.715,6326.735
store_435,2015-08-28,1048.195,6543.555
store_435,2015-08-29,1104.63,6621.445
store_436,2015-07-20,634.605,7387.12
store_436,2015-07-21,551.765,6548.065
store_436,2015-07-22,549.65,6601.01
store_436,2015-07-23,566.545,6749.23
store_436,2015-07-24,578.375,7106.68
store_436,2015-07-25,646.3,8066.96
store_436,2015-07-26,0.0,0.0
store_436,2015-07-27,800.145,12054.81
store_436,2015-07-28,693.095,9990.25
store_436,2015-07-29,679.36,9475.97
store_436,2015-07-30,689.015,9491.115
store_436,2015-07-31,688.385,9610.725
store_436,2015-08-01,659.845,8139.9
store_436,2015-08-02,0.0,0.0
store_436,2015-08-03,856.3,12311.305
store_436,2015-08-04,694.59,9694.35
store_436,2015-08-05,649.4,8824.485
store_436,2015-08-06,646.85,8526.945
store_436,2015-08-07,638.32,8613.575
store_436,2015-08-08,641.84,8151.47
store_436,2015-08-09,0.0,0.0
store_436,2015-08-10,616.675,8066.175
store_436,2015-08-11,564.495,7297.98
store_436,2015-08-12,561.075,7060.485
store_436,2015-08-13,588.2,7408.065
store_436,2015-08-14,600.785,7736.92
store_436,2015-08-15,645.865,8096.095
store_436,2015-08-16,0.0,0.0
store_436,2015-08-17,850.015,12475.36
store_436,2015-08-18,735.26,10369.37
store_436,2015-08-19,693.12,9509.87
store_436,2015-08-20,687.55,9377.07
store_436,2015-08-21,694.31,9381.425
store_436,2015-08-22,634.205,8023.395
store_436,2015-08-23,0.0,0.0
store_436,2015-08-24,621.92,8264.56
store_436,2015-08-25,583.045,7808.65
store_436,2015-08-26,574.715,7528.75
store_436,2015-08-27,593.185,7882.955
store_436,2015-08-28,620.6,8393.785
store_436,2015-08-29,616.805,8150.565
store_437,2015-07-20,572.395,5718.045
store_437,2015-07-21,541.94,5248.695
store_437,2015-07-22,549.27,5248.455
store_437,2015-07-23,597.79,5582.765
store_437,2015-07-24,633.495,5873.085
store_437,2015-07-25,508.05,5216.745
store_437,2015-07-26,0.0,0.0
store_437,2015-07-27,749.005,8504.5
store_437,2015-07-28,656.675,7491.915
store_437,2015-07-29,645.795,7045.7
store_437,2015-07-30,674.65,7194.595
store_437,2015-07-31,711.74,7492.405
store_437,2015-08-01,548.47,5271.83
store_437,2015-08-02,0.0,0.0
store_437,2015-08-03,770.995,8725.135
store_437,2015-08-04,651.295,7177.14
store_437,2015-08-05,618.975,6772.5
store_437,2015-08-06,644.475,6811.175
store_437,2015-08-07,671.545,7004.68
store_437,2015-08-08,557.71,5389.805
store_437,2015-08-09,0.0,0.0
store_437,2015-08-10,590.66,5578.25
store_437,2015-08-11,538.975,4975.065
store_437,2015-08-12,535.75,5010.795
store_437,2015-08-13,570.47,5397.35
store_437,2015-08-14,610.955,5751.03
store_437,2015-08-15,568.865,5399.055
store_437,2015-08-16,0.0,0.0
store_437,2015-08-17,771.72,8253.46
store_437,2015-08-18,663.715,6962.02
store_437,2015-08-19,634.515,6583.085
store_437,2015-08-20,661.33,6642.46
store_437,2015-08-21,695.575,6862.82
store_437,2015-08-22,574.86,5309.43
store_437,2015-08-23,0.0,0.0
store_437,2015-08-24,714.9,6119.84
store_437,2015-08-25,613.455,5424.965
store_437,2015-08-26,580.86,5219.73
store_437,2015-08-27,590.24,5352.115
store_437,2015-08-28,620.54,5793.805
store_437,2015-08-29,580.24,5428.25
store_438,2015-07-20,572.945,5246.165
store_438,2015-07-21,508.305,4726.465
store_438,2015-07-22,527.58,4835.75
store_438,2015-07-23,579.115,5436.85
store_438,2015-07-24,607.645,5889.555
store_438,2015-07-25,534.8,5262.53
store_438,2015-07-26,0.0,0.0
store_438,2015-07-27,732.4,8859.985
store_438,2015-07-28,622.905,7276.345
store_438,2015-07-29,628.79,6907.34
store_438,2015-07-30,675.26,7526.245
store_438,2015-07-31,728.385,8202.33
store_438,2015-08-01,571.26,5739.93
store_438,2015-08-02,0.0,0.0
store_438,2015-08-03,764.035,9060.5
store_438,2015-08-04,635.4,7141.96
store_438,2015-08-05,601.87,6770.595
store_438,2015-08-06,637.24,6969.54
store_438,2015-08-07,654.51,7250.955
store_438,2015-08-08,562.905,5688.61
store_438,2015-08-09,0.0,0.0
store_438,2015-08-10,583.29,5740.285
store_438,2015-08-11,537.64,5336.535
store_438,2015-08-12,548.115,5322.705
store_438,2015-08-13,574.635,5815.415
store_438,2015-08-14,621.725,6547.07
store_438,2015-08-15,568.27,5816.275
store_438,2015-08-16,0.0,0.0
store_438,2015-08-17,751.2,9350.23
store_438,2015-08-18,632.38,7535.18
store_438,2015-08-19,621.585,6959.05
store_438,2015-08-20,648.065,7157.555
store_438,2015-08-21,661.56,7592.2
store_438,2015-08-22,584.345,5883.675
store_438,2015-08-23,0.0,0.0
store_438,2015-08-24,596.86,6252.46
store_438,2015-08-25,515.615,5587.04
store_438,2015-08-26,536.415,5593.81
store_438,2015-08-27,574.49,6086.095
store_438,2015-08-28,601.58,6858.89
store_438,2015-08-29,570.07,6034.51
store_439,2015-07-20,455.955,4077.045
store_439,2015-07-21,403.33,3765.215
store_439,2015-07-22,419.04,3935.26
store_439,2015-07-23,434.94,4039.99
store_439,2015-07-24,461.27,4433.965
store_439,2015-07-25,295.47,2847.045
store_439,2015-07-26,0.0,0.0
store_439,2015-07-27,580.36,6499.135
store_439,2015-07-28,522.745,5890.17
store_439,2015-07-29,522.31,5735.43
store_439,2015-07-30,513.215,5599.04
store_439,2015-07-31,513.755,5518.295
store_439,2015-08-01,289.64,2909.69
store_439,2015-08-02,0.0,0.0
store_439,2015-08-03,613.17,6722.83
store_439,2015-08-04,517.035,5675.705
store_439,2015-08-05,491.49,5362.36
store_439,2015-08-06,490.0,5189.51
store_439,2015-08-07,506.225,5251.075
store_439,2015-08-08,292.11,2865.745
store_439,2015-08-09,0.0,0.0
store_439,2015-08-10,456.06,4128.58
store_439,2015-08-11,437.6,4003.965
store_439,2015-08-12,423.945,4035.355
store_439,2015-08-13,445.295,4189.095
store_439,2015-08-14,456.355,4392.9
store_439,2015-08-15,280.835,2780.165
store_439,2015-08-16,0.0,0.0
store_439,2015-08-17,595.78,6519.235
store_439,2015-08-18,517.945,5638.94
store_439,2015-08-19,496.19,5206.055
store_439,2015-08-20,504.37,5294.375
store_439,2015-08-21,518.085,5433.205
store_439,2015-08-22,290.76,2771.295
store_439,2015-08-23,0.0,0.0
store_439,2015-08-24,448.815,4030.54
store_439,2015-08-25,415.34,3870.475
store_439,2015-08-26,412.51,3982.225
store_439,2015-08-27,433.25,4365.88
store_439,2015-08-28,461.54,4724.245
store_439,2015-08-29,286.455,2778.225
store_44,2015-07-20,691.51,7562.455
store_44,2015-07-21,611.885,6838.92
store_44,2015-07-22,588.5,6631.865
store_44,2015-07-23,615.895,6702.855
store_44,2015-07-24,640.915,6865.04
store_44,2015-07-25,504.51,5761.715
store_44,2015-07-26,0.0,0.0
store_44,2015-07-27,887.045,12027.13
store_44,2015-07-28,777.33,10317.175
store_44,2015-07-29,735.655,9355.355
store_44,2015-07-30,723.34,8604.66
store_44,2015-07-31,733.725,8536.83
store_44,2015-08-01,517.26,5936.52
store_44,2015-08-02,0.0,0.0
store_44,2015-08-03,933.875,12527.38
store_44,2015-08-04,810.505,10022.3
store_44,2015-08-05,718.535,8944.375
store_44,2015-08-06,712.99,8486.31
store_44,2015-08-07,701.94,8119.555
store_44,2015-08-08,518.87,5900.91
store_44,2015-08-09,0.0,0.0
store_44,2015-08-10,700.41,7375.925
store_44,2015-08-11,651.575,6799.2
store_44,2015-08-12,610.985,6559.085
store_44,2015-08-13,606.765,6450.6
store_44,2015-08-14,626.075,6464.995
store_44,2015-08-15,516.055,5692.09
store_44,2015-08-16,0.0,0.0
store_44,2015-08-17,949.96,11727.35
store_44,2015-08-18,830.545,10043.24
store_44,2015-08-19,781.99,8894.275
store_44,2015-08-20,757.43,8420.885
store_44,2015-08-21,761.51,8046.43
store_44,2015-08-22,529.08,5547.335
store_44,2015-08-23,0.0,0.0
store_44,2015-08-24,708.085,7043.53
store_44,2015-08-25,620.41,6414.93
store_44,2015-08-26,611.885,6269.38
store_44,2015-08-27,634.37,6401.54
store_44,2015-08-28,655.115,6496.17
store_44,2015-08-29,508.975,5482.105
store_440,2015-07-20,412.98,4494.3
store_440,2015-07-21,370.95,3938.195
store_440,2015-07-22,384.625,4056.74
store_440,2015-07-23,420.525,4342.57
store_440,2015-07-24,452.685,4881.61
store_440,2015-07-25,465.285,5322.945
store_440,2015-07-26,0.0,0.0
store_440,2015-07-27,536.505,7166.9
store_440,2015-07-28,457.055,6091.085
store_440,2015-07-29,452.615,5670.32
store_440,2015-07-30,482.58,5656.04
store_440,2015-07-31,508.78,6067.205
store_440,2015-08-01,478.305,5540.715
store_440,2015-08-02,0.0,0.0
store_440,2015-08-03,577.13,7536.68
store_440,2015-08-04,477.77,6001.805
store_440,2015-08-05,450.99,5583.5
store_440,2015-08-06,470.56,5631.285
store_440,2015-08-07,492.755,5926.835
store_440,2015-08-08,461.405,5351.43
store_440,2015-08-09,0.0,0.0
store_440,2015-08-10,468.24,4956.245
store_440,2015-08-11,416.95,4521.835
store_440,2015-08-12,436.705,4518.055
store_440,2015-08-13,471.5,4915.52
store_440,2015-08-14,498.415,5365.07
store_440,2015-08-15,469.025,5555.41
store_440,2015-08-16,0.0,0.0
store_440,2015-08-17,584.5,7441.515
store_440,2015-08-18,507.815,6240.27
store_440,2015-08-19,501.89,5839.88
store_440,2015-08-20,527.51,6005.175
store_440,2015-08-21,539.205,6238.435
store_440,2015-08-22,483.27,5493.55
store_440,2015-08-23,0.0,0.0
store_440,2015-08-24,457.22,5206.735
store_440,2015-08-25,410.085,4704.695
store_440,2015-08-26,422.07,4768.325
store_440,2015-08-27,456.82,5145.91
store_440,2015-08-28,491.83,5561.5
store_440,2015-08-29,462.755,5390.02
store_441,2015-07-20,917.08,8733.11
store_441,2015-07-21,899.615,8267.18
store_441,2015-07-22,870.27,8078.72
store_441,2015-07-23,876.705,7873.1
store_441,2015-07-24,937.1,8537.48
store_441,2015-07-25,834.975,7952.34
store_441,2015-07-26,0.0,0.0
store_441,2015-07-27,1188.56,14021.62
store_441,2015-07-28,1132.825,12277.665
store_441,2015-07-29,1065.085,11268.82
store_441,2015-07-30,1065.63,10595.415
store_441,2015-07-31,1072.695,10424.35
store_441,2015-08-01,865.27,7952.98
store_441,2015-08-02,0.0,0.0
store_441,2015-08-03,1240.62,13412.85
store_441,2015-08-04,1062.22,11221.725
store_441,2015-08-05,991.185,10099.03
store_441,2015-08-06,1011.65,9877.95
store_441,2015-08-07,1001.55,9722.61
store_441,2015-08-08,856.735,7902.69
store_441,2015-08-09,0.0,0.0
store_441,2015-08-10,1037.725,8998.23
store_441,2015-08-11,954.315,8360.7
store_441,2015-08-12,886.86,7823.825
store_441,2015-08-13,914.76,7886.015
store_441,2015-08-14,938.985,8224.565
store_441,2015-08-15,847.925,7692.11
store_441,2015-08-16,0.0,0.0
store_441,2015-08-17,1244.225,12777.675
store_441,2015-08-18,1078.55,10718.96
store_441,2015-08-19,1018.03,9507.105
store_441,2015-08-20,1043.645,9383.685
store_441,2015-08-21,1032.275,9435.085
store_441,2015-08-22,877.45,7723.7
store_441,2015-08-23,0.0,0.0
store_441,2015-08-24,974.515,8153.195
store_441,2015-08-25,905.28,7672.805
store_441,2015-08-26,884.185,7375.535
store_441,2015-08-27,929.03,7710.325
store_441,2015-08-28,942.885,7915.67
store_441,2015-08-29,872.81,7566.915
store_442,2015-07-20,841.035,7386.97
store_442,2015-07-21,772.315,6950.685
store_442,2015-07-22,793.655,7392.505
store_442,2015-07-23,826.515,7714.43
store_442,2015-07-24,830.84,7635.315
store_442,2015-07-25,723.325,6437.24
store_442,2015-07-26,0.0,0.0
store_442,2015-07-27,1055.515,12533.175
store_442,2015-07-28,935.26,10397.205
store_442,2015-07-29,924.87,9878.8
store_442,2015-07-30,924.36,9520.335
store_442,2015-07-31,920.82,9214.21
store_442,2015-08-01,737.745,6542.8
store_442,2015-08-02,0.0,0.0
store_442,2015-08-03,1119.28,12081.07
store_442,2015-08-04,964.745,10020.26
store_442,2015-08-05,913.335,9425.37
store_442,2015-08-06,918.74,9470.885
store_442,2015-08-07,915.08,9094.39
store_442,2015-08-08,740.76,6670.385
store_442,2015-08-09,0.0,0.0
store_442,2015-08-10,873.35,7856.755
store_442,2015-08-11,818.035,7110.11
store_442,2015-08-12,798.185,7016.74
store_442,2015-08-13,845.26,7565.665
store_442,2015-08-14,879.55,7869.885
store_442,2015-08-15,758.005,6687.08
store_442,2015-08-16,0.0,0.0
store_442,2015-08-17,1122.68,11604.365
store_442,2015-08-18,991.865,9813.575
store_442,2015-08-19,967.545,9083.87
store_442,2015-08-20,967.89,9123.84
store_442,2015-08-21,969.9,8978.045
store_442,2015-08-22,778.635,6626.475
store_442,2015-08-23,0.0,0.0
store_442,2015-08-24,888.52,7491.825
store_442,2015-08-25,790.6,6856.29
store_442,2015-08-26,792.78,6746.925
store_442,2015-08-27,832.545,7277.74
store_442,2015-08-28,862.12,7594.705
store_442,2015-08-29,767.13,6679.58
store_443,2015-07-20,1161.79,10531.765
store_443,2015-07-21,1028.795,9104.89
store_443,2015-07-22,913.965,8572.815
store_443,2015-07-23,989.965,9004.335
store_443,2015-07-24,922.9,8526.61
store_443,2015-07-25,832.305,7757.95
store_443,2015-07-26,592.03,5086.34
store_443,2015-07-27,1368.555,12980.325
store_443,2015-07-28,1182.18,12122.37
store_443,2015-07-29,1040.98,11531.7
store_443,2015-07-30,1077.42,11508.05
store_443,2015-07-31,1023.275,11346.57
store_443,2015-08-01,875.22,8482.07
store_443,2015-08-02,618.38,5366.035
store_443,2015-08-03,1360.52,13030.41
store_443,2015-08-04,1209.81,11820.175
store_443,2015-08-05,1104.8,11398.0
store_443,2015-08-06,1068.335,11180.525
store_443,2015-08-07,986.17,10613.52
store_443,2015-08-08,851.895,8659.195
store_443,2015-08-09,662.42,5907.59
store_443,2015-08-10,1247.905,10819.515
store_443,2015-08-11,1145.255,9998.755
store_443,2015-08-12,1064.86,9506.565
store_443,2015-08-13,994.1,9375.995
store_443,2015-08-14,929.585,9030.235
store_443,2015-08-15,807.83,8592.32
store_443,2015-08-16,681.27,6384.69
store_443,2015-08-17,1381.92,13114.295
store_443,2015-08-18,1221.665,12067.99
store_443,2015-08-19,1141.69,11626.715
store_443,2015-08-20,1112.255,11391.085
store_443,2015-08-21,1059.08,11031.68
store_443,2015-08-22,865.88,8754.18
store_443,2015-08-23,660.45,6058.54
store_443,2015-08-24,1263.63,10875.55
store_443,2015-08-25,1145.815,10371.6
store_443,2015-08-26,1090.965,10041.175
store_443,2015-08-27,1028.12,10057.415
store_443,2015-08-28,992.41,9995.69
store_443,2015-08-29,823.235,8953.76
store_444,2015-07-20,3281.815,14270.905
store_444,2015-07-21,3214.24,13407.795
store_444,2015-07-22,3227.365,13138.82
store_444,2015-07-23,3287.13,13312.41
store_444,2015-07-24,3600.01,14353.87
store_444,2015-07-25,3341.46,13756.945
store_444,2015-07-26,3177.955,15627.1
store_444,2015-07-27,3321.15,15715.05
store_444,2015-07-28,3267.39,15202.775
store_444,2015-07-29,3307.73,15201.805
store_444,2015-07-30,3357.165,15063.45
store_444,2015-07-31,3750.445,16094.485
store_444,2015-08-01,3454.67,14263.49
store_444,2015-08-02,3269.915,15604.6
store_444,2015-08-03,3391.225,15391.805
store_444,2015-08-04,3419.68,14964.285
store_444,2015-08-05,3502.61,15145.065
store_444,2015-08-06,3584.415,15077.2
store_444,2015-08-07,3903.685,15781.975
store_444,2015-08-08,3349.86,14323.27
store_444,2015-08-09,3206.595,15941.04
store_444,2015-08-10,3261.335,14511.475
store_444,2015-08-11,3201.915,13486.81
store_444,2015-08-12,3190.22,13481.59
store_444,2015-08-13,3310.13,13577.98
store_444,2015-08-14,3627.115,14610.83
store_444,2015-08-15,3399.755,13783.51
store_444,2015-08-16,3245.895,15643.345
store_444,2015-08-17,3423.675,15477.415
store_444,2015-08-18,3428.32,15284.62
store_444,2015-08-19,3440.85,15043.215
store_444,2015-08-20,3520.54,15304.185
store_444,2015-08-21,3793.92,16027.985
store_444,2015-08-22,3395.735,14057.07
store_444,2015-08-23,3219.72,15746.34
store_444,2015-08-24,3343.76,14534.965
store_444,2015-08-25,3233.4,13759.255
store_444,2015-08-26,3247.505,13677.905
store_444,2015-08-27,3251.05,13594.45
store_444,2015-08-28,3697.265,15153.77
store_444,2015-08-29,3398.735,13991.51
store_445,2015-07-20,430.385,3727.47
store_445,2015-07-21,411.86,3926.285
store_445,2015-07-22,414.76,3787.085
store_445,2015-07-23,433.265,4022.635
store_445,2015-07-24,447.225,4214.04
store_445,2015-07-25,269.48,2755.435
store_445,2015-07-26,0.0,0.0
store_445,2015-07-27,604.79,6878.365
store_445,2015-07-28,558.125,6147.99
store_445,2015-07-29,536.78,5458.93
store_445,2015-07-30,537.735,5345.89
store_445,2015-07-31,536.765,5323.975
store_445,2015-08-01,283.515,2803.055
store_445,2015-08-02,0.0,0.0
store_445,2015-08-03,655.22,6808.76
store_445,2015-08-04,536.51,5652.94
store_445,2015-08-05,505.22,4915.54
store_445,2015-08-06,508.78,4872.105
store_445,2015-08-07,507.555,4845.82
store_445,2015-08-08,280.905,2709.095
store_445,2015-08-09,0.0,0.0
store_445,2015-08-10,501.085,4088.205
store_445,2015-08-11,462.455,3794.075
store_445,2015-08-12,438.335,3597.755
store_445,2015-08-13,455.435,3820.435
store_445,2015-08-14,462.515,3830.44
store_445,2015-08-15,272.465,2575.2
store_445,2015-08-16,0.0,0.0
store_445,2015-08-17,648.785,6065.915
store_445,2015-08-18,553.88,5153.46
store_445,2015-08-19,513.025,4478.935
store_445,2015-08-20,524.92,4462.29
store_445,2015-08-21,533.015,4408.765
store_445,2015-08-22,286.035,2454.085
store_445,2015-08-23,0.0,0.0
store_445,2015-08-24,499.63,3718.37
store_445,2015-08-25,444.445,3372.285
store_445,2015-08-26,434.735,3280.21
store_445,2015-08-27,447.835,3501.345
store_445,2015-08-28,483.21,3616.55
store_445,2015-08-29,274.94,2420.945
store_446,2015-07-20,758.395,5013.14
store_446,2015-07-21,723.815,4769.185
store_446,2015-07-22,695.67,4718.835
store_446,2015-07-23,746.7,5149.995
store_446,2015-07-24,730.685,4982.55
store_446,2015-07-25,602.98,4125.815
store_446,2015-07-26,0.0,0.0
store_446,2015-07-27,979.99,8370.43
store_446,2015-07-28,927.555,7747.53
store_446,2015-07-29,946.115,7380.385
store_446,2015-07-30,1009.51,7433.175
store_446,2015-07-31,917.01,6671.08
store_446,2015-08-01,644.91,4211.28
store_446,2015-08-02,0.0,0.0
store_446,2015-08-03,1098.44,9250.15
store_446,2015-08-04,929.98,7703.06
store_446,2015-08-05,845.84,6833.18
store_446,2015-08-06,870.315,6653.0
store_446,2015-08-07,826.055,6097.78
store_446,2015-08-08,635.615,4280.005
store_446,2015-08-09,0.0,0.0
store_446,2015-08-10,820.4,5497.6
store_446,2015-08-11,771.485,5147.385
store_446,2015-08-12,743.75,5025.49
store_446,2015-08-13,768.48,5247.16
store_446,2015-08-14,770.755,5154.38
store_446,2015-08-15,652.545,4338.015
store_446,2015-08-16,0.0,0.0
store_446,2015-08-17,1102.785,8708.39
store_446,2015-08-18,963.555,7344.025
store_446,2015-08-19,877.15,6596.05
store_446,2015-08-20,877.7,6447.23
store_446,2015-08-21,839.22,6097.78
store_446,2015-08-22,667.885,4340.015
store_446,2015-08-23,0.0,0.0
store_446,2015-08-24,838.83,5495.955
store_446,2015-08-25,737.005,4989.8
store_446,2015-08-26,720.88,4887.38
store_446,2015-08-27,761.9,5227.8
store_446,2015-08-28,737.71,5181.935
store_446,2015-08-29,666.465,4477.495
store_447,2015-07-20,630.97,7351.05
store_447,2015-07-21,574.805,6654.37
store_447,2015-07-22,576.685,6471.475
store_447,2015-07-23,610.71,7077.43
store_447,2015-07-24,622.505,7172.805
store_447,2015-07-25,652.37,7529.715
store_447,2015-07-26,0.0,0.0
store_447,2015-07-27,831.685,11124.63
store_447,2015-07-28,711.845,9609.745
store_447,2015-07-29,711.27,9049.4
store_447,2015-07-30,742.38,9402.095
store_447,2015-07-31,728.45,9385.455
store_447,2015-08-01,666.955,7718.605
store_447,2015-08-02,0.0,0.0
store_447,2015-08-03,873.55,11478.705
store_447,2015-08-04,713.89,9275.58
store_447,2015-08-05,676.615,8513.405
store_447,2015-08-06,684.71,8669.22
store_447,2015-08-07,682.52,8465.75
store_447,2015-08-08,650.7,7718.415
store_447,2015-08-09,0.0,0.0
store_447,2015-08-10,672.535,7180.225
store_447,2015-08-11,599.805,6590.78
store_447,2015-08-12,598.225,6471.145
store_447,2015-08-13,619.54,6996.85
store_447,2015-08-14,649.685,7295.315
store_447,2015-08-15,666.9,7463.0
store_447,2015-08-16,0.0,0.0
store_447,2015-08-17,849.88,11271.995
store_447,2015-08-18,750.905,9426.695
store_447,2015-08-19,717.09,8752.005
store_447,2015-08-20,740.52,8815.34
store_447,2015-08-21,753.525,8980.07
store_447,2015-08-22,684.4,7689.265
store_447,2015-08-23,0.0,0.0
store_447,2015-08-24,668.5,6945.36
store_447,2015-08-25,592.24,6460.25
store_447,2015-08-26,588.175,6325.715
store_447,2015-08-27,643.305,7046.075
store_447,2015-08-28,670.87,7650.475
store_447,2015-08-29,664.805,7554.315
store_448,2015-07-20,525.985,6676.33
store_448,2015-07-21,476.505,6165.93
store_448,2015-07-22,494.695,6425.765
store_448,2015-07-23,486.465,6222.375
store_448,2015-07-24,496.495,6714.58
store_448,2015-07-25,556.825,7669.7
store_448,2015-07-26,0.0,0.0
store_448,2015-07-27,694.655,10847.785
store_448,2015-07-28,602.22,9161.575
store_448,2015-07-29,589.8,8793.795
store_448,2015-07-30,568.14,8369.295
store_448,2015-07-31,592.01,8425.365
store_448,2015-08-01,562.64,7672.715
store_448,2015-08-02,0.0,0.0
store_448,2015-08-03,733.65,10998.03
store_448,2015-08-04,605.095,9052.275
store_448,2015-08-05,571.84,8478.215
store_448,2015-08-06,554.795,7978.23
store_448,2015-08-07,558.325,7855.94
store_448,2015-08-08,565.5,7689.59
store_448,2015-08-09,0.0,0.0
store_448,2015-08-10,547.865,7191.425
store_448,2015-08-11,494.335,6493.085
store_448,2015-08-12,495.55,6596.63
store_448,2015-08-13,513.81,6710.615
store_448,2015-08-14,532.23,7088.18
store_448,2015-08-15,570.41,7660.5
store_448,2015-08-16,0.0,0.0
store_448,2015-08-17,729.52,10822.215
store_448,2015-08-18,613.07,9025.395
store_448,2015-08-19,584.605,8309.52
store_448,2015-08-20,611.845,8509.68
store_448,2015-08-21,596.765,8427.725
store_448,2015-08-22,568.695,7600.48
store_448,2015-08-23,0.0,0.0
store_448,2015-08-24,510.72,6730.44
store_448,2015-08-25,460.575,6255.84
store_448,2015-08-26,473.175,6260.87
store_448,2015-08-27,505.405,6786.015
store_448,2015-08-28,522.08,7247.545
store_448,2015-08-29,561.945,7576.67
store_449,2015-07-20,839.74,6738.205
store_449,2015-07-21,848.375,6900.88
store_449,2015-07-22,826.29,6621.415
store_449,2015-07-23,889.43,6982.84
store_449,2015-07-24,914.54,7274.975
store_449,2015-07-25,900.74,7351.245
store_449,2015-07-26,0.0,0.0
store_449,2015-07-27,1057.145,11004.75
store_449,2015-07-28,1009.565,10552.465
store_449,2015-07-29,982.795,10250.505
store_449,2015-07-30,1032.58,10136.59
store_449,2015-07-31,1059.275,9849.005
store_449,2015-08-01,935.99,7808.125
store_449,2015-08-02,0.0,0.0
store_449,2015-08-03,1114.48,11197.525
store_449,2015-08-04,985.35,9988.19
store_449,2015-08-05,928.73,9131.87
store_449,2015-08-06,944.415,9148.14
store_449,2015-08-07,964.665,9213.31
store_449,2015-08-08,923.765,7998.635
store_449,2015-08-09,0.0,0.0
store_449,2015-08-10,899.745,7435.9
store_449,2015-08-11,824.295,7143.485
store_449,2015-08-12,785.265,7067.115
store_449,2015-08-13,808.13,7380.065
store_449,2015-08-14,844.275,7708.94
store_449,2015-08-15,904.905,7856.52
store_449,2015-08-16,0.0,0.0
store_449,2015-08-17,1126.975,11345.875
store_449,2015-08-18,1001.67,10046.235
store_449,2015-08-19,940.18,9144.72
store_449,2015-08-20,916.305,8875.67
store_449,2015-08-21,931.88,9127.3
store_449,2015-08-22,884.24,7863.645
store_449,2015-08-23,0.0,0.0
store_449,2015-08-24,875.21,7494.29
store_449,2015-08-25,794.515,7119.085
store_449,2015-08-26,784.115,7011.28
store_449,2015-08-27,820.09,7458.64
store_449,2015-08-28,851.6,8081.005
store_449,2015-08-29,886.66,8010.26
store_45,2015-07-20,507.785,4302.685
store_45,2015-07-21,478.475,4256.84
store_45,2015-07-22,474.775,4161.86
store_45,2015-07-23,476.14,4203.54
store_45,2015-07-24,446.025,4003.99
store_45,2015-07-25,276.79,2485.13
store_45,2015-07-26,0.0,0.0
store_45,2015-07-27,615.78,6636.18
store_45,2015-07-28,575.445,6310.835
store_45,2015-07-29,531.585,5617.43
store_45,2015-07-30,532.835,5312.635
store_45,2015-07-31,510.975,4935.825
store_45,2015-08-01,267.6,2505.3
store_45,2015-08-02,0.0,0.0
store_45,2015-08-03,666.65,6912.24
store_45,2015-08-04,562.725,6068.38
store_45,2015-08-05,520.845,5308.25
store_45,2015-08-06,521.155,5063.1
store_45,2015-08-07,508.015,4931.855
store_45,2015-08-08,284.165,2583.06
store_45,2015-08-09,0.0,0.0
store_45,2015-08-10,497.64,4437.91
store_45,2015-08-11,463.395,4263.4
store_45,2015-08-12,450.33,4129.51
store_45,2015-08-13,464.775,4153.6
store_45,2015-08-14,472.65,4229.675
store_45,2015-08-15,266.635,2485.005
store_45,2015-08-16,0.0,0.0
store_45,2015-08-17,647.89,6570.13
store_45,2015-08-18,567.855,5833.415
store_45,2015-08-19,529.47,5282.145
store_45,2015-08-20,526.895,5091.93
store_45,2015-08-21,529.34,5013.985
store_45,2015-08-22,276.27,2471.945
store_45,2015-08-23,0.0,0.0
store_45,2015-08-24,513.835,4387.69
store_45,2015-08-25,468.035,4112.07
store_45,2015-08-26,443.84,4042.32
store_45,2015-08-27,454.36,4123.955
store_45,2015-08-28,475.015,4233.095
store_45,2015-08-29,261.925,2461.12
store_450,2015-07-20,814.195,7017.925
store_450,2015-07-21,733.76,6484.745
store_450,2015-07-22,682.525,6369.795
store_450,2015-07-23,720.155,6407.135
store_450,2015-07-24,734.25,6568.52
store_450,2015-07-25,779.875,6960.94
store_450,2015-07-26,0.0,0.0
store_450,2015-07-27,1004.265,11710.05
store_450,2015-07-28,875.855,9960.58
store_450,2015-07-29,859.15,9205.355
store_450,2015-07-30,882.19,9164.38
store_450,2015-07-31,868.155,8844.655
store_450,2015-08-01,797.91,7361.36
store_450,2015-08-02,0.0,0.0
store_450,2015-08-03,1034.295,11907.995
store_450,2015-08-04,896.605,9484.07
store_450,2015-08-05,839.05,8729.69
store_450,2015-08-06,825.595,8303.9
store_450,2015-08-07,817.015,7980.495
store_450,2015-08-08,791.925,7354.955
store_450,2015-08-09,0.0,0.0
store_450,2015-08-10,811.375,7553.055
store_450,2015-08-11,722.295,6697.73
store_450,2015-08-12,719.705,6543.765
store_450,2015-08-13,738.085,6598.595
store_450,2015-08-14,779.235,6816.91
store_450,2015-08-15,798.96,7129.54
store_450,2015-08-16,0.0,0.0
store_450,2015-08-17,1062.65,11354.13
store_450,2015-08-18,909.7,9466.86
store_450,2015-08-19,867.235,8712.715
store_450,2015-08-20,860.915,8401.055
store_450,2015-08-21,857.145,8311.795
store_450,2015-08-22,807.395,7152.395
store_450,2015-08-23,0.0,0.0
store_450,2015-08-24,772.47,6897.33
store_450,2015-08-25,679.705,6194.61
store_450,2015-08-26,708.59,6317.29
store_450,2015-08-27,719.355,6504.765
store_450,2015-08-28,761.085,6893.525
store_450,2015-08-29,792.63,7123.86
store_451,2015-07-20,535.42,5903.82
store_451,2015-07-21,479.875,5362.355
store_451,2015-07-22,494.23,5509.93
store_451,2015-07-23,504.82,5772.965
store_451,2015-07-24,535.505,6167.45
store_451,2015-07-25,547.365,6640.45
store_451,2015-07-26,0.0,0.0
store_451,2015-07-27,716.695,10445.925
store_451,2015-07-28,595.65,8361.205
store_451,2015-07-29,584.165,8140.35
store_451,2015-07-30,601.695,7945.69
store_451,2015-07-31,610.37,7977.275
store_451,2015-08-01,560.355,6790.42
store_451,2015-08-02,0.0,0.0
store_451,2015-08-03,748.86,10340.75
store_451,2015-08-04,602.33,8301.865
store_451,2015-08-05,572.065,7699.135
store_451,2015-08-06,558.165,7538.82
store_451,2015-08-07,566.21,7589.235
store_451,2015-08-08,573.55,7035.125
store_451,2015-08-09,0.0,0.0
store_451,2015-08-10,561.395,6729.33
store_451,2015-08-11,497.465,6062.815
store_451,2015-08-12,495.265,6032.0
store_451,2015-08-13,508.01,6394.085
store_451,2015-08-14,527.68,6669.485
store_451,2015-08-15,571.785,6946.08
store_451,2015-08-16,0.0,0.0
store_451,2015-08-17,762.005,10718.115
store_451,2015-08-18,641.43,9046.395
store_451,2015-08-19,607.665,8173.97
store_451,2015-08-20,592.525,7962.43
store_451,2015-08-21,614.025,8139.09
store_451,2015-08-22,573.625,7120.87
store_451,2015-08-23,0.0,0.0
store_451,2015-08-24,534.38,6944.11
store_451,2015-08-25,487.675,6267.88
store_451,2015-08-26,495.32,6408.21
store_451,2015-08-27,497.42,6580.22
store_451,2015-08-28,521.345,7059.79
store_451,2015-08-29,559.975,7172.225
store_452,2015-07-20,412.995,4511.94
store_452,2015-07-21,373.69,4013.755
store_452,2015-07-22,382.455,3969.04
store_452,2015-07-23,413.22,4242.475
store_452,2015-07-24,421.37,4577.05
store_452,2015-07-25,431.85,4687.635
store_452,2015-07-26,0.0,0.0
store_452,2015-07-27,611.095,8438.39
store_452,2015-07-28,501.545,6683.755
store_452,2015-07-29,497.805,6094.405
store_452,2015-07-30,495.42,5775.665
store_452,2015-07-31,500.18,5762.655
store_452,2015-08-01,446.455,4817.925
store_452,2015-08-02,0.0,0.0
store_452,2015-08-03,626.895,8371.35
store_452,2015-08-04,498.365,6204.71
store_452,2015-08-05,468.625,5594.015
store_452,2015-08-06,480.71,5668.845
store_452,2015-08-07,473.19,5569.335
store_452,2015-08-08,451.55,4902.37
store_452,2015-08-09,0.0,0.0
store_452,2015-08-10,457.535,4753.76
store_452,2015-08-11,392.53,4132.905
store_452,2015-08-12,400.005,4132.305
store_452,2015-08-13,422.57,4450.54
store_452,2015-08-14,429.445,4532.915
store_452,2015-08-15,440.745,4626.505
store_452,2015-08-16,0.0,0.0
store_452,2015-08-17,625.5,8133.16
store_452,2015-08-18,521.42,6432.67
store_452,2015-08-19,504.995,5806.9
store_452,2015-08-20,501.705,5764.455
store_452,2015-08-21,499.525,5700.735
store_452,2015-08-22,446.405,4668.76
store_452,2015-08-23,0.0,0.0
store_452,2015-08-24,440.68,4544.195
store_452,2015-08-25,392.215,4059.885
store_452,2015-08-26,400.005,4074.47
store_452,2015-08-27,424.085,4439.17
store_452,2015-08-28,442.99,4705.22
store_452,2015-08-29,435.54,4581.185
store_453,2015-07-20,583.045,4278.415
store_453,2015-07-21,535.57,3874.11
store_453,2015-07-22,540.775,3889.645
store_453,2015-07-23,557.125,3957.045
store_453,2015-07-24,591.81,4303.915
store_453,2015-07-25,294.735,2273.405
store_453,2015-07-26,0.0,0.0
store_453,2015-07-27,703.04,6639.23
store_453,2015-07-28,632.565,5781.485
store_453,2015-07-29,621.04,5487.59
store_453,2015-07-30,652.895,5088.495
store_453,2015-07-31,666.425,5339.2
store_453,2015-08-01,297.065,2360.605
store_453,2015-08-02,0.0,0.0
store_453,2015-08-03,747.5,6714.465
store_453,2015-08-04,630.835,5715.64
store_453,2015-08-05,606.08,5207.345
store_453,2015-08-06,611.585,4867.27
store_453,2015-08-07,634.6,5206.91
store_453,2015-08-08,296.185,2368.04
store_453,2015-08-09,0.0,0.0
store_453,2015-08-10,537.215,4135.475
store_453,2015-08-11,508.945,3823.005
store_453,2015-08-12,520.38,3910.1
store_453,2015-08-13,533.96,3958.145
store_453,2015-08-14,554.555,4190.935
store_453,2015-08-15,296.97,2300.21
store_453,2015-08-16,0.0,0.0
store_453,2015-08-17,711.15,6325.79
store_453,2015-08-18,629.325,5401.645
store_453,2015-08-19,604.515,4898.94
store_453,2015-08-20,611.16,4790.44
store_453,2015-08-21,635.19,5045.665
store_453,2015-08-22,298.025,2347.505
store_453,2015-08-23,0.0,0.0
store_453,2015-08-24,520.76,3736.275
store_453,2015-08-25,479.775,3524.66
store_453,2015-08-26,481.185,3551.385
store_453,2015-08-27,506.235,3742.83
store_453,2015-08-28,555.18,4124.655
store_453,2015-08-29,300.05,2400.05
store_454,2015-07-20,486.935,3399.01
store_454,2015-07-21,459.105,3281.175
store_454,2015-07-22,451.99,3229.345
store_454,2015-07-23,475.6,3366.045
store_454,2015-07-24,479.245,3195.91
store_454,2015-07-25,520.735,3444.375
store_454,2015-07-26,0.0,0.0
store_454,2015-07-27,585.52,5153.335
store_454,2015-07-28,545.08,4636.6
store_454,2015-07-29,549.785,4466.47
store_454,2015-07-30,563.325,4525.2
store_454,2015-07-31,562.34,4195.74
store_454,2015-08-01,520.625,3477.36
store_454,2015-08-02,0.0,0.0
store_454,2015-08-03,610.28,5118.15
store_454,2015-08-04,539.725,4357.925
store_454,2015-08-05,500.72,3946.75
store_454,2015-08-06,517.56,4081.415
store_454,2015-08-07,520.555,3901.515
store_454,2015-08-08,509.02,3565.225
store_454,2015-08-09,0.0,0.0
store_454,2015-08-10,519.535,3605.84
store_454,2015-08-11,479.845,3306.905
store_454,2015-08-12,454.95,3148.8
store_454,2015-08-13,467.395,3395.32
store_454,2015-08-14,482.655,3263.74
store_454,2015-08-15,517.135,3472.985
store_454,2015-08-16,0.0,0.0
store_454,2015-08-17,638.84,5061.875
store_454,2015-08-18,569.23,4358.025
store_454,2015-08-19,522.085,3987.46
store_454,2015-08-20,539.585,3980.0
store_454,2015-08-21,529.345,3821.08
store_454,2015-08-22,494.585,3464.065
store_454,2015-08-23,0.0,0.0
store_454,2015-08-24,519.75,3559.61
store_454,2015-08-25,472.92,3284.32
store_454,2015-08-26,457.25,3092.02
store_454,2015-08-27,474.14,3250.085
store_454,2015-08-28,477.8,3286.825
store_454,2015-08-29,489.025,3502.315
store_455,2015-07-20,424.33,4005.84
store_455,2015-07-21,396.03,3783.725
store_455,2015-07-22,364.885,3675.73
store_455,2015-07-23,365.995,3770.31
store_455,2015-07-24,351.4,3543.305
store_455,2015-07-25,265.58,2715.75
store_455,2015-07-26,0.0,0.0
store_455,2015-07-27,585.265,7868.47
store_455,2015-07-28,514.21,6349.25
store_455,2015-07-29,485.81,5634.5
store_455,2015-07-30,488.015,5539.555
store_455,2015-07-31,449.425,4916.295
store_455,2015-08-01,262.585,2646.055
store_455,2015-08-02,0.0,0.0
store_455,2015-08-03,594.79,7463.725
store_455,2015-08-04,509.145,5990.82
store_455,2015-08-05,462.135,5227.63
store_455,2015-08-06,466.22,4967.97
store_455,2015-08-07,446.98,4659.27
store_455,2015-08-08,261.335,2637.72
store_455,2015-08-09,0.0,0.0
store_455,2015-08-10,460.69,4480.65
store_455,2015-08-11,430.31,4066.86
store_455,2015-08-12,415.9,3920.395
store_455,2015-08-13,425.735,4107.94
store_455,2015-08-14,429.325,4062.36
store_455,2015-08-15,260.54,2548.675
store_455,2015-08-16,0.0,0.0
store_455,2015-08-17,599.67,7094.485
store_455,2015-08-18,511.755,5838.765
store_455,2015-08-19,481.5,5152.705
store_455,2015-08-20,470.61,4918.9
store_455,2015-08-21,465.765,4658.6
store_455,2015-08-22,259.85,2451.63
store_455,2015-08-23,0.0,0.0
store_455,2015-08-24,445.28,4200.355
store_455,2015-08-25,415.435,3888.29
store_455,2015-08-26,413.9,3900.01
store_455,2015-08-27,421.765,4116.455
store_455,2015-08-28,438.4,4124.225
store_455,2015-08-29,258.595,2479.24
store_456,2015-07-20,719.53,7387.78
store_456,2015-07-21,618.095,6284.825
store_456,2015-07-22,617.71,6236.795
store_456,2015-07-23,620.315,6301.63
store_456,2015-07-24,618.24,6196.63
store_456,2015-07-25,554.555,5560.485
store_456,2015-07-26,0.0,0.0
store_456,2015-07-27,910.445,11407.99
store_456,2015-07-28,773.6,9393.66
store_456,2015-07-29,747.64,8873.955
store_456,2015-07-30,761.665,8708.895
store_456,2015-07-31,747.56,8190.85
store_456,2015-08-01,591.575,5713.315
store_456,2015-08-02,0.0,0.0
store_456,2015-08-03,959.04,11998.09
store_456,2015-08-04,786.415,9280.79
store_456,2015-08-05,749.34,8591.465
store_456,2015-08-06,731.19,8311.025
store_456,2015-08-07,692.955,7620.155
store_456,2015-08-08,576.005,5688.635
store_456,2015-08-09,0.0,0.0
store_456,2015-08-10,677.97,6790.77
store_456,2015-08-11,633.52,6223.945
store_456,2015-08-12,623.77,6215.68
store_456,2015-08-13,644.415,6497.43
store_456,2015-08-14,659.165,6443.935
store_456,2015-08-15,579.175,5487.925
store_456,2015-08-16,0.0,0.0
store_456,2015-08-17,926.26,10661.985
store_456,2015-08-18,796.905,9022.02
store_456,2015-08-19,760.26,8435.95
store_456,2015-08-20,747.165,8246.085
store_456,2015-08-21,759.04,7927.625
store_456,2015-08-22,591.305,5511.34
store_456,2015-08-23,0.0,0.0
store_456,2015-08-24,680.495,6322.82
store_456,2015-08-25,604.81,5838.745
store_456,2015-08-26,628.935,5997.96
store_456,2015-08-27,659.175,6487.2
store_456,2015-08-28,680.92,6786.04
store_456,2015-08-29,596.36,5689.67
store_457,2015-07-20,2106.58,14029.95
store_457,2015-07-21,1901.785,12447.93
store_457,2015-07-22,1961.485,13086.805
store_457,2015-07-23,2056.24,13966.92
store_457,2015-07-24,2119.365,14150.165
store_457,2015-07-25,2581.15,17121.915
store_457,2015-07-26,0.0,0.0
store_457,2015-07-27,2552.18,21071.815
store_457,2015-07-28,2395.69,18910.165
store_457,2015-07-29,2366.91,18154.535
store_457,2015-07-30,2382.865,17560.185
store_457,2015-07-31,2318.41,17063.775
store_457,2015-08-01,2665.605,17168.15
store_457,2015-08-02,0.0,0.0
store_457,2015-08-03,2636.715,21304.505
store_457,2015-08-04,2318.33,17319.58
store_457,2015-08-05,2224.3,16537.87
store_457,2015-08-06,2186.73,16441.08
store_457,2015-08-07,2203.265,16119.04
store_457,2015-08-08,2565.435,17444.255
store_457,2015-08-09,0.0,0.0
store_457,2015-08-10,2254.635,15003.49
store_457,2015-08-11,2187.8,14296.525
store_457,2015-08-12,2117.62,13914.375
store_457,2015-08-13,2146.62,14271.905
store_457,2015-08-14,2173.75,14446.385
store_457,2015-08-15,2664.48,17223.105
store_457,2015-08-16,0.0,0.0
store_457,2015-08-17,2583.445,20545.95
store_457,2015-08-18,2373.57,17713.9
store_457,2015-08-19,2309.975,16962.17
store_457,2015-08-20,2301.145,16696.68
store_457,2015-08-21,2319.095,16818.08
store_457,2015-08-22,2574.225,17133.345
store_457,2015-08-23,0.0,0.0
store_457,2015-08-24,2082.59,14043.295
store_457,2015-08-25,1988.845,13451.795
store_457,2015-08-26,1910.67,12855.53
store_457,2015-08-27,2025.42,13492.04
store_457,2015-08-28,2071.21,14081.715
store_457,2015-08-29,2622.48,17115.36
store_458,2015-07-20,590.39,6582.71
store_458,2015-07-21,545.06,6030.66
store_458,2015-07-22,532.485,5904.275
store_458,2015-07-23,534.05,5947.62
store_458,2015-07-24,551.68,6317.78
store_458,2015-07-25,476.36,5114.865
store_458,2015-07-26,0.0,0.0
store_458,2015-07-27,757.58,10310.07
store_458,2015-07-28,658.255,8817.335
store_458,2015-07-29,630.22,7999.91
store_458,2015-07-30,629.645,8038.1
store_458,2015-07-31,633.97,7988.25
store_458,2015-08-01,511.075,5434.83
store_458,2015-08-02,0.0,0.0
store_458,2015-08-03,791.945,10383.33
store_458,2015-08-04,664.485,8629.37
store_458,2015-08-05,613.825,7779.17
store_458,2015-08-06,608.31,7448.64
store_458,2015-08-07,593.78,7286.11
store_458,2015-08-08,489.66,5593.42
store_458,2015-08-09,0.0,0.0
store_458,2015-08-10,641.4,7173.12
store_458,2015-08-11,569.265,6558.045
store_458,2015-08-12,567.925,6531.315
store_458,2015-08-13,569.405,6630.02
store_458,2015-08-14,565.155,6680.805
store_458,2015-08-15,476.38,5484.05
store_458,2015-08-16,0.0,0.0
store_458,2015-08-17,811.03,10617.18
store_458,2015-08-18,696.795,8924.295
store_458,2015-08-19,664.52,8312.95
store_458,2015-08-20,659.565,7950.815
store_458,2015-08-21,664.17,7915.045
store_458,2015-08-22,505.165,5688.045
store_458,2015-08-23,0.0,0.0
store_458,2015-08-24,654.985,7559.57
store_458,2015-08-25,587.295,6934.325
store_458,2015-08-26,560.87,6767.32
store_458,2015-08-27,571.63,6915.815
store_458,2015-08-28,588.46,7159.255
store_458,2015-08-29,480.955,5675.425
store_459,2015-07-20,669.8,4881.41
store_459,2015-07-21,608.21,4486.365
store_459,2015-07-22,628.005,4544.775
store_459,2015-07-23,635.135,4615.535
store_459,2015-07-24,614.855,4592.875
store_459,2015-07-25,393.79,3106.415
store_459,2015-07-26,0.0,0.0
store_459,2015-07-27,788.87,6780.855
store_459,2015-07-28,717.05,6491.67
store_459,2015-07-29,725.575,6414.39
store_459,2015-07-30,737.885,6185.535
store_459,2015-07-31,711.955,5895.38
store_459,2015-08-01,401.87,3268.28
store_459,2015-08-02,0.0,0.0
store_459,2015-08-03,831.67,7366.075
store_459,2015-08-04,735.69,6651.945
store_459,2015-08-05,697.575,6153.515
store_459,2015-08-06,710.615,5981.57
store_459,2015-08-07,694.56,5845.875
store_459,2015-08-08,400.2,3332.27
store_459,2015-08-09,0.0,0.0
store_459,2015-08-10,667.44,5195.92
store_459,2015-08-11,613.985,4893.08
store_459,2015-08-12,596.755,4833.2
store_459,2015-08-13,631.42,5052.53
store_459,2015-08-14,649.3,5162.345
store_459,2015-08-15,404.34,3430.835
store_459,2015-08-16,0.0,0.0
store_459,2015-08-17,826.765,7521.83
store_459,2015-08-18,723.8,6686.8
store_459,2015-08-19,691.88,6288.505
store_459,2015-08-20,692.995,6233.865
store_459,2015-08-21,697.5,6222.31
store_459,2015-08-22,414.775,3440.875
store_459,2015-08-23,0.0,0.0
store_459,2015-08-24,615.075,4976.88
store_459,2015-08-25,564.78,4604.9
store_459,2015-08-26,567.43,4808.385
store_459,2015-08-27,599.73,5150.96
store_459,2015-08-28,630.94,5458.94
store_459,2015-08-29,406.86,3515.46
store_46,2015-07-20,732.77,4998.67
store_46,2015-07-21,699.46,4716.04
store_46,2015-07-22,663.625,4674.645
store_46,2015-07-23,677.545,4729.635
store_46,2015-07-24,683.585,4612.12
store_46,2015-07-25,587.435,4085.875
store_46,2015-07-26,0.0,0.0
store_46,2015-07-27,948.32,8126.35
store_46,2015-07-28,892.69,7361.195
store_46,2015-07-29,845.02,6861.85
store_46,2015-07-30,897.005,6812.345
store_46,2015-07-31,825.73,6212.69
store_46,2015-08-01,625.385,4218.31
store_46,2015-08-02,0.0,0.0
store_46,2015-08-03,997.145,8419.81
store_46,2015-08-04,860.115,7182.28
store_46,2015-08-05,804.42,6333.815
store_46,2015-08-06,782.115,5951.0
store_46,2015-08-07,756.63,5548.44
store_46,2015-08-08,600.965,4184.955
store_46,2015-08-09,0.0,0.0
store_46,2015-08-10,750.51,5212.36
store_46,2015-08-11,694.77,4813.92
store_46,2015-08-12,694.935,4669.565
store_46,2015-08-13,691.885,4801.9
store_46,2015-08-14,704.28,4664.93
store_46,2015-08-15,593.0,4038.005
store_46,2015-08-16,0.0,0.0
store_46,2015-08-17,995.74,8107.035
store_46,2015-08-18,886.13,7028.05
store_46,2015-08-19,825.64,6220.065
store_46,2015-08-20,825.055,6008.585
store_46,2015-08-21,807.64,5810.03
store_46,2015-08-22,598.915,4128.025
store_46,2015-08-23,0.0,0.0
store_46,2015-08-24,735.185,4925.785
store_46,2015-08-25,680.74,4555.74
store_46,2015-08-26,694.815,4634.8
store_46,2015-08-27,717.54,4856.025
store_46,2015-08-28,732.74,4937.185
store_46,2015-08-29,593.805,4134.47
store_460,2015-07-20,664.525,5298.87
store_460,2015-07-21,611.725,4967.475
store_460,2015-07-22,646.625,5533.165
store_460,2015-07-23,667.095,5498.89
store_460,2015-07-24,671.155,5552.235
store_460,2015-07-25,526.885,4292.665
store_460,2015-07-26,0.0,0.0
store_460,2015-07-27,874.35,8979.25
store_460,2015-07-28,824.735,8222.085
store_460,2015-07-29,813.255,7958.315
store_460,2015-07-30,807.97,7321.725
store_460,2015-07-31,750.76,6839.2
store_460,2015-08-01,540.015,4468.705
store_460,2015-08-02,0.0,0.0
store_460,2015-08-03,897.485,8962.355
store_460,2015-08-04,791.58,7783.375
store_460,2015-08-05,741.99,7217.615
store_460,2015-08-06,741.745,6902.805
store_460,2015-08-07,724.265,6544.655
store_460,2015-08-08,536.51,4487.655
store_460,2015-08-09,0.0,0.0
store_460,2015-08-10,703.345,5528.335
store_460,2015-08-11,663.04,5131.41
store_460,2015-08-12,668.35,5132.645
store_460,2015-08-13,659.51,5341.74
store_460,2015-08-14,681.535,5331.525
store_460,2015-08-15,545.405,4326.965
store_460,2015-08-16,0.0,0.0
store_460,2015-08-17,895.425,7805.74
store_460,2015-08-18,818.37,6887.98
store_460,2015-08-19,776.615,6462.73
store_460,2015-08-20,764.755,6314.45
store_460,2015-08-21,742.135,6029.875
store_460,2015-08-22,555.78,4275.135
store_460,2015-08-23,0.0,0.0
store_460,2015-08-24,709.94,5066.95
store_460,2015-08-25,632.925,4607.395
store_460,2015-08-26,633.01,4660.425
store_460,2015-08-27,649.305,4952.31
store_460,2015-08-28,663.205,5015.125
store_460,2015-08-29,563.715,4290.235
store_461,2015-07-20,385.395,3892.03
store_461,2015-07-21,333.935,3327.495
store_461,2015-07-22,346.04,3440.75
store_461,2015-07-23,367.885,3598.17
store_461,2015-07-24,389.145,3916.86
store_461,2015-07-25,412.34,4206.525
store_461,2015-07-26,0.0,0.0
store_461,2015-07-27,517.57,6180.445
store_461,2015-07-28,430.435,5386.05
store_461,2015-07-29,409.875,5128.275
store_461,2015-07-30,427.095,5066.655
store_461,2015-07-31,440.305,5423.92
store_461,2015-08-01,426.58,4515.665
store_461,2015-08-02,0.0,0.0
store_461,2015-08-03,537.63,6639.575
store_461,2015-08-04,440.66,5374.565
store_461,2015-08-05,401.72,4953.7
store_461,2015-08-06,408.445,5001.565
store_461,2015-08-07,417.595,5088.275
store_461,2015-08-08,426.47,4610.775
store_461,2015-08-09,0.0,0.0
store_461,2015-08-10,413.93,4465.565
store_461,2015-08-11,374.31,4131.73
store_461,2015-08-12,373.495,4007.51
store_461,2015-08-13,388.97,4291.84
store_461,2015-08-14,405.86,4609.045
store_461,2015-08-15,423.53,4724.05
store_461,2015-08-16,0.0,0.0
store_461,2015-08-17,550.77,6954.625
store_461,2015-08-18,477.17,6143.765
store_461,2015-08-19,448.82,5737.445
store_461,2015-08-20,449.91,5596.145
store_461,2015-08-21,450.61,5689.36
store_461,2015-08-22,428.925,4784.83
store_461,2015-08-23,0.0,0.0
store_461,2015-08-24,403.42,4552.715
store_461,2015-08-25,358.38,4316.43
store_461,2015-08-26,382.84,4498.405
store_461,2015-08-27,398.495,4721.455
store_461,2015-08-28,413.095,5061.355
store_461,2015-08-29,427.63,4961.195
store_462,2015-07-20,542.04,5510.995
store_462,2015-07-21,478.415,4825.99
store_462,2015-07-22,490.085,4886.47
store_462,2015-07-23,523.185,5154.795
store_462,2015-07-24,554.205,5486.705
store_462,2015-07-25,544.105,5496.37
store_462,2015-07-26,0.0,0.0
store_462,2015-07-27,706.925,8908.065
store_462,2015-07-28,606.8,7392.93
store_462,2015-07-29,600.49,6958.28
store_462,2015-07-30,627.205,7106.445
store_462,2015-07-31,632.18,7213.075
store_462,2015-08-01,575.53,5736.275
store_462,2015-08-02,0.0,0.0
store_462,2015-08-03,756.67,9608.415
store_462,2015-08-04,633.01,7432.915
store_462,2015-08-05,586.545,6707.515
store_462,2015-08-06,593.935,6742.28
store_462,2015-08-07,600.0,6759.73
store_462,2015-08-08,561.665,5716.925
store_462,2015-08-09,0.0,0.0
store_462,2015-08-10,610.355,6109.075
store_462,2015-08-11,547.93,5508.52
store_462,2015-08-12,565.01,5546.0
store_462,2015-08-13,582.585,5894.55
store_462,2015-08-14,587.975,6053.8
store_462,2015-08-15,581.655,5834.99
store_462,2015-08-16,0.0,0.0
store_462,2015-08-17,745.105,9476.01
store_462,2015-08-18,623.425,7650.7
store_462,2015-08-19,622.33,6977.2
store_462,2015-08-20,635.02,6962.305
store_462,2015-08-21,641.07,6953.775
store_462,2015-08-22,592.44,5908.925
store_462,2015-08-23,0.0,0.0
store_462,2015-08-24,636.425,6760.68
store_462,2015-08-25,544.115,6054.03
store_462,2015-08-26,546.625,5830.785
store_462,2015-08-27,582.92,6316.72
store_462,2015-08-28,634.385,6764.35
store_462,2015-08-29,598.7,6144.39
store_463,2015-07-20,410.965,3750.725
store_463,2015-07-21,392.43,3503.665
store_463,2015-07-22,400.97,3454.71
store_463,2015-07-23,435.425,3809.415
store_463,2015-07-24,466.865,4054.18
store_463,2015-07-25,229.185,2103.0
store_463,2015-07-26,0.0,0.0
store_463,2015-07-27,507.86,5656.625
store_463,2015-07-28,462.425,5048.755
store_463,2015-07-29,452.28,4811.24
store_463,2015-07-30,490.555,4949.49
store_463,2015-07-31,518.645,5031.685
store_463,2015-08-01,242.655,2252.04
store_463,2015-08-02,0.0,0.0
store_463,2015-08-03,535.385,5857.495
store_463,2015-08-04,465.27,4909.54
store_463,2015-08-05,444.565,4571.645
store_463,2015-08-06,483.06,4786.645
store_463,2015-08-07,501.945,4822.92
store_463,2015-08-08,250.64,2288.805
store_463,2015-08-09,0.0,0.0
store_463,2015-08-10,448.1,4133.74
store_463,2015-08-11,406.02,3841.575
store_463,2015-08-12,412.285,3790.5
store_463,2015-08-13,437.585,4210.84
store_463,2015-08-14,473.115,4353.9
store_463,2015-08-15,252.805,2316.0
store_463,2015-08-16,0.0,0.0
store_463,2015-08-17,533.355,5751.33
store_463,2015-08-18,483.645,5081.415
store_463,2015-08-19,465.535,4708.75
store_463,2015-08-20,485.86,4938.405
store_463,2015-08-21,513.72,5093.69
store_463,2015-08-22,271.26,2484.125
store_463,2015-08-23,0.0,0.0
store_463,2015-08-24,439.62,4157.075
store_463,2015-08-25,407.21,3964.65
store_463,2015-08-26,414.755,3961.765
store_463,2015-08-27,429.29,4277.375
store_463,2015-08-28,462.945,4575.9
store_463,2015-08-29,251.185,2390.47
store_464,2015-07-20,731.455,8073.265
store_464,2015-07-21,666.85,7216.165
store_464,2015-07-22,626.08,6825.805
store_464,2015-07-23,666.765,7355.605
store_464,2015-07-24,658.395,7365.085
store_464,2015-07-25,514.86,5975.435
store_464,2015-07-26,0.0,0.0
store_464,2015-07-27,926.67,12601.04
store_464,2015-07-28,808.04,10762.175
store_464,2015-07-29,776.075,9706.375
store_464,2015-07-30,788.41,9536.25
store_464,2015-07-31,795.135,9675.485
store_464,2015-08-01,546.775,6312.755
store_464,2015-08-02,0.0,0.0
store_464,2015-08-03,926.565,12526.3
store_464,2015-08-04,803.505,10010.96
store_464,2015-08-05,736.22,9100.775
store_464,2015-08-06,745.855,9179.54
store_464,2015-08-07,745.305,8925.12
store_464,2015-08-08,506.895,6037.495
store_464,2015-08-09,0.0,0.0
store_464,2015-08-10,744.985,8287.395
store_464,2015-08-11,691.085,7603.58
store_464,2015-08-12,661.55,7371.01
store_464,2015-08-13,674.44,7522.61
store_464,2015-08-14,688.64,7686.025
store_464,2015-08-15,506.69,6036.895
store_464,2015-08-16,0.0,0.0
store_464,2015-08-17,947.595,12580.735
store_464,2015-08-18,813.82,10371.205
store_464,2015-08-19,758.505,9318.19
store_464,2015-08-20,803.345,9409.275
store_464,2015-08-21,765.525,9172.005
store_464,2015-08-22,527.03,6136.635
store_464,2015-08-23,0.0,0.0
store_464,2015-08-24,744.695,8145.07
store_464,2015-08-25,659.21,7770.06
store_464,2015-08-26,640.855,7354.46
store_464,2015-08-27,679.815,7753.25
store_464,2015-08-28,697.46,8197.06
store_464,2015-08-29,522.85,6055.545
store_465,2015-07-20,606.29,5641.76
store_465,2015-07-21,566.965,5113.035
store_465,2015-07-22,543.705,4813.755
store_465,2015-07-23,575.2,5052.55
store_465,2015-07-24,640.865,5941.28
store_465,2015-07-25,367.125,3465.28
store_465,2015-07-26,0.0,0.0
store_465,2015-07-27,811.01,9805.12
store_465,2015-07-28,686.65,8095.75
store_465,2015-07-29,662.135,7348.61
store_465,2015-07-30,672.455,7145.71
store_465,2015-07-31,718.98,7490.16
store_465,2015-08-01,387.455,3857.05
store_465,2015-08-02,0.0,0.0
store_465,2015-08-03,831.91,9928.655
store_465,2015-08-04,712.54,7890.53
store_465,2015-08-05,654.05,7208.94
store_465,2015-08-06,660.12,6938.225
store_465,2015-08-07,671.685,7238.345
store_465,2015-08-08,392.04,3785.825
store_465,2015-08-09,0.0,0.0
store_465,2015-08-10,641.955,6058.13
store_465,2015-08-11,586.37,5619.93
store_465,2015-08-12,565.535,5380.005
store_465,2015-08-13,596.215,5617.95
store_465,2015-08-14,620.82,6222.855
store_465,2015-08-15,391.62,3825.43
store_465,2015-08-16,0.0,0.0
store_465,2015-08-17,844.375,9925.525
store_465,2015-08-18,713.97,8083.945
store_465,2015-08-19,671.735,7320.72
store_465,2015-08-20,680.4,7091.295
store_465,2015-08-21,678.12,7283.13
store_465,2015-08-22,394.505,3756.7
store_465,2015-08-23,0.0,0.0
store_465,2015-08-24,629.76,6170.64
store_465,2015-08-25,573.115,5689.48
store_465,2015-08-26,570.145,5547.54
store_465,2015-08-27,595.1,5904.73
store_465,2015-08-28,620.495,6457.07
store_465,2015-08-29,387.065,3801.36
store_466,2015-07-20,1279.33,10929.54
store_466,2015-07-21,1178.705,10089.975
store_466,2015-07-22,1201.52,10316.36
store_466,2015-07-23,1197.26,10294.905
store_466,2015-07-24,1194.84,10534.35
store_466,2015-07-25,1138.375,9995.93
store_466,2015-07-26,0.0,0.0
store_466,2015-07-27,1782.355,19817.695
store_466,2015-07-28,1543.935,17033.55
store_466,2015-07-29,1427.685,15140.51
store_466,2015-07-30,1407.955,14285.375
store_466,2015-07-31,1408.88,13925.69
store_466,2015-08-01,1163.59,10748.69
store_466,2015-08-02,0.0,0.0
store_466,2015-08-03,1728.82,18000.65
store_466,2015-08-04,1421.55,14667.085
store_466,2015-08-05,1411.46,13923.345
store_466,2015-08-06,1372.38,13434.45
store_466,2015-08-07,1348.98,12932.9
store_466,2015-08-08,1131.75,10033.105
store_466,2015-08-09,0.0,0.0
store_466,2015-08-10,1370.2,11948.135
store_466,2015-08-11,1252.035,10860.93
store_466,2015-08-12,1235.675,10653.52
store_466,2015-08-13,1223.675,10917.805
store_466,2015-08-14,1238.865,10971.01
store_466,2015-08-15,1145.095,10314.27
store_466,2015-08-16,0.0,0.0
store_466,2015-08-17,1720.735,17556.75
store_466,2015-08-18,1495.64,14779.295
store_466,2015-08-19,1434.71,13925.64
store_466,2015-08-20,1385.075,13187.02
store_466,2015-08-21,1380.1,12996.58
store_466,2015-08-22,1163.995,10268.795
store_466,2015-08-23,0.0,0.0
store_466,2015-08-24,1257.905,10562.22
store_466,2015-08-25,1177.7,10141.035
store_466,2015-08-26,1184.355,10294.835
store_466,2015-08-27,1199.485,10730.405
store_466,2015-08-28,1195.63,10786.57
store_466,2015-08-29,1163.245,10330.69
store_467,2015-07-20,3128.375,11153.335
store_467,2015-07-21,3247.59,11474.32
store_467,2015-07-22,3232.585,11473.34
store_467,2015-07-23,3257.875,11278.67
store_467,2015-07-24,3647.46,12524.085
store_467,2015-07-25,3513.9,11960.99
store_467,2015-07-26,2855.955,11597.615
store_467,2015-07-27,3295.385,12474.91
store_467,2015-07-28,3297.34,14620.23
store_467,2015-07-29,3324.05,13988.405
store_467,2015-07-30,3391.35,13224.715
store_467,2015-07-31,3812.24,14301.465
store_467,2015-08-01,3336.545,12356.065
store_467,2015-08-02,2809.02,11692.705
store_467,2015-08-03,3277.45,11966.425
store_467,2015-08-04,3288.665,12800.19
store_467,2015-08-05,3305.425,12386.62
store_467,2015-08-06,3319.795,12225.985
store_467,2015-08-07,3631.76,13151.475
store_467,2015-08-08,3454.165,11843.905
store_467,2015-08-09,2900.065,11802.25
store_467,2015-08-10,3130.865,11239.705
store_467,2015-08-11,3148.905,11951.25
store_467,2015-08-12,3219.86,11815.91
store_467,2015-08-13,3318.0,11438.865
store_467,2015-08-14,3678.895,12902.855
store_467,2015-08-15,3313.87,12139.825
store_467,2015-08-16,2861.555,11646.22
store_467,2015-08-17,3336.245,12218.415
store_467,2015-08-18,3298.95,12316.07
store_467,2015-08-19,3350.365,12253.45
store_467,2015-08-20,3348.275,12172.59
store_467,2015-08-21,3682.955,13308.0
store_467,2015-08-22,3447.91,12534.235
store_467,2015-08-23,2918.325,11746.76
store_467,2015-08-24,3197.9,11256.895
store_467,2015-08-25,3151.905,11473.745
store_467,2015-08-26,3188.4,11648.49
store_467,2015-08-27,3285.615,11716.155
store_467,2015-08-28,3642.525,12957.845
store_467,2015-08-29,3334.565,12467.665
store_468,2015-07-20,480.145,3398.89
store_468,2015-07-21,446.7,3433.695
store_468,2015-07-22,448.99,3659.14
store_468,2015-07-23,478.525,3640.075
store_468,2015-07-24,463.82,3527.165
store_468,2015-07-25,351.405,2754.385
store_468,2015-07-26,0.0,0.0
store_468,2015-07-27,593.855,5839.93
store_468,2015-07-28,554.81,5235.92
store_468,2015-07-29,547.57,5090.895
store_468,2015-07-30,525.36,4602.56
store_468,2015-07-31,509.04,4191.405
store_468,2015-08-01,355.89,2793.235
store_468,2015-08-02,0.0,0.0
store_468,2015-08-03,648.305,5369.29
store_468,2015-08-04,557.91,4601.875
store_468,2015-08-05,513.13,4443.16
store_468,2015-08-06,510.78,4452.155
store_468,2015-08-07,501.015,4074.15
store_468,2015-08-08,347.79,2694.55
store_468,2015-08-09,0.0,0.0
store_468,2015-08-10,523.73,3735.16
store_468,2015-08-11,500.4,3536.03
store_468,2015-08-12,468.21,3536.775
store_468,2015-08-13,463.625,3565.585
store_468,2015-08-14,464.615,3441.15
store_468,2015-08-15,328.37,2533.57
store_468,2015-08-16,0.0,0.0
store_468,2015-08-17,653.91,4957.1
store_468,2015-08-18,589.8,4263.28
store_468,2015-08-19,548.865,4027.475
store_468,2015-08-20,564.735,3961.585
store_468,2015-08-21,551.935,3851.42
store_468,2015-08-22,331.47,2431.05
store_468,2015-08-23,0.0,0.0
store_468,2015-08-24,524.075,3364.93
store_468,2015-08-25,479.13,3150.21
store_468,2015-08-26,483.98,3237.94
store_468,2015-08-27,493.525,3333.495
store_468,2015-08-28,477.725,3189.665
store_468,2015-08-29,330.61,2413.495
store_469,2015-07-20,502.955,4046.74
store_469,2015-07-21,471.855,3783.855
store_469,2015-07-22,465.03,3594.22
store_469,2015-07-23,492.57,3817.18
store_469,2015-07-24,497.995,3660.15
store_469,2015-07-25,484.82,3570.355
store_469,2015-07-26,0.0,0.0
store_469,2015-07-27,657.495,6302.91
store_469,2015-07-28,562.935,6023.17
store_469,2015-07-29,549.77,5671.04
store_469,2015-07-30,553.51,5423.435
store_469,2015-07-31,541.875,5080.87
store_469,2015-08-01,499.865,4081.815
store_469,2015-08-02,0.0,0.0
store_469,2015-08-03,702.835,7224.485
store_469,2015-08-04,576.36,6144.345
store_469,2015-08-05,541.795,5446.525
store_469,2015-08-06,553.33,5381.2
store_469,2015-08-07,558.18,5218.825
store_469,2015-08-08,498.265,4519.45
store_469,2015-08-09,0.0,0.0
store_469,2015-08-10,523.025,4825.12
store_469,2015-08-11,476.37,4560.375
store_469,2015-08-12,468.405,4430.355
store_469,2015-08-13,484.31,4557.89
store_469,2015-08-14,513.025,4527.575
store_469,2015-08-15,508.795,4341.785
store_469,2015-08-16,0.0,0.0
store_469,2015-08-17,696.48,8032.295
store_469,2015-08-18,593.32,6820.355
store_469,2015-08-19,569.795,6351.435
store_469,2015-08-20,572.49,6316.495
store_469,2015-08-21,587.3,6263.66
store_469,2015-08-22,514.36,4782.93
store_469,2015-08-23,0.0,0.0
store_469,2015-08-24,516.595,5204.21
store_469,2015-08-25,466.635,4900.255
store_469,2015-08-26,455.61,4845.285
store_469,2015-08-27,473.46,5130.435
store_469,2015-08-28,516.4,5295.555
store_469,2015-08-29,509.15,4870.595
store_47,2015-07-20,635.875,6146.105
store_47,2015-07-21,545.845,5245.645
store_47,2015-07-22,552.405,4992.895
store_47,2015-07-23,598.945,5364.82
store_47,2015-07-24,660.065,5916.59
store_47,2015-07-25,690.5,6594.615
store_47,2015-07-26,0.0,0.0
store_47,2015-07-27,824.75,9593.03
store_47,2015-07-28,687.945,7999.125
store_47,2015-07-29,685.47,7499.595
store_47,2015-07-30,723.67,7805.945
store_47,2015-07-31,749.845,8053.13
store_47,2015-08-01,691.175,6936.505
store_47,2015-08-02,0.0,0.0
store_47,2015-08-03,873.125,9879.63
store_47,2015-08-04,707.52,7826.96
store_47,2015-08-05,685.36,7352.46
store_47,2015-08-06,694.05,7340.845
store_47,2015-08-07,726.65,7640.655
store_47,2015-08-08,678.31,7017.53
store_47,2015-08-09,0.0,0.0
store_47,2015-08-10,655.28,6454.025
store_47,2015-08-11,591.54,5951.185
store_47,2015-08-12,588.335,5709.77
store_47,2015-08-13,612.89,6043.115
store_47,2015-08-14,672.46,6734.055
store_47,2015-08-15,661.355,6956.87
store_47,2015-08-16,0.0,0.0
store_47,2015-08-17,857.345,10288.475
store_47,2015-08-18,758.89,8841.185
store_47,2015-08-19,724.855,7969.18
store_47,2015-08-20,740.7,7896.195
store_47,2015-08-21,765.15,8279.07
store_47,2015-08-22,680.31,7047.205
store_47,2015-08-23,0.0,0.0
store_47,2015-08-24,664.685,6939.25
store_47,2015-08-25,566.225,6178.59
store_47,2015-08-26,581.37,6019.12
store_47,2015-08-27,621.675,6525.94
store_47,2015-08-28,680.235,7443.76
store_47,2015-08-29,653.87,7166.95
store_470,2015-07-20,714.135,4558.84
store_470,2015-07-21,681.07,4399.45
store_470,2015-07-22,670.355,4418.425
store_470,2015-07-23,701.365,4665.675
store_470,2015-07-24,732.815,4852.155
store_470,2015-07-25,554.815,3881.525
store_470,2015-07-26,0.0,0.0
store_470,2015-07-27,871.43,6485.945
store_470,2015-07-28,794.395,5952.65
store_470,2015-07-29,781.675,5866.91
store_470,2015-07-30,803.835,6008.515
store_470,2015-07-31,802.655,5879.945
store_470,2015-08-01,588.98,4060.01
store_470,2015-08-02,0.0,0.0
store_470,2015-08-03,918.255,7126.41
store_470,2015-08-04,800.955,6056.4
store_470,2015-08-05,752.405,5553.05
store_470,2015-08-06,743.625,5441.845
store_470,2015-08-07,747.49,5412.33
store_470,2015-08-08,575.465,4068.875
store_470,2015-08-09,0.0,0.0
store_470,2015-08-10,748.865,5099.715
store_470,2015-08-11,698.345,4626.695
store_470,2015-08-12,675.69,4488.965
store_470,2015-08-13,671.005,4481.155
store_470,2015-08-14,660.865,4453.655
store_470,2015-08-15,558.94,3960.85
store_470,2015-08-16,0.0,0.0
store_470,2015-08-17,962.595,7542.225
store_470,2015-08-18,853.615,6568.265
store_470,2015-08-19,780.645,5851.765
store_470,2015-08-20,763.105,5506.805
store_470,2015-08-21,754.955,5415.0
store_470,2015-08-22,579.25,4040.24
store_470,2015-08-23,0.0,0.0
store_470,2015-08-24,695.12,4673.32
store_470,2015-08-25,634.975,4343.66
store_470,2015-08-26,640.47,4301.92
store_470,2015-08-27,643.07,4316.625
store_470,2015-08-28,657.93,4400.625
store_470,2015-08-29,572.04,4024.94
store_471,2015-07-20,678.535,5242.25
store_471,2015-07-21,624.785,4637.485
store_471,2015-07-22,607.125,4602.325
store_471,2015-07-23,621.395,4611.23
store_471,2015-07-24,630.835,4636.41
store_471,2015-07-25,494.29,3814.4
store_471,2015-07-26,0.0,0.0
store_471,2015-07-27,805.44,7293.65
store_471,2015-07-28,744.36,6794.75
store_471,2015-07-29,750.825,6376.225
store_471,2015-07-30,760.99,6361.6
store_471,2015-07-31,746.87,5970.63
store_471,2015-08-01,535.565,4124.405
store_471,2015-08-02,0.0,0.0
store_471,2015-08-03,860.525,7545.16
store_471,2015-08-04,737.035,6414.27
store_471,2015-08-05,698.97,5729.29
store_471,2015-08-06,695.355,5611.6
store_471,2015-08-07,703.49,5493.07
store_471,2015-08-08,537.82,4067.865
store_471,2015-08-09,0.0,0.0
store_471,2015-08-10,712.4,5205.485
store_471,2015-08-11,639.79,4705.54
store_471,2015-08-12,640.505,4593.365
store_471,2015-08-13,636.805,4624.73
store_471,2015-08-14,638.48,4551.84
store_471,2015-08-15,536.835,4014.325
store_471,2015-08-16,0.0,0.0
store_471,2015-08-17,875.265,7353.085
store_471,2015-08-18,750.34,6354.365
store_471,2015-08-19,724.155,5735.52
store_471,2015-08-20,724.51,5532.145
store_471,2015-08-21,741.245,5482.79
store_471,2015-08-22,546.54,3986.635
store_471,2015-08-23,0.0,0.0
store_471,2015-08-24,710.455,5168.44
store_471,2015-08-25,651.095,4727.29
store_471,2015-08-26,633.33,4642.6
store_471,2015-08-27,652.935,4803.755
store_471,2015-08-28,666.145,4931.945
store_471,2015-08-29,546.02,4115.725
store_472,2015-07-20,466.89,4053.95
store_472,2015-07-21,436.115,3824.075
store_472,2015-07-22,419.06,3733.415
store_472,2015-07-23,451.07,3866.82
store_472,2015-07-24,480.035,3924.155
store_472,2015-07-25,402.835,3527.285
store_472,2015-07-26,0.0,0.0
store_472,2015-07-27,711.715,8158.99
store_472,2015-07-28,626.33,6902.16
store_472,2015-07-29,590.03,5977.15
store_472,2015-07-30,590.915,5453.59
store_472,2015-07-31,572.62,5048.56
store_472,2015-08-01,414.755,3605.24
store_472,2015-08-02,0.0,0.0
store_472,2015-08-03,720.595,8406.2
store_472,2015-08-04,573.845,6305.365
store_472,2015-08-05,519.47,5437.965
store_472,2015-08-06,536.22,5070.445
store_472,2015-08-07,531.67,4759.195
store_472,2015-08-08,410.865,3635.755
store_472,2015-08-09,0.0,0.0
store_472,2015-08-10,518.235,4618.035
store_472,2015-08-11,479.68,4297.335
store_472,2015-08-12,466.815,4101.265
store_472,2015-08-13,477.405,4172.91
store_472,2015-08-14,488.0,4082.38
store_472,2015-08-15,404.445,3506.125
store_472,2015-08-16,0.0,0.0
store_472,2015-08-17,734.68,8123.405
store_472,2015-08-18,617.69,6486.735
store_472,2015-08-19,585.13,5815.955
store_472,2015-08-20,569.095,5404.11
store_472,2015-08-21,565.98,5161.215
store_472,2015-08-22,412.75,3561.655
store_472,2015-08-23,0.0,0.0
store_472,2015-08-24,531.21,4685.93
store_472,2015-08-25,473.955,4379.61
store_472,2015-08-26,473.22,4250.365
store_472,2015-08-27,482.755,4421.31
store_472,2015-08-28,496.42,4358.89
store_472,2015-08-29,414.55,3664.025
store_473,2015-07-20,349.815,4181.23
store_473,2015-07-21,310.275,3592.965
store_473,2015-07-22,305.69,3672.68
store_473,2015-07-23,323.635,3872.33
store_473,2015-07-24,372.64,4378.85
store_473,2015-07-25,380.33,4322.975
store_473,2015-07-26,0.0,0.0
store_473,2015-07-27,450.195,6389.46
store_473,2015-07-28,379.425,5473.75
store_473,2015-07-29,364.42,4947.275
store_473,2015-07-30,368.39,4973.155
store_473,2015-07-31,415.48,5502.57
store_473,2015-08-01,398.255,4540.58
store_473,2015-08-02,0.0,0.0
store_473,2015-08-03,448.755,6423.785
store_473,2015-08-04,389.075,5272.275
store_473,2015-08-05,368.575,5023.67
store_473,2015-08-06,379.78,5008.775
store_473,2015-08-07,386.135,5127.615
store_473,2015-08-08,392.805,4554.225
store_473,2015-08-09,0.0,0.0
store_473,2015-08-10,361.76,4370.015
store_473,2015-08-11,319.265,4045.695
store_473,2015-08-12,322.14,3947.235
store_473,2015-08-13,322.75,4002.25
store_473,2015-08-14,370.91,4585.565
store_473,2015-08-15,397.06,4691.255
store_473,2015-08-16,0.0,0.0
store_473,2015-08-17,451.28,6352.675
store_473,2015-08-18,388.26,5418.685
store_473,2015-08-19,376.135,5014.4
store_473,2015-08-20,390.61,5340.605
store_473,2015-08-21,418.255,5580.08
store_473,2015-08-22,407.055,4845.415
store_473,2015-08-23,0.0,0.0
store_473,2015-08-24,351.595,4533.76
store_473,2015-08-25,315.205,4155.555
store_473,2015-08-26,313.395,4008.16
store_473,2015-08-27,327.855,4262.92
store_473,2015-08-28,368.175,4871.455
store_473,2015-08-29,399.775,4910.92
store_474,2015-07-20,517.235,5005.585
store_474,2015-07-21,434.95,4551.355
store_474,2015-07-22,434.365,4193.195
store_474,2015-07-23,466.625,4355.445
store_474,2015-07-24,478.54,4455.765
store_474,2015-07-25,474.275,4417.74
store_474,2015-07-26,0.0,0.0
store_474,2015-07-27,644.37,7452.3
store_474,2015-07-28,541.7,6628.995
store_474,2015-07-29,525.41,6119.065
store_474,2015-07-30,541.495,5966.935
store_474,2015-07-31,540.235,5772.13
store_474,2015-08-01,481.21,4722.475
store_474,2015-08-02,0.0,0.0
store_474,2015-08-03,698.04,8336.87
store_474,2015-08-04,552.06,6460.455
store_474,2015-08-05,513.455,5866.13
store_474,2015-08-06,519.895,5782.98
store_474,2015-08-07,520.16,5719.895
store_474,2015-08-08,473.205,4849.135
store_474,2015-08-09,0.0,0.0
store_474,2015-08-10,555.39,5447.995
store_474,2015-08-11,503.065,4993.11
store_474,2015-08-12,474.12,4577.635
store_474,2015-08-13,478.47,4702.755
store_474,2015-08-14,498.705,4741.75
store_474,2015-08-15,467.495,4638.66
store_474,2015-08-16,0.0,0.0
store_474,2015-08-17,678.71,8231.99
store_474,2015-08-18,588.555,6855.495
store_474,2015-08-19,581.635,6193.33
store_474,2015-08-20,562.42,6044.615
store_474,2015-08-21,563.73,5972.915
store_474,2015-08-22,488.88,4708.415
store_474,2015-08-23,0.0,0.0
store_474,2015-08-24,551.03,5626.06
store_474,2015-08-25,486.805,5039.91
store_474,2015-08-26,483.585,4882.685
store_474,2015-08-27,488.37,5057.19
store_474,2015-08-28,508.085,5272.11
store_474,2015-08-29,484.225,4851.93
store_475,2015-07-20,640.685,4759.165
store_475,2015-07-21,607.72,4828.67
store_475,2015-07-22,580.365,4473.855
store_475,2015-07-23,605.675,4534.685
store_475,2015-07-24,634.49,4853.51
store_475,2015-07-25,529.78,4388.97
store_475,2015-07-26,0.0,0.0
store_475,2015-07-27,820.51,8207.895
store_475,2015-07-28,800.565,7567.15
store_475,2015-07-29,759.485,6650.155
store_475,2015-07-30,775.065,6260.65
store_475,2015-07-31,775.23,6335.655
store_475,2015-08-01,554.94,4443.315
store_475,2015-08-02,0.0,0.0
store_475,2015-08-03,891.17,8171.98
store_475,2015-08-04,781.62,7058.535
store_475,2015-08-05,717.23,6191.735
store_475,2015-08-06,711.115,5908.88
store_475,2015-08-07,723.15,5799.61
store_475,2015-08-08,553.135,4393.325
store_475,2015-08-09,0.0,0.0
store_475,2015-08-10,712.085,5175.245
store_475,2015-08-11,668.635,4827.96
store_475,2015-08-12,640.645,4551.175
store_475,2015-08-13,630.68,4617.82
store_475,2015-08-14,652.565,4660.285
store_475,2015-08-15,548.32,4251.885
store_475,2015-08-16,0.0,0.0
store_475,2015-08-17,906.215,7474.195
store_475,2015-08-18,808.27,6614.265
store_475,2015-08-19,751.89,5844.905
store_475,2015-08-20,741.305,5555.25
store_475,2015-08-21,740.715,5396.87
store_475,2015-08-22,568.36,4080.61
store_475,2015-08-23,0.0,0.0
store_475,2015-08-24,706.955,4796.93
store_475,2015-08-25,626.855,4356.88
store_475,2015-08-26,607.08,4245.27
store_475,2015-08-27,629.495,4355.51
store_475,2015-08-28,668.505,4523.815
store_475,2015-08-29,542.82,4013.125
store_476,2015-07-20,590.43,6570.22
store_476,2015-07-21,533.375,5970.255
store_476,2015-07-22,515.89,5835.11
store_476,2015-07-23,530.155,5912.875
store_476,2015-07-24,534.84,5766.23
store_476,2015-07-25,588.72,6716.115
store_476,2015-07-26,0.0,0.0
store_476,2015-07-27,755.21,11059.82
store_476,2015-07-28,666.675,9099.88
store_476,2015-07-29,634.96,8427.09
store_476,2015-07-30,646.055,8128.78
store_476,2015-07-31,618.75,7623.09
store_476,2015-08-01,595.8,6932.42
store_476,2015-08-02,0.0,0.0
store_476,2015-08-03,795.735,11123.82
store_476,2015-08-04,667.725,8736.645
store_476,2015-08-05,606.0,7747.27
store_476,2015-08-06,589.585,7581.875
store_476,2015-08-07,573.875,7065.585
store_476,2015-08-08,574.87,6810.95
store_476,2015-08-09,0.0,0.0
store_476,2015-08-10,611.02,7287.215
store_476,2015-08-11,547.67,6504.945
store_476,2015-08-12,554.925,6440.075
store_476,2015-08-13,551.735,6493.985
store_476,2015-08-14,569.665,6423.33
store_476,2015-08-15,583.265,6866.275
store_476,2015-08-16,0.0,0.0
store_476,2015-08-17,800.29,10934.23
store_476,2015-08-18,684.905,9145.465
store_476,2015-08-19,655.01,8434.885
store_476,2015-08-20,653.18,8321.705
store_476,2015-08-21,643.52,7989.48
store_476,2015-08-22,607.51,7022.355
store_476,2015-08-23,0.0,0.0
store_476,2015-08-24,688.01,8196.91
store_476,2015-08-25,603.42,7544.735
store_476,2015-08-26,585.98,7268.96
store_476,2015-08-27,579.86,7251.57
store_476,2015-08-28,589.35,7334.67
store_476,2015-08-29,582.99,7010.46
store_477,2015-07-20,500.715,3763.875
store_477,2015-07-21,468.73,3660.185
store_477,2015-07-22,455.23,3559.08
store_477,2015-07-23,464.48,3571.93
store_477,2015-07-24,473.205,3558.58
store_477,2015-07-25,384.415,3087.48
store_477,2015-07-26,0.0,0.0
store_477,2015-07-27,563.29,4641.71
store_477,2015-07-28,524.41,4269.075
store_477,2015-07-29,507.275,4077.58
store_477,2015-07-30,519.51,4174.415
store_477,2015-07-31,514.34,4119.405
store_477,2015-08-01,383.795,3282.005
store_477,2015-08-02,0.0,0.0
store_477,2015-08-03,546.04,5000.895
store_477,2015-08-04,511.69,4465.48
store_477,2015-08-05,480.125,4128.225
store_477,2015-08-06,487.075,4214.015
store_477,2015-08-07,494.145,4221.8
store_477,2015-08-08,377.13,3229.765
store_477,2015-08-09,0.0,0.0
store_477,2015-08-10,497.965,3968.535
store_477,2015-08-11,477.925,3906.31
store_477,2015-08-12,456.87,3663.555
store_477,2015-08-13,461.85,3746.285
store_477,2015-08-14,475.435,3868.705
store_477,2015-08-15,378.015,3247.96
store_477,2015-08-16,0.0,0.0
store_477,2015-08-17,548.53,5111.13
store_477,2015-08-18,512.0,4689.13
store_477,2015-08-19,491.22,4334.265
store_477,2015-08-20,512.58,4497.09
store_477,2015-08-21,531.3,4595.685
store_477,2015-08-22,364.45,3151.42
store_477,2015-08-23,0.0,0.0
store_477,2015-08-24,535.65,4320.86
store_477,2015-08-25,492.8,4125.19
store_477,2015-08-26,479.83,3906.85
store_477,2015-08-27,461.615,3943.99
store_477,2015-08-28,475.845,4079.46
store_477,2015-08-29,365.535,3275.67
store_478,2015-07-20,649.0,6406.08
store_478,2015-07-21,572.07,5865.505
store_478,2015-07-22,592.38,5772.96
store_478,2015-07-23,604.66,6007.12
store_478,2015-07-24,663.545,6713.31
store_478,2015-07-25,729.215,7839.2
store_478,2015-07-26,0.0,0.0
store_478,2015-07-27,806.075,10684.835
store_478,2015-07-28,689.31,8925.68
store_478,2015-07-29,678.45,8062.515
store_478,2015-07-30,700.465,7840.34
store_478,2015-07-31,753.135,8501.45
store_478,2015-08-01,719.035,8002.85
store_478,2015-08-02,0.0,0.0
store_478,2015-08-03,867.125,11430.135
store_478,2015-08-04,710.965,8717.635
store_478,2015-08-05,677.1,7876.7
store_478,2015-08-06,679.01,7424.645
store_478,2015-08-07,725.94,8328.6
store_478,2015-08-08,712.255,8048.38
store_478,2015-08-09,0.0,0.0
store_478,2015-08-10,656.315,6786.92
store_478,2015-08-11,582.995,6190.17
store_478,2015-08-12,584.935,6078.555
store_478,2015-08-13,607.32,6207.31
store_478,2015-08-14,682.955,7123.915
store_478,2015-08-15,704.085,8052.295
store_478,2015-08-16,0.0,0.0
store_478,2015-08-17,870.955,11550.81
store_478,2015-08-18,726.21,9217.69
store_478,2015-08-19,701.74,8113.7
store_478,2015-08-20,724.13,7895.88
store_478,2015-08-21,762.85,8294.64
store_478,2015-08-22,720.83,7782.38
store_478,2015-08-23,0.0,0.0
store_478,2015-08-24,639.66,6748.475
store_478,2015-08-25,576.475,6324.64
store_478,2015-08-26,575.905,6127.825
store_478,2015-08-27,608.275,6372.965
store_478,2015-08-28,673.045,7428.345
store_478,2015-08-29,707.655,8048.185
store_479,2015-07-20,782.28,7287.15
store_479,2015-07-21,754.145,6894.29
store_479,2015-07-22,686.155,6756.335
store_479,2015-07-23,752.745,7247.615
store_479,2015-07-24,762.115,7258.83
store_479,2015-07-25,692.08,6549.59
store_479,2015-07-26,0.0,0.0
store_479,2015-07-27,1032.21,12581.815
store_479,2015-07-28,916.485,10937.71
store_479,2015-07-29,894.75,10232.8
store_479,2015-07-30,916.23,9999.7
store_479,2015-07-31,898.93,9533.21
store_479,2015-08-01,729.675,6966.23
store_479,2015-08-02,0.0,0.0
store_479,2015-08-03,1086.65,12768.825
store_479,2015-08-04,936.625,10149.695
store_479,2015-08-05,850.85,9311.45
store_479,2015-08-06,836.775,9115.065
store_479,2015-08-07,802.31,8520.975
store_479,2015-08-08,692.355,6762.53
store_479,2015-08-09,0.0,0.0
store_479,2015-08-10,883.995,8400.84
store_479,2015-08-11,817.685,7820.775
store_479,2015-08-12,788.44,7610.24
store_479,2015-08-13,791.32,7710.52
store_479,2015-08-14,819.535,7865.455
store_479,2015-08-15,708.11,7211.865
store_479,2015-08-16,0.0,0.0
store_479,2015-08-17,1127.59,13419.07
store_479,2015-08-18,1009.005,10996.96
store_479,2015-08-19,929.205,9924.725
store_479,2015-08-20,912.155,9526.73
store_479,2015-08-21,905.81,9341.39
store_479,2015-08-22,727.395,7086.425
store_479,2015-08-23,0.0,0.0
store_479,2015-08-24,925.535,8875.165
store_479,2015-08-25,851.465,8443.12
store_479,2015-08-26,797.07,7910.73
store_479,2015-08-27,789.94,8178.955
store_479,2015-08-28,832.105,8557.81
store_479,2015-08-29,722.24,7364.095
store_48,2015-07-20,640.185,6882.805
store_48,2015-07-21,539.945,5873.975
store_48,2015-07-22,557.15,5902.11
store_48,2015-07-23,563.93,6132.605
store_48,2015-07-24,597.665,6682.215
store_48,2015-07-25,629.35,6932.84
store_48,2015-07-26,0.0,0.0
store_48,2015-07-27,859.65,12402.985
store_48,2015-07-28,749.14,10169.015
store_48,2015-07-29,697.125,8753.035
store_48,2015-07-30,687.135,8175.39
store_48,2015-07-31,697.39,8596.925
store_48,2015-08-01,627.62,7004.005
store_48,2015-08-02,0.0,0.0
store_48,2015-08-03,885.61,12050.485
store_48,2015-08-04,713.035,9120.59
store_48,2015-08-05,672.6,8378.02
store_48,2015-08-06,653.895,7907.59
store_48,2015-08-07,641.01,7973.35
store_48,2015-08-08,627.32,7085.91
store_48,2015-08-09,0.0,0.0
store_48,2015-08-10,639.805,6910.57
store_48,2015-08-11,590.3,6311.49
store_48,2015-08-12,588.665,6273.035
store_48,2015-08-13,596.08,6416.66
store_48,2015-08-14,612.585,6836.6
store_48,2015-08-15,640.67,7292.71
store_48,2015-08-16,0.0,0.0
store_48,2015-08-17,899.605,12062.325
store_48,2015-08-18,738.085,9545.035
store_48,2015-08-19,706.935,8568.3
store_48,2015-08-20,683.355,8073.76
store_48,2015-08-21,694.665,8074.95
store_48,2015-08-22,632.245,6923.825
store_48,2015-08-23,0.0,0.0
store_48,2015-08-24,639.225,6965.355
store_48,2015-08-25,576.215,6572.1
store_48,2015-08-26,569.75,6414.185
store_48,2015-08-27,582.345,6427.525
store_48,2015-08-28,619.105,6964.18
store_48,2015-08-29,638.03,7111.065
store_480,2015-07-20,625.535,5685.595
store_480,2015-07-21,561.215,5272.865
store_480,2015-07-22,562.4,5395.47
store_480,2015-07-23,591.195,5547.675
store_480,2015-07-24,615.465,5854.57
store_480,2015-07-25,459.22,4349.215
store_480,2015-07-26,0.0,0.0
store_480,2015-07-27,815.495,10166.645
store_480,2015-07-28,693.355,8408.905
store_480,2015-07-29,671.37,7762.285
store_480,2015-07-30,717.77,7929.995
store_480,2015-07-31,749.295,8233.19
store_480,2015-08-01,480.375,4610.945
store_480,2015-08-02,0.0,0.0
store_480,2015-08-03,848.415,10049.89
store_480,2015-08-04,710.265,8084.585
store_480,2015-08-05,680.32,7666.68
store_480,2015-08-06,685.89,7529.235
store_480,2015-08-07,691.41,7358.185
store_480,2015-08-08,474.55,4543.35
store_480,2015-08-09,0.0,0.0
store_480,2015-08-10,613.025,5914.1
store_480,2015-08-11,566.465,5412.9
store_480,2015-08-12,581.545,5583.1
store_480,2015-08-13,611.235,5953.78
store_480,2015-08-14,643.725,6255.9
store_480,2015-08-15,488.265,4569.55
store_480,2015-08-16,0.0,0.0
store_480,2015-08-17,852.215,9892.82
store_480,2015-08-18,723.485,7974.68
store_480,2015-08-19,689.83,7477.055
store_480,2015-08-20,715.29,7448.595
store_480,2015-08-21,747.03,7761.19
store_480,2015-08-22,512.96,4711.545
store_480,2015-08-23,0.0,0.0
store_480,2015-08-24,708.05,6479.08
store_480,2015-08-25,617.995,5817.28
store_480,2015-08-26,623.56,5768.43
store_480,2015-08-27,649.69,6216.295
store_480,2015-08-28,665.67,6621.4
store_480,2015-08-29,518.825,4963.905
store_481,2015-07-20,430.755,4260.585
store_481,2015-07-21,369.555,3741.43
store_481,2015-07-22,377.735,3578.145
store_481,2015-07-23,383.76,3685.16
store_481,2015-07-24,372.15,3512.045
store_481,2015-07-25,367.565,3462.18
store_481,2015-07-26,0.0,0.0
store_481,2015-07-27,616.685,8381.49
store_481,2015-07-28,511.61,6730.99
store_481,2015-07-29,501.95,6006.235
store_481,2015-07-30,496.66,5728.915
store_481,2015-07-31,486.56,5492.39
store_481,2015-08-01,404.78,3830.015
store_481,2015-08-02,0.0,0.0
store_481,2015-08-03,637.67,8079.23
store_481,2015-08-04,515.075,6291.305
store_481,2015-08-05,479.765,5632.065
store_481,2015-08-06,478.27,5297.955
store_481,2015-08-07,477.505,5010.76
store_481,2015-08-08,395.03,3745.595
store_481,2015-08-09,0.0,0.0
store_481,2015-08-10,453.025,4730.17
store_481,2015-08-11,403.355,4227.345
store_481,2015-08-12,408.58,4159.045
store_481,2015-08-13,427.265,4359.61
store_481,2015-08-14,453.02,4393.925
store_481,2015-08-15,410.38,4000.465
store_481,2015-08-16,0.0,0.0
store_481,2015-08-17,615.53,7882.545
store_481,2015-08-18,506.325,6276.37
store_481,2015-08-19,492.77,5757.28
store_481,2015-08-20,507.375,5699.46
store_481,2015-08-21,509.97,5652.62
store_481,2015-08-22,420.345,3928.155
store_481,2015-08-23,0.0,0.0
store_481,2015-08-24,440.39,4644.935
store_481,2015-08-25,386.13,4182.28
store_481,2015-08-26,399.755,4196.05
store_481,2015-08-27,428.255,4626.09
store_481,2015-08-28,449.7,4819.965
store_481,2015-08-29,437.06,4245.675
store_482,2015-07-20,382.96,3394.61
store_482,2015-07-21,325.24,2940.445
store_482,2015-07-22,377.005,3413.2
store_482,2015-07-23,375.21,3259.915
store_482,2015-07-24,361.38,3122.805
store_482,2015-07-25,362.05,3281.45
store_482,2015-07-26,0.0,0.0
store_482,2015-07-27,558.165,6562.65
store_482,2015-07-28,484.27,5624.485
store_482,2015-07-29,490.645,5398.585
store_482,2015-07-30,471.02,4878.34
store_482,2015-07-31,457.885,4687.26
store_482,2015-08-01,378.13,3466.345
store_482,2015-08-02,0.0,0.0
store_482,2015-08-03,589.61,6777.4
store_482,2015-08-04,480.335,5570.05
store_482,2015-08-05,454.365,5049.185
store_482,2015-08-06,477.475,4761.03
store_482,2015-08-07,463.82,4363.52
store_482,2015-08-08,366.975,3315.49
store_482,2015-08-09,0.0,0.0
store_482,2015-08-10,414.715,3774.3
store_482,2015-08-11,382.2,3454.89
store_482,2015-08-12,374.9,3473.055
store_482,2015-08-13,391.655,3596.225
store_482,2015-08-14,418.45,3658.065
store_482,2015-08-15,367.905,3292.095
store_482,2015-08-16,0.0,0.0
store_482,2015-08-17,579.73,6435.565
store_482,2015-08-18,508.555,5535.785
store_482,2015-08-19,491.615,5195.51
store_482,2015-08-20,485.27,5091.025
store_482,2015-08-21,481.96,4849.105
store_482,2015-08-22,368.765,3263.03
store_482,2015-08-23,0.0,0.0
store_482,2015-08-24,384.24,3508.57
store_482,2015-08-25,363.265,3379.065
store_482,2015-08-26,380.89,3560.18
store_482,2015-08-27,406.335,3899.025
store_482,2015-08-28,419.99,4071.015
store_482,2015-08-29,371.155,3399.35
store_483,2015-07-20,612.225,6028.14
store_483,2015-07-21,579.205,5903.78
store_483,2015-07-22,565.225,5945.205
store_483,2015-07-23,619.045,6661.19
store_483,2015-07-24,605.61,6403.515
store_483,2015-07-25,410.83,4359.435
store_483,2015-07-26,0.0,0.0
store_483,2015-07-27,803.005,9855.99
store_483,2015-07-28,705.83,8750.22
store_483,2015-07-29,698.33,8400.215
store_483,2015-07-30,726.025,8658.27
store_483,2015-07-31,711.895,8266.85
store_483,2015-08-01,438.575,4538.175
store_483,2015-08-02,0.0,0.0
store_483,2015-08-03,844.8,10446.44
store_483,2015-08-04,730.76,8550.47
store_483,2015-08-05,682.57,7803.88
store_483,2015-08-06,698.585,7954.9
store_483,2015-08-07,670.77,7298.78
store_483,2015-08-08,421.25,4459.49
store_483,2015-08-09,0.0,0.0
store_483,2015-08-10,659.605,6406.64
store_483,2015-08-11,604.78,5841.615
store_483,2015-08-12,595.01,5869.1
store_483,2015-08-13,613.6,6407.535
store_483,2015-08-14,629.085,6414.235
store_483,2015-08-15,427.65,4443.84
store_483,2015-08-16,0.0,0.0
store_483,2015-08-17,867.965,10076.855
store_483,2015-08-18,740.47,8323.44
store_483,2015-08-19,705.255,7695.56
store_483,2015-08-20,706.115,7641.22
store_483,2015-08-21,704.85,7461.135
store_483,2015-08-22,423.515,4314.415
store_483,2015-08-23,0.0,0.0
store_483,2015-08-24,651.6,6093.965
store_483,2015-08-25,608.235,5778.175
store_483,2015-08-26,592.88,5748.84
store_483,2015-08-27,626.615,6209.715
store_483,2015-08-28,639.21,6595.385
store_483,2015-08-29,426.27,4352.75
store_484,2015-07-20,857.335,8312.58
store_484,2015-07-21,767.545,7700.35
store_484,2015-07-22,705.325,7280.295
store_484,2015-07-23,751.94,7448.56
store_484,2015-07-24,746.93,7472.53
store_484,2015-07-25,767.79,7917.15
store_484,2015-07-26,0.0,0.0
store_484,2015-07-27,1018.3,11729.77
store_484,2015-07-28,907.62,10571.345
store_484,2015-07-29,863.93,9534.855
store_484,2015-07-30,905.175,9561.955
store_484,2015-07-31,891.08,9307.61
store_484,2015-08-01,784.97,7880.72
store_484,2015-08-02,0.0,0.0
store_484,2015-08-03,1100.685,12329.99
store_484,2015-08-04,947.0,10490.57
store_484,2015-08-05,849.66,9218.81
store_484,2015-08-06,830.675,8832.785
store_484,2015-08-07,824.815,8461.235
store_484,2015-08-08,777.62,7938.96
store_484,2015-08-09,0.0,0.0
store_484,2015-08-10,885.515,8380.43
store_484,2015-08-11,817.37,7695.275
store_484,2015-08-12,789.575,7338.38
store_484,2015-08-13,793.815,7539.745
store_484,2015-08-14,804.96,7568.52
store_484,2015-08-15,784.075,7702.82
store_484,2015-08-16,0.0,0.0
store_484,2015-08-17,1100.535,11987.775
store_484,2015-08-18,985.25,10393.88
store_484,2015-08-19,908.7,9187.8
store_484,2015-08-20,922.02,9179.745
store_484,2015-08-21,903.21,8905.905
store_484,2015-08-22,789.03,7718.37
store_484,2015-08-23,0.0,0.0
store_484,2015-08-24,950.725,8487.895
store_484,2015-08-25,863.905,8065.845
store_484,2015-08-26,796.135,7529.545
store_484,2015-08-27,788.26,7565.675
store_484,2015-08-28,797.115,7539.25
store_484,2015-08-29,774.775,7600.98
store_485,2015-07-20,413.055,3803.255
store_485,2015-07-21,368.91,3294.97
store_485,2015-07-22,384.395,3402.71
store_485,2015-07-23,409.88,3567.875
store_485,2015-07-24,414.73,3725.335
store_485,2015-07-25,409.71,3811.37
store_485,2015-07-26,0.0,0.0
store_485,2015-07-27,569.875,6632.395
store_485,2015-07-28,491.52,5562.075
store_485,2015-07-29,480.585,5274.055
store_485,2015-07-30,476.775,5104.84
store_485,2015-07-31,473.27,4980.215
store_485,2015-08-01,429.12,4066.655
store_485,2015-08-02,0.0,0.0
store_485,2015-08-03,616.075,7225.075
store_485,2015-08-04,498.87,5658.755
store_485,2015-08-05,461.49,5123.365
store_485,2015-08-06,465.73,4903.62
store_485,2015-08-07,464.2,4859.63
store_485,2015-08-08,433.505,4126.05
store_485,2015-08-09,0.0,0.0
store_485,2015-08-10,457.385,4206.295
store_485,2015-08-11,401.445,3786.225
store_485,2015-08-12,410.765,3783.42
store_485,2015-08-13,427.705,3939.08
store_485,2015-08-14,441.15,4108.765
store_485,2015-08-15,426.635,4124.8
store_485,2015-08-16,0.0,0.0
store_485,2015-08-17,620.27,7273.405
store_485,2015-08-18,526.88,5884.76
store_485,2015-08-19,501.355,5397.585
store_485,2015-08-20,501.995,5232.7
store_485,2015-08-21,496.06,5141.955
store_485,2015-08-22,445.29,4142.905
store_485,2015-08-23,0.0,0.0
store_485,2015-08-24,440.09,4077.595
store_485,2015-08-25,385.325,3780.605
store_485,2015-08-26,400.265,3874.665
store_485,2015-08-27,417.905,4042.895
store_485,2015-08-28,439.295,4263.01
store_485,2015-08-29,433.4,4149.44
store_486,2015-07-20,477.72,4959.41
store_486,2015-07-21,445.255,4576.77
store_486,2015-07-22,447.33,4561.7
store_486,2015-07-23,540.74,5059.895
store_486,2015-07-24,538.325,5379.0
store_486,2015-07-25,443.975,4100.185
store_486,2015-07-26,0.0,0.0
store_486,2015-07-27,657.365,8640.56
store_486,2015-07-28,577.86,7629.53
store_486,2015-07-29,551.825,7098.645
store_486,2015-07-30,572.485,6947.025
store_486,2015-07-31,610.75,7390.185
store_486,2015-08-01,452.475,4557.725
store_486,2015-08-02,0.0,0.0
store_486,2015-08-03,682.645,8732.02
store_486,2015-08-04,570.47,7228.105
store_486,2015-08-05,541.965,6509.81
store_486,2015-08-06,569.48,6677.93
store_486,2015-08-07,574.745,6846.29
store_486,2015-08-08,448.62,4622.28
store_486,2015-08-09,0.0,0.0
store_486,2015-08-10,540.96,6058.93
store_486,2015-08-11,495.86,5495.39
store_486,2015-08-12,501.41,5367.23
store_486,2015-08-13,518.735,5774.485
store_486,2015-08-14,553.785,6334.53
store_486,2015-08-15,453.58,4733.645
store_486,2015-08-16,0.0,0.0
store_486,2015-08-17,658.37,8535.82
store_486,2015-08-18,557.175,7410.015
store_486,2015-08-19,554.995,6877.105
store_486,2015-08-20,585.525,7248.36
store_486,2015-08-21,608.71,7638.48
store_486,2015-08-22,465.65,4846.345
store_486,2015-08-23,0.0,0.0
store_486,2015-08-24,497.845,5794.22
store_486,2015-08-25,459.595,5596.44
store_486,2015-08-26,471.37,5783.305
store_486,2015-08-27,501.11,6433.895
store_486,2015-08-28,542.63,6936.84
store_486,2015-08-29,471.715,5120.075
store_487,2015-07-20,501.685,5711.075
store_487,2015-07-21,457.575,5349.5
store_487,2015-07-22,441.22,5134.335
store_487,2015-07-23,466.19,5376.815
store_487,2015-07-24,472.15,5655.355
store_487,2015-07-25,492.72,5749.885
store_487,2015-07-26,0.0,0.0
store_487,2015-07-27,642.635,9259.235
store_487,2015-07-28,564.575,7983.835
store_487,2015-07-29,533.675,7155.69
store_487,2015-07-30,540.14,7110.71
store_487,2015-07-31,548.315,7329.43
store_487,2015-08-01,497.53,5829.445
store_487,2015-08-02,0.0,0.0
store_487,2015-08-03,707.185,9562.75
store_487,2015-08-04,582.73,7657.58
store_487,2015-08-05,530.925,6988.655
store_487,2015-08-06,514.63,6658.175
store_487,2015-08-07,504.595,6507.26
store_487,2015-08-08,483.335,5809.015
store_487,2015-08-09,0.0,0.0
store_487,2015-08-10,550.575,6050.93
store_487,2015-08-11,516.6,5641.8
store_487,2015-08-12,492.075,5467.04
store_487,2015-08-13,484.37,5590.5
store_487,2015-08-14,493.895,5796.655
store_487,2015-08-15,489.935,5789.66
store_487,2015-08-16,0.0,0.0
store_487,2015-08-17,684.55,9092.125
store_487,2015-08-18,605.545,7635.38
store_487,2015-08-19,565.32,6971.38
store_487,2015-08-20,546.795,6615.835
store_487,2015-08-21,547.71,6589.49
store_487,2015-08-22,503.265,5708.285
store_487,2015-08-23,0.0,0.0
store_487,2015-08-24,610.23,6832.385
store_487,2015-08-25,537.84,6205.665
store_487,2015-08-26,498.88,5608.84
store_487,2015-08-27,489.37,5637.245
store_487,2015-08-28,483.44,5708.675
store_487,2015-08-29,498.28,5774.76
store_488,2015-07-20,476.04,5280.16
store_488,2015-07-21,411.86,4574.625
store_488,2015-07-22,423.295,4545.43
store_488,2015-07-23,431.34,4595.85
store_488,2015-07-24,435.68,4597.935
store_488,2015-07-25,420.83,4564.365
store_488,2015-07-26,0.0,0.0
store_488,2015-07-27,630.02,8876.495
store_488,2015-07-28,548.42,7542.28
store_488,2015-07-29,548.35,7052.135
store_488,2015-07-30,524.32,6562.63
store_488,2015-07-31,507.675,6301.36
store_488,2015-08-01,440.17,4845.645
store_488,2015-08-02,0.0,0.0
store_488,2015-08-03,656.12,8960.16
store_488,2015-08-04,535.335,6956.49
store_488,2015-08-05,498.65,6532.11
store_488,2015-08-06,491.05,6158.47
store_488,2015-08-07,498.29,5904.51
store_488,2015-08-08,442.49,4952.405
store_488,2015-08-09,0.0,0.0
store_488,2015-08-10,464.23,5193.74
store_488,2015-08-11,432.485,4819.545
store_488,2015-08-12,425.595,4708.305
store_488,2015-08-13,448.65,4927.465
store_488,2015-08-14,467.195,5033.24
store_488,2015-08-15,443.145,4795.235
store_488,2015-08-16,0.0,0.0
store_488,2015-08-17,662.44,8637.12
store_488,2015-08-18,555.26,7153.71
store_488,2015-08-19,521.965,6653.395
store_488,2015-08-20,539.02,6477.945
store_488,2015-08-21,536.95,6289.3
store_488,2015-08-22,449.2,4774.34
store_488,2015-08-23,0.0,0.0
store_488,2015-08-24,460.855,4916.47
store_488,2015-08-25,411.07,4635.14
store_488,2015-08-26,431.4,4750.01
store_488,2015-08-27,445.91,5116.535
store_488,2015-08-28,481.905,5486.655
store_488,2015-08-29,463.695,5038.56
store_489,2015-07-20,909.975,8129.705
store_489,2015-07-21,832.535,7702.55
store_489,2015-07-22,836.05,7544.79
store_489,2015-07-23,831.135,7472.935
store_489,2015-07-24,861.06,7830.69
store_489,2015-07-25,1014.23,10112.21
store_489,2015-07-26,0.0,0.0
store_489,2015-07-27,1105.59,12198.5
store_489,2015-07-28,1023.965,11029.415
store_489,2015-07-29,983.915,10223.23
store_489,2015-07-30,981.81,9969.025
store_489,2015-07-31,975.615,9750.52
store_489,2015-08-01,977.75,9722.57
store_489,2015-08-02,0.0,0.0
store_489,2015-08-03,1165.615,12500.275
store_489,2015-08-04,1005.485,10575.745
store_489,2015-08-05,964.59,9861.12
store_489,2015-08-06,921.655,9301.07
store_489,2015-08-07,896.47,9003.97
store_489,2015-08-08,971.095,9605.22
store_489,2015-08-09,0.0,0.0
store_489,2015-08-10,957.31,8626.125
store_489,2015-08-11,873.345,7870.035
store_489,2015-08-12,861.035,7582.69
store_489,2015-08-13,863.715,7744.56
store_489,2015-08-14,857.76,7857.96
store_489,2015-08-15,939.795,9120.05
store_489,2015-08-16,0.0,0.0
store_489,2015-08-17,1166.085,12027.625
store_489,2015-08-18,1037.58,10341.955
store_489,2015-08-19,965.57,9462.48
store_489,2015-08-20,965.75,9217.46
store_489,2015-08-21,948.555,8990.06
store_489,2015-08-22,905.73,8685.59
store_489,2015-08-23,0.0,0.0
store_489,2015-08-24,896.26,7986.94
store_489,2015-08-25,818.915,7363.41
store_489,2015-08-26,864.465,7477.87
store_489,2015-08-27,864.07,7741.645
store_489,2015-08-28,854.95,7811.22
store_489,2015-08-29,891.395,8520.56
store_49,2015-07-20,557.56,5052.715
store_49,2015-07-21,497.1,4599.205
store_49,2015-07-22,501.72,4473.16
store_49,2015-07-23,514.4,4531.065
store_49,2015-07-24,558.195,4884.075
store_49,2015-07-25,438.935,4034.12
store_49,2015-07-26,0.0,0.0
store_49,2015-07-27,717.685,8853.35
store_49,2015-07-28,653.28,7517.89
store_49,2015-07-29,603.095,6856.405
store_49,2015-07-30,618.36,6725.37
store_49,2015-07-31,628.51,6641.81
store_49,2015-08-01,459.43,4417.365
store_49,2015-08-02,0.0,0.0
store_49,2015-08-03,765.02,9033.25
store_49,2015-08-04,628.465,7152.955
store_49,2015-08-05,595.215,6458.96
store_49,2015-08-06,594.53,6358.475
store_49,2015-08-07,598.48,6305.475
store_49,2015-08-08,438.155,4346.755
store_49,2015-08-09,0.0,0.0
store_49,2015-08-10,585.315,5583.485
store_49,2015-08-11,543.99,5235.475
store_49,2015-08-12,528.145,4882.76
store_49,2015-08-13,530.855,5018.47
store_49,2015-08-14,529.615,5100.155
store_49,2015-08-15,436.83,4211.155
store_49,2015-08-16,0.0,0.0
store_49,2015-08-17,764.87,8754.77
store_49,2015-08-18,644.845,7163.755
store_49,2015-08-19,613.625,6615.925
store_49,2015-08-20,601.975,6374.615
store_49,2015-08-21,608.125,6353.14
store_49,2015-08-22,446.31,4247.03
store_49,2015-08-23,0.0,0.0
store_49,2015-08-24,575.985,5543.68
store_49,2015-08-25,531.4,5163.585
store_49,2015-08-26,512.655,5034.925
store_49,2015-08-27,529.325,5238.26
store_49,2015-08-28,532.2,5429.305
store_49,2015-08-29,444.555,4340.48
store_490,2015-07-20,726.245,7555.84
store_490,2015-07-21,632.78,6806.725
store_490,2015-07-22,659.345,6775.325
store_490,2015-07-23,674.45,6941.085
store_490,2015-07-24,674.87,7153.95
store_490,2015-07-25,544.265,5997.88
store_490,2015-07-26,0.0,0.0
store_490,2015-07-27,974.73,13239.72
store_490,2015-07-28,859.345,11169.875
store_490,2015-07-29,844.54,10494.555
store_490,2015-07-30,895.99,10739.5
store_490,2015-07-31,878.72,10396.52
store_490,2015-08-01,603.97,6327.61
store_490,2015-08-02,0.0,0.0
store_490,2015-08-03,1012.54,13467.43
store_490,2015-08-04,838.26,10471.265
store_490,2015-08-05,783.87,9363.315
store_490,2015-08-06,794.16,9422.67
store_490,2015-08-07,788.615,9109.185
store_490,2015-08-08,580.26,6184.295
store_490,2015-08-09,0.0,0.0
store_490,2015-08-10,795.315,8014.95
store_490,2015-08-11,734.465,7320.86
store_490,2015-08-12,685.18,7032.1
store_490,2015-08-13,716.525,7337.915
store_490,2015-08-14,744.1,7638.165
store_490,2015-08-15,555.04,6047.91
store_490,2015-08-16,0.0,0.0
store_490,2015-08-17,1007.895,12379.415
store_490,2015-08-18,882.8,10466.285
store_490,2015-08-19,829.415,9379.435
store_490,2015-08-20,846.31,9154.295
store_490,2015-08-21,858.655,9090.755
store_490,2015-08-22,575.41,5999.645
store_490,2015-08-23,0.0,0.0
store_490,2015-08-24,763.135,7422.9
store_490,2015-08-25,697.175,6987.51
store_490,2015-08-26,707.235,7052.76
store_490,2015-08-27,718.615,7421.925
store_490,2015-08-28,759.87,7821.665
store_490,2015-08-29,584.95,6084.465
store_491,2015-07-20,438.08,4804.38
store_491,2015-07-21,395.765,4524.28
store_491,2015-07-22,412.715,4465.68
store_491,2015-07-23,420.635,4761.605
store_491,2015-07-24,471.385,5244.32
store_491,2015-07-25,466.565,5459.53
store_491,2015-07-26,0.0,0.0
store_491,2015-07-27,588.475,8057.53
store_491,2015-07-28,495.715,6890.67
store_491,2015-07-29,493.005,6507.425
store_491,2015-07-30,514.97,6640.54
store_491,2015-07-31,545.605,6857.785
store_491,2015-08-01,496.275,5821.435
store_491,2015-08-02,0.0,0.0
store_491,2015-08-03,623.44,8589.555
store_491,2015-08-04,513.865,6843.425
store_491,2015-08-05,480.03,6112.015
store_491,2015-08-06,481.635,6100.12
store_491,2015-08-07,495.77,6228.86
store_491,2015-08-08,465.885,5687.59
store_491,2015-08-09,0.0,0.0
store_491,2015-08-10,474.2,5368.685
store_491,2015-08-11,442.03,5035.1
store_491,2015-08-12,445.495,4955.27
store_491,2015-08-13,450.095,5165.36
store_491,2015-08-14,478.245,5463.16
store_491,2015-08-15,487.56,5745.585
store_491,2015-08-16,0.0,0.0
store_491,2015-08-17,631.175,8430.89
store_491,2015-08-18,537.395,6999.71
store_491,2015-08-19,508.38,6335.97
store_491,2015-08-20,524.945,6320.38
store_491,2015-08-21,541.12,6536.215
store_491,2015-08-22,488.615,5528.23
store_491,2015-08-23,0.0,0.0
store_491,2015-08-24,476.72,5483.555
store_491,2015-08-25,428.675,5122.76
store_491,2015-08-26,434.025,5071.445
store_491,2015-08-27,458.875,5446.965
store_491,2015-08-28,481.655,5995.835
store_491,2015-08-29,462.005,5629.635
store_492,2015-07-20,688.605,4255.315
store_492,2015-07-21,631.915,3725.69
store_492,2015-07-22,623.18,3589.805
store_492,2015-07-23,624.295,3656.12
store_492,2015-07-24,617.08,3558.825
store_492,2015-07-25,575.36,3461.285
store_492,2015-07-26,0.0,0.0
store_492,2015-07-27,865.945,6198.89
store_492,2015-07-28,756.065,5565.545
store_492,2015-07-29,740.81,5252.545
store_492,2015-07-30,750.345,5221.645
store_492,2015-07-31,726.82,4845.305
store_492,2015-08-01,607.475,3842.06
store_492,2015-08-02,0.0,0.0
store_492,2015-08-03,900.375,6996.92
store_492,2015-08-04,787.815,5984.845
store_492,2015-08-05,719.15,5226.99
store_492,2015-08-06,705.155,5083.255
store_492,2015-08-07,676.35,4690.1
store_492,2015-08-08,585.05,3768.06
store_492,2015-08-09,0.0,0.0
store_492,2015-08-10,719.49,4729.23
store_492,2015-08-11,665.96,4420.965
store_492,2015-08-12,636.96,4114.01
store_492,2015-08-13,645.445,4240.18
store_492,2015-08-14,633.065,4043.17
store_492,2015-08-15,587.04,3663.78
store_492,2015-08-16,0.0,0.0
store_492,2015-08-17,891.38,7013.01
store_492,2015-08-18,808.16,6233.895
store_492,2015-08-19,744.465,5584.595
store_492,2015-08-20,748.92,5363.62
store_492,2015-08-21,714.725,4965.355
store_492,2015-08-22,578.825,3783.965
store_492,2015-08-23,0.0,0.0
store_492,2015-08-24,696.985,4871.44
store_492,2015-08-25,634.57,4503.915
store_492,2015-08-26,612.825,4375.465
store_492,2015-08-27,627.76,4452.825
store_492,2015-08-28,646.31,4491.905
store_492,2015-08-29,559.54,3886.09
store_493,2015-07-20,687.455,5679.06
store_493,2015-07-21,617.595,5225.335
store_493,2015-07-22,583.81,4974.02
store_493,2015-07-23,609.125,5133.3
store_493,2015-07-24,608.02,5132.66
store_493,2015-07-25,511.795,4463.045
store_493,2015-07-26,0.0,0.0
store_493,2015-07-27,839.095,8497.405
store_493,2015-07-28,739.155,7556.66
store_493,2015-07-29,695.715,6772.4
store_493,2015-07-30,695.315,6587.61
store_493,2015-07-31,697.645,6486.23
store_493,2015-08-01,534.305,4767.055
store_493,2015-08-02,0.0,0.0
store_493,2015-08-03,864.575,9093.54
store_493,2015-08-04,733.855,7357.45
store_493,2015-08-05,683.235,6701.07
store_493,2015-08-06,666.98,6588.82
store_493,2015-08-07,658.11,6290.305
store_493,2015-08-08,532.935,4847.57
store_493,2015-08-09,0.0,0.0
store_493,2015-08-10,699.855,5944.34
store_493,2015-08-11,637.02,5472.505
store_493,2015-08-12,628.575,5291.77
store_493,2015-08-13,635.37,5452.475
store_493,2015-08-14,635.225,5487.905
store_493,2015-08-15,532.025,4731.335
store_493,2015-08-16,0.0,0.0
store_493,2015-08-17,874.135,9231.56
store_493,2015-08-18,745.245,7884.585
store_493,2015-08-19,710.0,6982.165
store_493,2015-08-20,721.13,6792.465
store_493,2015-08-21,702.96,6691.235
store_493,2015-08-22,533.25,4666.095
store_493,2015-08-23,0.0,0.0
store_493,2015-08-24,701.175,6217.035
store_493,2015-08-25,634.17,5807.615
store_493,2015-08-26,602.745,5597.295
store_493,2015-08-27,625.575,5909.76
store_493,2015-08-28,642.69,5997.705
store_493,2015-08-29,538.965,4904.53
store_494,2015-07-20,565.53,3952.9
store_494,2015-07-21,534.635,3630.395
store_494,2015-07-22,533.435,3588.725
store_494,2015-07-23,573.05,3965.225
store_494,2015-07-24,565.83,3857.555
store_494,2015-07-25,452.02,3273.61
store_494,2015-07-26,0.0,0.0
store_494,2015-07-27,768.925,6018.145
store_494,2015-07-28,663.685,5145.625
store_494,2015-07-29,646.865,4878.61
store_494,2015-07-30,663.84,5066.585
store_494,2015-07-31,670.2,4880.235
store_494,2015-08-01,475.21,3319.425
store_494,2015-08-02,0.0,0.0
store_494,2015-08-03,787.19,6173.055
store_494,2015-08-04,667.7,5103.37
store_494,2015-08-05,605.885,4691.03
store_494,2015-08-06,626.815,4834.13
store_494,2015-08-07,616.835,4603.445
store_494,2015-08-08,485.85,3528.785
store_494,2015-08-09,0.0,0.0
store_494,2015-08-10,597.835,4051.985
store_494,2015-08-11,542.285,3750.385
store_494,2015-08-12,532.87,3630.925
store_494,2015-08-13,539.865,3855.79
store_494,2015-08-14,551.59,3769.06
store_494,2015-08-15,488.5,3330.595
store_494,2015-08-16,0.0,0.0
store_494,2015-08-17,788.72,5847.57
store_494,2015-08-18,684.97,4920.415
store_494,2015-08-19,648.57,4445.735
store_494,2015-08-20,655.88,4564.475
store_494,2015-08-21,657.475,4483.63
store_494,2015-08-22,542.085,3548.01
store_494,2015-08-23,0.0,0.0
store_494,2015-08-24,691.355,4383.76
store_494,2015-08-25,615.825,3959.57
store_494,2015-08-26,586.97,3684.915
store_494,2015-08-27,574.31,3811.605
store_494,2015-08-28,568.42,3750.075
store_494,2015-08-29,512.04,3470.33
store_495,2015-07-20,634.1,5558.81
store_495,2015-07-21,560.825,5064.855
store_495,2015-07-22,541.06,4901.91
store_495,2015-07-23,561.635,4953.855
store_495,2015-07-24,546.64,4917.275
store_495,2015-07-25,485.06,4431.26
store_495,2015-07-26,0.0,0.0
store_495,2015-07-27,787.92,9196.795
store_495,2015-07-28,689.98,8255.815
store_495,2015-07-29,658.76,7695.88
store_495,2015-07-30,669.46,7346.9
store_495,2015-07-31,658.49,7047.025
store_495,2015-08-01,510.515,4845.075
store_495,2015-08-02,0.0,0.0
store_495,2015-08-03,864.805,9458.91
store_495,2015-08-04,720.12,8069.96
store_495,2015-08-05,652.54,7230.285
store_495,2015-08-06,636.21,6638.6
store_495,2015-08-07,611.355,6248.79
store_495,2015-08-08,508.185,4699.89
store_495,2015-08-09,0.0,0.0
store_495,2015-08-10,623.73,5655.715
store_495,2015-08-11,567.9,5291.34
store_495,2015-08-12,572.935,5257.315
store_495,2015-08-13,574.91,5214.05
store_495,2015-08-14,578.515,5138.935
store_495,2015-08-15,458.845,4341.95
store_495,2015-08-16,0.0,0.0
store_495,2015-08-17,867.36,9585.915
store_495,2015-08-18,726.38,8009.53
store_495,2015-08-19,683.22,7352.625
store_495,2015-08-20,696.505,7120.325
store_495,2015-08-21,681.81,6864.48
store_495,2015-08-22,488.64,4593.145
store_495,2015-08-23,0.0,0.0
store_495,2015-08-24,602.53,5302.675
store_495,2015-08-25,533.275,5118.24
store_495,2015-08-26,558.49,5195.19
store_495,2015-08-27,574.535,5425.11
store_495,2015-08-28,581.74,5569.385
store_495,2015-08-29,475.37,4595.795
store_496,2015-07-20,512.095,4764.685
store_496,2015-07-21,481.2,4929.755
store_496,2015-07-22,472.68,4849.51
store_496,2015-07-23,493.53,4925.935
store_496,2015-07-24,483.995,4913.255
store_496,2015-07-25,403.0,4512.8
store_496,2015-07-26,0.0,0.0
store_496,2015-07-27,659.32,7757.51
store_496,2015-07-28,582.345,7138.21
store_496,2015-07-29,567.045,6859.04
store_496,2015-07-30,569.225,6776.785
store_496,2015-07-31,562.33,6531.26
store_496,2015-08-01,411.38,4620.17
store_496,2015-08-02,0.0,0.0
store_496,2015-08-03,680.48,8096.195
store_496,2015-08-04,571.355,6968.715
store_496,2015-08-05,543.755,6414.57
store_496,2015-08-06,565.4,6523.85
store_496,2015-08-07,550.59,6270.5
store_496,2015-08-08,407.14,4553.405
store_496,2015-08-09,0.0,0.0
store_496,2015-08-10,526.5,5089.105
store_496,2015-08-11,502.18,4914.565
store_496,2015-08-12,478.84,4802.6
store_496,2015-08-13,490.885,5075.82
store_496,2015-08-14,504.955,5179.475
store_496,2015-08-15,406.685,4447.385
store_496,2015-08-16,0.0,0.0
store_496,2015-08-17,644.215,7506.685
store_496,2015-08-18,570.055,6625.925
store_496,2015-08-19,541.565,6132.63
store_496,2015-08-20,548.575,6066.625
store_496,2015-08-21,540.695,5935.03
store_496,2015-08-22,407.755,4250.605
store_496,2015-08-23,0.0,0.0
store_496,2015-08-24,512.605,4944.73
store_496,2015-08-25,481.115,4612.25
store_496,2015-08-26,468.61,4633.06
store_496,2015-08-27,475.8,4945.94
store_496,2015-08-28,491.14,5138.695
store_496,2015-08-29,407.535,4321.125
store_497,2015-07-20,601.47,6219.16
store_497,2015-07-21,533.86,5295.3
store_497,2015-07-22,516.375,5133.33
store_497,2015-07-23,524.09,5276.535
store_497,2015-07-24,544.525,5526.73
store_497,2015-07-25,575.0,5936.87
store_497,2015-07-26,0.0,0.0
store_497,2015-07-27,741.745,10089.875
store_497,2015-07-28,665.47,8479.535
store_497,2015-07-29,632.51,7725.75
store_497,2015-07-30,647.48,7365.97
store_497,2015-07-31,646.53,7460.18
store_497,2015-08-01,588.595,5998.055
store_497,2015-08-02,0.0,0.0
store_497,2015-08-03,754.27,9821.665
store_497,2015-08-04,662.455,7972.165
store_497,2015-08-05,613.8,7188.09
store_497,2015-08-06,593.935,7008.42
store_497,2015-08-07,580.445,6687.095
store_497,2015-08-08,560.18,6073.39
store_497,2015-08-09,0.0,0.0
store_497,2015-08-10,673.615,6663.83
store_497,2015-08-11,612.205,5915.475
store_497,2015-08-12,563.345,5454.21
store_497,2015-08-13,541.955,5464.96
store_497,2015-08-14,538.535,5432.24
store_497,2015-08-15,562.11,5752.83
store_497,2015-08-16,0.0,0.0
store_497,2015-08-17,788.665,9550.03
store_497,2015-08-18,713.28,8259.73
store_497,2015-08-19,681.135,7406.975
store_497,2015-08-20,662.155,7037.315
store_497,2015-08-21,659.785,6797.825
store_497,2015-08-22,574.52,5706.19
store_497,2015-08-23,0.0,0.0
store_497,2015-08-24,667.63,6257.425
store_497,2015-08-25,610.615,5925.945
store_497,2015-08-26,577.38,5591.315
store_497,2015-08-27,571.39,5628.08
store_497,2015-08-28,565.735,5604.735
store_497,2015-08-29,560.55,5685.91
store_498,2015-07-20,570.45,5258.275
store_498,2015-07-21,526.965,5070.16
store_498,2015-07-22,511.745,4967.32
store_498,2015-07-23,542.65,5333.175
store_498,2015-07-24,582.77,5726.06
store_498,2015-07-25,439.605,4411.755
store_498,2015-07-26,0.0,0.0
store_498,2015-07-27,740.5,9080.025
store_498,2015-07-28,645.95,7711.21
store_498,2015-07-29,646.205,7273.26
store_498,2015-07-30,656.71,7284.305
store_498,2015-07-31,665.94,7315.095
store_498,2015-08-01,453.93,4456.59
store_498,2015-08-02,0.0,0.0
store_498,2015-08-03,775.505,9373.165
store_498,2015-08-04,648.3,7428.265
store_498,2015-08-05,610.72,6735.625
store_498,2015-08-06,630.7,6966.23
store_498,2015-08-07,632.77,6928.805
store_498,2015-08-08,463.08,4648.655
store_498,2015-08-09,0.0,0.0
store_498,2015-08-10,629.165,6052.135
store_498,2015-08-11,572.475,5660.47
store_498,2015-08-12,541.675,5315.96
store_498,2015-08-13,564.12,5692.62
store_498,2015-08-14,572.87,6054.595
store_498,2015-08-15,460.86,4686.235
store_498,2015-08-16,0.0,0.0
store_498,2015-08-17,787.875,9489.185
store_498,2015-08-18,691.875,8103.045
store_498,2015-08-19,658.415,7214.25
store_498,2015-08-20,666.265,7163.295
store_498,2015-08-21,645.155,7093.96
store_498,2015-08-22,509.46,4914.13
store_498,2015-08-23,0.0,0.0
store_498,2015-08-24,681.445,7015.64
store_498,2015-08-25,608.56,6380.565
store_498,2015-08-26,575.43,6067.985
store_498,2015-08-27,587.45,6327.265
store_498,2015-08-28,577.715,6433.94
store_498,2015-08-29,468.875,4877.105
store_499,2015-07-20,940.81,7320.08
store_499,2015-07-21,873.055,6776.485
store_499,2015-07-22,884.74,6853.055
store_499,2015-07-23,910.33,7165.045
store_499,2015-07-24,909.27,7157.225
store_499,2015-07-25,751.545,5819.985
store_499,2015-07-26,0.0,0.0
store_499,2015-07-27,1143.135,11746.47
store_499,2015-07-28,1043.01,10893.855
store_499,2015-07-29,1071.47,10976.635
store_499,2015-07-30,1091.985,10856.075
store_499,2015-07-31,1032.975,10000.02
store_499,2015-08-01,791.795,6380.29
store_499,2015-08-02,0.0,0.0
store_499,2015-08-03,1170.02,11978.4
store_499,2015-08-04,999.745,9809.555
store_499,2015-08-05,994.89,9583.025
store_499,2015-08-06,1004.43,9764.97
store_499,2015-08-07,991.725,9243.21
store_499,2015-08-08,780.775,6424.025
store_499,2015-08-09,0.0,0.0
store_499,2015-08-10,944.2,8125.08
store_499,2015-08-11,856.85,7537.44
store_499,2015-08-12,885.03,7793.845
store_499,2015-08-13,881.375,8104.01
store_499,2015-08-14,902.905,8121.955
store_499,2015-08-15,775.57,6506.63
store_499,2015-08-16,0.0,0.0
store_499,2015-08-17,1166.05,12875.715
store_499,2015-08-18,1035.29,10751.075
store_499,2015-08-19,999.31,10110.04
store_499,2015-08-20,1005.925,9955.785
store_499,2015-08-21,1006.61,9810.925
store_499,2015-08-22,801.335,6919.195
store_499,2015-08-23,0.0,0.0
store_499,2015-08-24,862.465,7911.075
store_499,2015-08-25,802.39,7583.725
store_499,2015-08-26,819.97,7808.57
store_499,2015-08-27,866.9,8484.865
store_499,2015-08-28,889.995,8972.555
store_499,2015-08-29,746.45,7030.995
store_5,2015-07-20,592.93,6397.43
store_5,2015-07-21,544.26,5827.09
store_5,2015-07-22,523.025,5595.02
store_5,2015-07-23,535.5,6081.755
store_5,2015-07-24,532.185,5916.04
store_5,2015-07-25,495.255,5545.93
store_5,2015-07-26,0.0,0.0
store_5,2015-07-27,754.515,10205.285
store_5,2015-07-28,644.575,8628.295
store_5,2015-07-29,630.22,7879.85
store_5,2015-07-30,664.51,8107.36
store_5,2015-07-31,634.89,7741.84
store_5,2015-08-01,526.435,5814.98
store_5,2015-08-02,0.0,0.0
store_5,2015-08-03,779.385,10439.365
store_5,2015-08-04,648.345,8230.885
store_5,2015-08-05,597.89,7227.125
store_5,2015-08-06,620.78,7349.83
store_5,2015-08-07,599.715,7078.005
store_5,2015-08-08,503.875,5644.41
store_5,2015-08-09,0.0,0.0
store_5,2015-08-10,650.66,6963.185
store_5,2015-08-11,583.59,6225.43
store_5,2015-08-12,552.06,5897.9
store_5,2015-08-13,556.515,6117.845
store_5,2015-08-14,553.865,6146.435
store_5,2015-08-15,486.35,5441.375
store_5,2015-08-16,0.0,0.0
store_5,2015-08-17,797.31,9860.01
store_5,2015-08-18,694.15,8500.73
store_5,2015-08-19,660.575,7691.26
store_5,2015-08-20,666.905,7530.94
store_5,2015-08-21,658.88,7442.37
store_5,2015-08-22,494.84,5467.02
store_5,2015-08-23,0.0,0.0
store_5,2015-08-24,647.815,6659.805
store_5,2015-08-25,582.355,6250.545
store_5,2015-08-26,549.635,5999.6
store_5,2015-08-27,572.2,6305.765
store_5,2015-08-28,580.07,6525.16
store_5,2015-08-29,500.555,5555.015
store_50,2015-07-20,588.215,6866.14
store_50,2015-07-21,498.77,5967.345
store_50,2015-07-22,494.96,5868.51
store_50,2015-07-23,515.13,6072.86
store_50,2015-07-24,554.84,6774.69
store_50,2015-07-25,621.41,7889.53
store_50,2015-07-26,0.0,0.0
store_50,2015-07-27,759.075,11226.84
store_50,2015-07-28,635.285,9073.135
store_50,2015-07-29,616.095,8567.18
store_50,2015-07-30,615.135,8240.1
store_50,2015-07-31,633.98,8570.27
store_50,2015-08-01,611.215,7723.285
store_50,2015-08-02,0.0,0.0
store_50,2015-08-03,765.675,11250.31
store_50,2015-08-04,630.16,8771.01
store_50,2015-08-05,595.545,8030.73
store_50,2015-08-06,601.1,7879.46
store_50,2015-08-07,596.67,7850.885
store_50,2015-08-08,593.44,7661.72
store_50,2015-08-09,0.0,0.0
store_50,2015-08-10,581.965,6924.525
store_50,2015-08-11,534.58,6245.585
store_50,2015-08-12,538.97,6194.385
store_50,2015-08-13,545.39,6536.335
store_50,2015-08-14,557.34,6851.72
store_50,2015-08-15,587.35,7434.725
store_50,2015-08-16,0.0,0.0
store_50,2015-08-17,774.465,11136.69
store_50,2015-08-18,653.445,8861.18
store_50,2015-08-19,617.57,8089.045
store_50,2015-08-20,624.835,7985.815
store_50,2015-08-21,638.525,8186.195
store_50,2015-08-22,590.985,7345.58
store_50,2015-08-23,0.0,0.0
store_50,2015-08-24,581.605,6948.69
store_50,2015-08-25,513.395,6290.905
store_50,2015-08-26,521.92,6154.02
store_50,2015-08-27,541.44,6514.77
store_50,2015-08-28,584.785,7267.93
store_50,2015-08-29,582.915,7309.045
store_500,2015-07-20,665.26,7080.945
store_500,2015-07-21,597.695,6405.66
store_500,2015-07-22,587.415,6428.55
store_500,2015-07-23,626.345,6804.44
store_500,2015-07-24,657.45,7192.8
store_500,2015-07-25,463.44,5392.545
store_500,2015-07-26,0.0,0.0
store_500,2015-07-27,795.255,9697.725
store_500,2015-07-28,733.83,8951.925
store_500,2015-07-29,714.27,8520.91
store_500,2015-07-30,741.07,8538.945
store_500,2015-07-31,756.645,8507.935
store_500,2015-08-01,494.5,5442.235
store_500,2015-08-02,0.0,0.0
store_500,2015-08-03,862.045,9968.335
store_500,2015-08-04,713.57,8388.99
store_500,2015-08-05,675.595,7777.27
store_500,2015-08-06,701.495,7928.695
store_500,2015-08-07,733.57,8050.815
store_500,2015-08-08,475.065,5146.13
store_500,2015-08-09,0.0,0.0
store_500,2015-08-10,689.545,6594.515
store_500,2015-08-11,623.175,5790.155
store_500,2015-08-12,608.31,5734.12
store_500,2015-08-13,628.23,6166.87
store_500,2015-08-14,686.105,6691.775
store_500,2015-08-15,476.355,5054.74
store_500,2015-08-16,0.0,0.0
store_500,2015-08-17,885.375,9241.93
store_500,2015-08-18,757.67,7926.075
store_500,2015-08-19,708.79,7282.355
store_500,2015-08-20,716.8,7210.27
store_500,2015-08-21,739.645,7473.74
store_500,2015-08-22,506.005,4904.71
store_500,2015-08-23,0.0,0.0
store_500,2015-08-24,718.05,6167.75
store_500,2015-08-25,638.37,5611.435
store_500,2015-08-26,618.38,5416.155
store_500,2015-08-27,639.845,5702.68
store_500,2015-08-28,655.93,6231.035
store_500,2015-08-29,487.42,4651.695
store_501,2015-07-20,719.44,4746.5
store_501,2015-07-21,678.585,4438.39
store_501,2015-07-22,661.67,4428.11
store_501,2015-07-23,695.355,4657.485
store_501,2015-07-24,686.69,4457.71
store_501,2015-07-25,771.255,5273.565
store_501,2015-07-26,0.0,0.0
store_501,2015-07-27,912.235,7631.815
store_501,2015-07-28,857.68,7216.0
store_501,2015-07-29,843.485,6799.545
store_501,2015-07-30,840.345,6482.325
store_501,2015-07-31,803.095,6044.635
store_501,2015-08-01,767.79,5271.255
store_501,2015-08-02,0.0,0.0
store_501,2015-08-03,1004.62,8455.48
store_501,2015-08-04,852.285,7156.7
store_501,2015-08-05,808.16,6419.295
store_501,2015-08-06,778.72,6122.82
store_501,2015-08-07,769.69,5658.13
store_501,2015-08-08,753.6,5442.63
store_501,2015-08-09,0.0,0.0
store_501,2015-08-10,749.865,5238.93
store_501,2015-08-11,688.37,4830.91
store_501,2015-08-12,678.09,4615.565
store_501,2015-08-13,672.805,4680.74
store_501,2015-08-14,680.22,4616.165
store_501,2015-08-15,715.28,5115.265
store_501,2015-08-16,0.0,0.0
store_501,2015-08-17,1026.525,8555.115
store_501,2015-08-18,886.79,7317.58
store_501,2015-08-19,843.805,6705.685
store_501,2015-08-20,815.12,6223.935
store_501,2015-08-21,790.145,5831.095
store_501,2015-08-22,699.28,5025.44
store_501,2015-08-23,0.0,0.0
store_501,2015-08-24,750.78,5316.1
store_501,2015-08-25,668.43,4852.4
store_501,2015-08-26,688.76,4837.945
store_501,2015-08-27,686.715,4910.13
store_501,2015-08-28,717.45,4976.28
store_501,2015-08-29,704.42,5093.21
store_502,2015-07-20,1421.37,9874.19
store_502,2015-07-21,1310.025,9852.01
store_502,2015-07-22,1298.06,10069.36
store_502,2015-07-23,1395.05,10196.435
store_502,2015-07-24,1302.02,9707.58
store_502,2015-07-25,1149.29,8482.065
store_502,2015-07-26,0.0,0.0
store_502,2015-07-27,1737.605,15217.765
store_502,2015-07-28,1674.24,15024.925
store_502,2015-07-29,1622.055,14336.905
store_502,2015-07-30,1588.04,12875.58
store_502,2015-07-31,1496.485,11719.85
store_502,2015-08-01,1140.27,8365.685
store_502,2015-08-02,0.0,0.0
store_502,2015-08-03,1869.675,15565.6
store_502,2015-08-04,1646.45,13813.865
store_502,2015-08-05,1555.035,12877.965
store_502,2015-08-06,1517.89,12421.24
store_502,2015-08-07,1481.425,11548.96
store_502,2015-08-08,1140.775,8495.935
store_502,2015-08-09,0.0,0.0
store_502,2015-08-10,1523.035,10454.675
store_502,2015-08-11,1425.29,10227.83
store_502,2015-08-12,1342.31,9814.485
store_502,2015-08-13,1379.965,10070.235
store_502,2015-08-14,1365.845,9599.075
store_502,2015-08-15,1133.435,8240.85
store_502,2015-08-16,0.0,0.0
store_502,2015-08-17,1975.145,15613.165
store_502,2015-08-18,1780.685,13852.675
store_502,2015-08-19,1602.435,12157.175
store_502,2015-08-20,1560.375,11717.36
store_502,2015-08-21,1482.98,11130.45
store_502,2015-08-22,1138.275,8196.26
store_502,2015-08-23,0.0,0.0
store_502,2015-08-24,1446.21,9876.025
store_502,2015-08-25,1395.74,9816.245
store_502,2015-08-26,1369.3,9723.23
store_502,2015-08-27,1397.605,9978.845
store_502,2015-08-28,1360.44,9919.65
store_502,2015-08-29,1144.24,8263.705
store_503,2015-07-20,514.275,5548.11
store_503,2015-07-21,458.185,5057.9
store_503,2015-07-22,465.89,5000.995
store_503,2015-07-23,478.59,5139.835
store_503,2015-07-24,536.235,5769.965
store_503,2015-07-25,578.24,6444.675
store_503,2015-07-26,0.0,0.0
store_503,2015-07-27,694.67,9619.585
store_503,2015-07-28,583.61,7934.415
store_503,2015-07-29,555.85,7170.305
store_503,2015-07-30,567.505,7074.3
store_503,2015-07-31,595.08,7246.905
store_503,2015-08-01,573.09,6312.545
store_503,2015-08-02,0.0,0.0
store_503,2015-08-03,727.765,9993.5
store_503,2015-08-04,595.76,7751.225
store_503,2015-08-05,539.155,6829.62
store_503,2015-08-06,549.565,6670.335
store_503,2015-08-07,570.61,7041.165
store_503,2015-08-08,567.595,6538.375
store_503,2015-08-09,0.0,0.0
store_503,2015-08-10,537.87,5869.85
store_503,2015-08-11,469.925,5281.71
store_503,2015-08-12,461.705,5083.71
store_503,2015-08-13,489.18,5300.84
store_503,2015-08-14,512.38,5742.135
store_503,2015-08-15,558.315,6253.12
store_503,2015-08-16,0.0,0.0
store_503,2015-08-17,728.135,9743.63
store_503,2015-08-18,608.98,7832.19
store_503,2015-08-19,577.46,6993.72
store_503,2015-08-20,574.235,6775.425
store_503,2015-08-21,594.0,7030.43
store_503,2015-08-22,575.555,6423.43
store_503,2015-08-23,0.0,0.0
store_503,2015-08-24,499.7,5678.95
store_503,2015-08-25,455.775,5206.02
store_503,2015-08-26,453.63,5059.11
store_503,2015-08-27,482.245,5421.295
store_503,2015-08-28,513.655,5761.7
store_503,2015-08-29,553.745,6293.795
store_504,2015-07-20,456.825,4629.965
store_504,2015-07-21,427.51,4171.505
store_504,2015-07-22,426.895,4096.965
store_504,2015-07-23,443.815,4377.91
store_504,2015-07-24,463.08,4534.445
store_504,2015-07-25,471.73,4520.7
store_504,2015-07-26,0.0,0.0
store_504,2015-07-27,630.895,8149.91
store_504,2015-07-28,543.775,7095.58
store_504,2015-07-29,530.94,6485.245
store_504,2015-07-30,532.255,6128.64
store_504,2015-07-31,536.74,6083.985
store_504,2015-08-01,472.67,4594.03
store_504,2015-08-02,0.0,0.0
store_504,2015-08-03,641.945,7929.145
store_504,2015-08-04,531.92,6643.16
store_504,2015-08-05,499.765,6059.63
store_504,2015-08-06,508.865,5820.21
store_504,2015-08-07,523.41,5786.895
store_504,2015-08-08,491.445,4859.39
store_504,2015-08-09,0.0,0.0
store_504,2015-08-10,486.365,4846.06
store_504,2015-08-11,442.195,4506.905
store_504,2015-08-12,428.835,4415.195
store_504,2015-08-13,447.41,4567.62
store_504,2015-08-14,487.695,4925.38
store_504,2015-08-15,455.425,4654.305
store_504,2015-08-16,0.0,0.0
store_504,2015-08-17,649.925,8085.395
store_504,2015-08-18,548.51,6599.55
store_504,2015-08-19,523.105,6155.53
store_504,2015-08-20,529.585,5887.32
store_504,2015-08-21,544.685,6041.565
store_504,2015-08-22,478.775,4712.87
store_504,2015-08-23,0.0,0.0
store_504,2015-08-24,492.87,4937.585
store_504,2015-08-25,435.545,4589.055
store_504,2015-08-26,447.425,4583.06
store_504,2015-08-27,446.71,4732.56
store_504,2015-08-28,503.425,5356.385
store_504,2015-08-29,481.56,4932.165
store_505,2015-07-20,623.94,4935.75
store_505,2015-07-21,559.79,4378.785
store_505,2015-07-22,536.32,4299.435
store_505,2015-07-23,538.435,4242.78
store_505,2015-07-24,572.505,4454.83
store_505,2015-07-25,460.98,3718.145
store_505,2015-07-26,0.0,0.0
store_505,2015-07-27,815.275,8348.875
store_505,2015-07-28,708.87,7174.02
store_505,2015-07-29,708.975,6662.78
store_505,2015-07-30,675.405,6058.905
store_505,2015-07-31,672.82,5988.03
store_505,2015-08-01,491.85,3888.91
store_505,2015-08-02,0.0,0.0
store_505,2015-08-03,818.88,8132.31
store_505,2015-08-04,701.335,6621.015
store_505,2015-08-05,640.09,5813.915
store_505,2015-08-06,621.11,5430.66
store_505,2015-08-07,611.325,5227.885
store_505,2015-08-08,469.805,3805.73
store_505,2015-08-09,0.0,0.0
store_505,2015-08-10,666.335,5341.845
store_505,2015-08-11,609.275,4820.25
store_505,2015-08-12,576.6,4486.77
store_505,2015-08-13,565.51,4397.23
store_505,2015-08-14,563.805,4345.715
store_505,2015-08-15,469.075,3864.595
store_505,2015-08-16,0.0,0.0
store_505,2015-08-17,817.29,7968.41
store_505,2015-08-18,717.6,6649.7
store_505,2015-08-19,662.44,5877.17
store_505,2015-08-20,655.155,5674.19
store_505,2015-08-21,640.86,5366.485
store_505,2015-08-22,485.695,3731.24
store_505,2015-08-23,0.0,0.0
store_505,2015-08-24,622.485,5001.045
store_505,2015-08-25,575.235,4626.115
store_505,2015-08-26,559.995,4501.535
store_505,2015-08-27,573.685,4590.36
store_505,2015-08-28,581.435,4595.8
store_505,2015-08-29,474.21,3872.665
store_506,2015-07-20,523.305,4150.38
store_506,2015-07-21,497.48,3975.59
store_506,2015-07-22,479.21,3880.415
store_506,2015-07-23,488.365,4039.285
store_506,2015-07-24,515.495,4366.94
store_506,2015-07-25,278.08,2363.865
store_506,2015-07-26,0.0,0.0
store_506,2015-07-27,648.415,6081.575
store_506,2015-07-28,566.7,5720.105
store_506,2015-07-29,533.88,5453.54
store_506,2015-07-30,544.745,5449.245
store_506,2015-07-31,574.43,5605.335
store_506,2015-08-01,282.395,2483.16
store_506,2015-08-02,0.0,0.0
store_506,2015-08-03,691.975,6520.245
store_506,2015-08-04,592.6,5696.775
store_506,2015-08-05,529.95,5262.275
store_506,2015-08-06,540.67,5112.415
store_506,2015-08-07,541.49,5288.095
store_506,2015-08-08,286.82,2477.055
store_506,2015-08-09,0.0,0.0
store_506,2015-08-10,548.54,4514.365
store_506,2015-08-11,513.625,4454.795
store_506,2015-08-12,506.41,4470.595
store_506,2015-08-13,505.905,4482.495
store_506,2015-08-14,520.17,4601.88
store_506,2015-08-15,284.68,2541.11
store_506,2015-08-16,0.0,0.0
store_506,2015-08-17,640.815,6418.96
store_506,2015-08-18,582.22,5851.86
store_506,2015-08-19,555.945,5632.13
store_506,2015-08-20,577.21,5751.815
store_506,2015-08-21,585.895,5799.405
store_506,2015-08-22,283.045,2580.465
store_506,2015-08-23,0.0,0.0
store_506,2015-08-24,452.57,4262.985
store_506,2015-08-25,490.03,4442.965
store_506,2015-08-26,484.99,4621.47
store_506,2015-08-27,510.78,4984.24
store_506,2015-08-28,522.045,5181.19
store_506,2015-08-29,281.7,2667.2
store_507,2015-07-20,811.205,5413.17
store_507,2015-07-21,862.04,5294.2
store_507,2015-07-22,840.975,5338.84
store_507,2015-07-23,869.8,5438.075
store_507,2015-07-24,878.24,5266.49
store_507,2015-07-25,561.56,3594.475
store_507,2015-07-26,0.0,0.0
store_507,2015-07-27,1054.645,8093.935
store_507,2015-07-28,1019.375,7536.525
store_507,2015-07-29,1014.335,7399.51
store_507,2015-07-30,992.385,7044.535
store_507,2015-07-31,988.54,6610.15
store_507,2015-08-01,618.445,3821.63
store_507,2015-08-02,0.0,0.0
store_507,2015-08-03,1136.605,8383.13
store_507,2015-08-04,1036.835,7497.075
store_507,2015-08-05,945.725,6976.96
store_507,2015-08-06,931.185,6695.125
store_507,2015-08-07,917.125,6368.985
store_507,2015-08-08,620.57,3830.23
store_507,2015-08-09,0.0,0.0
store_507,2015-08-10,865.665,5665.7
store_507,2015-08-11,856.665,5396.97
store_507,2015-08-12,822.09,5329.165
store_507,2015-08-13,828.065,5397.255
store_507,2015-08-14,862.28,5386.19
store_507,2015-08-15,603.61,3758.84
store_507,2015-08-16,0.0,0.0
store_507,2015-08-17,1093.175,7885.18
store_507,2015-08-18,1024.835,7070.84
store_507,2015-08-19,942.475,6562.545
store_507,2015-08-20,946.835,6313.94
store_507,2015-08-21,952.95,6228.16
store_507,2015-08-22,614.475,3778.27
store_507,2015-08-23,0.0,0.0
store_507,2015-08-24,820.565,5250.31
store_507,2015-08-25,763.895,4942.585
store_507,2015-08-26,795.17,5129.49
store_507,2015-08-27,835.715,5342.495
store_507,2015-08-28,843.895,5305.78
store_507,2015-08-29,607.25,3790.705
store_508,2015-07-20,428.73,3654.42
store_508,2015-07-21,350.895,3143.805
store_508,2015-07-22,396.38,3607.21
store_508,2015-07-23,392.05,3332.99
store_508,2015-07-24,390.085,3214.715
store_508,2015-07-25,232.54,1965.33
store_508,2015-07-26,0.0,0.0
store_508,2015-07-27,560.645,6354.81
store_508,2015-07-28,469.405,5068.76
store_508,2015-07-29,466.54,4947.57
store_508,2015-07-30,458.62,4578.92
store_508,2015-07-31,451.835,4300.615
store_508,2015-08-01,240.475,2128.415
store_508,2015-08-02,0.0,0.0
store_508,2015-08-03,560.925,6419.8
store_508,2015-08-04,467.315,4913.73
store_508,2015-08-05,452.995,4732.18
store_508,2015-08-06,447.525,4463.97
store_508,2015-08-07,449.81,4070.85
store_508,2015-08-08,240.055,2074.935
store_508,2015-08-09,0.0,0.0
store_508,2015-08-10,424.165,3766.105
store_508,2015-08-11,389.64,3366.305
store_508,2015-08-12,402.545,3544.42
store_508,2015-08-13,409.425,3611.65
store_508,2015-08-14,423.46,3573.515
store_508,2015-08-15,242.815,2131.98
store_508,2015-08-16,0.0,0.0
store_508,2015-08-17,597.76,6171.46
store_508,2015-08-18,506.435,5030.54
store_508,2015-08-19,486.585,4729.085
store_508,2015-08-20,470.495,4523.835
store_508,2015-08-21,472.59,4263.765
store_508,2015-08-22,246.105,2084.755
store_508,2015-08-23,0.0,0.0
store_508,2015-08-24,427.81,3582.81
store_508,2015-08-25,388.15,3386.125
store_508,2015-08-26,386.93,3454.715
store_508,2015-08-27,400.05,3576.615
store_508,2015-08-28,422.69,3677.745
store_508,2015-08-29,238.675,2036.38
store_509,2015-07-20,341.965,4415.71
store_509,2015-07-21,296.58,3777.89
store_509,2015-07-22,302.075,3760.355
store_509,2015-07-23,314.155,3872.09
store_509,2015-07-24,367.87,4687.165
store_509,2015-07-25,340.445,4483.045
store_509,2015-07-26,0.0,0.0
store_509,2015-07-27,441.745,6471.2
store_509,2015-07-28,371.61,5463.865
store_509,2015-07-29,352.01,4963.72
store_509,2015-07-30,376.455,5098.005
store_509,2015-07-31,405.75,5489.45
store_509,2015-08-01,353.66,4497.94
store_509,2015-08-02,0.0,0.0
store_509,2015-08-03,454.58,6645.915
store_509,2015-08-04,387.09,5382.92
store_509,2015-08-05,364.755,5105.48
store_509,2015-08-06,376.22,5166.355
store_509,2015-08-07,388.22,5421.445
store_509,2015-08-08,349.1,4701.405
store_509,2015-08-09,0.0,0.0
store_509,2015-08-10,341.18,4158.145
store_509,2015-08-11,293.225,3684.51
store_509,2015-08-12,305.74,3758.11
store_509,2015-08-13,327.565,4086.775
store_509,2015-08-14,382.14,4935.18
store_509,2015-08-15,343.82,4585.62
store_509,2015-08-16,0.0,0.0
store_509,2015-08-17,422.885,6034.495
store_509,2015-08-18,387.07,5299.3
store_509,2015-08-19,372.335,4977.645
store_509,2015-08-20,393.87,5249.65
store_509,2015-08-21,417.105,5535.87
store_509,2015-08-22,350.255,4495.345
store_509,2015-08-23,0.0,0.0
store_509,2015-08-24,335.15,4074.185
store_509,2015-08-25,297.17,3725.565
store_509,2015-08-26,299.655,3756.5
store_509,2015-08-27,333.295,4222.69
store_509,2015-08-28,366.95,4800.485
store_509,2015-08-29,344.385,4426.885
store_51,2015-07-20,717.01,7056.185
store_51,2015-07-21,706.69,6868.52
store_51,2015-07-22,712.2,7126.465
store_51,2015-07-23,779.31,7725.775
store_51,2015-07-24,815.695,8034.53
store_51,2015-07-25,493.215,5078.74
store_51,2015-07-26,0.0,0.0
store_51,2015-07-27,883.695,10163.09
store_51,2015-07-28,877.53,10079.34
store_51,2015-07-29,875.775,9873.055
store_51,2015-07-30,905.755,10170.15
store_51,2015-07-31,911.745,10210.36
store_51,2015-08-01,519.955,5377.965
store_51,2015-08-02,0.0,0.0
store_51,2015-08-03,939.7,10569.49
store_51,2015-08-04,819.825,9136.56
store_51,2015-08-05,805.385,8704.945
store_51,2015-08-06,821.975,9318.18
store_51,2015-08-07,848.26,9358.195
store_51,2015-08-08,533.445,5399.54
store_51,2015-08-09,0.0,0.0
store_51,2015-08-10,765.76,6866.37
store_51,2015-08-11,725.685,6443.79
store_51,2015-08-12,704.605,6457.865
store_51,2015-08-13,725.645,7214.33
store_51,2015-08-14,764.285,7571.915
store_51,2015-08-15,509.095,5072.525
store_51,2015-08-16,0.0,0.0
store_51,2015-08-17,976.51,10137.915
store_51,2015-08-18,853.185,8522.33
store_51,2015-08-19,796.905,8105.44
store_51,2015-08-20,828.225,8405.79
store_51,2015-08-21,870.175,8733.635
store_51,2015-08-22,545.26,5313.62
store_51,2015-08-23,0.0,0.0
store_51,2015-08-24,791.785,6673.03
store_51,2015-08-25,724.57,6156.42
store_51,2015-08-26,705.83,6181.64
store_51,2015-08-27,737.615,6793.575
store_51,2015-08-28,788.88,7498.275
store_51,2015-08-29,515.13,5122.57
store_510,2015-07-20,724.265,7449.695
store_510,2015-07-21,679.0,6891.87
store_510,2015-07-22,658.93,6520.965
store_510,2015-07-23,700.45,6978.105
store_510,2015-07-24,759.32,7463.875
store_510,2015-07-25,520.19,5176.52
store_510,2015-07-26,0.0,0.0
store_510,2015-07-27,931.54,12006.95
store_510,2015-07-28,859.37,10397.335
store_510,2015-07-29,829.07,9193.295
store_510,2015-07-30,855.25,8884.68
store_510,2015-07-31,933.175,9411.49
store_510,2015-08-01,567.7,5363.59
store_510,2015-08-02,0.0,0.0
store_510,2015-08-03,968.23,11375.11
store_510,2015-08-04,823.94,9267.725
store_510,2015-08-05,763.69,8475.85
store_510,2015-08-06,785.155,8436.66
store_510,2015-08-07,812.065,8697.155
store_510,2015-08-08,550.265,5530.095
store_510,2015-08-09,0.0,0.0
store_510,2015-08-10,762.37,7332.045
store_510,2015-08-11,689.135,6521.68
store_510,2015-08-12,669.26,6204.39
store_510,2015-08-13,671.335,6503.005
store_510,2015-08-14,742.725,7084.095
store_510,2015-08-15,556.925,5323.34
store_510,2015-08-16,0.0,0.0
store_510,2015-08-17,965.92,10419.855
store_510,2015-08-18,854.45,8586.965
store_510,2015-08-19,779.645,7767.925
store_510,2015-08-20,768.07,7624.595
store_510,2015-08-21,803.655,7823.595
store_510,2015-08-22,571.855,5184.41
store_510,2015-08-23,0.0,0.0
store_510,2015-08-24,787.79,6806.51
store_510,2015-08-25,714.03,6322.38
store_510,2015-08-26,691.615,5962.405
store_510,2015-08-27,696.7,6059.69
store_510,2015-08-28,746.83,6620.725
store_510,2015-08-29,563.0,5271.01
store_511,2015-07-20,810.53,5291.54
store_511,2015-07-21,744.845,5015.07
store_511,2015-07-22,747.48,5145.205
store_511,2015-07-23,753.08,5033.6
store_511,2015-07-24,764.055,5048.555
store_511,2015-07-25,825.815,5765.26
store_511,2015-07-26,0.0,0.0
store_511,2015-07-27,1058.395,8480.82
store_511,2015-07-28,968.8,7617.94
store_511,2015-07-29,933.38,7008.565
store_511,2015-07-30,931.045,6450.955
store_511,2015-07-31,893.385,6315.44
store_511,2015-08-01,823.69,5801.135
store_511,2015-08-02,0.0,0.0
store_511,2015-08-03,1170.935,9517.35
store_511,2015-08-04,968.69,7507.7
store_511,2015-08-05,907.74,6623.16
store_511,2015-08-06,869.86,6343.965
store_511,2015-08-07,845.475,6105.075
store_511,2015-08-08,837.775,5804.645
store_511,2015-08-09,0.0,0.0
store_511,2015-08-10,901.22,5951.905
store_511,2015-08-11,830.805,5434.83
store_511,2015-08-12,793.77,5179.825
store_511,2015-08-13,821.105,5326.29
store_511,2015-08-14,822.305,5331.005
store_511,2015-08-15,849.895,5777.275
store_511,2015-08-16,0.0,0.0
store_511,2015-08-17,1164.295,8825.22
store_511,2015-08-18,1029.33,7507.685
store_511,2015-08-19,984.135,6834.405
store_511,2015-08-20,950.075,6467.555
store_511,2015-08-21,913.45,6232.155
store_511,2015-08-22,840.125,5756.735
store_511,2015-08-23,0.0,0.0
store_511,2015-08-24,899.21,5826.295
store_511,2015-08-25,844.95,5464.37
store_511,2015-08-26,798.695,5223.52
store_511,2015-08-27,827.59,5331.35
store_511,2015-08-28,826.68,5318.975
store_511,2015-08-29,851.98,5795.455
store_512,2015-07-20,752.06,5996.27
store_512,2015-07-21,666.26,5680.035
store_512,2015-07-22,704.785,5591.725
store_512,2015-07-23,708.075,5724.235
store_512,2015-07-24,695.195,5545.555
store_512,2015-07-25,650.435,5164.88
store_512,2015-07-26,0.0,0.0
store_512,2015-07-27,937.84,10372.81
store_512,2015-07-28,892.845,9271.825
store_512,2015-07-29,860.755,8185.165
store_512,2015-07-30,864.535,7776.405
store_512,2015-07-31,816.015,7253.59
store_512,2015-08-01,669.125,5230.655
store_512,2015-08-02,0.0,0.0
store_512,2015-08-03,991.425,10342.95
store_512,2015-08-04,864.85,8671.78
store_512,2015-08-05,827.82,7936.885
store_512,2015-08-06,799.075,7602.9
store_512,2015-08-07,752.63,7129.68
store_512,2015-08-08,689.54,5724.15
store_512,2015-08-09,0.0,0.0
store_512,2015-08-10,750.135,6385.405
store_512,2015-08-11,696.11,6001.445
store_512,2015-08-12,705.175,6032.42
store_512,2015-08-13,706.595,6178.32
store_512,2015-08-14,716.07,6090.085
store_512,2015-08-15,671.41,5509.94
store_512,2015-08-16,0.0,0.0
store_512,2015-08-17,966.06,10449.71
store_512,2015-08-18,881.335,8925.4
store_512,2015-08-19,845.435,8176.79
store_512,2015-08-20,808.97,7738.745
store_512,2015-08-21,786.145,7436.215
store_512,2015-08-22,664.04,5433.135
store_512,2015-08-23,0.0,0.0
store_512,2015-08-24,750.44,6330.245
store_512,2015-08-25,697.33,6131.95
store_512,2015-08-26,676.45,6037.095
store_512,2015-08-27,693.37,6242.245
store_512,2015-08-28,708.375,6298.205
store_512,2015-08-29,642.815,5449.805
store_513,2015-07-20,778.81,6839.885
store_513,2015-07-21,693.805,6295.225
store_513,2015-07-22,724.84,6241.655
store_513,2015-07-23,738.785,6329.6
store_513,2015-07-24,786.225,6620.55
store_513,2015-07-25,820.58,7560.055
store_513,2015-07-26,0.0,0.0
store_513,2015-07-27,1045.385,10869.25
store_513,2015-07-28,918.38,9737.26
store_513,2015-07-29,897.83,9130.0
store_513,2015-07-30,907.195,8878.225
store_513,2015-07-31,892.49,8554.665
store_513,2015-08-01,824.13,7861.395
store_513,2015-08-02,0.0,0.0
store_513,2015-08-03,1106.545,11718.51
store_513,2015-08-04,889.05,9438.925
store_513,2015-08-05,870.59,8596.84
store_513,2015-08-06,865.24,8341.57
store_513,2015-08-07,872.94,8108.755
store_513,2015-08-08,826.52,7887.535
store_513,2015-08-09,0.0,0.0
store_513,2015-08-10,870.53,7445.015
store_513,2015-08-11,779.96,6912.765
store_513,2015-08-12,758.67,6579.01
store_513,2015-08-13,786.88,6731.7
store_513,2015-08-14,830.04,6993.08
store_513,2015-08-15,843.515,7673.775
store_513,2015-08-16,0.0,0.0
store_513,2015-08-17,1086.095,11382.85
store_513,2015-08-18,932.745,9459.01
store_513,2015-08-19,897.95,8503.595
store_513,2015-08-20,905.25,8374.995
store_513,2015-08-21,915.73,8305.9
store_513,2015-08-22,841.365,7529.2
store_513,2015-08-23,0.0,0.0
store_513,2015-08-24,857.01,7295.735
store_513,2015-08-25,774.215,6741.18
store_513,2015-08-26,741.88,6409.38
store_513,2015-08-27,775.815,6750.195
store_513,2015-08-28,835.53,7198.425
store_513,2015-08-29,846.925,7714.785
store_514,2015-07-20,542.6,5053.13
store_514,2015-07-21,478.94,4501.445
store_514,2015-07-22,498.05,4701.645
store_514,2015-07-23,521.07,4724.765
store_514,2015-07-24,525.09,4761.795
store_514,2015-07-25,536.475,4825.45
store_514,2015-07-26,0.0,0.0
store_514,2015-07-27,798.22,9548.365
store_514,2015-07-28,662.53,8003.58
store_514,2015-07-29,650.545,7220.15
store_514,2015-07-30,642.485,6546.68
store_514,2015-07-31,627.95,6304.48
store_514,2015-08-01,595.305,5180.255
store_514,2015-08-02,0.0,0.0
store_514,2015-08-03,823.44,9459.46
store_514,2015-08-04,632.095,7248.625
store_514,2015-08-05,605.705,6717.49
store_514,2015-08-06,605.87,6261.45
store_514,2015-08-07,580.915,5708.275
store_514,2015-08-08,570.75,5133.82
store_514,2015-08-09,0.0,0.0
store_514,2015-08-10,613.68,5627.595
store_514,2015-08-11,549.185,5087.855
store_514,2015-08-12,528.57,4988.765
store_514,2015-08-13,532.675,5044.59
store_514,2015-08-14,550.2,4852.175
store_514,2015-08-15,573.245,5078.95
store_514,2015-08-16,0.0,0.0
store_514,2015-08-17,812.76,9188.98
store_514,2015-08-18,682.23,7485.41
store_514,2015-08-19,647.875,6777.98
store_514,2015-08-20,637.08,6375.65
store_514,2015-08-21,634.515,6033.82
store_514,2015-08-22,597.47,5169.63
store_514,2015-08-23,0.0,0.0
store_514,2015-08-24,654.66,5942.545
store_514,2015-08-25,572.32,5382.645
store_514,2015-08-26,547.115,5189.775
store_514,2015-08-27,561.8,5299.05
store_514,2015-08-28,570.17,5206.8
store_514,2015-08-29,565.975,5174.455
store_515,2015-07-20,575.15,3994.675
store_515,2015-07-21,529.21,3963.645
store_515,2015-07-22,508.18,3722.79
store_515,2015-07-23,551.075,3932.025
store_515,2015-07-24,513.74,3825.02
store_515,2015-07-25,351.315,2545.78
store_515,2015-07-26,0.0,0.0
store_515,2015-07-27,732.265,6701.91
store_515,2015-07-28,667.255,6279.6
store_515,2015-07-29,646.785,5723.465
store_515,2015-07-30,656.935,5442.445
store_515,2015-07-31,626.11,5108.055
store_515,2015-08-01,379.285,2724.515
store_515,2015-08-02,0.0,0.0
store_515,2015-08-03,742.92,6543.81
store_515,2015-08-04,650.31,5976.56
store_515,2015-08-05,599.54,5376.655
store_515,2015-08-06,609.72,5184.38
store_515,2015-08-07,575.98,4824.09
store_515,2015-08-08,350.14,2683.71
store_515,2015-08-09,0.0,0.0
store_515,2015-08-10,570.385,4214.755
store_515,2015-08-11,543.795,4072.835
store_515,2015-08-12,521.285,4005.04
store_515,2015-08-13,531.29,4161.005
store_515,2015-08-14,528.505,4105.76
store_515,2015-08-15,360.23,2688.04
store_515,2015-08-16,0.0,0.0
store_515,2015-08-17,741.65,6497.83
store_515,2015-08-18,679.35,5878.765
store_515,2015-08-19,644.36,5503.695
store_515,2015-08-20,630.53,5345.905
store_515,2015-08-21,606.56,5116.255
store_515,2015-08-22,427.77,3061.155
store_515,2015-08-23,0.0,0.0
store_515,2015-08-24,568.34,4162.415
store_515,2015-08-25,526.91,4073.92
store_515,2015-08-26,521.335,4162.88
store_515,2015-08-27,540.79,4393.205
store_515,2015-08-28,538.175,4329.485
store_515,2015-08-29,406.02,3112.68
store_516,2015-07-20,992.94,8516.25
store_516,2015-07-21,960.455,8088.705
store_516,2015-07-22,974.245,8329.52
store_516,2015-07-23,982.95,8464.565
store_516,2015-07-24,1028.87,8782.49
store_516,2015-07-25,883.475,7769.17
store_516,2015-07-26,0.0,0.0
store_516,2015-07-27,1248.095,13457.98
store_516,2015-07-28,1148.415,12080.845
store_516,2015-07-29,1112.875,11177.25
store_516,2015-07-30,1135.52,11413.645
store_516,2015-07-31,1113.52,10957.445
store_516,2015-08-01,906.68,8424.12
store_516,2015-08-02,0.0,0.0
store_516,2015-08-03,1328.505,14016.985
store_516,2015-08-04,1144.95,11697.025
store_516,2015-08-05,1099.745,10914.4
store_516,2015-08-06,1072.65,10537.47
store_516,2015-08-07,1070.905,10398.995
store_516,2015-08-08,899.47,8518.785
store_516,2015-08-09,0.0,0.0
store_516,2015-08-10,1078.475,9372.915
store_516,2015-08-11,1008.51,8828.945
store_516,2015-08-12,951.08,8510.3
store_516,2015-08-13,955.46,8702.97
store_516,2015-08-14,983.36,8855.885
store_516,2015-08-15,913.64,8430.48
store_516,2015-08-16,0.0,0.0
store_516,2015-08-17,1293.51,14129.49
store_516,2015-08-18,1158.595,12060.505
store_516,2015-08-19,1080.13,10790.33
store_516,2015-08-20,1079.07,10469.67
store_516,2015-08-21,1069.655,10216.18
store_516,2015-08-22,892.075,8341.775
store_516,2015-08-23,0.0,0.0
store_516,2015-08-24,1007.715,9047.55
store_516,2015-08-25,952.02,8495.51
store_516,2015-08-26,917.535,8036.155
store_516,2015-08-27,920.255,8443.845
store_516,2015-08-28,938.71,8657.04
store_516,2015-08-29,899.49,8503.605
store_517,2015-07-20,614.88,5325.68
store_517,2015-07-21,572.035,4935.27
store_517,2015-07-22,564.37,4945.09
store_517,2015-07-23,582.015,5215.68
store_517,2015-07-24,605.0,5415.83
store_517,2015-07-25,417.44,3753.705
store_517,2015-07-26,0.0,0.0
store_517,2015-07-27,792.48,8633.37
store_517,2015-07-28,706.02,7649.195
store_517,2015-07-29,678.735,7396.715
store_517,2015-07-30,704.405,7606.21
store_517,2015-07-31,707.915,7315.28
store_517,2015-08-01,428.97,4075.645
store_517,2015-08-02,0.0,0.0
store_517,2015-08-03,838.84,9288.125
store_517,2015-08-04,715.52,7509.685
store_517,2015-08-05,659.465,6943.04
store_517,2015-08-06,650.515,6848.82
store_517,2015-08-07,646.435,6747.04
store_517,2015-08-08,415.0,4020.9
store_517,2015-08-09,0.0,0.0
store_517,2015-08-10,649.975,5957.85
store_517,2015-08-11,607.525,5587.285
store_517,2015-08-12,578.33,5437.485
store_517,2015-08-13,585.665,5524.37
store_517,2015-08-14,593.34,5714.925
store_517,2015-08-15,407.015,3987.105
store_517,2015-08-16,0.0,0.0
store_517,2015-08-17,844.37,9456.685
store_517,2015-08-18,739.43,7894.975
store_517,2015-08-19,698.035,7258.845
store_517,2015-08-20,694.945,7252.27
store_517,2015-08-21,684.235,7162.585
store_517,2015-08-22,416.445,3949.9
store_517,2015-08-23,0.0,0.0
store_517,2015-08-24,637.175,5995.315
store_517,2015-08-25,580.2,5617.71
store_517,2015-08-26,569.37,5580.92
store_517,2015-08-27,578.54,5875.645
store_517,2015-08-28,587.385,6088.615
store_517,2015-08-29,397.12,3989.935
store_518,2015-07-20,918.965,6316.75
store_518,2015-07-21,823.745,5854.66
store_518,2015-07-22,820.855,5737.375
store_518,2015-07-23,835.275,5823.905
store_518,2015-07-24,851.985,6055.285
store_518,2015-07-25,840.235,6164.035
store_518,2015-07-26,0.0,0.0
store_518,2015-07-27,1120.535,9717.205
store_518,2015-07-28,1026.52,9041.88
store_518,2015-07-29,989.225,8441.45
store_518,2015-07-30,994.55,8262.51
store_518,2015-07-31,975.635,7830.425
store_518,2015-08-01,832.655,6356.375
store_518,2015-08-02,0.0,0.0
store_518,2015-08-03,1175.225,10418.935
store_518,2015-08-04,979.43,8605.045
store_518,2015-08-05,925.965,7847.53
store_518,2015-08-06,913.835,7609.515
store_518,2015-08-07,896.57,7381.15
store_518,2015-08-08,818.11,6614.65
store_518,2015-08-09,0.0,0.0
store_518,2015-08-10,964.995,6943.325
store_518,2015-08-11,856.725,6292.785
store_518,2015-08-12,816.215,6025.935
store_518,2015-08-13,828.265,6093.593333333334
store_518,2015-08-14,851.705,6202.62
store_518,2015-08-15,812.99,6308.71
store_518,2015-08-16,0.0,0.0
store_518,2015-08-17,1224.815,10585.88
store_518,2015-08-18,1061.15,8991.735
store_518,2015-08-19,968.18,7823.075
store_518,2015-08-20,964.49,7433.985
store_518,2015-08-21,941.73,7261.885
store_518,2015-08-22,838.905,6297.665
store_518,2015-08-23,0.0,0.0
store_518,2015-08-24,953.735,7071.475
store_518,2015-08-25,860.16,6467.61
store_518,2015-08-26,825.5,6147.825
store_518,2015-08-27,857.25,6385.89
store_518,2015-08-28,841.455,6372.725
store_518,2015-08-29,842.28,6452.785
store_519,2015-07-20,901.725,7035.27
store_519,2015-07-21,831.54,6419.435
store_519,2015-07-22,822.03,6211.55
store_519,2015-07-23,803.095,6230.945
store_519,2015-07-24,825.805,6512.71
store_519,2015-07-25,1019.875,8700.15
store_519,2015-07-26,0.0,0.0
store_519,2015-07-27,1091.05,11072.345
store_519,2015-07-28,981.48,9714.085
store_519,2015-07-29,950.835,9012.98
store_519,2015-07-30,971.29,8746.68
store_519,2015-07-31,958.565,8479.445
store_519,2015-08-01,997.5,9023.02
store_519,2015-08-02,0.0,0.0
store_519,2015-08-03,1191.735,11767.465
store_519,2015-08-04,981.055,9380.845
store_519,2015-08-05,949.87,8703.87
store_519,2015-08-06,934.17,8353.435
store_519,2015-08-07,902.78,8098.575
store_519,2015-08-08,972.92,8653.18
store_519,2015-08-09,0.0,0.0
store_519,2015-08-10,931.245,7829.29
store_519,2015-08-11,850.245,7158.63
store_519,2015-08-12,847.465,6796.41
store_519,2015-08-13,858.855,6876.34
store_519,2015-08-14,888.095,7101.615
store_519,2015-08-15,966.96,8324.34
store_519,2015-08-16,0.0,0.0
store_519,2015-08-17,1195.11,12444.78
store_519,2015-08-18,1044.975,10183.73
store_519,2015-08-19,965.645,8895.715
store_519,2015-08-20,973.93,8525.28
store_519,2015-08-21,972.855,8466.125
store_519,2015-08-22,976.995,8372.195
store_519,2015-08-23,0.0,0.0
store_519,2015-08-24,921.965,8116.645
store_519,2015-08-25,850.77,7624.2
store_519,2015-08-26,849.205,7308.595
store_519,2015-08-27,843.15,7314.975
store_519,2015-08-28,868.08,7524.705
store_519,2015-08-29,940.925,8457.84
store_52,2015-07-20,309.0,3162.84
store_52,2015-07-21,288.33,2992.415
store_52,2015-07-22,295.285,3073.135
store_52,2015-07-23,288.535,2967.955
store_52,2015-07-24,301.595,3196.705
store_52,2015-07-25,243.965,2639.04
store_52,2015-07-26,0.0,0.0
store_52,2015-07-27,392.645,4736.825
store_52,2015-07-28,354.775,4291.96
store_52,2015-07-29,351.77,4031.255
store_52,2015-07-30,353.72,3919.0
store_52,2015-07-31,357.45,3972.38
store_52,2015-08-01,248.525,2666.38
store_52,2015-08-02,0.0,0.0
store_52,2015-08-03,418.905,4751.44
store_52,2015-08-04,368.255,4238.485
store_52,2015-08-05,351.18,3884.915
store_52,2015-08-06,360.3,3815.18
store_52,2015-08-07,362.69,3897.86
store_52,2015-08-08,243.145,2513.89
store_52,2015-08-09,0.0,0.0
store_52,2015-08-10,354.09,3378.17
store_52,2015-08-11,320.655,3073.205
store_52,2015-08-12,323.84,3096.24
store_52,2015-08-13,331.14,3185.815
store_52,2015-08-14,346.915,3325.14
store_52,2015-08-15,242.585,2519.81
store_52,2015-08-16,0.0,0.0
store_52,2015-08-17,433.44,5045.21
store_52,2015-08-18,380.62,4326.845
store_52,2015-08-19,366.9,4032.385
store_52,2015-08-20,379.7,4050.415
store_52,2015-08-21,392.365,4295.81
store_52,2015-08-22,246.8,2477.57
store_52,2015-08-23,0.0,0.0
store_52,2015-08-24,376.05,3553.15
store_52,2015-08-25,322.03,3186.325
store_52,2015-08-26,316.74,3081.6
store_52,2015-08-27,332.25,3314.36
store_52,2015-08-28,353.0,3647.66
store_52,2015-08-29,242.385,2482.065
store_520,2015-07-20,759.335,6179.715
store_520,2015-07-21,685.43,5641.1
store_520,2015-07-22,661.405,5118.18
store_520,2015-07-23,678.73,5255.865
store_520,2015-07-24,741.595,5905.91
store_520,2015-07-25,770.425,6188.505
store_520,2015-07-26,0.0,0.0
store_520,2015-07-27,938.385,9811.035
store_520,2015-07-28,865.485,9177.34
store_520,2015-07-29,838.055,8355.64
store_520,2015-07-30,814.125,7930.39
store_520,2015-07-31,857.8,8280.455
store_520,2015-08-01,793.02,6972.07
store_520,2015-08-02,0.0,0.0
store_520,2015-08-03,1008.765,10652.73
store_520,2015-08-04,850.385,8587.52
store_520,2015-08-05,798.6,7545.435
store_520,2015-08-06,753.54,7208.85
store_520,2015-08-07,801.845,7572.56
store_520,2015-08-08,772.485,6958.715
store_520,2015-08-09,0.0,0.0
store_520,2015-08-10,842.18,7541.8
store_520,2015-08-11,781.465,7228.07
store_520,2015-08-12,728.435,6452.65
store_520,2015-08-13,713.15,6170.695
store_520,2015-08-14,739.825,6572.23
store_520,2015-08-15,762.17,6774.18
store_520,2015-08-16,0.0,0.0
store_520,2015-08-17,1061.795,11495.64
store_520,2015-08-18,908.225,9872.325
store_520,2015-08-19,878.09,8910.045
store_520,2015-08-20,855.055,8401.13
store_520,2015-08-21,853.225,8420.725
store_520,2015-08-22,757.275,7045.22
store_520,2015-08-23,0.0,0.0
store_520,2015-08-24,823.325,7886.075
store_520,2015-08-25,753.305,7534.925
store_520,2015-08-26,734.885,7305.55
store_520,2015-08-27,725.55,7264.495
store_520,2015-08-28,763.475,7675.135
store_520,2015-08-29,750.535,7379.67
store_521,2015-07-20,492.57,3333.15
store_521,2015-07-21,474.825,3162.32
store_521,2015-07-22,486.725,3414.8
store_521,2015-07-23,504.275,3421.15
store_521,2015-07-24,501.1,3404.96
store_521,2015-07-25,462.065,3250.84
store_521,2015-07-26,0.0,0.0
store_521,2015-07-27,560.255,4785.8
store_521,2015-07-28,569.36,4925.65
store_521,2015-07-29,567.1,4965.77
store_521,2015-07-30,568.88,4592.57
store_521,2015-07-31,568.275,4647.575
store_521,2015-08-01,488.375,3711.005
store_521,2015-08-02,0.0,0.0
store_521,2015-08-03,593.955,4909.96
store_521,2015-08-04,547.925,4481.665
store_521,2015-08-05,516.08,4557.56
store_521,2015-08-06,542.11,4568.38
store_521,2015-08-07,563.795,4590.085
store_521,2015-08-08,478.225,3732.25
store_521,2015-08-09,0.0,0.0
store_521,2015-08-10,514.42,3659.21
store_521,2015-08-11,478.78,3474.345
store_521,2015-08-12,459.81,3551.94
store_521,2015-08-13,481.965,3749.315
store_521,2015-08-14,494.25,3686.62
store_521,2015-08-15,463.49,3601.505
store_521,2015-08-16,0.0,0.0
store_521,2015-08-17,620.415,5249.185
store_521,2015-08-18,568.35,4705.06
store_521,2015-08-19,557.165,4639.325
store_521,2015-08-20,546.775,4706.295
store_521,2015-08-21,545.46,4743.17
store_521,2015-08-22,493.515,3832.955
store_521,2015-08-23,0.0,0.0
store_521,2015-08-24,499.515,3702.12
store_521,2015-08-25,454.565,3572.33
store_521,2015-08-26,462.28,3632.075
store_521,2015-08-27,470.355,3855.325
store_521,2015-08-28,474.345,3947.45
store_521,2015-08-29,484.855,3940.29
store_522,2015-07-20,1071.62,7822.125
store_522,2015-07-21,994.33,7251.015
store_522,2015-07-22,976.715,7073.85
store_522,2015-07-23,986.84,7139.285
store_522,2015-07-24,1004.625,7424.275
store_522,2015-07-25,772.885,5943.565
store_522,2015-07-26,0.0,0.0
store_522,2015-07-27,1264.885,11534.39
store_522,2015-07-28,1204.46,10663.725
store_522,2015-07-29,1117.55,9602.355
store_522,2015-07-30,1159.15,9408.86
store_522,2015-07-31,1119.8,9063.15
store_522,2015-08-01,795.065,6057.285
store_522,2015-08-02,0.0,0.0
store_522,2015-08-03,1296.38,11907.115
store_522,2015-08-04,1124.19,10098.04
store_522,2015-08-05,1076.13,9152.74
store_522,2015-08-06,1055.555,9102.415
store_522,2015-08-07,1045.8,8816.51
store_522,2015-08-08,799.46,6379.805
store_522,2015-08-09,0.0,0.0
store_522,2015-08-10,1094.54,8129.665
store_522,2015-08-11,1031.435,7667.59
store_522,2015-08-12,981.755,7400.665
store_522,2015-08-13,997.64,7646.905
store_522,2015-08-14,998.2,7660.5
store_522,2015-08-15,791.3,6147.445
store_522,2015-08-16,0.0,0.0
store_522,2015-08-17,1282.965,11271.97
store_522,2015-08-18,1182.68,10253.515
store_522,2015-08-19,1122.31,9298.36
store_522,2015-08-20,1115.045,9108.615
store_522,2015-08-21,1127.545,9033.975
store_522,2015-08-22,820.725,6374.67
store_522,2015-08-23,0.0,0.0
store_522,2015-08-24,986.295,7412.37
store_522,2015-08-25,963.57,7235.88
store_522,2015-08-26,918.76,7024.335
store_522,2015-08-27,946.21,7376.94
store_522,2015-08-28,972.4,7430.22
store_522,2015-08-29,774.96,6083.39
store_523,2015-07-20,1036.84,8277.92
store_523,2015-07-21,994.56,7835.87
store_523,2015-07-22,935.615,7419.615
store_523,2015-07-23,970.715,7734.755
store_523,2015-07-24,1090.575,8644.565
store_523,2015-07-25,788.455,6493.84
store_523,2015-07-26,398.83,2916.095
store_523,2015-07-27,1196.635,11418.79
store_523,2015-07-28,1142.235,10963.825
store_523,2015-07-29,1082.465,10497.125
store_523,2015-07-30,1087.76,9993.66
store_523,2015-07-31,1183.555,10692.015
store_523,2015-08-01,825.705,6975.105
store_523,2015-08-02,428.285,3190.39
store_523,2015-08-03,1243.13,11844.38
store_523,2015-08-04,1132.365,10720.45
store_523,2015-08-05,1078.12,10117.42
store_523,2015-08-06,1054.115,9724.26
store_523,2015-08-07,1134.93,10125.44
store_523,2015-08-08,799.695,6800.81
store_523,2015-08-09,446.01,3286.33
store_523,2015-08-10,1077.83,8597.77
store_523,2015-08-11,1024.135,8364.935
store_523,2015-08-12,981.195,8180.0
store_523,2015-08-13,968.27,8157.025
store_523,2015-08-14,1039.37,8781.36
store_523,2015-08-15,813.275,7043.895
store_523,2015-08-16,468.92,3528.11
store_523,2015-08-17,1248.305,11774.285
store_523,2015-08-18,1133.97,10576.86
store_523,2015-08-19,1065.12,9854.785
store_523,2015-08-20,1087.79,9561.21
store_523,2015-08-21,1126.205,9873.53
store_523,2015-08-22,818.02,6915.345
store_523,2015-08-23,489.51,3690.8
store_523,2015-08-24,1153.69,9331.375
store_523,2015-08-25,1066.945,8853.095
store_523,2015-08-26,962.665,8190.905
store_523,2015-08-27,982.33,8314.695
store_523,2015-08-28,1060.29,9123.45
store_523,2015-08-29,818.485,7153.735
store_524,2015-07-20,568.675,4177.29
store_524,2015-07-21,537.26,4036.45
store_524,2015-07-22,543.44,3956.585
store_524,2015-07-23,550.46,3899.15
store_524,2015-07-24,578.95,4120.045
store_524,2015-07-25,441.555,3105.26
store_524,2015-07-26,0.0,0.0
store_524,2015-07-27,722.15,6236.14
store_524,2015-07-28,665.085,5729.065
store_524,2015-07-29,626.74,5397.725
store_524,2015-07-30,673.77,5446.68
store_524,2015-07-31,676.17,5572.045
store_524,2015-08-01,428.585,3225.39
store_524,2015-08-02,0.0,0.0
store_524,2015-08-03,760.305,6674.3
store_524,2015-08-04,659.56,5607.62
store_524,2015-08-05,613.82,5197.775
store_524,2015-08-06,613.49,5006.82
store_524,2015-08-07,627.02,5053.34
store_524,2015-08-08,434.665,3334.89
store_524,2015-08-09,0.0,0.0
store_524,2015-08-10,608.615,4487.295
store_524,2015-08-11,551.58,4187.88
store_524,2015-08-12,532.475,4077.97
store_524,2015-08-13,532.695,4017.95
store_524,2015-08-14,551.455,4156.97
store_524,2015-08-15,432.725,3347.675
store_524,2015-08-16,0.0,0.0
store_524,2015-08-17,779.285,6761.825
store_524,2015-08-18,690.885,5854.815
store_524,2015-08-19,635.445,5355.55
store_524,2015-08-20,626.835,5185.615
store_524,2015-08-21,639.115,5214.085
store_524,2015-08-22,434.66,3355.54
store_524,2015-08-23,0.0,0.0
store_524,2015-08-24,606.09,4593.585
store_524,2015-08-25,546.385,4263.48
store_524,2015-08-26,530.72,4167.56
store_524,2015-08-27,539.385,4263.4
store_524,2015-08-28,553.31,4487.385
store_524,2015-08-29,429.35,3404.27
store_525,2015-07-20,585.31,6739.5
store_525,2015-07-21,507.34,5753.865
store_525,2015-07-22,518.545,5712.84
store_525,2015-07-23,539.455,6128.045
store_525,2015-07-24,553.35,6182.54
store_525,2015-07-25,627.235,7469.48
store_525,2015-07-26,0.0,0.0
store_525,2015-07-27,766.175,10780.625
store_525,2015-07-28,656.075,8757.195
store_525,2015-07-29,638.295,8086.74
store_525,2015-07-30,659.745,8199.96
store_525,2015-07-31,660.485,7989.855
store_525,2015-08-01,644.605,7494.98
store_525,2015-08-02,0.0,0.0
store_525,2015-08-03,765.965,10929.33
store_525,2015-08-04,639.55,8351.95
store_525,2015-08-05,608.57,7632.55
store_525,2015-08-06,652.81,7753.925
store_525,2015-08-07,628.56,7352.56
store_525,2015-08-08,631.47,7427.925
store_525,2015-08-09,0.0,0.0
store_525,2015-08-10,598.29,6571.4
store_525,2015-08-11,536.93,5987.79
store_525,2015-08-12,537.605,5825.255
store_525,2015-08-13,565.665,6036.6
store_525,2015-08-14,588.27,6266.055
store_525,2015-08-15,633.115,7189.07
store_525,2015-08-16,0.0,0.0
store_525,2015-08-17,765.645,10254.925
store_525,2015-08-18,656.525,8349.81
store_525,2015-08-19,620.79,7502.42
store_525,2015-08-20,646.71,7485.5
store_525,2015-08-21,655.89,7485.92
store_525,2015-08-22,619.4,7019.405
store_525,2015-08-23,0.0,0.0
store_525,2015-08-24,732.615,7819.37
store_525,2015-08-25,636.315,6968.315
store_525,2015-08-26,597.065,6305.94
store_525,2015-08-27,582.235,6328.785
store_525,2015-08-28,601.42,6654.3
store_525,2015-08-29,617.72,7130.765
store_526,2015-07-20,460.935,5786.01
store_526,2015-07-21,412.695,5049.35
store_526,2015-07-22,424.94,5241.365
store_526,2015-07-23,458.66,5627.435
store_526,2015-07-24,494.045,6344.295
store_526,2015-07-25,461.845,5995.265
store_526,2015-07-26,0.0,0.0
store_526,2015-07-27,602.98,9247.73
store_526,2015-07-28,522.46,7931.105
store_526,2015-07-29,517.945,7473.515
store_526,2015-07-30,536.3,7676.355
store_526,2015-07-31,554.06,8043.675
store_526,2015-08-01,496.905,6312.155
store_526,2015-08-02,0.0,0.0
store_526,2015-08-03,636.34,9659.055
store_526,2015-08-04,521.605,7659.605
store_526,2015-08-05,494.965,6924.995
store_526,2015-08-06,513.125,7172.73
store_526,2015-08-07,536.025,7715.5
store_526,2015-08-08,487.99,6233.905
store_526,2015-08-09,0.0,0.0
store_526,2015-08-10,448.515,5699.83
store_526,2015-08-11,412.25,5203.44
store_526,2015-08-12,406.685,5138.655
store_526,2015-08-13,440.865,5617.885
store_526,2015-08-14,481.005,6317.705
store_526,2015-08-15,490.305,6308.54
store_526,2015-08-16,0.0,0.0
store_526,2015-08-17,634.525,9534.955
store_526,2015-08-18,531.285,7629.72
store_526,2015-08-19,503.725,6891.555
store_526,2015-08-20,517.71,7039.14
store_526,2015-08-21,537.42,7431.33
store_526,2015-08-22,493.45,6121.58
store_526,2015-08-23,0.0,0.0
store_526,2015-08-24,426.39,5345.585
store_526,2015-08-25,388.855,4865.2
store_526,2015-08-26,401.44,4991.19
store_526,2015-08-27,435.52,5501.05
store_526,2015-08-28,490.035,6534.36
store_526,2015-08-29,490.6,6344.565
store_527,2015-07-20,436.075,4325.62
store_527,2015-07-21,403.215,4066.0
store_527,2015-07-22,431.69,4328.465
store_527,2015-07-23,459.2,4641.41
store_527,2015-07-24,471.455,4790.54
store_527,2015-07-25,439.935,4516.625
store_527,2015-07-26,236.17,2235.455
store_527,2015-07-27,535.515,6692.51
store_527,2015-07-28,476.375,5959.5
store_527,2015-07-29,511.605,5912.04
store_527,2015-07-30,540.02,6043.38
store_527,2015-07-31,530.2,6063.095
store_527,2015-08-01,468.94,4878.815
store_527,2015-08-02,247.075,2365.415
store_527,2015-08-03,506.94,6143.675
store_527,2015-08-04,469.505,5704.075
store_527,2015-08-05,465.29,5538.925
store_527,2015-08-06,496.445,5793.79
store_527,2015-08-07,514.74,5806.175
store_527,2015-08-08,486.87,4983.71
store_527,2015-08-09,244.315,2338.01
store_527,2015-08-10,436.38,4578.575
store_527,2015-08-11,375.675,4161.41
store_527,2015-08-12,386.48,4233.115
store_527,2015-08-13,426.53,4717.955
store_527,2015-08-14,476.53,4972.03
store_527,2015-08-15,446.655,4780.655
store_527,2015-08-16,241.615,2325.055
store_527,2015-08-17,535.445,6362.87
store_527,2015-08-18,474.1,5573.295
store_527,2015-08-19,468.43,5380.395
store_527,2015-08-20,491.835,5635.865
store_527,2015-08-21,520.22,5854.395
store_527,2015-08-22,468.97,4895.12
store_527,2015-08-23,243.545,2348.505
store_527,2015-08-24,425.635,4475.205
store_527,2015-08-25,374.13,4097.93
store_527,2015-08-26,403.165,4274.87
store_527,2015-08-27,428.86,4705.73
store_527,2015-08-28,472.615,5329.705
store_527,2015-08-29,454.185,4896.59
store_528,2015-07-20,603.21,8042.005
store_528,2015-07-21,536.255,7209.2
store_528,2015-07-22,534.615,6772.945
store_528,2015-07-23,553.115,6831.805
store_528,2015-07-24,585.44,7427.435
store_528,2015-07-25,576.165,7953.35
store_528,2015-07-26,0.0,0.0
store_528,2015-07-27,812.665,12897.435
store_528,2015-07-28,682.78,10046.23
store_528,2015-07-29,658.76,9443.805
store_528,2015-07-30,670.235,9285.81
store_528,2015-07-31,702.96,9695.15
store_528,2015-08-01,630.615,8666.56
store_528,2015-08-02,0.0,0.0
store_528,2015-08-03,838.27,12025.355
store_528,2015-08-04,693.65,9569.125
store_528,2015-08-05,641.615,8859.44
store_528,2015-08-06,629.05,8728.78
store_528,2015-08-07,623.33,8721.105
store_528,2015-08-08,609.71,8224.965
store_528,2015-08-09,0.0,0.0
store_528,2015-08-10,617.14,7478.89
store_528,2015-08-11,559.35,6843.805
store_528,2015-08-12,542.235,6559.375
store_528,2015-08-13,552.245,6780.15
store_528,2015-08-14,557.375,7130.245
store_528,2015-08-15,593.665,7536.085
store_528,2015-08-16,0.0,0.0
store_528,2015-08-17,852.665,12074.245
store_528,2015-08-18,733.67,9920.945
store_528,2015-08-19,680.51,8846.14
store_528,2015-08-20,697.2,8755.33
store_528,2015-08-21,675.26,8707.59
store_528,2015-08-22,614.25,7329.66
store_528,2015-08-23,0.0,0.0
store_528,2015-08-24,610.475,7113.46
store_528,2015-08-25,543.465,6700.445
store_528,2015-08-26,543.69,6674.29
store_528,2015-08-27,554.845,6754.07
store_528,2015-08-28,576.05,7178.115
store_528,2015-08-29,566.48,7002.655
store_529,2015-07-20,454.22,5638.14
store_529,2015-07-21,410.165,4941.155
store_529,2015-07-22,438.3,5149.73
store_529,2015-07-23,455.51,5544.91
store_529,2015-07-24,501.475,6395.52
store_529,2015-07-25,472.015,6493.645
store_529,2015-07-26,0.0,0.0
store_529,2015-07-27,618.74,9739.75
store_529,2015-07-28,540.055,8170.14
store_529,2015-07-29,530.265,7671.47
store_529,2015-07-30,537.89,7668.82
store_529,2015-07-31,558.605,8082.77
store_529,2015-08-01,517.875,6940.09
store_529,2015-08-02,0.0,0.0
store_529,2015-08-03,642.33,9573.975
store_529,2015-08-04,511.27,7522.275
store_529,2015-08-05,501.11,6995.71
store_529,2015-08-06,521.985,7286.145
store_529,2015-08-07,550.3,7798.425
store_529,2015-08-08,497.095,6463.435
store_529,2015-08-09,0.0,0.0
store_529,2015-08-10,496.74,6112.53
store_529,2015-08-11,452.115,5741.485
store_529,2015-08-12,434.86,5462.845
store_529,2015-08-13,463.575,6002.385
store_529,2015-08-14,493.895,6678.8
store_529,2015-08-15,499.66,6817.225
store_529,2015-08-16,0.0,0.0
store_529,2015-08-17,652.08,9759.275
store_529,2015-08-18,548.76,7905.295
store_529,2015-08-19,516.745,7151.39
store_529,2015-08-20,537.71,7429.18
store_529,2015-08-21,557.18,7923.78
store_529,2015-08-22,518.11,6722.855
store_529,2015-08-23,0.0,0.0
store_529,2015-08-24,485.145,6458.725
store_529,2015-08-25,413.83,5752.825
store_529,2015-08-26,430.315,5632.61
store_529,2015-08-27,461.52,6172.5
store_529,2015-08-28,497.545,6986.11
store_529,2015-08-29,499.655,6826.335
store_53,2015-07-20,1200.57,10265.625
store_53,2015-07-21,1139.6,9831.96
store_53,2015-07-22,1173.41,10105.805
store_53,2015-07-23,1160.885,10230.19
store_53,2015-07-24,1143.78,10030.84
store_53,2015-07-25,1115.54,10085.665
store_53,2015-07-26,0.0,0.0
store_53,2015-07-27,1441.465,15617.35
store_53,2015-07-28,1354.41,13542.975
store_53,2015-07-29,1321.32,12906.8
store_53,2015-07-30,1270.16,12155.075
store_53,2015-07-31,1241.6,11420.515
store_53,2015-08-01,1148.82,10035.38
store_53,2015-08-02,0.0,0.0
store_53,2015-08-03,1576.645,15159.85
store_53,2015-08-04,1411.74,13123.055
store_53,2015-08-05,1328.465,12353.15
store_53,2015-08-06,1299.99,11976.095
store_53,2015-08-07,1246.075,11130.25
store_53,2015-08-08,1144.065,9959.93
store_53,2015-08-09,0.0,0.0
store_53,2015-08-10,1249.95,10244.835
store_53,2015-08-11,1227.675,9895.13
store_53,2015-08-12,1176.88,9581.25
store_53,2015-08-13,1193.575,9963.695
store_53,2015-08-14,1183.805,9954.39
store_53,2015-08-15,1140.905,9748.305
store_53,2015-08-16,0.0,0.0
store_53,2015-08-17,1605.515,15047.89
store_53,2015-08-18,1452.28,13215.475
store_53,2015-08-19,1347.47,11761.535
store_53,2015-08-20,1320.07,11273.395
store_53,2015-08-21,1286.345,10863.045
store_53,2015-08-22,1142.175,9567.025
store_53,2015-08-23,0.0,0.0
store_53,2015-08-24,1260.495,9541.665
store_53,2015-08-25,1196.265,9173.7
store_53,2015-08-26,1139.395,8838.785
store_53,2015-08-27,1157.82,9226.065
store_53,2015-08-28,1161.94,9430.095
store_53,2015-08-29,1125.095,9501.69
store_530,2015-07-20,623.965,5703.925
store_530,2015-07-21,558.845,5118.035
store_530,2015-07-22,550.84,5130.44
store_530,2015-07-23,557.165,5358.19
store_530,2015-07-24,596.635,5556.98
store_530,2015-07-25,482.53,4851.495
store_530,2015-07-26,0.0,0.0
store_530,2015-07-27,746.735,8333.685
store_530,2015-07-28,642.47,7184.875
store_530,2015-07-29,649.36,6780.95
store_530,2015-07-30,656.145,6528.775
store_530,2015-07-31,660.55,6731.63
store_530,2015-08-01,518.955,5071.97
store_530,2015-08-02,0.0,0.0
store_530,2015-08-03,781.365,7903.88
store_530,2015-08-04,641.565,6742.315
store_530,2015-08-05,614.88,6241.485
store_530,2015-08-06,621.645,6280.615
store_530,2015-08-07,647.08,6402.755
store_530,2015-08-08,495.17,4710.905
store_530,2015-08-09,0.0,0.0
store_530,2015-08-10,659.68,5549.795
store_530,2015-08-11,583.15,4857.255
store_530,2015-08-12,549.955,4557.29
store_530,2015-08-13,558.31,4907.14
store_530,2015-08-14,576.475,5078.235
store_530,2015-08-15,504.99,4551.015
store_530,2015-08-16,0.0,0.0
store_530,2015-08-17,820.915,7389.415
store_530,2015-08-18,706.55,6201.265
store_530,2015-08-19,687.56,5643.69
store_530,2015-08-20,683.345,5688.67
store_530,2015-08-21,681.44,5782.61
store_530,2015-08-22,518.335,4305.365
store_530,2015-08-23,0.0,0.0
store_530,2015-08-24,640.045,4805.675
store_530,2015-08-25,581.205,4409.68
store_530,2015-08-26,580.9,4366.29
store_530,2015-08-27,576.415,4523.025
store_530,2015-08-28,595.69,4673.25
store_530,2015-08-29,498.995,4148.27
store_531,2015-07-20,481.53,4300.245
store_531,2015-07-21,444.365,3862.625
store_531,2015-07-22,439.405,3585.655
store_531,2015-07-23,465.71,3863.975
store_531,2015-07-24,493.535,4025.335
store_531,2015-07-25,495.24,4507.125
store_531,2015-07-26,0.0,0.0
store_531,2015-07-27,597.215,6266.07
store_531,2015-07-28,524.205,5666.075
store_531,2015-07-29,520.155,5206.43
store_531,2015-07-30,538.205,5210.95
store_531,2015-07-31,547.155,5264.3
store_531,2015-08-01,479.305,4498.145
store_531,2015-08-02,0.0,0.0
store_531,2015-08-03,620.325,6425.715
store_531,2015-08-04,519.77,5289.02
store_531,2015-08-05,494.05,4672.455
store_531,2015-08-06,507.765,4830.395
store_531,2015-08-07,527.8,4801.795
store_531,2015-08-08,476.13,4529.82
store_531,2015-08-09,0.0,0.0
store_531,2015-08-10,520.64,4322.565
store_531,2015-08-11,466.645,3952.115
store_531,2015-08-12,438.81,3697.36
store_531,2015-08-13,454.75,3871.665
store_531,2015-08-14,504.69,4111.51
store_531,2015-08-15,471.75,4379.63
store_531,2015-08-16,0.0,0.0
store_531,2015-08-17,648.19,6260.42
store_531,2015-08-18,530.63,5224.59
store_531,2015-08-19,497.595,4574.805
store_531,2015-08-20,526.21,4662.55
store_531,2015-08-21,548.405,4874.075
store_531,2015-08-22,482.62,4398.47
store_531,2015-08-23,0.0,0.0
store_531,2015-08-24,509.73,4326.53
store_531,2015-08-25,440.64,3842.98
store_531,2015-08-26,436.365,3675.905
store_531,2015-08-27,450.635,3822.67
store_531,2015-08-28,488.68,4085.61
store_531,2015-08-29,470.105,4272.19
store_532,2015-07-20,390.005,3815.35
store_532,2015-07-21,354.285,3505.66
store_532,2015-07-22,372.545,3638.975
store_532,2015-07-23,397.98,3784.38
store_532,2015-07-24,419.625,4109.305
store_532,2015-07-25,371.61,3670.52
store_532,2015-07-26,0.0,0.0
store_532,2015-07-27,576.99,7139.35
store_532,2015-07-28,473.61,5826.915
store_532,2015-07-29,462.275,5383.645
store_532,2015-07-30,492.41,5611.845
store_532,2015-07-31,494.735,5593.41
store_532,2015-08-01,387.975,3828.715
store_532,2015-08-02,0.0,0.0
store_532,2015-08-03,617.08,7443.45
store_532,2015-08-04,495.465,5844.165
store_532,2015-08-05,453.575,5350.175
store_532,2015-08-06,465.925,5201.82
store_532,2015-08-07,462.775,5057.825
store_532,2015-08-08,369.12,3728.86
store_532,2015-08-09,0.0,0.0
store_532,2015-08-10,442.055,4349.1
store_532,2015-08-11,388.38,3881.185
store_532,2015-08-12,397.87,4038.59
store_532,2015-08-13,412.69,4176.97
store_532,2015-08-14,431.25,4298.2
store_532,2015-08-15,378.23,3689.12
store_532,2015-08-16,0.0,0.0
store_532,2015-08-17,604.72,7347.535
store_532,2015-08-18,510.3,5961.01
store_532,2015-08-19,497.505,5642.445
store_532,2015-08-20,504.32,5525.935
store_532,2015-08-21,494.015,5444.19
store_532,2015-08-22,377.65,3758.175
store_532,2015-08-23,0.0,0.0
store_532,2015-08-24,432.305,4167.965
store_532,2015-08-25,377.96,3854.705
store_532,2015-08-26,393.155,3995.15
store_532,2015-08-27,414.825,4301.355
store_532,2015-08-28,434.215,4624.135
store_532,2015-08-29,373.785,3829.2
store_533,2015-07-20,880.715,6108.81
store_533,2015-07-21,815.8,5637.045
store_533,2015-07-22,912.805,6159.845
store_533,2015-07-23,872.25,6145.03
store_533,2015-07-24,819.17,5638.075
store_533,2015-07-25,725.475,5187.85
store_533,2015-07-26,0.0,0.0
store_533,2015-07-27,1050.195,8899.26
store_533,2015-07-28,981.895,8564.44
store_533,2015-07-29,1002.27,8847.26
store_533,2015-07-30,964.48,8227.585
store_533,2015-07-31,899.165,7350.33
store_533,2015-08-01,753.615,5665.02
store_533,2015-08-02,0.0,0.0
store_533,2015-08-03,1150.405,10033.19
store_533,2015-08-04,987.28,8619.67
store_533,2015-08-05,957.815,8243.51
store_533,2015-08-06,898.48,7813.685
store_533,2015-08-07,887.62,7045.605
store_533,2015-08-08,745.83,5556.91
store_533,2015-08-09,0.0,0.0
store_533,2015-08-10,921.965,6865.0
store_533,2015-08-11,833.96,6420.285
store_533,2015-08-12,907.78,6801.995
store_533,2015-08-13,868.01,6839.52
store_533,2015-08-14,845.92,6478.78
store_533,2015-08-15,739.4,5688.215
store_533,2015-08-16,0.0,0.0
store_533,2015-08-17,1068.81,9509.09
store_533,2015-08-18,985.55,8413.595
store_533,2015-08-19,977.975,8129.7
store_533,2015-08-20,970.375,8103.915
store_533,2015-08-21,917.85,7488.975
store_533,2015-08-22,753.855,5655.605
store_533,2015-08-23,0.0,0.0
store_533,2015-08-24,941.37,7309.115
store_533,2015-08-25,871.885,6857.365
store_533,2015-08-26,863.425,6921.665
store_533,2015-08-27,854.135,7043.565
store_533,2015-08-28,826.015,6793.32
store_533,2015-08-29,762.25,5920.515
store_534,2015-07-20,828.285,8121.835
store_534,2015-07-21,753.78,7195.715
store_534,2015-07-22,737.085,6953.265
store_534,2015-07-23,763.125,7036.465
store_534,2015-07-24,785.94,7206.565
store_534,2015-07-25,650.275,6060.53
store_534,2015-07-26,0.0,0.0
store_534,2015-07-27,1008.3,12138.53
store_534,2015-07-28,935.555,10401.165
store_534,2015-07-29,879.745,9538.515
store_534,2015-07-30,901.83,9435.245
store_534,2015-07-31,893.765,9518.33
store_534,2015-08-01,651.3,6611.435
store_534,2015-08-02,0.0,0.0
store_534,2015-08-03,1080.52,12578.07
store_534,2015-08-04,928.76,9985.21
store_534,2015-08-05,873.08,9239.135
store_534,2015-08-06,848.18,8997.905
store_534,2015-08-07,863.86,8901.995
store_534,2015-08-08,648.165,6461.0
store_534,2015-08-09,0.0,0.0
store_534,2015-08-10,839.115,8585.735
store_534,2015-08-11,790.25,7821.18
store_534,2015-08-12,773.78,7825.5
store_534,2015-08-13,806.775,7940.875
store_534,2015-08-14,817.38,8066.655
store_534,2015-08-15,666.145,6563.445
store_534,2015-08-16,0.0,0.0
store_534,2015-08-17,1077.75,13023.54
store_534,2015-08-18,970.785,11055.825
store_534,2015-08-19,923.895,10001.2
store_534,2015-08-20,908.135,9653.72
store_534,2015-08-21,913.11,9700.9
store_534,2015-08-22,661.69,6722.08
store_534,2015-08-23,0.0,0.0
store_534,2015-08-24,802.185,8250.075
store_534,2015-08-25,739.805,7822.695
store_534,2015-08-26,745.12,7718.245
store_534,2015-08-27,772.715,8141.47
store_534,2015-08-28,817.675,8631.36
store_534,2015-08-29,681.19,7074.46
store_535,2015-07-20,533.505,3479.58
store_535,2015-07-21,486.905,3063.26
store_535,2015-07-22,531.9,3400.39
store_535,2015-07-23,511.005,3383.045
store_535,2015-07-24,496.27,3230.77
store_535,2015-07-25,368.17,2335.49
store_535,2015-07-26,0.0,0.0
store_535,2015-07-27,690.185,5853.44
store_535,2015-07-28,628.215,5224.185
store_535,2015-07-29,628.72,5035.375
store_535,2015-07-30,656.42,4651.965
store_535,2015-07-31,580.87,4241.165
store_535,2015-08-01,383.86,2477.58
store_535,2015-08-02,0.0,0.0
store_535,2015-08-03,786.755,6287.61
store_535,2015-08-04,641.765,5102.405
store_535,2015-08-05,597.665,4657.855
store_535,2015-08-06,592.52,4488.475
store_535,2015-08-07,583.725,4103.705
store_535,2015-08-08,377.27,2385.985
store_535,2015-08-09,0.0,0.0
store_535,2015-08-10,545.915,3745.065
store_535,2015-08-11,533.31,3475.87
store_535,2015-08-12,534.325,3552.04
store_535,2015-08-13,529.835,3638.82
store_535,2015-08-14,522.405,3407.26
store_535,2015-08-15,384.975,2400.37
store_535,2015-08-16,0.0,0.0
store_535,2015-08-17,747.07,5915.29
store_535,2015-08-18,680.1,5030.625
store_535,2015-08-19,643.61,4596.46
store_535,2015-08-20,619.635,4396.13
store_535,2015-08-21,576.83,4046.015
store_535,2015-08-22,381.87,2392.51
store_535,2015-08-23,0.0,0.0
store_535,2015-08-24,566.46,3750.755
store_535,2015-08-25,504.63,3396.54
store_535,2015-08-26,518.395,3433.99
store_535,2015-08-27,541.16,3580.335
store_535,2015-08-28,532.475,3514.86
store_535,2015-08-29,406.435,2584.965
store_536,2015-07-20,722.605,5075.675
store_536,2015-07-21,656.275,4697.74
store_536,2015-07-22,650.13,4598.615
store_536,2015-07-23,658.085,4606.0
store_536,2015-07-24,674.62,4877.875
store_536,2015-07-25,678.28,5017.945
store_536,2015-07-26,0.0,0.0
store_536,2015-07-27,864.495,7256.685
store_536,2015-07-28,823.405,7013.03
store_536,2015-07-29,812.265,6530.88
store_536,2015-07-30,812.25,6210.635
store_536,2015-07-31,772.115,6060.865
store_536,2015-08-01,667.98,5075.485
store_536,2015-08-02,0.0,0.0
store_536,2015-08-03,971.82,8006.1
store_536,2015-08-04,814.925,6947.83
store_536,2015-08-05,742.635,5928.45
store_536,2015-08-06,744.24,5622.67
store_536,2015-08-07,748.435,5753.035
store_536,2015-08-08,667.69,5095.825
store_536,2015-08-09,0.0,0.0
store_536,2015-08-10,776.84,5314.895
store_536,2015-08-11,718.555,4933.66
store_536,2015-08-12,687.205,4613.41
store_536,2015-08-13,677.85,4660.57
store_536,2015-08-14,666.33,4587.65
store_536,2015-08-15,665.835,4765.3
store_536,2015-08-16,0.0,0.0
store_536,2015-08-17,990.26,7922.62
store_536,2015-08-18,893.27,7089.085
store_536,2015-08-19,827.265,6237.285
store_536,2015-08-20,835.09,6079.33
store_536,2015-08-21,801.865,5864.295
store_536,2015-08-22,652.2,4703.62
store_536,2015-08-23,0.0,0.0
store_536,2015-08-24,758.145,5101.795
store_536,2015-08-25,692.225,4706.655
store_536,2015-08-26,690.42,4666.55
store_536,2015-08-27,699.625,4800.235
store_536,2015-08-28,742.91,4969.03
store_536,2015-08-29,657.675,4703.58
store_537,2015-07-20,424.195,3676.475
store_537,2015-07-21,404.52,3538.445
store_537,2015-07-22,421.935,3660.635
store_537,2015-07-23,430.72,3773.955
store_537,2015-07-24,448.905,4065.92
store_537,2015-07-25,284.715,2654.82
store_537,2015-07-26,0.0,0.0
store_537,2015-07-27,553.775,5840.885
store_537,2015-07-28,505.22,5101.925
store_537,2015-07-29,497.89,4830.565
store_537,2015-07-30,514.89,4866.21
store_537,2015-07-31,524.865,5002.64
store_537,2015-08-01,292.065,2664.3
store_537,2015-08-02,0.0,0.0
store_537,2015-08-03,630.56,6308.835
store_537,2015-08-04,522.385,5079.49
store_537,2015-08-05,482.655,4588.165
store_537,2015-08-06,491.74,4628.015
store_537,2015-08-07,497.165,4724.42
store_537,2015-08-08,288.135,2571.38
store_537,2015-08-09,0.0,0.0
store_537,2015-08-10,488.345,3978.205
store_537,2015-08-11,448.01,3749.25
store_537,2015-08-12,429.83,3615.475
store_537,2015-08-13,450.53,3863.835
store_537,2015-08-14,472.94,4054.855
store_537,2015-08-15,283.84,2563.355
store_537,2015-08-16,0.0,0.0
store_537,2015-08-17,632.43,6020.665
store_537,2015-08-18,555.34,5096.99
store_537,2015-08-19,508.44,4614.135
store_537,2015-08-20,521.37,4642.64
store_537,2015-08-21,528.715,4776.9
store_537,2015-08-22,285.02,2484.435
store_537,2015-08-23,0.0,0.0
store_537,2015-08-24,529.22,4172.845
store_537,2015-08-25,474.845,3761.915
store_537,2015-08-26,456.59,3701.09
store_537,2015-08-27,451.635,3783.5
store_537,2015-08-28,481.7,4082.49
store_537,2015-08-29,284.9,2531.38
store_538,2015-07-20,652.865,4732.9
store_538,2015-07-21,641.34,4728.17
store_538,2015-07-22,645.205,4793.8
store_538,2015-07-23,653.865,4876.665
store_538,2015-07-24,634.155,4652.02
store_538,2015-07-25,623.22,4704.945
store_538,2015-07-26,0.0,0.0
store_538,2015-07-27,840.06,6943.13
store_538,2015-07-28,777.16,6766.28
store_538,2015-07-29,727.035,6347.465
store_538,2015-07-30,739.585,6225.475
store_538,2015-07-31,739.705,5973.12
store_538,2015-08-01,639.08,4767.31
store_538,2015-08-02,0.0,0.0
store_538,2015-08-03,896.56,7401.64
store_538,2015-08-04,792.105,6738.5
store_538,2015-08-05,735.27,6219.105
store_538,2015-08-06,702.25,5676.89
store_538,2015-08-07,707.82,5423.39
store_538,2015-08-08,633.525,4791.825
store_538,2015-08-09,0.0,0.0
store_538,2015-08-10,733.775,5159.205
store_538,2015-08-11,703.945,4914.245
store_538,2015-08-12,662.045,4665.925
store_538,2015-08-13,657.3,4726.82
store_538,2015-08-14,663.42,4710.395
store_538,2015-08-15,636.59,4595.74
store_538,2015-08-16,0.0,0.0
store_538,2015-08-17,928.12,7662.86
store_538,2015-08-18,818.15,6718.885
store_538,2015-08-19,772.785,6134.4
store_538,2015-08-20,765.265,5905.335
store_538,2015-08-21,742.355,5619.97
store_538,2015-08-22,633.25,4630.47
store_538,2015-08-23,0.0,0.0
store_538,2015-08-24,733.675,5258.92
store_538,2015-08-25,679.29,4820.605
store_538,2015-08-26,661.165,4725.825
store_538,2015-08-27,674.09,4885.12
store_538,2015-08-28,703.66,5191.06
store_538,2015-08-29,644.665,4739.73
store_539,2015-07-20,556.18,5663.765
store_539,2015-07-21,579.3,5881.35
store_539,2015-07-22,552.425,5793.525
store_539,2015-07-23,583.36,6109.115
store_539,2015-07-24,579.12,6192.75
store_539,2015-07-25,392.14,4118.54
store_539,2015-07-26,0.0,0.0
store_539,2015-07-27,677.55,8180.96
store_539,2015-07-28,658.825,7989.65
store_539,2015-07-29,650.985,7745.36
store_539,2015-07-30,670.61,7780.905
store_539,2015-07-31,658.185,7531.125
store_539,2015-08-01,395.205,4108.4
store_539,2015-08-02,0.0,0.0
store_539,2015-08-03,706.915,8473.505
store_539,2015-08-04,624.945,7452.16
store_539,2015-08-05,614.64,6940.83
store_539,2015-08-06,636.45,7068.23
store_539,2015-08-07,630.655,6840.68
store_539,2015-08-08,399.19,4065.7
store_539,2015-08-09,0.0,0.0
store_539,2015-08-10,574.005,5480.035
store_539,2015-08-11,537.99,5274.825
store_539,2015-08-12,531.835,5296.445
store_539,2015-08-13,572.325,5837.29
store_539,2015-08-14,577.13,5985.635
store_539,2015-08-15,402.145,4106.955
store_539,2015-08-16,0.0,0.0
store_539,2015-08-17,716.805,7916.085
store_539,2015-08-18,640.235,6961.345
store_539,2015-08-19,620.88,6739.025
store_539,2015-08-20,644.41,6932.82
store_539,2015-08-21,635.9,6872.79
store_539,2015-08-22,407.835,4150.78
store_539,2015-08-23,0.0,0.0
store_539,2015-08-24,631.185,5620.955
store_539,2015-08-25,564.265,5295.73
store_539,2015-08-26,544.135,5177.32
store_539,2015-08-27,581.43,5641.995
store_539,2015-08-28,595.14,6202.145
store_539,2015-08-29,399.365,4081.45
store_54,2015-07-20,510.135,3474.345
store_54,2015-07-21,494.61,3370.84
store_54,2015-07-22,496.025,3496.405
store_54,2015-07-23,502.06,3628.925
store_54,2015-07-24,483.72,3552.475
store_54,2015-07-25,427.145,3207.71
store_54,2015-07-26,0.0,0.0
store_54,2015-07-27,649.115,5796.955
store_54,2015-07-28,623.77,5381.195
store_54,2015-07-29,606.515,5088.695
store_54,2015-07-30,616.48,4970.805
store_54,2015-07-31,589.945,4731.635
store_54,2015-08-01,434.56,3198.16
store_54,2015-08-02,0.0,0.0
store_54,2015-08-03,726.605,6043.855
store_54,2015-08-04,631.34,5219.025
store_54,2015-08-05,590.44,4850.525
store_54,2015-08-06,573.665,4667.34
store_54,2015-08-07,549.305,4358.305
store_54,2015-08-08,436.025,3314.87
store_54,2015-08-09,0.0,0.0
store_54,2015-08-10,550.41,3810.975
store_54,2015-08-11,525.105,3666.345
store_54,2015-08-12,525.39,3688.415
store_54,2015-08-13,537.305,3801.195
store_54,2015-08-14,531.015,3735.335
store_54,2015-08-15,429.145,3269.85
store_54,2015-08-16,0.0,0.0
store_54,2015-08-17,781.845,6193.755
store_54,2015-08-18,674.165,5334.03
store_54,2015-08-19,623.27,4856.58
store_54,2015-08-20,601.31,4594.58
store_54,2015-08-21,574.345,4425.97
store_54,2015-08-22,430.09,3242.705
store_54,2015-08-23,0.0,0.0
store_54,2015-08-24,564.825,3896.635
store_54,2015-08-25,492.855,3520.165
store_54,2015-08-26,494.59,3506.92
store_54,2015-08-27,509.915,3673.2
store_54,2015-08-28,536.055,3806.205
store_54,2015-08-29,428.07,3248.285
store_540,2015-07-20,568.4,6496.78
store_540,2015-07-21,506.615,5644.58
store_540,2015-07-22,521.525,5766.945
store_540,2015-07-23,535.87,6058.99
store_540,2015-07-24,545.115,6067.905
store_540,2015-07-25,481.065,5245.49
store_540,2015-07-26,0.0,0.0
store_540,2015-07-27,794.44,11301.9
store_540,2015-07-28,685.08,9292.36
store_540,2015-07-29,683.885,8970.59
store_540,2015-07-30,669.525,8706.555
store_540,2015-07-31,656.57,8344.61
store_540,2015-08-01,499.585,5395.5
store_540,2015-08-02,0.0,0.0
store_540,2015-08-03,826.195,11149.325
store_540,2015-08-04,702.7,9014.67
store_540,2015-08-05,652.465,8214.01
store_540,2015-08-06,643.625,8007.935
store_540,2015-08-07,627.45,7753.435
store_540,2015-08-08,496.945,5524.8
store_540,2015-08-09,0.0,0.0
store_540,2015-08-10,583.605,6560.055
store_540,2015-08-11,542.695,6104.41
store_540,2015-08-12,555.435,6330.49
store_540,2015-08-13,591.47,6808.355
store_540,2015-08-14,609.195,6996.47
store_540,2015-08-15,458.44,5307.15
store_540,2015-08-16,0.0,0.0
store_540,2015-08-17,818.675,10927.935
store_540,2015-08-18,688.105,8917.97
store_540,2015-08-19,660.14,8433.485
store_540,2015-08-20,670.79,8499.925
store_540,2015-08-21,668.155,8412.715
store_540,2015-08-22,495.305,5346.235
store_540,2015-08-23,0.0,0.0
store_540,2015-08-24,557.46,6240.265
store_540,2015-08-25,512.625,6043.835
store_540,2015-08-26,539.32,6467.51
store_540,2015-08-27,579.345,7166.21
store_540,2015-08-28,605.195,7637.03
store_540,2015-08-29,478.395,5425.39
store_541,2015-07-20,742.475,7816.42
store_541,2015-07-21,663.29,6766.17
store_541,2015-07-22,670.07,6722.55
store_541,2015-07-23,671.175,7187.205
store_541,2015-07-24,728.865,8004.95
store_541,2015-07-25,767.595,8578.35
store_541,2015-07-26,0.0,0.0
store_541,2015-07-27,1027.0,13283.555
store_541,2015-07-28,890.07,11667.625
store_541,2015-07-29,885.645,11074.295
store_541,2015-07-30,896.32,11144.305
store_541,2015-07-31,941.075,11616.915
store_541,2015-08-01,811.495,9051.45
store_541,2015-08-02,0.0,0.0
store_541,2015-08-03,1008.99,13015.595
store_541,2015-08-04,837.02,10533.485
store_541,2015-08-05,798.685,9848.785
store_541,2015-08-06,788.94,9609.495
store_541,2015-08-07,829.905,10011.105
store_541,2015-08-08,794.82,8997.095
store_541,2015-08-09,0.0,0.0
store_541,2015-08-10,824.92,8756.0
store_541,2015-08-11,727.175,7921.785
store_541,2015-08-12,698.805,7639.82
store_541,2015-08-13,697.815,7702.775
store_541,2015-08-14,760.265,8667.275
store_541,2015-08-15,787.13,9068.31
store_541,2015-08-16,0.0,0.0
store_541,2015-08-17,1039.09,13663.175
store_541,2015-08-18,888.36,11147.15
store_541,2015-08-19,855.59,10116.885
store_541,2015-08-20,856.075,9964.365
store_541,2015-08-21,881.605,10399.455
store_541,2015-08-22,792.65,8987.54
store_541,2015-08-23,0.0,0.0
store_541,2015-08-24,770.16,8542.56
store_541,2015-08-25,679.115,7747.305
store_541,2015-08-26,692.69,7788.4
store_541,2015-08-27,714.285,8140.215
store_541,2015-08-28,774.975,9194.625
store_541,2015-08-29,798.05,9348.175
store_542,2015-07-20,928.98,5831.11
store_542,2015-07-21,860.705,5559.515
store_542,2015-07-22,809.12,5622.52
store_542,2015-07-23,803.76,5746.72
store_542,2015-07-24,833.045,5748.33
store_542,2015-07-25,916.1,6236.055
store_542,2015-07-26,0.0,0.0
store_542,2015-07-27,1076.59,8424.25
store_542,2015-07-28,1000.045,7814.545
store_542,2015-07-29,960.31,7604.89
store_542,2015-07-30,1001.91,7215.195
store_542,2015-07-31,992.49,6954.535
store_542,2015-08-01,905.165,6246.135
store_542,2015-08-02,0.0,0.0
store_542,2015-08-03,1133.635,8640.705
store_542,2015-08-04,1036.205,7687.47
store_542,2015-08-05,964.99,7205.5
store_542,2015-08-06,952.205,7216.54
store_542,2015-08-07,933.555,6853.695
store_542,2015-08-08,919.99,6467.65
store_542,2015-08-09,0.0,0.0
store_542,2015-08-10,896.365,5981.645
store_542,2015-08-11,876.26,5733.51
store_542,2015-08-12,852.84,5536.53
store_542,2015-08-13,843.125,5733.885
store_542,2015-08-14,865.68,5801.44
store_542,2015-08-15,866.67,6026.45
store_542,2015-08-16,0.0,0.0
store_542,2015-08-17,1153.62,8335.015
store_542,2015-08-18,1059.115,7389.36
store_542,2015-08-19,989.615,6786.975
store_542,2015-08-20,966.055,6527.11
store_542,2015-08-21,957.815,6450.215
store_542,2015-08-22,899.775,6080.59
store_542,2015-08-23,0.0,0.0
store_542,2015-08-24,898.535,5754.5
store_542,2015-08-25,857.71,5436.825
store_542,2015-08-26,829.04,5213.605
store_542,2015-08-27,845.49,5490.37
store_542,2015-08-28,835.13,5514.1
store_542,2015-08-29,878.59,5914.95
store_543,2015-07-20,947.64,6841.98
store_543,2015-07-21,859.855,6356.41
store_543,2015-07-22,872.53,6327.1
store_543,2015-07-23,875.365,6369.595
store_543,2015-07-24,946.31,6858.195
store_543,2015-07-25,751.075,5476.37
store_543,2015-07-26,0.0,0.0
store_543,2015-07-27,1169.735,11497.715
store_543,2015-07-28,1104.47,10337.695
store_543,2015-07-29,1132.165,10172.095
store_543,2015-07-30,1099.91,9630.685
store_543,2015-07-31,1094.225,9275.52
store_543,2015-08-01,761.24,5721.15
store_543,2015-08-02,0.0,0.0
store_543,2015-08-03,1257.72,11958.01
store_543,2015-08-04,1083.68,9860.625
store_543,2015-08-05,1024.215,8871.655
store_543,2015-08-06,1013.12,8531.745
store_543,2015-08-07,1012.81,8455.275
store_543,2015-08-08,776.675,5839.27
store_543,2015-08-09,0.0,0.0
store_543,2015-08-10,972.995,7169.97
store_543,2015-08-11,923.265,6873.075
store_543,2015-08-12,920.115,6797.49
store_543,2015-08-13,926.07,6846.465
store_543,2015-08-14,970.02,7112.825
store_543,2015-08-15,772.3,5688.275
store_543,2015-08-16,0.0,0.0
store_543,2015-08-17,1227.34,10791.28
store_543,2015-08-18,1094.19,9388.29
store_543,2015-08-19,1056.085,8611.545
store_543,2015-08-20,1057.595,8367.07
store_543,2015-08-21,1054.84,8373.645
store_543,2015-08-22,780.115,5681.6
store_543,2015-08-23,0.0,0.0
store_543,2015-08-24,947.565,6650.85
store_543,2015-08-25,909.93,6540.835
store_543,2015-08-26,886.705,6599.39
store_543,2015-08-27,892.865,6765.45
store_543,2015-08-28,938.39,7064.105
store_543,2015-08-29,767.9,5707.485
store_544,2015-07-20,903.98,8675.7
store_544,2015-07-21,813.655,7970.675
store_544,2015-07-22,783.09,7909.85
store_544,2015-07-23,830.05,8162.795
store_544,2015-07-24,872.06,8830.485
store_544,2015-07-25,857.005,9063.39
store_544,2015-07-26,0.0,0.0
store_544,2015-07-27,1142.095,14183.1
store_544,2015-07-28,992.88,12243.545
store_544,2015-07-29,940.175,10682.08
store_544,2015-07-30,958.39,10594.74
store_544,2015-07-31,981.845,10806.65
store_544,2015-08-01,881.995,9413.085
store_544,2015-08-02,0.0,0.0
store_544,2015-08-03,1202.715,14244.36
store_544,2015-08-04,989.185,11318.395
store_544,2015-08-05,924.07,10354.55
store_544,2015-08-06,912.365,10177.975
store_544,2015-08-07,895.975,10130.545
store_544,2015-08-08,852.46,9121.32
store_544,2015-08-09,0.0,0.0
store_544,2015-08-10,955.52,9545.01
store_544,2015-08-11,843.495,8564.04
store_544,2015-08-12,807.93,8062.415
store_544,2015-08-13,832.335,8299.585
store_544,2015-08-14,855.36,8738.23
store_544,2015-08-15,845.32,9098.935
store_544,2015-08-16,0.0,0.0
store_544,2015-08-17,1269.755,15294.205
store_544,2015-08-18,1102.105,12154.01
store_544,2015-08-19,991.27,10675.41
store_544,2015-08-20,997.75,10458.31
store_544,2015-08-21,967.53,10379.535
store_544,2015-08-22,834.71,8857.935
store_544,2015-08-23,0.0,0.0
store_544,2015-08-24,944.99,9515.725
store_544,2015-08-25,856.285,8840.435
store_544,2015-08-26,830.22,8425.94
store_544,2015-08-27,869.73,8874.53
store_544,2015-08-28,865.68,9123.46
store_544,2015-08-29,831.21,8910.97
store_545,2015-07-20,1073.185,6731.405
store_545,2015-07-21,986.0,6222.515
store_545,2015-07-22,968.485,5980.215
store_545,2015-07-23,1005.24,6295.74
store_545,2015-07-24,999.835,6287.74
store_545,2015-07-25,1079.01,6970.325
store_545,2015-07-26,0.0,0.0
store_545,2015-07-27,1242.67,9679.765
store_545,2015-07-28,1140.835,8863.125
store_545,2015-07-29,1104.83,8283.895
store_545,2015-07-30,1149.96,8195.355
store_545,2015-07-31,1143.405,8062.345
store_545,2015-08-01,1040.175,7059.395
store_545,2015-08-02,0.0,0.0
store_545,2015-08-03,1388.865,10968.9
store_545,2015-08-04,1232.235,9215.695
store_545,2015-08-05,1139.795,8351.395
store_545,2015-08-06,1109.025,8246.675
store_545,2015-08-07,1095.3,7779.635
store_545,2015-08-08,1066.335,7469.41
store_545,2015-08-09,0.0,0.0
store_545,2015-08-10,1124.92,7571.955
store_545,2015-08-11,1032.31,7021.535
store_545,2015-08-12,992.505,6644.75
store_545,2015-08-13,994.63,6782.98
store_545,2015-08-14,1001.255,6777.475
store_545,2015-08-15,1027.73,7013.415
store_545,2015-08-16,0.0,0.0
store_545,2015-08-17,1416.435,11359.72
store_545,2015-08-18,1305.495,10279.775
store_545,2015-08-19,1175.415,9133.74
store_545,2015-08-20,1128.29,8490.335
store_545,2015-08-21,1104.005,8113.305
store_545,2015-08-22,1047.34,7235.28
store_545,2015-08-23,0.0,0.0
store_545,2015-08-24,1110.93,7782.705
store_545,2015-08-25,977.555,7215.45
store_545,2015-08-26,950.39,6856.565
store_545,2015-08-27,975.23,6960.13
store_545,2015-08-28,995.825,6968.675
store_545,2015-08-29,1014.195,7080.34
store_546,2015-07-20,300.53,2666.645
store_546,2015-07-21,260.825,2472.51
store_546,2015-07-22,269.9,2389.6
store_546,2015-07-23,263.47,2481.6
store_546,2015-07-24,310.435,2763.265
store_546,2015-07-25,386.18,3494.21
store_546,2015-07-26,0.0,0.0
store_546,2015-07-27,404.65,4610.77
store_546,2015-07-28,350.915,3880.24
store_546,2015-07-29,342.905,3475.6
store_546,2015-07-30,325.82,3373.925
store_546,2015-07-31,353.95,3624.46
store_546,2015-08-01,398.75,3684.365
store_546,2015-08-02,0.0,0.0
store_546,2015-08-03,416.025,4610.755
store_546,2015-08-04,355.735,4144.185
store_546,2015-08-05,343.68,3581.255
store_546,2015-08-06,335.42,3404.49
store_546,2015-08-07,351.495,3517.59
store_546,2015-08-08,391.31,3636.33
store_546,2015-08-09,0.0,0.0
store_546,2015-08-10,341.495,3390.595
store_546,2015-08-11,311.665,3040.715
store_546,2015-08-12,309.095,2894.98
store_546,2015-08-13,323.105,3019.555
store_546,2015-08-14,346.565,3266.37
store_546,2015-08-15,393.195,3683.18
store_546,2015-08-16,0.0,0.0
store_546,2015-08-17,426.455,4940.385
store_546,2015-08-18,369.165,4318.15
store_546,2015-08-19,371.91,4001.155
store_546,2015-08-20,374.04,3780.89
store_546,2015-08-21,387.975,4220.09
store_546,2015-08-22,397.085,3754.045
store_546,2015-08-23,0.0,0.0
store_546,2015-08-24,347.81,3372.515
store_546,2015-08-25,304.205,3062.385
store_546,2015-08-26,302.355,2993.405
store_546,2015-08-27,316.585,3062.265
store_546,2015-08-28,356.92,3403.79
store_546,2015-08-29,388.31,3724.37
store_547,2015-07-20,645.67,6684.165
store_547,2015-07-21,585.325,5895.115
store_547,2015-07-22,570.105,5650.35
store_547,2015-07-23,592.91,5908.71
store_547,2015-07-24,580.485,5897.65
store_547,2015-07-25,450.15,4914.435
store_547,2015-07-26,0.0,0.0
store_547,2015-07-27,853.955,11305.76
store_547,2015-07-28,749.685,9504.44
store_547,2015-07-29,714.295,8512.31
store_547,2015-07-30,742.075,8658.465
store_547,2015-07-31,718.36,8344.23
store_547,2015-08-01,472.835,4905.12
store_547,2015-08-02,0.0,0.0
store_547,2015-08-03,889.085,11338.11
store_547,2015-08-04,738.45,8922.87
store_547,2015-08-05,683.295,7820.355
store_547,2015-08-06,682.11,7800.29
store_547,2015-08-07,666.35,7519.13
store_547,2015-08-08,469.535,5052.785
store_547,2015-08-09,0.0,0.0
store_547,2015-08-10,692.705,7160.895
store_547,2015-08-11,627.765,6402.235
store_547,2015-08-12,622.955,6213.955
store_547,2015-08-13,637.92,6563.7
store_547,2015-08-14,629.415,6556.38
store_547,2015-08-15,477.195,5004.44
store_547,2015-08-16,0.0,0.0
store_547,2015-08-17,861.68,10741.27
store_547,2015-08-18,760.79,8918.195
store_547,2015-08-19,721.375,7963.345
store_547,2015-08-20,732.45,7997.755
store_547,2015-08-21,703.895,7822.285
store_547,2015-08-22,489.565,4991.83
store_547,2015-08-23,0.0,0.0
store_547,2015-08-24,732.96,7422.79
store_547,2015-08-25,658.575,6862.43
store_547,2015-08-26,619.6,6425.77
store_547,2015-08-27,634.085,6624.56
store_547,2015-08-28,636.63,6905.68
store_547,2015-08-29,472.255,4940.235
store_548,2015-07-20,858.74,5321.14
store_548,2015-07-21,804.745,5031.465
store_548,2015-07-22,841.005,5134.89
store_548,2015-07-23,882.99,5423.94
store_548,2015-07-24,882.68,5413.36
store_548,2015-07-25,849.67,5288.96
store_548,2015-07-26,0.0,0.0
store_548,2015-07-27,1076.78,8195.74
store_548,2015-07-28,978.49,7425.11
store_548,2015-07-29,999.46,7202.62
store_548,2015-07-30,1030.98,6935.5
store_548,2015-07-31,990.275,6428.3
store_548,2015-08-01,809.885,5072.48
store_548,2015-08-02,0.0,0.0
store_548,2015-08-03,1133.91,8017.775
store_548,2015-08-04,1002.145,6986.05
store_548,2015-08-05,947.03,6593.375
store_548,2015-08-06,946.725,6534.765
store_548,2015-08-07,931.155,6194.03
store_548,2015-08-08,842.405,5323.66
store_548,2015-08-09,0.0,0.0
store_548,2015-08-10,851.565,5341.865
store_548,2015-08-11,822.36,5033.995
store_548,2015-08-12,803.825,4949.295
store_548,2015-08-13,813.575,5218.145
store_548,2015-08-14,867.385,5227.42
store_548,2015-08-15,840.855,5182.175
store_548,2015-08-16,0.0,0.0
store_548,2015-08-17,1145.18,7567.675
store_548,2015-08-18,1025.53,6668.185
store_548,2015-08-19,953.13,6122.375
store_548,2015-08-20,964.865,6218.48
store_548,2015-08-21,981.765,6144.345
store_548,2015-08-22,814.765,5135.4
store_548,2015-08-23,0.0,0.0
store_548,2015-08-24,910.515,5225.28
store_548,2015-08-25,842.09,4847.83
store_548,2015-08-26,777.47,4733.57
store_548,2015-08-27,831.96,4964.975
store_548,2015-08-28,842.885,5038.075
store_548,2015-08-29,827.795,5054.8
store_549,2015-07-20,1181.27,8721.215
store_549,2015-07-21,1100.15,8187.205
store_549,2015-07-22,1103.095,8375.22
store_549,2015-07-23,1121.64,8366.88
store_549,2015-07-24,1120.38,8671.535
store_549,2015-07-25,1085.845,8514.385
store_549,2015-07-26,0.0,0.0
store_549,2015-07-27,1458.915,13404.165
store_549,2015-07-28,1380.98,12144.485
store_549,2015-07-29,1317.02,11488.28
store_549,2015-07-30,1296.115,11036.34
store_549,2015-07-31,1207.51,10095.885
store_549,2015-08-01,1059.89,8480.51
store_549,2015-08-02,0.0,0.0
store_549,2015-08-03,1562.585,14514.765
store_549,2015-08-04,1407.82,12252.13
store_549,2015-08-05,1298.995,11160.94
store_549,2015-08-06,1298.79,10738.21
store_549,2015-08-07,1251.195,10317.585
store_549,2015-08-08,1094.025,8634.425
store_549,2015-08-09,0.0,0.0
store_549,2015-08-10,1203.065,9125.86
store_549,2015-08-11,1127.57,8440.805
store_549,2015-08-12,1081.85,8096.575
store_549,2015-08-13,1114.145,8440.76
store_549,2015-08-14,1129.22,8558.12
store_549,2015-08-15,1040.405,8269.915
store_549,2015-08-16,0.0,0.0
store_549,2015-08-17,1510.29,13370.095
store_549,2015-08-18,1375.305,11716.145
store_549,2015-08-19,1302.67,10590.85
store_549,2015-08-20,1286.61,10415.83
store_549,2015-08-21,1241.77,9961.22
store_549,2015-08-22,1053.255,8153.24
store_549,2015-08-23,0.0,0.0
store_549,2015-08-24,1144.865,8419.795
store_549,2015-08-25,1066.035,7759.575
store_549,2015-08-26,1054.55,7958.005
store_549,2015-08-27,1049.555,8236.995
store_549,2015-08-28,1057.555,8257.815
store_549,2015-08-29,1038.105,8086.235
store_55,2015-07-20,960.22,7361.57
store_55,2015-07-21,895.475,6731.12
store_55,2015-07-22,869.955,6655.36
store_55,2015-07-23,873.675,6775.62
store_55,2015-07-24,900.02,6753.56
store_55,2015-07-25,904.935,6763.46
store_55,2015-07-26,0.0,0.0
store_55,2015-07-27,1209.785,11076.92
store_55,2015-07-28,1119.445,10016.96
store_55,2015-07-29,1082.74,9372.85
store_55,2015-07-30,1092.1,9007.89
store_55,2015-07-31,1045.725,8329.04
store_55,2015-08-01,935.49,6824.585
store_55,2015-08-02,0.0,0.0
store_55,2015-08-03,1301.725,12084.96
store_55,2015-08-04,1097.0,9885.15
store_55,2015-08-05,1018.12,8892.925
store_55,2015-08-06,1013.82,8632.5
store_55,2015-08-07,1009.415,8213.18
store_55,2015-08-08,935.075,7109.135
store_55,2015-08-09,0.0,0.0
store_55,2015-08-10,1020.7,7589.95
store_55,2015-08-11,967.97,7117.01
store_55,2015-08-12,921.6,6801.715
store_55,2015-08-13,932.73,6959.495
store_55,2015-08-14,953.685,6941.155
store_55,2015-08-15,912.495,6851.555
store_55,2015-08-16,0.0,0.0
store_55,2015-08-17,1300.46,11269.585
store_55,2015-08-18,1166.18,9937.785
store_55,2015-08-19,1069.415,8740.965
store_55,2015-08-20,1044.29,8269.65
store_55,2015-08-21,1056.715,8030.315
store_55,2015-08-22,911.09,6790.875
store_55,2015-08-23,0.0,0.0
store_55,2015-08-24,998.145,7177.03
store_55,2015-08-25,942.345,6861.405
store_55,2015-08-26,932.515,6775.355
store_55,2015-08-27,950.5,6928.32
store_55,2015-08-28,966.155,7050.0
store_55,2015-08-29,917.645,6846.79
store_550,2015-07-20,731.0,5492.01
store_550,2015-07-21,727.105,5491.69
store_550,2015-07-22,641.96,4947.44
store_550,2015-07-23,772.5,5599.42
store_550,2015-07-24,776.245,5743.465
store_550,2015-07-25,806.305,6230.99
store_550,2015-07-26,0.0,0.0
store_550,2015-07-27,920.425,8210.365
store_550,2015-07-28,913.17,8147.805
store_550,2015-07-29,840.08,7226.255
store_550,2015-07-30,895.26,6963.04
store_550,2015-07-31,864.525,6822.995
store_550,2015-08-01,833.995,6237.465
store_550,2015-08-02,0.0,0.0
store_550,2015-08-03,990.335,8682.985
store_550,2015-08-04,868.82,7746.085
store_550,2015-08-05,801.12,6831.855
store_550,2015-08-06,838.69,6825.65
store_550,2015-08-07,835.415,6696.08
store_550,2015-08-08,833.73,6682.595
store_550,2015-08-09,0.0,0.0
store_550,2015-08-10,804.325,5828.065
store_550,2015-08-11,771.53,5596.06
store_550,2015-08-12,749.545,5411.52
store_550,2015-08-13,760.045,5606.38
store_550,2015-08-14,779.53,5652.56
store_550,2015-08-15,809.41,6300.43
store_550,2015-08-16,0.0,0.0
store_550,2015-08-17,1021.59,8824.685
store_550,2015-08-18,918.445,7830.48
store_550,2015-08-19,861.935,7091.015
store_550,2015-08-20,851.035,6688.81
store_550,2015-08-21,841.225,6579.145
store_550,2015-08-22,795.535,6170.44
store_550,2015-08-23,0.0,0.0
store_550,2015-08-24,807.0,5985.02
store_550,2015-08-25,713.555,5488.215
store_550,2015-08-26,710.085,5268.25
store_550,2015-08-27,740.85,5527.16
store_550,2015-08-28,759.83,5781.375
store_550,2015-08-29,775.085,6063.715
store_551,2015-07-20,334.48,3330.705
store_551,2015-07-21,308.42,3093.1
store_551,2015-07-22,328.94,3133.64
store_551,2015-07-23,334.725,3255.92
store_551,2015-07-24,349.835,3351.11
store_551,2015-07-25,222.84,2065.74
store_551,2015-07-26,0.0,0.0
store_551,2015-07-27,444.55,5708.705
store_551,2015-07-28,386.915,4930.64
store_551,2015-07-29,376.765,4474.165
store_551,2015-07-30,388.935,4354.86
store_551,2015-07-31,388.295,4331.625
store_551,2015-08-01,223.67,2127.38
store_551,2015-08-02,0.0,0.0
store_551,2015-08-03,482.4,5949.76
store_551,2015-08-04,409.39,4772.045
store_551,2015-08-05,370.735,4361.59
store_551,2015-08-06,389.875,4467.94
store_551,2015-08-07,397.525,4385.165
store_551,2015-08-08,219.92,2069.7
store_551,2015-08-09,0.0,0.0
store_551,2015-08-10,379.915,3747.115
store_551,2015-08-11,347.825,3401.225
store_551,2015-08-12,339.335,3370.87
store_551,2015-08-13,343.035,3513.715
store_551,2015-08-14,357.66,3550.175
store_551,2015-08-15,211.765,2059.2
store_551,2015-08-16,0.0,0.0
store_551,2015-08-17,478.015,5768.905
store_551,2015-08-18,406.715,4691.575
store_551,2015-08-19,397.995,4503.7
store_551,2015-08-20,394.45,4539.69
store_551,2015-08-21,407.19,4583.58
store_551,2015-08-22,219.94,2079.96
store_551,2015-08-23,0.0,0.0
store_551,2015-08-24,393.405,3856.835
store_551,2015-08-25,349.73,3441.36
store_551,2015-08-26,345.27,3430.005
store_551,2015-08-27,352.745,3639.185
store_551,2015-08-28,370.91,3852.785
store_551,2015-08-29,217.31,2092.62
store_552,2015-07-20,854.585,8799.69
store_552,2015-07-21,768.885,7945.81
store_552,2015-07-22,764.57,7737.01
store_552,2015-07-23,806.26,7907.94
store_552,2015-07-24,841.595,8398.155
store_552,2015-07-25,758.02,7737.75
store_552,2015-07-26,0.0,0.0
store_552,2015-07-27,1098.11,13528.715
store_552,2015-07-28,968.4,11936.485
store_552,2015-07-29,945.085,11086.43
store_552,2015-07-30,979.34,11090.745
store_552,2015-07-31,1008.73,11438.66
store_552,2015-08-01,800.965,8121.955
store_552,2015-08-02,0.0,0.0
store_552,2015-08-03,1155.88,14089.58
store_552,2015-08-04,963.805,11374.25
store_552,2015-08-05,916.52,10438.7
store_552,2015-08-06,922.985,10290.44
store_552,2015-08-07,916.92,10259.54
store_552,2015-08-08,757.86,7922.035
store_552,2015-08-09,0.0,0.0
store_552,2015-08-10,916.395,9241.19
store_552,2015-08-11,841.915,8286.385
store_552,2015-08-12,810.155,8066.68
store_552,2015-08-13,831.63,8202.76
store_552,2015-08-14,880.005,8591.8
store_552,2015-08-15,749.37,7757.195
store_552,2015-08-16,0.0,0.0
store_552,2015-08-17,1117.735,12885.105
store_552,2015-08-18,1004.64,11105.71
store_552,2015-08-19,958.06,10336.89
store_552,2015-08-20,957.835,10143.05
store_552,2015-08-21,947.15,10056.035
store_552,2015-08-22,763.275,7805.71
store_552,2015-08-23,0.0,0.0
store_552,2015-08-24,893.905,8401.655
store_552,2015-08-25,812.16,7813.37
store_552,2015-08-26,772.475,7674.205
store_552,2015-08-27,819.185,8209.105
store_552,2015-08-28,858.145,8642.395
store_552,2015-08-29,746.725,7811.17
store_553,2015-07-20,658.67,4782.24
store_553,2015-07-21,617.065,4459.015
store_553,2015-07-22,587.475,4295.145
store_553,2015-07-23,636.43,4533.07
store_553,2015-07-24,692.41,5012.505
store_553,2015-07-25,777.02,5873.035
store_553,2015-07-26,0.0,0.0
store_553,2015-07-27,803.715,7160.96
store_553,2015-07-28,761.59,6567.075
store_553,2015-07-29,755.365,6347.815
store_553,2015-07-30,772.4,6275.5
store_553,2015-07-31,778.74,6324.71
store_553,2015-08-01,795.0,5967.07
store_553,2015-08-02,0.0,0.0
store_553,2015-08-03,869.775,7814.43
store_553,2015-08-04,741.91,6697.07
store_553,2015-08-05,694.61,5879.115
store_553,2015-08-06,710.0,5900.48
store_553,2015-08-07,746.33,6033.855
store_553,2015-08-08,774.84,6059.71
store_553,2015-08-09,0.0,0.0
store_553,2015-08-10,701.675,5172.27
store_553,2015-08-11,648.595,4832.585
store_553,2015-08-12,633.38,4567.38
store_553,2015-08-13,642.925,4791.5
store_553,2015-08-14,690.07,5168.125
store_553,2015-08-15,762.945,6025.08
store_553,2015-08-16,0.0,0.0
store_553,2015-08-17,861.47,7629.505
store_553,2015-08-18,783.36,6721.61
store_553,2015-08-19,739.56,6039.255
store_553,2015-08-20,748.77,5861.72
store_553,2015-08-21,766.07,6082.295
store_553,2015-08-22,744.375,5830.82
store_553,2015-08-23,0.0,0.0
store_553,2015-08-24,753.175,5687.19
store_553,2015-08-25,693.68,5230.29
store_553,2015-08-26,654.615,4893.91
store_553,2015-08-27,660.36,4999.64
store_553,2015-08-28,678.69,5195.38
store_553,2015-08-29,733.05,5796.275
store_554,2015-07-20,982.945,6500.75
store_554,2015-07-21,920.99,6149.995
store_554,2015-07-22,940.89,6276.215
store_554,2015-07-23,964.68,6518.68
store_554,2015-07-24,987.31,6680.285
store_554,2015-07-25,1033.17,7151.28
store_554,2015-07-26,0.0,0.0
store_554,2015-07-27,1452.125,13107.195
store_554,2015-07-28,1374.62,11985.285
store_554,2015-07-29,1271.07,10629.31
store_554,2015-07-30,1289.135,10228.705
store_554,2015-07-31,1206.77,9225.54
store_554,2015-08-01,1052.875,7321.635
store_554,2015-08-02,0.0,0.0
store_554,2015-08-03,1469.74,13044.405
store_554,2015-08-04,1240.305,10718.675
store_554,2015-08-05,1169.91,9682.11
store_554,2015-08-06,1152.555,9480.86
store_554,2015-08-07,1142.95,9081.15
store_554,2015-08-08,1038.705,7610.96
store_554,2015-08-09,0.0,0.0
store_554,2015-08-10,1140.375,7925.825
store_554,2015-08-11,1102.13,7748.455
store_554,2015-08-12,1040.815,7355.595
store_554,2015-08-13,1023.165,7429.915
store_554,2015-08-14,1030.945,7313.735
store_554,2015-08-15,1042.185,7465.21
store_554,2015-08-16,0.0,0.0
store_554,2015-08-17,1402.97,12614.87
store_554,2015-08-18,1302.215,10806.825
store_554,2015-08-19,1213.13,9705.575
store_554,2015-08-20,1171.265,9255.275
store_554,2015-08-21,1146.125,8855.265
store_554,2015-08-22,1039.915,7408.01
store_554,2015-08-23,0.0,0.0
store_554,2015-08-24,1063.76,7722.645
store_554,2015-08-25,1008.685,7406.725
store_554,2015-08-26,976.36,7151.615
store_554,2015-08-27,980.875,7328.04
store_554,2015-08-28,1025.875,7563.095
store_554,2015-08-29,1053.375,7522.515
store_555,2015-07-20,1085.06,8344.585
store_555,2015-07-21,1044.04,8051.9
store_555,2015-07-22,994.345,7761.705
store_555,2015-07-23,1097.565,8245.295
store_555,2015-07-24,1034.715,8064.615
store_555,2015-07-25,734.215,6040.045
store_555,2015-07-26,0.0,0.0
store_555,2015-07-27,1233.935,11683.135
store_555,2015-07-28,1192.15,11448.755
store_555,2015-07-29,1134.805,10470.25
store_555,2015-07-30,1237.465,11073.48
store_555,2015-07-31,1186.365,10399.955
store_555,2015-08-01,789.29,6378.975
store_555,2015-08-02,0.0,0.0
store_555,2015-08-03,1288.73,12406.49
store_555,2015-08-04,1167.71,10803.875
store_555,2015-08-05,1099.325,9681.265
store_555,2015-08-06,1169.035,10233.915
store_555,2015-08-07,1135.63,9753.12
store_555,2015-08-08,795.92,6544.045
store_555,2015-08-09,0.0,0.0
store_555,2015-08-10,1090.64,8505.945
store_555,2015-08-11,1019.71,8023.355
store_555,2015-08-12,971.865,7592.18
store_555,2015-08-13,1028.335,8108.125
store_555,2015-08-14,1043.3,8309.595
store_555,2015-08-15,798.44,6422.24
store_555,2015-08-16,0.0,0.0
store_555,2015-08-17,1290.49,11913.765
store_555,2015-08-18,1201.67,10399.125
store_555,2015-08-19,1129.47,9572.855
store_555,2015-08-20,1149.455,9730.615
store_555,2015-08-21,1129.185,9607.12
store_555,2015-08-22,812.185,6464.395
store_555,2015-08-23,0.0,0.0
store_555,2015-08-24,1021.22,7889.73
store_555,2015-08-25,968.0,7466.1
store_555,2015-08-26,928.275,7191.305
store_555,2015-08-27,972.015,7731.46
store_555,2015-08-28,1041.01,8270.015
store_555,2015-08-29,822.21,6644.47
store_556,2015-07-20,602.27,4315.55
store_556,2015-07-21,578.21,4302.675
store_556,2015-07-22,582.445,4194.99
store_556,2015-07-23,573.025,4068.87
store_556,2015-07-24,576.285,4121.945
store_556,2015-07-25,616.51,4500.785
store_556,2015-07-26,0.0,0.0
store_556,2015-07-27,798.115,6741.285
store_556,2015-07-28,759.28,6820.05
store_556,2015-07-29,746.655,6335.14
store_556,2015-07-30,738.71,5687.36
store_556,2015-07-31,694.125,5334.94
store_556,2015-08-01,648.8,4830.315
store_556,2015-08-02,0.0,0.0
store_556,2015-08-03,885.82,7101.755
store_556,2015-08-04,751.875,6367.62
store_556,2015-08-05,722.83,5910.42
store_556,2015-08-06,697.73,5490.67
store_556,2015-08-07,672.895,5097.075
store_556,2015-08-08,641.285,4738.77
store_556,2015-08-09,0.0,0.0
store_556,2015-08-10,698.125,4722.345
store_556,2015-08-11,664.985,4654.17
store_556,2015-08-12,644.835,4559.68
store_556,2015-08-13,644.845,4528.115
store_556,2015-08-14,647.055,4433.67
store_556,2015-08-15,650.01,4695.495
store_556,2015-08-16,0.0,0.0
store_556,2015-08-17,873.37,6846.5
store_556,2015-08-18,768.82,6197.505
store_556,2015-08-19,722.53,5660.975
store_556,2015-08-20,738.765,5453.195
store_556,2015-08-21,753.71,5429.63
store_556,2015-08-22,648.375,4695.58
store_556,2015-08-23,0.0,0.0
store_556,2015-08-24,712.91,4947.485
store_556,2015-08-25,644.15,4518.49
store_556,2015-08-26,638.455,4506.875
store_556,2015-08-27,636.83,4528.565
store_556,2015-08-28,652.545,4570.19
store_556,2015-08-29,660.88,4798.95
store_557,2015-07-20,639.265,5560.13
store_557,2015-07-21,587.735,5096.555
store_557,2015-07-22,574.87,4997.49
store_557,2015-07-23,608.805,5354.15
store_557,2015-07-24,639.135,5587.06
store_557,2015-07-25,416.255,3868.945
store_557,2015-07-26,0.0,0.0
store_557,2015-07-27,828.995,8596.3
store_557,2015-07-28,729.96,7514.86
store_557,2015-07-29,700.785,6909.825
store_557,2015-07-30,727.365,6904.04
store_557,2015-07-31,733.885,6961.225
store_557,2015-08-01,435.915,3986.395
store_557,2015-08-02,0.0,0.0
store_557,2015-08-03,870.575,8898.15
store_557,2015-08-04,731.595,7215.46
store_557,2015-08-05,687.36,6529.315
store_557,2015-08-06,677.59,6426.415
store_557,2015-08-07,706.865,6341.69
store_557,2015-08-08,433.94,3924.74
store_557,2015-08-09,0.0,0.0
store_557,2015-08-10,661.475,5655.49
store_557,2015-08-11,601.84,5017.54
store_557,2015-08-12,586.105,4884.965
store_557,2015-08-13,600.825,5199.41
store_557,2015-08-14,639.885,5270.81
store_557,2015-08-15,428.19,3811.935
store_557,2015-08-16,0.0,0.0
store_557,2015-08-17,896.195,8591.205
store_557,2015-08-18,751.99,7076.13
store_557,2015-08-19,718.09,6326.325
store_557,2015-08-20,700.545,6173.13
store_557,2015-08-21,721.295,6174.865
store_557,2015-08-22,433.99,3825.11
store_557,2015-08-23,0.0,0.0
store_557,2015-08-24,666.555,5224.59
store_557,2015-08-25,606.805,4840.08
store_557,2015-08-26,598.39,4804.86
store_557,2015-08-27,610.325,5037.82
store_557,2015-08-28,647.91,5349.795
store_557,2015-08-29,426.495,3793.82
store_558,2015-07-20,609.16,6037.455
store_558,2015-07-21,547.735,5463.125
store_558,2015-07-22,560.45,5660.875
store_558,2015-07-23,574.565,5800.765
store_558,2015-07-24,606.36,6081.405
store_558,2015-07-25,649.47,6857.11
store_558,2015-07-26,0.0,0.0
store_558,2015-07-27,843.365,10184.92
store_558,2015-07-28,724.305,8649.54
store_558,2015-07-29,697.17,8036.485
store_558,2015-07-30,697.24,7625.295
store_558,2015-07-31,694.185,7656.91
store_558,2015-08-01,665.61,7041.295
store_558,2015-08-02,0.0,0.0
store_558,2015-08-03,891.265,10521.295
store_558,2015-08-04,719.35,8296.885
store_558,2015-08-05,687.4,7553.255
store_558,2015-08-06,661.43,7066.625
store_558,2015-08-07,649.655,7077.755
store_558,2015-08-08,642.755,6894.42
store_558,2015-08-09,0.0,0.0
store_558,2015-08-10,668.625,6276.415
store_558,2015-08-11,594.175,5782.625
store_558,2015-08-12,585.025,5685.02
store_558,2015-08-13,593.14,5731.035
store_558,2015-08-14,618.8,6019.135
store_558,2015-08-15,633.11,6502.785
store_558,2015-08-16,0.0,0.0
store_558,2015-08-17,882.73,10170.02
store_558,2015-08-18,747.505,8272.025
store_558,2015-08-19,713.86,7485.205
store_558,2015-08-20,704.18,7231.815
store_558,2015-08-21,704.325,7199.745
store_558,2015-08-22,628.33,6378.56
store_558,2015-08-23,0.0,0.0
store_558,2015-08-24,644.13,6026.7
store_558,2015-08-25,582.02,5636.965
store_558,2015-08-26,593.98,5558.2
store_558,2015-08-27,606.64,5756.775
store_558,2015-08-28,636.055,6182.51
store_558,2015-08-29,618.0,6321.555
store_559,2015-07-20,360.365,3382.565
store_559,2015-07-21,355.73,3520.75
store_559,2015-07-22,355.33,3464.11
store_559,2015-07-23,403.58,3734.08
store_559,2015-07-24,376.335,3678.39
store_559,2015-07-25,223.71,2111.185
store_559,2015-07-26,0.0,0.0
store_559,2015-07-27,430.835,4914.63
store_559,2015-07-28,425.515,5011.765
store_559,2015-07-29,406.04,4449.925
store_559,2015-07-30,431.215,4424.79
store_559,2015-07-31,432.795,4435.425
store_559,2015-08-01,230.15,2097.095
store_559,2015-08-02,0.0,0.0
store_559,2015-08-03,457.195,4703.265
store_559,2015-08-04,411.49,4328.47
store_559,2015-08-05,389.515,4027.75
store_559,2015-08-06,430.03,4241.275
store_559,2015-08-07,433.535,4251.39
store_559,2015-08-08,230.275,1999.835
store_559,2015-08-09,0.0,0.0
store_559,2015-08-10,383.6,3361.925
store_559,2015-08-11,353.685,3162.13
store_559,2015-08-12,339.835,3066.04
store_559,2015-08-13,368.56,3420.405
store_559,2015-08-14,400.665,3547.33
store_559,2015-08-15,234.93,2041.01
store_559,2015-08-16,0.0,0.0
store_559,2015-08-17,473.86,4572.015
store_559,2015-08-18,404.935,3984.355
store_559,2015-08-19,388.02,3753.845
store_559,2015-08-20,417.26,3933.28
store_559,2015-08-21,449.24,4086.595
store_559,2015-08-22,239.03,2034.26
store_559,2015-08-23,0.0,0.0
store_559,2015-08-24,373.52,3097.965
store_559,2015-08-25,337.745,2880.085
store_559,2015-08-26,338.65,2898.845
store_559,2015-08-27,352.61,3134.025
store_559,2015-08-28,392.335,3420.12
store_559,2015-08-29,240.33,2046.88
store_56,2015-07-20,431.16,3630.285
store_56,2015-07-21,372.995,3223.385
store_56,2015-07-22,406.045,3375.53
store_56,2015-07-23,403.75,3261.41
store_56,2015-07-24,416.02,3401.835
store_56,2015-07-25,401.6,3315.345
store_56,2015-07-26,0.0,0.0
store_56,2015-07-27,564.46,5961.87
store_56,2015-07-28,488.655,5159.275
store_56,2015-07-29,492.935,4815.635
store_56,2015-07-30,503.61,4523.315
store_56,2015-07-31,494.27,4297.52
store_56,2015-08-01,408.82,3372.52
store_56,2015-08-02,0.0,0.0
store_56,2015-08-03,601.325,5730.74
store_56,2015-08-04,491.37,4680.94
store_56,2015-08-05,464.875,4415.63
store_56,2015-08-06,467.94,4270.04
store_56,2015-08-07,467.645,4059.675
store_56,2015-08-08,407.67,3429.385
store_56,2015-08-09,0.0,0.0
store_56,2015-08-10,498.455,3848.61
store_56,2015-08-11,430.375,3439.605
store_56,2015-08-12,411.835,3357.515
store_56,2015-08-13,423.385,3407.035
store_56,2015-08-14,431.405,3353.505
store_56,2015-08-15,416.77,3345.98
store_56,2015-08-16,0.0,0.0
store_56,2015-08-17,615.245,5341.03
store_56,2015-08-18,530.05,4667.53
store_56,2015-08-19,504.755,4270.84
store_56,2015-08-20,502.02,4007.77
store_56,2015-08-21,501.085,3908.605
store_56,2015-08-22,415.995,3254.245
store_56,2015-08-23,0.0,0.0
store_56,2015-08-24,498.125,3629.275
store_56,2015-08-25,438.42,3315.315
store_56,2015-08-26,431.495,3329.785
store_56,2015-08-27,437.145,3390.515
store_56,2015-08-28,463.495,3426.675
store_56,2015-08-29,432.38,3343.985
store_560,2015-07-20,1042.24,6019.585
store_560,2015-07-21,1041.65,6157.58
store_560,2015-07-22,1064.815,5752.13
store_560,2015-07-23,1064.295,5528.455
store_560,2015-07-24,1173.94,6756.755
store_560,2015-07-25,1541.445,8608.22
store_560,2015-07-26,0.0,0.0
store_560,2015-07-27,1299.565,8945.1
store_560,2015-07-28,1276.35,9299.34
store_560,2015-07-29,1259.19,8322.795
store_560,2015-07-30,1268.51,7863.115
store_560,2015-07-31,1325.57,8610.065
store_560,2015-08-01,1553.725,8720.765
store_560,2015-08-02,0.0,0.0
store_560,2015-08-03,1338.675,9726.93
store_560,2015-08-04,1273.35,9213.635
store_560,2015-08-05,1203.955,8047.57
store_560,2015-08-06,1191.49,7495.19
store_560,2015-08-07,1189.245,7856.94
store_560,2015-08-08,1535.245,8925.135
store_560,2015-08-09,0.0,0.0
store_560,2015-08-10,1150.145,6980.935
store_560,2015-08-11,1114.79,7036.775
store_560,2015-08-12,1075.675,6545.79
store_560,2015-08-13,1108.16,6603.85
store_560,2015-08-14,1068.73,6914.9
store_560,2015-08-15,1449.52,8915.145
store_560,2015-08-16,0.0,0.0
store_560,2015-08-17,1348.72,10071.875
store_560,2015-08-18,1271.955,9376.945
store_560,2015-08-19,1201.69,8466.865
store_560,2015-08-20,1193.545,8068.845
store_560,2015-08-21,1179.88,7998.48
store_560,2015-08-22,1466.96,9197.425
store_560,2015-08-23,0.0,0.0
store_560,2015-08-24,1137.095,7397.41
store_560,2015-08-25,1087.71,7141.525
store_560,2015-08-26,1041.39,6762.545
store_560,2015-08-27,1064.125,7036.72
store_560,2015-08-28,1084.865,7312.15
store_560,2015-08-29,1422.56,9286.735
store_561,2015-07-20,451.89,5422.595
store_561,2015-07-21,412.61,4800.95
store_561,2015-07-22,427.89,5078.83
store_561,2015-07-23,437.655,5166.88
store_561,2015-07-24,461.915,5482.18
store_561,2015-07-25,504.91,5818.415
store_561,2015-07-26,0.0,0.0
store_561,2015-07-27,615.72,8871.225
store_561,2015-07-28,543.21,7671.965
store_561,2015-07-29,524.29,7066.585
store_561,2015-07-30,537.315,6724.505
store_561,2015-07-31,549.215,6710.415
store_561,2015-08-01,528.575,5836.7
store_561,2015-08-02,0.0,0.0
store_561,2015-08-03,649.375,9038.005
store_561,2015-08-04,530.23,6974.26
store_561,2015-08-05,501.57,6520.44
store_561,2015-08-06,512.405,6476.355
store_561,2015-08-07,520.61,6506.05
store_561,2015-08-08,530.195,6147.02
store_561,2015-08-09,0.0,0.0
store_561,2015-08-10,479.255,5441.685
store_561,2015-08-11,437.935,4920.845
store_561,2015-08-12,428.75,4820.465
store_561,2015-08-13,452.515,5206.245
store_561,2015-08-14,489.77,5515.75
store_561,2015-08-15,517.475,5983.02
store_561,2015-08-16,0.0,0.0
store_561,2015-08-17,671.425,8863.15
store_561,2015-08-18,570.445,7291.965
store_561,2015-08-19,553.66,6731.215
store_561,2015-08-20,548.53,6555.65
store_561,2015-08-21,554.665,6673.955
store_561,2015-08-22,526.48,5827.0
store_561,2015-08-23,0.0,0.0
store_561,2015-08-24,488.715,5552.6
store_561,2015-08-25,446.695,5084.695
store_561,2015-08-26,463.925,5117.655
store_561,2015-08-27,475.095,5370.445
store_561,2015-08-28,492.075,5579.99
store_561,2015-08-29,524.895,5865.585
store_562,2015-07-20,755.935,5584.015
store_562,2015-07-21,690.885,5121.5
store_562,2015-07-22,717.73,5213.995
store_562,2015-07-23,725.01,5320.56
store_562,2015-07-24,706.8,5042.2
store_562,2015-07-25,637.855,4290.945
store_562,2015-07-26,0.0,0.0
store_562,2015-07-27,1038.52,9465.235
store_562,2015-07-28,907.045,7934.35
store_562,2015-07-29,923.005,7570.745
store_562,2015-07-30,911.99,7341.5
store_562,2015-07-31,859.67,6754.715
store_562,2015-08-01,655.895,4527.22
store_562,2015-08-02,0.0,0.0
store_562,2015-08-03,1097.095,10139.955
store_562,2015-08-04,909.46,7712.695
store_562,2015-08-05,869.605,7125.825
store_562,2015-08-06,824.37,6851.745
store_562,2015-08-07,786.965,6205.995
store_562,2015-08-08,678.23,4676.29
store_562,2015-08-09,0.0,0.0
store_562,2015-08-10,844.44,6146.225
store_562,2015-08-11,781.445,5543.89
store_562,2015-08-12,750.13,5366.53
store_562,2015-08-13,752.59,5501.95
store_562,2015-08-14,734.525,5269.465
store_562,2015-08-15,679.785,4729.82
store_562,2015-08-16,0.0,0.0
store_562,2015-08-17,1129.03,9666.75
store_562,2015-08-18,971.285,7918.425
store_562,2015-08-19,900.88,7233.58
store_562,2015-08-20,887.48,6857.47
store_562,2015-08-21,860.72,6484.13
store_562,2015-08-22,671.64,4708.23
store_562,2015-08-23,0.0,0.0
store_562,2015-08-24,844.58,6103.39
store_562,2015-08-25,757.77,5572.005
store_562,2015-08-26,765.285,5548.76
store_562,2015-08-27,775.59,5713.29
store_562,2015-08-28,772.645,5736.3
store_562,2015-08-29,705.255,4927.52
store_563,2015-07-20,596.27,6318.015
store_563,2015-07-21,573.415,5904.57
store_563,2015-07-22,534.92,5685.725
store_563,2015-07-23,564.29,5746.16
store_563,2015-07-24,535.71,5623.455
store_563,2015-07-25,584.185,6018.27
store_563,2015-07-26,0.0,0.0
store_563,2015-07-27,837.345,11413.34
store_563,2015-07-28,719.31,9344.77
store_563,2015-07-29,700.485,8603.225
store_563,2015-07-30,692.17,7826.035
store_563,2015-07-31,648.605,7272.86
store_563,2015-08-01,634.785,6284.525
store_563,2015-08-02,0.0,0.0
store_563,2015-08-03,879.565,11564.83
store_563,2015-08-04,724.235,9077.26
store_563,2015-08-05,666.475,8014.22
store_563,2015-08-06,658.82,7625.07
store_563,2015-08-07,622.835,6881.105
store_563,2015-08-08,619.83,6460.24
store_563,2015-08-09,0.0,0.0
store_563,2015-08-10,624.12,6521.365
store_563,2015-08-11,582.37,6009.95
store_563,2015-08-12,565.69,5931.195
store_563,2015-08-13,583.96,6139.37
store_563,2015-08-14,592.935,5802.435
store_563,2015-08-15,615.86,6101.49
store_563,2015-08-16,0.0,0.0
store_563,2015-08-17,868.51,10830.49
store_563,2015-08-18,720.485,8752.66
store_563,2015-08-19,682.935,7937.655
store_563,2015-08-20,694.52,7512.735
store_563,2015-08-21,672.63,7242.17
store_563,2015-08-22,649.315,6088.17
store_563,2015-08-23,0.0,0.0
store_563,2015-08-24,688.26,6660.655
store_563,2015-08-25,590.295,6123.13
store_563,2015-08-26,574.4,5981.045
store_563,2015-08-27,587.875,6077.395
store_563,2015-08-28,607.025,6130.5
store_563,2015-08-29,630.38,6233.2
store_564,2015-07-20,673.63,5172.46
store_564,2015-07-21,626.545,4920.9
store_564,2015-07-22,602.755,4637.42
store_564,2015-07-23,618.38,4854.83
store_564,2015-07-24,652.59,5023.18
store_564,2015-07-25,550.275,4535.335
store_564,2015-07-26,0.0,0.0
store_564,2015-07-27,833.875,8101.445
store_564,2015-07-28,737.54,7348.365
store_564,2015-07-29,741.43,7056.31
store_564,2015-07-30,756.045,7083.37
store_564,2015-07-31,775.655,7163.815
store_564,2015-08-01,591.89,5131.9
store_564,2015-08-02,0.0,0.0
store_564,2015-08-03,874.48,8452.755
store_564,2015-08-04,746.515,7198.175
store_564,2015-08-05,688.7,6452.77
store_564,2015-08-06,698.515,6456.62
store_564,2015-08-07,717.365,6344.09
store_564,2015-08-08,571.215,5092.025
store_564,2015-08-09,0.0,0.0
store_564,2015-08-10,714.825,5580.22
store_564,2015-08-11,647.44,5300.29
store_564,2015-08-12,622.815,4954.67
store_564,2015-08-13,646.83,5313.085
store_564,2015-08-14,667.63,5463.295
store_564,2015-08-15,561.475,5019.195
store_564,2015-08-16,0.0,0.0
store_564,2015-08-17,867.225,8348.62
store_564,2015-08-18,763.765,7256.68
store_564,2015-08-19,713.24,6459.405
store_564,2015-08-20,739.635,6455.87
store_564,2015-08-21,747.785,6616.995
store_564,2015-08-22,565.74,4896.11
store_564,2015-08-23,0.0,0.0
store_564,2015-08-24,738.585,5983.905
store_564,2015-08-25,661.615,5511.4
store_564,2015-08-26,622.365,5221.015
store_564,2015-08-27,627.83,5473.115
store_564,2015-08-28,666.025,5788.17
store_564,2015-08-29,549.85,4998.935
store_565,2015-07-20,966.665,5690.85
store_565,2015-07-21,928.705,5305.035
store_565,2015-07-22,886.675,5216.31
store_565,2015-07-23,937.715,5565.195
store_565,2015-07-24,939.66,5449.655
store_565,2015-07-25,1044.83,6744.55
store_565,2015-07-26,0.0,0.0
store_565,2015-07-27,1162.675,8614.655
store_565,2015-07-28,1090.13,7809.58
store_565,2015-07-29,1111.6,7565.92
store_565,2015-07-30,1095.945,7290.265
store_565,2015-07-31,1054.79,6743.695
store_565,2015-08-01,1044.945,6371.155
store_565,2015-08-02,0.0,0.0
store_565,2015-08-03,1341.655,9695.445
store_565,2015-08-04,1155.275,8044.305
store_565,2015-08-05,1063.91,7057.425
store_565,2015-08-06,1019.65,6871.98
store_565,2015-08-07,993.8,6447.155
store_565,2015-08-08,1021.87,6568.71
store_565,2015-08-09,0.0,0.0
store_565,2015-08-10,1063.085,6319.24
store_565,2015-08-11,985.545,5749.5
store_565,2015-08-12,926.635,5408.84
store_565,2015-08-13,930.96,5656.425
store_565,2015-08-14,945.155,5580.845
store_565,2015-08-15,1014.9,6287.695
store_565,2015-08-16,0.0,0.0
store_565,2015-08-17,1353.595,9685.405
store_565,2015-08-18,1225.045,8243.285
store_565,2015-08-19,1158.255,7466.24
store_565,2015-08-20,1114.06,7160.335
store_565,2015-08-21,1087.75,6769.25
store_565,2015-08-22,1050.07,6529.46
store_565,2015-08-23,0.0,0.0
store_565,2015-08-24,988.895,5908.16
store_565,2015-08-25,917.535,5464.655
store_565,2015-08-26,912.49,5347.2
store_565,2015-08-27,946.8,5690.545
store_565,2015-08-28,995.6,5855.825
store_565,2015-08-29,1020.325,6390.58
store_566,2015-07-20,500.825,4205.445
store_566,2015-07-21,503.35,4278.275
store_566,2015-07-22,511.695,4231.07
store_566,2015-07-23,573.1,4655.915
store_566,2015-07-24,562.995,4513.41
store_566,2015-07-25,535.975,4266.325
store_566,2015-07-26,392.385,2974.705
store_566,2015-07-27,575.75,6038.8
store_566,2015-07-28,585.59,6078.645
store_566,2015-07-29,597.84,5823.44
store_566,2015-07-30,652.65,6082.235
store_566,2015-07-31,657.015,5975.67
store_566,2015-08-01,568.335,4984.245
store_566,2015-08-02,402.205,3108.66
store_566,2015-08-03,557.835,5709.51
store_566,2015-08-04,492.62,5338.445
store_566,2015-08-05,509.32,5015.47
store_566,2015-08-06,553.655,5478.37
store_566,2015-08-07,599.34,5434.02
store_566,2015-08-08,545.12,4848.535
store_566,2015-08-09,391.34,3152.14
store_566,2015-08-10,464.2,4206.775
store_566,2015-08-11,434.68,4063.375
store_566,2015-08-12,441.245,3943.29
store_566,2015-08-13,490.6,4461.435
store_566,2015-08-14,528.865,4539.72
store_566,2015-08-15,543.975,4875.315
store_566,2015-08-16,388.03,3289.9
store_566,2015-08-17,538.005,5570.23
store_566,2015-08-18,494.21,5114.59
store_566,2015-08-19,499.48,4840.055
store_566,2015-08-20,536.87,5327.45
store_566,2015-08-21,573.58,5517.965
store_566,2015-08-22,539.16,4970.94
store_566,2015-08-23,387.365,3222.855
store_566,2015-08-24,440.595,4009.74
store_566,2015-08-25,404.975,3838.535
store_566,2015-08-26,425.67,3839.995
store_566,2015-08-27,450.53,4202.795
store_566,2015-08-28,512.355,4922.045
store_566,2015-08-29,523.38,5022.255
store_567,2015-07-20,620.3,5933.235
store_567,2015-07-21,552.755,5327.935
store_567,2015-07-22,529.755,5226.695
store_567,2015-07-23,578.495,5284.405
store_567,2015-07-24,611.07,5655.34
store_567,2015-07-25,431.075,4394.705
store_567,2015-07-26,0.0,0.0
store_567,2015-07-27,748.86,8808.13
store_567,2015-07-28,656.64,7633.7
store_567,2015-07-29,658.555,7146.56
store_567,2015-07-30,690.965,6873.77
store_567,2015-07-31,695.785,6976.305
store_567,2015-08-01,448.96,4434.41
store_567,2015-08-02,0.0,0.0
store_567,2015-08-03,787.535,9022.02
store_567,2015-08-04,667.93,7416.605
store_567,2015-08-05,615.095,6681.635
store_567,2015-08-06,634.395,6572.2
store_567,2015-08-07,646.47,6631.755
store_567,2015-08-08,437.88,4378.19
store_567,2015-08-09,0.0,0.0
store_567,2015-08-10,646.42,5929.44
store_567,2015-08-11,561.54,5170.68
store_567,2015-08-12,549.47,5046.795
store_567,2015-08-13,557.0,5153.0
store_567,2015-08-14,577.015,5282.355
store_567,2015-08-15,427.25,4238.915
store_567,2015-08-16,0.0,0.0
store_567,2015-08-17,790.92,8419.865
store_567,2015-08-18,690.575,7136.0
store_567,2015-08-19,665.42,6478.765
store_567,2015-08-20,654.23,6396.415
store_567,2015-08-21,655.27,6341.015
store_567,2015-08-22,425.505,4093.785
store_567,2015-08-23,0.0,0.0
store_567,2015-08-24,646.915,5478.26
store_567,2015-08-25,574.435,4997.39
store_567,2015-08-26,572.84,5011.15
store_567,2015-08-27,580.03,5135.955
store_567,2015-08-28,592.58,5332.865
store_567,2015-08-29,420.08,4049.645
store_568,2015-07-20,645.305,5818.775
store_568,2015-07-21,584.565,5122.605
store_568,2015-07-22,569.315,4957.5
store_568,2015-07-23,624.145,5479.96
store_568,2015-07-24,637.295,5863.365
store_568,2015-07-25,378.795,3604.49
store_568,2015-07-26,0.0,0.0
store_568,2015-07-27,778.175,8974.94
store_568,2015-07-28,678.16,7642.19
store_568,2015-07-29,658.72,7233.795
store_568,2015-07-30,711.06,7444.035
store_568,2015-07-31,727.885,7585.5
store_568,2015-08-01,394.92,3820.865
store_568,2015-08-02,0.0,0.0
store_568,2015-08-03,819.73,9625.535
store_568,2015-08-04,711.3,7623.16
store_568,2015-08-05,667.61,6956.655
store_568,2015-08-06,670.48,6924.73
store_568,2015-08-07,676.835,7113.395
store_568,2015-08-08,387.65,3806.27
store_568,2015-08-09,0.0,0.0
store_568,2015-08-10,670.14,6261.245
store_568,2015-08-11,609.025,5782.135
store_568,2015-08-12,592.925,5553.075
store_568,2015-08-13,598.22,5832.355
store_568,2015-08-14,618.385,6271.19
store_568,2015-08-15,379.81,3685.85
store_568,2015-08-16,0.0,0.0
store_568,2015-08-17,844.09,9864.985
store_568,2015-08-18,718.99,8074.94
store_568,2015-08-19,693.62,7367.845
store_568,2015-08-20,680.035,7101.765
store_568,2015-08-21,669.755,7200.49
store_568,2015-08-22,374.725,3655.65
store_568,2015-08-23,0.0,0.0
store_568,2015-08-24,618.47,5936.425
store_568,2015-08-25,574.89,5732.67
store_568,2015-08-26,604.625,6009.865
store_568,2015-08-27,610.21,6218.055
store_568,2015-08-28,619.66,6547.005
store_568,2015-08-29,380.905,3707.445
store_569,2015-07-20,759.51,5225.715
store_569,2015-07-21,703.485,5053.08
store_569,2015-07-22,682.02,4919.115
store_569,2015-07-23,681.54,4892.175
store_569,2015-07-24,699.765,5036.115
store_569,2015-07-25,749.985,5645.905
store_569,2015-07-26,0.0,0.0
store_569,2015-07-27,915.215,8069.275
store_569,2015-07-28,853.555,7382.08
store_569,2015-07-29,843.015,6702.955
store_569,2015-07-30,883.065,6636.58
store_569,2015-07-31,818.815,6263.445
store_569,2015-08-01,759.625,5565.165
store_569,2015-08-02,0.0,0.0
store_569,2015-08-03,982.665,8403.37
store_569,2015-08-04,839.62,7127.945
store_569,2015-08-05,812.045,6423.725
store_569,2015-08-06,796.645,6077.1
store_569,2015-08-07,755.415,5918.51
store_569,2015-08-08,755.505,5620.92
store_569,2015-08-09,0.0,0.0
store_569,2015-08-10,772.07,5411.3
store_569,2015-08-11,725.665,5073.855
store_569,2015-08-12,721.015,4865.8
store_569,2015-08-13,713.815,4887.04
store_569,2015-08-14,718.515,4947.67
store_569,2015-08-15,737.43,5431.05
store_569,2015-08-16,0.0,0.0
store_569,2015-08-17,1025.07,8198.82
store_569,2015-08-18,883.18,7003.925
store_569,2015-08-19,825.19,6211.86
store_569,2015-08-20,833.915,6066.54
store_569,2015-08-21,801.945,5889.075
store_569,2015-08-22,739.68,5273.42
store_569,2015-08-23,0.0,0.0
store_569,2015-08-24,785.275,5213.99
store_569,2015-08-25,710.535,4825.585
store_569,2015-08-26,690.34,4614.09
store_569,2015-08-27,684.26,4618.57
store_569,2015-08-28,695.605,4733.055
store_569,2015-08-29,714.67,5191.045
store_57,2015-07-20,540.335,5528.02
store_57,2015-07-21,466.965,4752.365
store_57,2015-07-22,457.17,4696.3
store_57,2015-07-23,480.11,4854.64
store_57,2015-07-24,470.005,4828.095
store_57,2015-07-25,499.34,5153.735
store_57,2015-07-26,0.0,0.0
store_57,2015-07-27,780.455,10400.015
store_57,2015-07-28,647.365,8299.655
store_57,2015-07-29,611.39,7304.575
store_57,2015-07-30,606.91,7114.32
store_57,2015-07-31,589.865,6932.265
store_57,2015-08-01,510.76,5181.32
store_57,2015-08-02,0.0,0.0
store_57,2015-08-03,821.55,10424.825
store_57,2015-08-04,639.22,7732.96
store_57,2015-08-05,578.41,6871.74
store_57,2015-08-06,555.8,6557.13
store_57,2015-08-07,551.69,6230.895
store_57,2015-08-08,483.055,5104.12
store_57,2015-08-09,0.0,0.0
store_57,2015-08-10,590.875,5994.52
store_57,2015-08-11,541.805,5415.23
store_57,2015-08-12,519.92,5188.25
store_57,2015-08-13,512.43,5180.81
store_57,2015-08-14,526.35,5113.045
store_57,2015-08-15,488.715,4973.9
store_57,2015-08-16,0.0,0.0
store_57,2015-08-17,795.705,9839.02
store_57,2015-08-18,698.535,8199.715
store_57,2015-08-19,648.395,7195.01
store_57,2015-08-20,629.57,6955.01
store_57,2015-08-21,589.11,6601.495
store_57,2015-08-22,500.385,5082.43
store_57,2015-08-23,0.0,0.0
store_57,2015-08-24,602.52,6183.735
store_57,2015-08-25,534.14,5759.21
store_57,2015-08-26,529.98,5622.38
store_57,2015-08-27,532.94,5718.225
store_57,2015-08-28,546.02,5832.975
store_57,2015-08-29,495.53,5127.98
store_570,2015-07-20,585.9,6454.17
store_570,2015-07-21,515.255,5837.56
store_570,2015-07-22,516.09,5746.085
store_570,2015-07-23,525.195,5723.965
store_570,2015-07-24,531.265,6275.9
store_570,2015-07-25,604.475,7256.685
store_570,2015-07-26,0.0,0.0
store_570,2015-07-27,798.13,11746.535
store_570,2015-07-28,661.78,9407.53
store_570,2015-07-29,635.4,8226.645
store_570,2015-07-30,643.25,8093.72
store_570,2015-07-31,633.215,8226.03
store_570,2015-08-01,607.705,7219.395
store_570,2015-08-02,0.0,0.0
store_570,2015-08-03,820.415,11465.365
store_570,2015-08-04,671.925,8910.835
store_570,2015-08-05,603.36,7741.475
store_570,2015-08-06,610.45,7489.62
store_570,2015-08-07,585.59,7436.815
store_570,2015-08-08,577.285,6927.65
store_570,2015-08-09,0.0,0.0
store_570,2015-08-10,628.83,7207.765
store_570,2015-08-11,555.12,6492.385
store_570,2015-08-12,544.845,6153.225
store_570,2015-08-13,550.37,6222.795
store_570,2015-08-14,561.245,6580.81
store_570,2015-08-15,565.675,6892.025
store_570,2015-08-16,0.0,0.0
store_570,2015-08-17,785.665,11044.635
store_570,2015-08-18,686.54,8937.455
store_570,2015-08-19,640.925,7932.03
store_570,2015-08-20,647.93,7818.355
store_570,2015-08-21,646.63,7815.565
store_570,2015-08-22,594.64,6834.795
store_570,2015-08-23,0.0,0.0
store_570,2015-08-24,613.645,7243.9
store_570,2015-08-25,527.465,6441.1
store_570,2015-08-26,534.01,6056.46
store_570,2015-08-27,548.18,6250.41
store_570,2015-08-28,597.41,6992.52
store_570,2015-08-29,566.37,6768.455
store_571,2015-07-20,910.06,8250.55
store_571,2015-07-21,835.02,7598.96
store_571,2015-07-22,797.195,7280.195
store_571,2015-07-23,839.935,7516.005
store_571,2015-07-24,902.6,7900.555
store_571,2015-07-25,804.905,7584.885
store_571,2015-07-26,0.0,0.0
store_571,2015-07-27,1080.87,12051.385
store_571,2015-07-28,997.085,10805.045
store_571,2015-07-29,963.26,9999.19
store_571,2015-07-30,969.545,9737.67
store_571,2015-07-31,963.41,9560.015
store_571,2015-08-01,810.845,7632.835
store_571,2015-08-02,0.0,0.0
store_571,2015-08-03,1139.18,12198.625
store_571,2015-08-04,992.225,10359.995
store_571,2015-08-05,950.91,9625.455
store_571,2015-08-06,939.42,9416.8
store_571,2015-08-07,925.495,9092.605
store_571,2015-08-08,821.975,7778.85
store_571,2015-08-09,0.0,0.0
store_571,2015-08-10,924.55,8279.345
store_571,2015-08-11,851.405,7529.615
store_571,2015-08-12,849.345,7437.325
store_571,2015-08-13,853.6,7672.835
store_571,2015-08-14,877.445,7856.5
store_571,2015-08-15,805.145,7519.17
store_571,2015-08-16,0.0,0.0
store_571,2015-08-17,1146.67,11740.755
store_571,2015-08-18,1034.765,10110.59
store_571,2015-08-19,958.295,9266.755
store_571,2015-08-20,964.81,9184.235
store_571,2015-08-21,964.26,9175.145
store_571,2015-08-22,822.795,7523.96
store_571,2015-08-23,0.0,0.0
store_571,2015-08-24,900.865,7802.59
store_571,2015-08-25,825.995,7248.485
store_571,2015-08-26,821.68,7066.145
store_571,2015-08-27,840.15,7418.77
store_571,2015-08-28,854.99,7683.78
store_571,2015-08-29,799.33,7376.735
store_572,2015-07-20,500.215,4961.94
store_572,2015-07-21,459.73,4544.08
store_572,2015-07-22,445.2,4404.145
store_572,2015-07-23,461.66,4365.095
store_572,2015-07-24,495.04,4754.55
store_572,2015-07-25,543.765,5304.325
store_572,2015-07-26,0.0,0.0
store_572,2015-07-27,672.32,8258.715
store_572,2015-07-28,580.02,7042.96
store_572,2015-07-29,556.615,6405.315
store_572,2015-07-30,552.78,5913.555
store_572,2015-07-31,563.44,5958.21
store_572,2015-08-01,562.51,5473.1
store_572,2015-08-02,0.0,0.0
store_572,2015-08-03,705.43,8777.23
store_572,2015-08-04,580.905,6984.995
store_572,2015-08-05,544.325,6127.19
store_572,2015-08-06,540.14,5691.915
store_572,2015-08-07,543.79,5723.08
store_572,2015-08-08,553.715,5408.45
store_572,2015-08-09,0.0,0.0
store_572,2015-08-10,514.21,5047.08
store_572,2015-08-11,469.465,4671.605
store_572,2015-08-12,453.325,4462.3
store_572,2015-08-13,472.52,4506.15
store_572,2015-08-14,503.77,4690.52
store_572,2015-08-15,555.64,5325.705
store_572,2015-08-16,0.0,0.0
store_572,2015-08-17,728.505,8517.26
store_572,2015-08-18,605.95,6860.185
store_572,2015-08-19,581.515,6160.56
store_572,2015-08-20,576.21,5850.935
store_572,2015-08-21,586.16,5916.505
store_572,2015-08-22,557.755,5319.295
store_572,2015-08-23,0.0,0.0
store_572,2015-08-24,521.14,4874.61
store_572,2015-08-25,465.375,4521.355
store_572,2015-08-26,461.645,4377.875
store_572,2015-08-27,466.19,4501.625
store_572,2015-08-28,508.67,4788.725
store_572,2015-08-29,544.745,5241.09
store_573,2015-07-20,467.8,5661.82
store_573,2015-07-21,412.18,5000.09
store_573,2015-07-22,421.47,4811.42
store_573,2015-07-23,445.65,5166.71
store_573,2015-07-24,488.445,5922.675
store_573,2015-07-25,485.92,5965.06
store_573,2015-07-26,0.0,0.0
store_573,2015-07-27,595.36,9398.0
store_573,2015-07-28,515.11,8014.05
store_573,2015-07-29,526.265,7176.19
store_573,2015-07-30,538.875,7111.665
store_573,2015-07-31,562.455,7561.93
store_573,2015-08-01,507.585,6136.535
store_573,2015-08-02,0.0,0.0
store_573,2015-08-03,647.675,9491.675
store_573,2015-08-04,524.86,7385.69
store_573,2015-08-05,495.5,6772.99
store_573,2015-08-06,513.08,6811.575
store_573,2015-08-07,528.755,7239.245
store_573,2015-08-08,492.945,6272.88
store_573,2015-08-09,0.0,0.0
store_573,2015-08-10,478.6,5935.625
store_573,2015-08-11,432.235,5500.34
store_573,2015-08-12,425.825,5270.38
store_573,2015-08-13,449.155,5601.18
store_573,2015-08-14,481.715,6271.05
store_573,2015-08-15,496.77,6257.29
store_573,2015-08-16,0.0,0.0
store_573,2015-08-17,638.725,9593.485
store_573,2015-08-18,535.065,7648.55
store_573,2015-08-19,518.77,7014.795
store_573,2015-08-20,528.99,7149.785
store_573,2015-08-21,546.25,7555.65
store_573,2015-08-22,506.57,6222.505
store_573,2015-08-23,0.0,0.0
store_573,2015-08-24,471.005,6206.67
store_573,2015-08-25,421.45,5618.925
store_573,2015-08-26,421.77,5433.36
store_573,2015-08-27,439.975,5772.47
store_573,2015-08-28,483.36,6604.495
store_573,2015-08-29,513.405,6495.475
store_574,2015-07-20,558.82,5858.155
store_574,2015-07-21,502.52,5402.935
store_574,2015-07-22,534.2,5865.98
store_574,2015-07-23,564.235,6313.835
store_574,2015-07-24,567.75,6331.52
store_574,2015-07-25,543.46,5996.83
store_574,2015-07-26,0.0,0.0
store_574,2015-07-27,703.18,9377.68
store_574,2015-07-28,624.08,8248.03
store_574,2015-07-29,630.43,7930.775
store_574,2015-07-30,661.625,8185.81
store_574,2015-07-31,662.465,8107.035
store_574,2015-08-01,554.105,6101.3
store_574,2015-08-02,0.0,0.0
store_574,2015-08-03,763.83,10188.395
store_574,2015-08-04,637.08,8184.925
store_574,2015-08-05,607.77,7647.085
store_574,2015-08-06,633.64,7700.035
store_574,2015-08-07,632.975,7397.125
store_574,2015-08-08,554.54,5996.535
store_574,2015-08-09,0.0,0.0
store_574,2015-08-10,590.1,6241.34
store_574,2015-08-11,537.17,5790.745
store_574,2015-08-12,554.995,6067.57
store_574,2015-08-13,569.505,6445.93
store_574,2015-08-14,585.34,6595.11
store_574,2015-08-15,552.0,6137.35
store_574,2015-08-16,0.0,0.0
store_574,2015-08-17,744.11,9665.84
store_574,2015-08-18,633.015,7952.52
store_574,2015-08-19,621.86,7537.07
store_574,2015-08-20,638.06,7636.435
store_574,2015-08-21,652.98,7693.23
store_574,2015-08-22,572.825,6130.835
store_574,2015-08-23,0.0,0.0
store_574,2015-08-24,622.83,6593.13
store_574,2015-08-25,533.245,5921.96
store_574,2015-08-26,545.525,5943.78
store_574,2015-08-27,587.38,6565.85
store_574,2015-08-28,607.115,7017.515
store_574,2015-08-29,558.025,6158.38
store_575,2015-07-20,1012.34,5997.365
store_575,2015-07-21,987.265,5862.805
store_575,2015-07-22,956.15,5696.015
store_575,2015-07-23,958.055,5584.12
store_575,2015-07-24,912.13,5252.535
store_575,2015-07-25,962.23,6041.67
store_575,2015-07-26,0.0,0.0
store_575,2015-07-27,1237.775,9001.585
store_575,2015-07-28,1173.07,8512.73
store_575,2015-07-29,1111.935,7828.385
store_575,2015-07-30,1120.865,7639.425
store_575,2015-07-31,1040.52,6990.54
store_575,2015-08-01,1010.76,6361.315
store_575,2015-08-02,0.0,0.0
store_575,2015-08-03,1285.23,9254.57
store_575,2015-08-04,1160.48,8223.18
store_575,2015-08-05,1106.385,7488.15
store_575,2015-08-06,1068.665,7175.73
store_575,2015-08-07,1012.03,6452.965
store_575,2015-08-08,980.285,6224.33
store_575,2015-08-09,0.0,0.0
store_575,2015-08-10,1032.595,6351.435
store_575,2015-08-11,985.04,6015.43
store_575,2015-08-12,944.87,5828.705
store_575,2015-08-13,954.415,5809.365
store_575,2015-08-14,967.71,5590.27
store_575,2015-08-15,974.475,6014.12
store_575,2015-08-16,0.0,0.0
store_575,2015-08-17,1295.155,9147.155
store_575,2015-08-18,1181.82,8036.845
store_575,2015-08-19,1139.945,7375.15
store_575,2015-08-20,1129.45,7103.2
store_575,2015-08-21,1089.89,6733.68
store_575,2015-08-22,984.43,6071.615
store_575,2015-08-23,0.0,0.0
store_575,2015-08-24,1000.325,5992.44
store_575,2015-08-25,930.83,5702.085
store_575,2015-08-26,910.84,5510.275
store_575,2015-08-27,925.06,5779.32
store_575,2015-08-28,940.595,5785.62
store_575,2015-08-29,946.73,6048.96
store_576,2015-07-20,500.735,3862.505
store_576,2015-07-21,491.255,3784.035
store_576,2015-07-22,497.77,3895.94
store_576,2015-07-23,524.68,4121.52
store_576,2015-07-24,528.455,4140.77
store_576,2015-07-25,335.575,2925.39
store_576,2015-07-26,0.0,0.0
store_576,2015-07-27,594.92,5533.16
store_576,2015-07-28,537.68,5088.41
store_576,2015-07-29,549.845,4936.38
store_576,2015-07-30,576.26,5231.28
store_576,2015-07-31,588.805,5320.04
store_576,2015-08-01,357.04,3083.57
store_576,2015-08-02,0.0,0.0
store_576,2015-08-03,638.375,5936.9
store_576,2015-08-04,567.57,5105.155
store_576,2015-08-05,540.99,4695.61
store_576,2015-08-06,541.37,4792.89
store_576,2015-08-07,539.42,4818.43
store_576,2015-08-08,348.85,2916.27
store_576,2015-08-09,0.0,0.0
store_576,2015-08-10,540.78,4239.715
store_576,2015-08-11,505.735,3982.35
store_576,2015-08-12,517.805,3939.91
store_576,2015-08-13,526.245,4204.21
store_576,2015-08-14,538.57,4322.31
store_576,2015-08-15,338.91,2960.48
store_576,2015-08-16,0.0,0.0
store_576,2015-08-17,648.66,5859.275
store_576,2015-08-18,572.105,5062.345
store_576,2015-08-19,562.035,4802.885
store_576,2015-08-20,576.475,4960.18
store_576,2015-08-21,583.54,5036.3
store_576,2015-08-22,347.015,2961.165
store_576,2015-08-23,0.0,0.0
store_576,2015-08-24,531.81,4124.465
store_576,2015-08-25,484.425,3815.67
store_576,2015-08-26,491.62,3852.525
store_576,2015-08-27,516.51,4106.93
store_576,2015-08-28,521.44,4375.945
store_576,2015-08-29,337.385,2918.075
store_577,2015-07-20,522.395,3983.32
store_577,2015-07-21,480.82,3688.445
store_577,2015-07-22,479.95,3532.005
store_577,2015-07-23,494.41,3776.825
store_577,2015-07-24,498.285,3807.015
store_577,2015-07-25,341.135,2644.985
store_577,2015-07-26,0.0,0.0
store_577,2015-07-27,663.52,6434.71
store_577,2015-07-28,598.18,5775.49
store_577,2015-07-29,568.265,5288.315
store_577,2015-07-30,563.36,5069.41
store_577,2015-07-31,568.88,4839.19
store_577,2015-08-01,352.07,2766.67
store_577,2015-08-02,0.0,0.0
store_577,2015-08-03,690.595,6620.71
store_577,2015-08-04,567.22,5249.04
store_577,2015-08-05,535.45,4808.545
store_577,2015-08-06,539.065,4665.81
store_577,2015-08-07,539.99,4753.94
store_577,2015-08-08,338.285,2713.335
store_577,2015-08-09,0.0,0.0
store_577,2015-08-10,534.05,4199.55
store_577,2015-08-11,495.74,3926.41
store_577,2015-08-12,479.04,3775.875
store_577,2015-08-13,483.17,3794.005
store_577,2015-08-14,498.4,3930.18
store_577,2015-08-15,340.305,2672.87
store_577,2015-08-16,0.0,0.0
store_577,2015-08-17,662.315,6308.72
store_577,2015-08-18,585.935,5363.955
store_577,2015-08-19,543.765,4895.205
store_577,2015-08-20,543.71,4708.965
store_577,2015-08-21,548.01,4656.37
store_577,2015-08-22,346.62,2638.665
store_577,2015-08-23,0.0,0.0
store_577,2015-08-24,506.475,3951.64
store_577,2015-08-25,464.38,3742.43
store_577,2015-08-26,469.305,3778.445
store_577,2015-08-27,477.465,3918.305
store_577,2015-08-28,476.33,3970.235
store_577,2015-08-29,333.92,2666.01
store_578,2015-07-20,935.485,6106.065
store_578,2015-07-21,854.53,5766.87
store_578,2015-07-22,945.62,6218.835
store_578,2015-07-23,896.025,5807.08
store_578,2015-07-24,908.325,5826.765
store_578,2015-07-25,1262.875,8088.365
store_578,2015-07-26,0.0,0.0
store_578,2015-07-27,1123.175,9173.43
store_578,2015-07-28,1047.8,8240.05
store_578,2015-07-29,1120.04,8204.205
store_578,2015-07-30,1125.615,7575.795
store_578,2015-07-31,1074.995,7131.905
store_578,2015-08-01,1261.195,7878.24
store_578,2015-08-02,0.0,0.0
store_578,2015-08-03,1225.71,9511.63
store_578,2015-08-04,1067.4,7912.58
store_578,2015-08-05,1030.935,7683.295
store_578,2015-08-06,1036.875,7531.975
store_578,2015-08-07,1016.265,7289.19
store_578,2015-08-08,1261.885,8500.49
store_578,2015-08-09,0.0,0.0
store_578,2015-08-10,1018.48,6541.28
store_578,2015-08-11,953.96,6106.48
store_578,2015-08-12,935.46,6028.27
store_578,2015-08-13,940.525,6143.07
store_578,2015-08-14,964.43,6168.505
store_578,2015-08-15,1282.12,8609.955
store_578,2015-08-16,0.0,0.0
store_578,2015-08-17,1214.46,9126.66
store_578,2015-08-18,1076.315,7987.37
store_578,2015-08-19,1026.725,7287.62
store_578,2015-08-20,1048.68,7182.35
store_578,2015-08-21,1072.39,7117.815
store_578,2015-08-22,1303.15,8502.745
store_578,2015-08-23,0.0,0.0
store_578,2015-08-24,1020.815,6651.67
store_578,2015-08-25,931.7,6235.16
store_578,2015-08-26,886.45,5758.45
store_578,2015-08-27,914.13,5974.88
store_578,2015-08-28,918.365,6077.015
store_578,2015-08-29,1262.09,8424.085
store_579,2015-07-20,2160.38,8800.285
store_579,2015-07-21,2109.94,8182.755
store_579,2015-07-22,2104.03,8031.845
store_579,2015-07-23,2166.45,8242.315
store_579,2015-07-24,2313.975,9033.395
store_579,2015-07-25,1774.665,6989.975
store_579,2015-07-26,2409.55,12226.865
store_579,2015-07-27,2171.03,9625.75
store_579,2015-07-28,2101.54,9423.5
store_579,2015-07-29,2159.845,9338.39
store_579,2015-07-30,2237.975,9626.285
store_579,2015-07-31,2369.475,10423.515
store_579,2015-08-01,1785.55,7294.02
store_579,2015-08-02,2404.89,12450.86
store_579,2015-08-03,2174.35,9773.765
store_579,2015-08-04,2156.1,9521.79
store_579,2015-08-05,2167.39,9495.315
store_579,2015-08-06,2195.305,9993.94
store_579,2015-08-07,2212.055,10262.45
store_579,2015-08-08,1753.83,7509.765
store_579,2015-08-09,2391.425,12924.02
store_579,2015-08-10,2206.245,9621.44
store_579,2015-08-11,2144.455,8759.225
store_579,2015-08-12,2159.37,8594.835
store_579,2015-08-13,2209.56,8948.27
store_579,2015-08-14,2261.94,9713.065
store_579,2015-08-15,1758.565,7437.125
store_579,2015-08-16,2397.805,13328.28
store_579,2015-08-17,2172.905,10547.305
store_579,2015-08-18,2152.895,9994.81
store_579,2015-08-19,2181.25,10086.37
store_579,2015-08-20,2203.105,10329.705
store_579,2015-08-21,2209.945,10394.375
store_579,2015-08-22,1749.11,7815.875
store_579,2015-08-23,2406.835,13494.99
store_579,2015-08-24,2190.77,10221.19
store_579,2015-08-25,2172.89,9808.435
store_579,2015-08-26,2225.44,9805.145
store_579,2015-08-27,2247.425,10045.74
store_579,2015-08-28,2245.495,10628.32
store_579,2015-08-29,1747.88,7942.34
store_58,2015-07-20,575.75,5306.255
store_58,2015-07-21,538.89,4888.985
store_58,2015-07-22,517.155,4747.16
store_58,2015-07-23,535.88,5031.38
store_58,2015-07-24,600.5,5539.305
store_58,2015-07-25,277.25,2700.57
store_58,2015-07-26,0.0,0.0
store_58,2015-07-27,709.06,8643.27
store_58,2015-07-28,628.74,7399.14
store_58,2015-07-29,617.06,6595.685
store_58,2015-07-30,608.41,6231.965
store_58,2015-07-31,653.31,6854.085
store_58,2015-08-01,282.72,2685.6
store_58,2015-08-02,0.0,0.0
store_58,2015-08-03,771.45,9010.65
store_58,2015-08-04,647.125,7133.05
store_58,2015-08-05,604.725,6422.44
store_58,2015-08-06,595.295,6386.635
store_58,2015-08-07,626.235,6484.35
store_58,2015-08-08,286.705,2721.655
store_58,2015-08-09,0.0,0.0
store_58,2015-08-10,582.69,5396.695
store_58,2015-08-11,535.69,4887.245
store_58,2015-08-12,538.525,4805.065
store_58,2015-08-13,542.895,5077.695
store_58,2015-08-14,569.39,5301.325
store_58,2015-08-15,281.765,2567.18
store_58,2015-08-16,0.0,0.0
store_58,2015-08-17,748.785,8226.705
store_58,2015-08-18,649.0,6841.145
store_58,2015-08-19,620.0,6292.73
store_58,2015-08-20,621.705,6147.0
store_58,2015-08-21,636.09,6350.865
store_58,2015-08-22,290.64,2616.295
store_58,2015-08-23,0.0,0.0
store_58,2015-08-24,587.23,5010.595
store_58,2015-08-25,525.35,4707.38
store_58,2015-08-26,519.485,4656.0
store_58,2015-08-27,547.85,4966.16
store_58,2015-08-28,601.1,5497.17
store_58,2015-08-29,282.62,2619.33
store_580,2015-07-20,591.035,5559.665
store_580,2015-07-21,528.435,4933.915
store_580,2015-07-22,517.865,4778.08
store_580,2015-07-23,506.13,4688.05
store_580,2015-07-24,543.13,5060.925
store_580,2015-07-25,387.945,3583.35
store_580,2015-07-26,0.0,0.0
store_580,2015-07-27,723.525,9162.51
store_580,2015-07-28,639.605,7550.915
store_580,2015-07-29,607.495,6895.335
store_580,2015-07-30,593.445,6506.975
store_580,2015-07-31,597.4,6427.16
store_580,2015-08-01,388.0,3877.805
store_580,2015-08-02,0.0,0.0
store_580,2015-08-03,747.935,9118.565
store_580,2015-08-04,631.555,7328.55
store_580,2015-08-05,592.75,6638.185
store_580,2015-08-06,597.36,6192.09
store_580,2015-08-07,589.8,6138.78
store_580,2015-08-08,389.83,3683.655
store_580,2015-08-09,0.0,0.0
store_580,2015-08-10,563.87,5632.755
store_580,2015-08-11,530.505,5245.575
store_580,2015-08-12,532.545,5045.92
store_580,2015-08-13,541.575,5084.09
store_580,2015-08-14,547.11,5265.3
store_580,2015-08-15,384.55,3848.53
store_580,2015-08-16,0.0,0.0
store_580,2015-08-17,732.0,8805.0
store_580,2015-08-18,648.325,7326.895
store_580,2015-08-19,607.825,6570.82
store_580,2015-08-20,606.705,6377.77
store_580,2015-08-21,608.51,6383.655
store_580,2015-08-22,393.18,3702.465
store_580,2015-08-23,0.0,0.0
store_580,2015-08-24,580.3,5662.09
store_580,2015-08-25,519.685,5256.465
store_580,2015-08-26,512.105,5178.14
store_580,2015-08-27,528.18,5304.92
store_580,2015-08-28,536.845,5503.19
store_580,2015-08-29,0.0,50.83
store_581,2015-07-20,640.79,6736.055
store_581,2015-07-21,570.065,6014.04
store_581,2015-07-22,580.38,6025.285
store_581,2015-07-23,593.97,6261.64
store_581,2015-07-24,615.405,6580.015
store_581,2015-07-25,617.965,6560.91
store_581,2015-07-26,0.0,0.0
store_581,2015-07-27,861.1,11369.97
store_581,2015-07-28,725.6,9415.12
store_581,2015-07-29,706.405,8541.905
store_581,2015-07-30,718.545,8062.24
store_581,2015-07-31,717.76,8093.03
store_581,2015-08-01,635.69,6647.48
store_581,2015-08-02,0.0,0.0
store_581,2015-08-03,899.98,11641.93
store_581,2015-08-04,736.59,8923.55
store_581,2015-08-05,694.9,8209.325
store_581,2015-08-06,673.715,7890.98
store_581,2015-08-07,673.29,7573.485
store_581,2015-08-08,623.01,6456.93
store_581,2015-08-09,0.0,0.0
store_581,2015-08-10,649.495,6657.065
store_581,2015-08-11,596.195,6066.74
store_581,2015-08-12,588.375,6016.36
store_581,2015-08-13,599.875,6262.985
store_581,2015-08-14,638.065,6521.11
store_581,2015-08-15,631.085,6661.35
store_581,2015-08-16,0.0,0.0
store_581,2015-08-17,903.045,10922.925
store_581,2015-08-18,743.535,8865.24
store_581,2015-08-19,699.735,7982.415
store_581,2015-08-20,692.24,7667.21
store_581,2015-08-21,700.435,7530.425
store_581,2015-08-22,614.735,6271.37
store_581,2015-08-23,0.0,0.0
store_581,2015-08-24,640.775,6257.265
store_581,2015-08-25,577.92,5815.62
store_581,2015-08-26,578.285,5780.195
store_581,2015-08-27,589.69,5990.48
store_581,2015-08-28,630.865,6356.65
store_581,2015-08-29,625.325,6406.675
store_582,2015-07-20,790.745,5527.68
store_582,2015-07-21,725.545,4899.83
store_582,2015-07-22,749.26,5316.275
store_582,2015-07-23,700.71,4957.02
store_582,2015-07-24,687.525,4769.08
store_582,2015-07-25,804.16,5767.91
store_582,2015-07-26,0.0,0.0
store_582,2015-07-27,964.36,8585.815
store_582,2015-07-28,900.455,7658.81
store_582,2015-07-29,956.445,7831.885
store_582,2015-07-30,892.25,6927.65
store_582,2015-07-31,814.165,6371.92
store_582,2015-08-01,774.425,5569.16
store_582,2015-08-02,0.0,0.0
store_582,2015-08-03,1015.25,8836.62
store_582,2015-08-04,897.945,7530.915
store_582,2015-08-05,874.395,7059.245
store_582,2015-08-06,826.99,6496.245
store_582,2015-08-07,770.77,5832.425
store_582,2015-08-08,768.9,5729.5
store_582,2015-08-09,0.0,0.0
store_582,2015-08-10,827.69,5719.495
store_582,2015-08-11,765.205,5205.955
store_582,2015-08-12,747.64,5185.475
store_582,2015-08-13,741.12,5164.395
store_582,2015-08-14,742.815,5037.305
store_582,2015-08-15,743.29,5394.525
store_582,2015-08-16,0.0,0.0
store_582,2015-08-17,1052.39,8529.04
store_582,2015-08-18,947.235,7364.46
store_582,2015-08-19,901.405,6868.265
store_582,2015-08-20,877.47,6437.415
store_582,2015-08-21,827.425,6054.875
store_582,2015-08-22,760.425,5346.145
store_582,2015-08-23,0.0,0.0
store_582,2015-08-24,779.11,5207.065
store_582,2015-08-25,710.47,4789.625
store_582,2015-08-26,718.96,4945.23
store_582,2015-08-27,736.875,5037.14
store_582,2015-08-28,759.475,5233.475
store_582,2015-08-29,769.95,5514.435
store_583,2015-07-20,414.645,4124.87
store_583,2015-07-21,357.16,3549.94
store_583,2015-07-22,369.175,3610.425
store_583,2015-07-23,399.775,3989.775
store_583,2015-07-24,440.825,4503.685
store_583,2015-07-25,454.5,4582.44
store_583,2015-07-26,0.0,0.0
store_583,2015-07-27,596.13,7672.74
store_583,2015-07-28,489.695,6138.675
store_583,2015-07-29,472.935,5600.24
store_583,2015-07-30,473.795,5438.355
store_583,2015-07-31,505.115,5691.33
store_583,2015-08-01,484.99,5011.6
store_583,2015-08-02,0.0,0.0
store_583,2015-08-03,617.415,7734.745
store_583,2015-08-04,493.505,6012.715
store_583,2015-08-05,453.375,5244.83
store_583,2015-08-06,457.2,5140.72
store_583,2015-08-07,461.925,5382.59
store_583,2015-08-08,461.07,4728.275
store_583,2015-08-09,0.0,0.0
store_583,2015-08-10,463.55,4780.215
store_583,2015-08-11,416.03,4257.335
store_583,2015-08-12,414.63,4206.055
store_583,2015-08-13,421.29,4343.175
store_583,2015-08-14,435.02,4534.235
store_583,2015-08-15,469.95,4769.24
store_583,2015-08-16,0.0,0.0
store_583,2015-08-17,621.54,7916.77
store_583,2015-08-18,544.01,6522.03
store_583,2015-08-19,492.95,5718.27
store_583,2015-08-20,486.365,5585.485
store_583,2015-08-21,477.075,5576.12
store_583,2015-08-22,486.11,4862.72
store_583,2015-08-23,0.0,0.0
store_583,2015-08-24,457.265,4857.695
store_583,2015-08-25,397.475,4421.085
store_583,2015-08-26,418.675,4442.19
store_583,2015-08-27,421.92,4660.955
store_583,2015-08-28,442.525,4924.4
store_583,2015-08-29,461.49,4811.425
store_584,2015-07-20,431.8,3179.535
store_584,2015-07-21,392.52,2825.115
store_584,2015-07-22,395.65,2771.915
store_584,2015-07-23,415.285,2836.52
store_584,2015-07-24,393.35,2654.74
store_584,2015-07-25,233.645,1658.03
store_584,2015-07-26,0.0,0.0
store_584,2015-07-27,469.215,4162.955
store_584,2015-07-28,445.935,3894.695
store_584,2015-07-29,444.53,3692.385
store_584,2015-07-30,481.96,3679.13
store_584,2015-07-31,433.705,3190.225
store_584,2015-08-01,234.29,1643.5
store_584,2015-08-02,0.0,0.0
store_584,2015-08-03,514.3,4187.825
store_584,2015-08-04,449.255,3648.93
store_584,2015-08-05,436.445,3450.06
store_584,2015-08-06,455.11,3569.445
store_584,2015-08-07,454.98,3374.44
store_584,2015-08-08,241.05,1725.255
store_584,2015-08-09,0.0,0.0
store_584,2015-08-10,419.055,3054.97
store_584,2015-08-11,382.885,2758.78
store_584,2015-08-12,389.505,2739.565
store_584,2015-08-13,415.71,2984.445
store_584,2015-08-14,428.19,2897.075
store_584,2015-08-15,245.6,1745.31
store_584,2015-08-16,0.0,0.0
store_584,2015-08-17,544.62,4336.405
store_584,2015-08-18,459.93,3658.12
store_584,2015-08-19,443.05,3342.35
store_584,2015-08-20,463.96,3340.89
store_584,2015-08-21,486.405,3402.785
store_584,2015-08-22,257.05,1845.775
store_584,2015-08-23,0.0,0.0
store_584,2015-08-24,447.235,3082.485
store_584,2015-08-25,394.525,2770.63
store_584,2015-08-26,385.91,2649.72
store_584,2015-08-27,409.09,2909.825
store_584,2015-08-28,427.165,2956.245
store_584,2015-08-29,250.26,1813.975
store_585,2015-07-20,497.07,5519.4
store_585,2015-07-21,474.795,5338.615
store_585,2015-07-22,484.475,5506.775
store_585,2015-07-23,485.085,5476.47
store_585,2015-07-24,510.335,5692.37
store_585,2015-07-25,540.125,6194.295
store_585,2015-07-26,0.0,0.0
store_585,2015-07-27,701.095,9812.95
store_585,2015-07-28,631.565,8655.265
store_585,2015-07-29,595.13,8209.655
store_585,2015-07-30,582.165,7760.06
store_585,2015-07-31,611.04,7769.75
store_585,2015-08-01,561.995,6484.245
store_585,2015-08-02,0.0,0.0
store_585,2015-08-03,739.445,9980.505
store_585,2015-08-04,609.665,8112.68
store_585,2015-08-05,568.58,7539.465
store_585,2015-08-06,554.485,7184.92
store_585,2015-08-07,560.735,7205.73
store_585,2015-08-08,565.565,6518.8
store_585,2015-08-09,0.0,0.0
store_585,2015-08-10,558.225,6067.685
store_585,2015-08-11,496.31,5618.96
store_585,2015-08-12,495.2,5698.445
store_585,2015-08-13,506.31,5702.74
store_585,2015-08-14,516.09,5878.135
store_585,2015-08-15,545.52,6349.18
store_585,2015-08-16,0.0,0.0
store_585,2015-08-17,738.7,9926.615
store_585,2015-08-18,620.735,8153.26
store_585,2015-08-19,597.06,7582.915
store_585,2015-08-20,604.67,7410.565
store_585,2015-08-21,602.72,7387.04
store_585,2015-08-22,560.465,6415.68
store_585,2015-08-23,0.0,0.0
store_585,2015-08-24,538.14,6067.11
store_585,2015-08-25,476.195,5612.665
store_585,2015-08-26,483.675,5571.96
store_585,2015-08-27,506.43,5851.885
store_585,2015-08-28,520.965,6219.22
store_585,2015-08-29,557.985,6613.355
store_586,2015-07-20,600.9,5595.51
store_586,2015-07-21,540.56,5026.87
store_586,2015-07-22,547.39,5077.37
store_586,2015-07-23,577.56,5261.1
store_586,2015-07-24,602.035,5519.44
store_586,2015-07-25,569.26,5309.365
store_586,2015-07-26,0.0,0.0
store_586,2015-07-27,793.335,8871.71
store_586,2015-07-28,662.56,7562.155
store_586,2015-07-29,649.635,6895.72
store_586,2015-07-30,675.845,6975.47
store_586,2015-07-31,733.075,7386.5
store_586,2015-08-01,612.52,5604.26
store_586,2015-08-02,0.0,0.0
store_586,2015-08-03,843.295,9576.12
store_586,2015-08-04,688.39,7545.17
store_586,2015-08-05,648.875,6755.22
store_586,2015-08-06,654.695,6785.525
store_586,2015-08-07,670.62,6845.925
store_586,2015-08-08,624.52,5665.68
store_586,2015-08-09,0.0,0.0
store_586,2015-08-10,622.735,5855.115
store_586,2015-08-11,568.945,5302.68
store_586,2015-08-12,564.445,5282.425
store_586,2015-08-13,595.22,5454.685
store_586,2015-08-14,637.38,5816.07
store_586,2015-08-15,629.035,5837.175
store_586,2015-08-16,0.0,0.0
store_586,2015-08-17,865.88,9848.51
store_586,2015-08-18,708.78,7785.87
store_586,2015-08-19,668.64,6984.11
store_586,2015-08-20,682.605,6822.355
store_586,2015-08-21,702.07,7019.64
store_586,2015-08-22,636.545,5789.69
store_586,2015-08-23,0.0,0.0
store_586,2015-08-24,716.385,6634.63
store_586,2015-08-25,629.955,6087.175
store_586,2015-08-26,610.44,5807.02
store_586,2015-08-27,616.075,5880.97
store_586,2015-08-28,655.66,6234.155
store_586,2015-08-29,656.775,6046.71
store_587,2015-07-20,801.39,5603.6
store_587,2015-07-21,768.9,5418.665
store_587,2015-07-22,689.18,4821.445
store_587,2015-07-23,726.6,5000.115
store_587,2015-07-24,753.885,5198.58
store_587,2015-07-25,617.325,4575.49
store_587,2015-07-26,0.0,0.0
store_587,2015-07-27,1019.935,9344.12
store_587,2015-07-28,951.51,8259.32
store_587,2015-07-29,910.1,7328.345
store_587,2015-07-30,917.805,7133.24
store_587,2015-07-31,911.545,6950.375
store_587,2015-08-01,656.13,4631.38
store_587,2015-08-02,0.0,0.0
store_587,2015-08-03,1125.995,10171.89
store_587,2015-08-04,976.885,8174.29
store_587,2015-08-05,882.955,7013.675
store_587,2015-08-06,854.035,6671.415
store_587,2015-08-07,829.845,6230.43
store_587,2015-08-08,668.8,4703.41
store_587,2015-08-09,0.0,0.0
store_587,2015-08-10,827.105,5835.88
store_587,2015-08-11,815.85,5721.95
store_587,2015-08-12,763.965,5327.095
store_587,2015-08-13,786.895,5507.57
store_587,2015-08-14,794.665,5503.82
store_587,2015-08-15,691.37,4764.065
store_587,2015-08-16,0.0,0.0
store_587,2015-08-17,1131.745,9492.08
store_587,2015-08-18,1018.63,8255.06
store_587,2015-08-19,950.58,7431.39
store_587,2015-08-20,910.85,7038.895
store_587,2015-08-21,883.845,6668.09
store_587,2015-08-22,693.535,4766.425
store_587,2015-08-23,0.0,0.0
store_587,2015-08-24,813.065,5581.85
store_587,2015-08-25,757.81,5310.195
store_587,2015-08-26,769.455,5319.38
store_587,2015-08-27,780.285,5625.07
store_587,2015-08-28,790.86,5807.52
store_587,2015-08-29,678.74,4774.535
store_588,2015-07-20,1161.445,7551.3
store_588,2015-07-21,1119.585,7092.575
store_588,2015-07-22,1117.605,7280.205
store_588,2015-07-23,1094.27,7175.675
store_588,2015-07-24,1123.135,7255.825
store_588,2015-07-25,1463.78,8651.605
store_588,2015-07-26,0.0,0.0
store_588,2015-07-27,1514.16,12477.0
store_588,2015-07-28,1401.0,11077.305
store_588,2015-07-29,1331.455,10300.355
store_588,2015-07-30,1273.235,9324.485
store_588,2015-07-31,1270.945,8822.74
store_588,2015-08-01,1432.94,8543.855
store_588,2015-08-02,0.0,0.0
store_588,2015-08-03,1568.54,12653.685
store_588,2015-08-04,1415.535,11039.74
store_588,2015-08-05,1310.895,9988.555
store_588,2015-08-06,1295.43,9491.615
store_588,2015-08-07,1244.535,8884.05
store_588,2015-08-08,1439.83,9099.375
store_588,2015-08-09,0.0,0.0
store_588,2015-08-10,1258.02,8257.29
store_588,2015-08-11,1151.695,7715.745
store_588,2015-08-12,1128.625,7453.615
store_588,2015-08-13,1126.81,7495.83
store_588,2015-08-14,1142.015,7453.915
store_588,2015-08-15,1393.25,8804.465
store_588,2015-08-16,0.0,0.0
store_588,2015-08-17,1590.395,12831.675
store_588,2015-08-18,1433.075,11246.69
store_588,2015-08-19,1354.02,10029.545
store_588,2015-08-20,1312.81,9550.67
store_588,2015-08-21,1278.235,9045.09
store_588,2015-08-22,1366.325,8888.0
store_588,2015-08-23,0.0,0.0
store_588,2015-08-24,1272.265,8501.215
store_588,2015-08-25,1168.76,7904.89
store_588,2015-08-26,1125.005,7665.525
store_588,2015-08-27,1108.745,7752.365
store_588,2015-08-28,1113.95,7637.71
store_588,2015-08-29,1333.67,8670.285
store_589,2015-07-20,741.855,5723.125
store_589,2015-07-21,686.29,5384.095
store_589,2015-07-22,783.485,6233.675
store_589,2015-07-23,788.255,6232.845
store_589,2015-07-24,770.765,6135.025
store_589,2015-07-25,712.355,5535.015
store_589,2015-07-26,0.0,0.0
store_589,2015-07-27,1035.125,9840.86
store_589,2015-07-28,954.015,8864.42
store_589,2015-07-29,975.535,9109.47
store_589,2015-07-30,1035.465,9047.575
store_589,2015-07-31,958.63,8271.695
store_589,2015-08-01,797.225,6013.85
store_589,2015-08-02,0.0,0.0
store_589,2015-08-03,1112.13,10319.045
store_589,2015-08-04,910.48,8373.725
store_589,2015-08-05,866.855,8173.52
store_589,2015-08-06,857.395,7951.4
store_589,2015-08-07,822.27,7512.4
store_589,2015-08-08,773.945,6443.235
store_589,2015-08-09,0.0,0.0
store_589,2015-08-10,834.405,6323.235
store_589,2015-08-11,787.51,5915.305
store_589,2015-08-12,753.415,5827.835
store_589,2015-08-13,750.935,6050.775
store_589,2015-08-14,750.235,5914.215
store_589,2015-08-15,756.835,5823.13
store_589,2015-08-16,0.0,0.0
store_589,2015-08-17,1104.905,9963.245
store_589,2015-08-18,984.77,8451.13
store_589,2015-08-19,898.975,7608.17
store_589,2015-08-20,892.08,7393.785
store_589,2015-08-21,862.83,6974.255
store_589,2015-08-22,771.63,5884.24
store_589,2015-08-23,0.0,0.0
store_589,2015-08-24,842.105,6075.765
store_589,2015-08-25,780.86,5838.835
store_589,2015-08-26,733.405,5664.74
store_589,2015-08-27,752.935,5876.87
store_589,2015-08-28,759.75,5895.97
store_589,2015-08-29,739.84,5680.17
store_59,2015-07-20,611.795,6523.045
store_59,2015-07-21,540.86,5704.415
store_59,2015-07-22,550.935,5865.09
store_59,2015-07-23,593.61,6285.69
store_59,2015-07-24,616.585,6563.575
store_59,2015-07-25,514.68,5541.715
store_59,2015-07-26,0.0,0.0
store_59,2015-07-27,778.88,10585.96
store_59,2015-07-28,684.12,8733.98
store_59,2015-07-29,666.715,8591.675
store_59,2015-07-30,716.355,8931.415
store_59,2015-07-31,729.865,9073.14
store_59,2015-08-01,555.43,5752.365
store_59,2015-08-02,0.0,0.0
store_59,2015-08-03,849.935,11260.91
store_59,2015-08-04,695.51,8660.23
store_59,2015-08-05,656.17,8062.46
store_59,2015-08-06,675.21,8062.345
store_59,2015-08-07,689.065,8043.515
store_59,2015-08-08,550.06,5717.87
store_59,2015-08-09,0.0,0.0
store_59,2015-08-10,631.16,6777.825
store_59,2015-08-11,574.3,6087.52
store_59,2015-08-12,573.525,6112.045
store_59,2015-08-13,607.245,6562.26
store_59,2015-08-14,641.5,7110.64
store_59,2015-08-15,558.94,5633.86
store_59,2015-08-16,0.0,0.0
store_59,2015-08-17,852.865,10766.035
store_59,2015-08-18,707.815,8558.05
store_59,2015-08-19,667.075,8053.205
store_59,2015-08-20,690.985,8243.27
store_59,2015-08-21,717.83,8514.07
store_59,2015-08-22,575.075,5826.485
store_59,2015-08-23,0.0,0.0
store_59,2015-08-24,705.315,7424.635
store_59,2015-08-25,625.63,6846.365
store_59,2015-08-26,613.4,6705.315
store_59,2015-08-27,616.31,6999.965
store_59,2015-08-28,666.205,7784.71
store_59,2015-08-29,571.275,5926.93
store_590,2015-07-20,553.18,4332.43
store_590,2015-07-21,529.69,3966.055
store_590,2015-07-22,509.535,3847.51
store_590,2015-07-23,535.175,3949.0
store_590,2015-07-24,535.27,4105.405
store_590,2015-07-25,374.245,3041.7
store_590,2015-07-26,0.0,0.0
store_590,2015-07-27,673.58,6058.865
store_590,2015-07-28,603.985,5336.3
store_590,2015-07-29,582.045,5073.76
store_590,2015-07-30,600.16,4945.995
store_590,2015-07-31,571.35,4802.575
store_590,2015-08-01,381.705,3083.935
store_590,2015-08-02,0.0,0.0
store_590,2015-08-03,714.795,6542.975
store_590,2015-08-04,612.515,5433.98
store_590,2015-08-05,567.875,4789.025
store_590,2015-08-06,563.415,4684.05
store_590,2015-08-07,562.49,4567.355
store_590,2015-08-08,364.235,2912.96
store_590,2015-08-09,0.0,0.0
store_590,2015-08-10,535.915,4145.265
store_590,2015-08-11,530.915,3872.24
store_590,2015-08-12,501.665,3712.62
store_590,2015-08-13,507.43,3801.13
store_590,2015-08-14,522.54,3878.1
store_590,2015-08-15,370.91,2951.15
store_590,2015-08-16,0.0,0.0
store_590,2015-08-17,712.195,6024.595
store_590,2015-08-18,629.025,5238.545
store_590,2015-08-19,588.77,4670.955
store_590,2015-08-20,584.415,4550.8
store_590,2015-08-21,595.545,4620.485
store_590,2015-08-22,374.745,2862.54
store_590,2015-08-23,0.0,0.0
store_590,2015-08-24,528.505,3829.205
store_590,2015-08-25,490.895,3539.505
store_590,2015-08-26,497.015,3510.045
store_590,2015-08-27,508.87,3678.14
store_590,2015-08-28,529.5,3786.215
store_590,2015-08-29,364.81,2790.495
store_591,2015-07-20,698.75,6254.945
store_591,2015-07-21,661.52,5879.58
store_591,2015-07-22,680.67,5884.275
store_591,2015-07-23,771.39,6828.325
store_591,2015-07-24,706.24,6527.83
store_591,2015-07-25,494.435,4594.78
store_591,2015-07-26,0.0,0.0
store_591,2015-07-27,877.475,9368.155
store_591,2015-07-28,800.705,8318.99
store_591,2015-07-29,799.61,7679.985
store_591,2015-07-30,862.285,8245.125
store_591,2015-07-31,804.25,7580.6
store_591,2015-08-01,518.405,4652.39
store_591,2015-08-02,0.0,0.0
store_591,2015-08-03,936.245,9336.84
store_591,2015-08-04,801.28,7966.76
store_591,2015-08-05,757.59,7390.765
store_591,2015-08-06,819.13,7943.165
store_591,2015-08-07,776.43,7412.585
store_591,2015-08-08,499.06,4558.935
store_591,2015-08-09,0.0,0.0
store_591,2015-08-10,716.925,5980.66
store_591,2015-08-11,657.795,5493.745
store_591,2015-08-12,661.4,5337.07
store_591,2015-08-13,700.29,5999.17
store_591,2015-08-14,732.275,5996.03
store_591,2015-08-15,503.725,4507.95
store_591,2015-08-16,0.0,0.0
store_591,2015-08-17,933.595,8361.86
store_591,2015-08-18,805.85,7104.865
store_591,2015-08-19,754.925,6516.035
store_591,2015-08-20,775.345,6750.44
store_591,2015-08-21,778.635,6624.565
store_591,2015-08-22,499.26,4195.535
store_591,2015-08-23,0.0,0.0
store_591,2015-08-24,739.79,5346.87
store_591,2015-08-25,639.675,4939.255
store_591,2015-08-26,627.52,4867.52
store_591,2015-08-27,656.3,5259.745
store_591,2015-08-28,679.57,5396.63
store_591,2015-08-29,506.68,4158.81
store_592,2015-07-20,639.66,3813.765
store_592,2015-07-21,619.1,3762.285
store_592,2015-07-22,601.315,3623.345
store_592,2015-07-23,634.19,3675.285
store_592,2015-07-24,611.22,3534.8
store_592,2015-07-25,532.005,3268.425
store_592,2015-07-26,0.0,0.0
store_592,2015-07-27,802.19,6338.28
store_592,2015-07-28,734.875,6017.295
store_592,2015-07-29,728.655,5640.38
store_592,2015-07-30,744.82,5529.61
store_592,2015-07-31,709.26,5088.46
store_592,2015-08-01,555.565,3881.33
store_592,2015-08-02,0.0,0.0
store_592,2015-08-03,869.085,6957.215
store_592,2015-08-04,729.895,5794.785
store_592,2015-08-05,702.19,5354.39
store_592,2015-08-06,710.85,5384.835
store_592,2015-08-07,680.63,5019.52
store_592,2015-08-08,556.71,3987.29
store_592,2015-08-09,0.0,0.0
store_592,2015-08-10,709.2,5244.065
store_592,2015-08-11,644.75,4760.51
store_592,2015-08-12,634.59,4695.715
store_592,2015-08-13,639.805,4794.715
store_592,2015-08-14,640.67,4586.135
store_592,2015-08-15,544.44,3941.9
store_592,2015-08-16,0.0,0.0
store_592,2015-08-17,860.71,7733.465
store_592,2015-08-18,754.265,6732.785
store_592,2015-08-19,716.41,6113.295
store_592,2015-08-20,728.12,6041.825
store_592,2015-08-21,737.705,5798.17
store_592,2015-08-22,557.99,4290.555
store_592,2015-08-23,0.0,0.0
store_592,2015-08-24,696.665,6026.67
store_592,2015-08-25,640.025,5532.76
store_592,2015-08-26,622.38,5325.65
store_592,2015-08-27,632.145,5410.585
store_592,2015-08-28,663.59,5354.225
store_592,2015-08-29,551.47,4444.395
store_593,2015-07-20,368.355,2941.695
store_593,2015-07-21,337.44,2755.24
store_593,2015-07-22,345.54,2580.67
store_593,2015-07-23,375.385,2811.46
store_593,2015-07-24,318.595,2429.48
store_593,2015-07-25,133.975,1079.19
store_593,2015-07-26,0.0,0.0
store_593,2015-07-27,432.455,3945.365
store_593,2015-07-28,431.335,4019.045
store_593,2015-07-29,414.675,3624.845
store_593,2015-07-30,427.535,3554.36
store_593,2015-07-31,407.535,3288.095
store_593,2015-08-01,148.925,1198.635
store_593,2015-08-02,0.0,0.0
store_593,2015-08-03,448.055,4012.84
store_593,2015-08-04,403.085,3607.16
store_593,2015-08-05,388.655,3297.185
store_593,2015-08-06,406.555,3443.9
store_593,2015-08-07,386.85,3184.955
store_593,2015-08-08,146.47,1189.59
store_593,2015-08-09,0.0,0.0
store_593,2015-08-10,375.55,2932.585
store_593,2015-08-11,339.83,2755.35
store_593,2015-08-12,333.19,2631.475
store_593,2015-08-13,343.99,2728.015
store_593,2015-08-14,350.21,2666.135
store_593,2015-08-15,141.155,1150.215
store_593,2015-08-16,0.0,0.0
store_593,2015-08-17,468.29,4302.54
store_593,2015-08-18,407.445,3600.705
store_593,2015-08-19,396.165,3238.78
store_593,2015-08-20,402.955,3286.095
store_593,2015-08-21,395.645,3153.695
store_593,2015-08-22,141.455,1144.54
store_593,2015-08-23,0.0,0.0
store_593,2015-08-24,379.52,2860.115
store_593,2015-08-25,332.145,2684.995
store_593,2015-08-26,334.92,2637.8
store_593,2015-08-27,340.005,2698.46
store_593,2015-08-28,341.925,2615.16
store_593,2015-08-29,139.605,1137.62
store_594,2015-07-20,680.82,6002.58
store_594,2015-07-21,658.29,5618.975
store_594,2015-07-22,669.565,5560.93
store_594,2015-07-23,688.08,5668.225
store_594,2015-07-24,702.44,5469.915
store_594,2015-07-25,604.73,4840.61
store_594,2015-07-26,0.0,0.0
store_594,2015-07-27,885.33,9369.21
store_594,2015-07-28,812.41,8647.525
store_594,2015-07-29,808.975,8096.01
store_594,2015-07-30,814.185,7758.805
store_594,2015-07-31,774.85,6980.6
store_594,2015-08-01,651.985,5182.76
store_594,2015-08-02,0.0,0.0
store_594,2015-08-03,943.585,9717.24
store_594,2015-08-04,792.525,7874.485
store_594,2015-08-05,751.58,7318.82
store_594,2015-08-06,757.16,7153.44
store_594,2015-08-07,740.805,6623.19
store_594,2015-08-08,662.33,5109.62
store_594,2015-08-09,0.0,0.0
store_594,2015-08-10,678.455,5905.9
store_594,2015-08-11,639.74,5372.21
store_594,2015-08-12,642.34,5347.53
store_594,2015-08-13,650.09,5651.78
store_594,2015-08-14,663.17,5538.095
store_594,2015-08-15,660.44,5179.75
store_594,2015-08-16,0.0,0.0
store_594,2015-08-17,912.69,8898.545
store_594,2015-08-18,789.525,7531.075
store_594,2015-08-19,742.83,6884.4
store_594,2015-08-20,762.495,6785.915
store_594,2015-08-21,748.415,6468.26
store_594,2015-08-22,654.295,5129.71
store_594,2015-08-23,0.0,0.0
store_594,2015-08-24,677.455,5455.925
store_594,2015-08-25,604.605,5086.73
store_594,2015-08-26,608.16,4958.81
store_594,2015-08-27,629.2,5219.885
store_594,2015-08-28,680.875,5383.835
store_594,2015-08-29,650.725,5186.765
store_595,2015-07-20,647.65,6227.73
store_595,2015-07-21,573.15,5557.35
store_595,2015-07-22,537.335,5237.225
store_595,2015-07-23,668.565,6235.515
store_595,2015-07-24,655.665,6507.95
store_595,2015-07-25,481.395,5054.84
store_595,2015-07-26,0.0,0.0
store_595,2015-07-27,795.145,9283.43
store_595,2015-07-28,687.33,7906.47
store_595,2015-07-29,672.835,7116.385
store_595,2015-07-30,740.775,7433.75
store_595,2015-07-31,744.515,7629.635
store_595,2015-08-01,547.105,5145.695
store_595,2015-08-02,0.0,0.0
store_595,2015-08-03,860.745,9924.34
store_595,2015-08-04,705.27,7700.2
store_595,2015-08-05,652.52,6833.78
store_595,2015-08-06,683.855,7189.895
store_595,2015-08-07,724.435,7445.715
store_595,2015-08-08,532.71,5152.1
store_595,2015-08-09,0.0,0.0
store_595,2015-08-10,686.47,6248.695
store_595,2015-08-11,623.095,5596.96
store_595,2015-08-12,591.395,5258.795
store_595,2015-08-13,600.78,5754.565
store_595,2015-08-14,676.6,6253.78
store_595,2015-08-15,549.085,5180.97
store_595,2015-08-16,0.0,0.0
store_595,2015-08-17,897.585,9583.785
store_595,2015-08-18,749.59,7643.465
store_595,2015-08-19,714.545,6906.22
store_595,2015-08-20,702.795,6802.545
store_595,2015-08-21,741.485,6958.34
store_595,2015-08-22,566.01,5115.415
store_595,2015-08-23,0.0,0.0
store_595,2015-08-24,715.645,6153.15
store_595,2015-08-25,645.26,5649.155
store_595,2015-08-26,617.69,5354.01
store_595,2015-08-27,619.965,5495.965
store_595,2015-08-28,660.49,5918.43
store_595,2015-08-29,560.56,5114.845
store_596,2015-07-20,704.46,6316.485
store_596,2015-07-21,632.415,5590.46
store_596,2015-07-22,590.17,5385.14
store_596,2015-07-23,615.28,5408.09
store_596,2015-07-24,630.155,5620.94
store_596,2015-07-25,432.42,4136.495
store_596,2015-07-26,0.0,0.0
store_596,2015-07-27,845.59,9751.555
store_596,2015-07-28,772.155,8500.615
store_596,2015-07-29,753.735,8023.965
store_596,2015-07-30,779.885,7865.185
store_596,2015-07-31,778.085,7815.565
store_596,2015-08-01,444.335,4140.04
store_596,2015-08-02,0.0,0.0
store_596,2015-08-03,907.24,10357.44
store_596,2015-08-04,784.07,8163.44
store_596,2015-08-05,710.97,7484.75
store_596,2015-08-06,718.26,7187.255
store_596,2015-08-07,718.605,7059.925
store_596,2015-08-08,446.515,4283.735
store_596,2015-08-09,0.0,0.0
store_596,2015-08-10,698.165,6351.635
store_596,2015-08-11,645.515,5697.9
store_596,2015-08-12,651.425,5667.62
store_596,2015-08-13,643.425,5733.84
store_596,2015-08-14,666.985,5859.295
store_596,2015-08-15,444.69,4160.615
store_596,2015-08-16,0.0,0.0
store_596,2015-08-17,914.82,10077.625
store_596,2015-08-18,787.48,8190.02
store_596,2015-08-19,747.84,7438.79
store_596,2015-08-20,760.885,7294.995
store_596,2015-08-21,756.63,7275.02
store_596,2015-08-22,441.44,4078.295
store_596,2015-08-23,0.0,0.0
store_596,2015-08-24,734.525,6430.23
store_596,2015-08-25,645.9,5767.9
store_596,2015-08-26,635.64,5627.18
store_596,2015-08-27,646.43,5890.615
store_596,2015-08-28,668.78,6196.07
store_596,2015-08-29,433.925,4107.78
store_597,2015-07-20,442.88,4531.39
store_597,2015-07-21,439.855,4404.335
store_597,2015-07-22,413.415,4362.245
store_597,2015-07-23,425.565,4373.87
store_597,2015-07-24,426.42,4421.965
store_597,2015-07-25,333.105,3627.41
store_597,2015-07-26,0.0,0.0
store_597,2015-07-27,610.48,8206.935
store_597,2015-07-28,550.11,6921.96
store_597,2015-07-29,534.85,6200.305
store_597,2015-07-30,517.57,5804.545
store_597,2015-07-31,512.915,5499.475
store_597,2015-08-01,340.245,3631.81
store_597,2015-08-02,0.0,0.0
store_597,2015-08-03,638.205,7616.845
store_597,2015-08-04,542.115,6365.3
store_597,2015-08-05,502.105,5559.035
store_597,2015-08-06,489.96,5214.535
store_597,2015-08-07,481.21,4987.41
store_597,2015-08-08,334.105,3511.095
store_597,2015-08-09,0.0,0.0
store_597,2015-08-10,511.01,4792.065
store_597,2015-08-11,476.355,4503.105
store_597,2015-08-12,455.215,4263.065
store_597,2015-08-13,460.1,4313.77
store_597,2015-08-14,458.82,4325.525
store_597,2015-08-15,335.56,3409.755
store_597,2015-08-16,0.0,0.0
store_597,2015-08-17,615.475,6804.11
store_597,2015-08-18,553.685,5889.02
store_597,2015-08-19,537.335,5341.79
store_597,2015-08-20,540.245,5095.265
store_597,2015-08-21,530.635,4916.53
store_597,2015-08-22,336.09,3187.205
store_597,2015-08-23,0.0,0.0
store_597,2015-08-24,505.945,4431.04
store_597,2015-08-25,453.53,4090.83
store_597,2015-08-26,460.925,4083.805
store_597,2015-08-27,464.755,4120.535
store_597,2015-08-28,464.16,4082.585
store_597,2015-08-29,332.73,3156.935
store_598,2015-07-20,918.215,6019.355
store_598,2015-07-21,843.065,5742.925
store_598,2015-07-22,942.695,6263.915
store_598,2015-07-23,1003.62,6338.855
store_598,2015-07-24,992.84,6210.12
store_598,2015-07-25,1094.395,7062.9
store_598,2015-07-26,0.0,0.0
store_598,2015-07-27,1201.995,10191.91
store_598,2015-07-28,1123.92,9267.15
store_598,2015-07-29,1177.33,9129.75
store_598,2015-07-30,1184.52,8536.32
store_598,2015-07-31,1148.355,7878.715
store_598,2015-08-01,1093.615,7057.965
store_598,2015-08-02,0.0,0.0
store_598,2015-08-03,1345.39,10293.665
store_598,2015-08-04,1084.995,8664.16
store_598,2015-08-05,1081.85,8394.485
store_598,2015-08-06,1094.11,8037.01
store_598,2015-08-07,1078.425,7806.86
store_598,2015-08-08,1082.725,7361.615
store_598,2015-08-09,0.0,0.0
store_598,2015-08-10,1013.215,6590.65
store_598,2015-08-11,946.99,6153.24
store_598,2015-08-12,927.745,6146.1
store_598,2015-08-13,949.845,6279.41
store_598,2015-08-14,959.18,6352.265
store_598,2015-08-15,1078.815,7223.175
store_598,2015-08-16,0.0,0.0
store_598,2015-08-17,1362.765,9913.475
store_598,2015-08-18,1197.71,8462.765
store_598,2015-08-19,1156.69,7898.755
store_598,2015-08-20,1157.87,7754.01
store_598,2015-08-21,1137.705,7531.74
store_598,2015-08-22,1071.42,7050.86
store_598,2015-08-23,0.0,0.0
store_598,2015-08-24,1017.12,6311.69
store_598,2015-08-25,921.66,6002.655
store_598,2015-08-26,922.1,5979.23
store_598,2015-08-27,954.57,6302.76
store_598,2015-08-28,1023.3,6586.175
store_598,2015-08-29,1070.43,7030.79
store_599,2015-07-20,649.485,4542.34
store_599,2015-07-21,613.755,4502.605
store_599,2015-07-22,614.975,4587.03
store_599,2015-07-23,627.175,4663.81
store_599,2015-07-24,618.33,4333.6
store_599,2015-07-25,695.995,4993.07
store_599,2015-07-26,0.0,0.0
store_599,2015-07-27,841.775,8624.915
store_599,2015-07-28,780.57,7724.615
store_599,2015-07-29,743.85,6801.795
store_599,2015-07-30,759.775,6167.795
store_599,2015-07-31,725.125,5485.405
store_599,2015-08-01,705.845,4938.705
store_599,2015-08-02,0.0,0.0
store_599,2015-08-03,883.305,8489.56
store_599,2015-08-04,773.96,7110.85
store_599,2015-08-05,735.025,6412.64
store_599,2015-08-06,711.08,5997.7
store_599,2015-08-07,685.655,5331.04
store_599,2015-08-08,715.725,5131.545
store_599,2015-08-09,0.0,0.0
store_599,2015-08-10,670.17,4943.675
store_599,2015-08-11,633.235,4709.835
store_599,2015-08-12,634.97,4601.46
store_599,2015-08-13,637.545,4731.485
store_599,2015-08-14,649.5,4549.375
store_599,2015-08-15,704.45,5004.965
store_599,2015-08-16,0.0,0.0
store_599,2015-08-17,880.105,7928.56
store_599,2015-08-18,792.235,6877.135
store_599,2015-08-19,744.99,6137.57
store_599,2015-08-20,737.515,5824.3
store_599,2015-08-21,750.3,5598.505
store_599,2015-08-22,703.49,5030.135
store_599,2015-08-23,0.0,0.0
store_599,2015-08-24,671.325,4843.425
store_599,2015-08-25,602.2,4491.74
store_599,2015-08-26,603.19,4408.725
store_599,2015-08-27,640.135,4614.635
store_599,2015-08-28,664.675,4706.625
store_599,2015-08-29,704.765,5004.375
store_6,2015-07-20,524.11,4444.54
store_6,2015-07-21,542.465,4748.285
store_6,2015-07-22,516.725,4638.315
store_6,2015-07-23,537.465,4748.82
store_6,2015-07-24,540.72,4781.03
store_6,2015-07-25,516.01,4735.14
store_6,2015-07-26,0.0,0.0
store_6,2015-07-27,647.375,6910.56
store_6,2015-07-28,646.82,7091.91
store_6,2015-07-29,622.51,6707.44
store_6,2015-07-30,653.185,6667.115
store_6,2015-07-31,635.855,6182.38
store_6,2015-08-01,542.995,5103.495
store_6,2015-08-02,0.0,0.0
store_6,2015-08-03,701.32,6981.87
store_6,2015-08-04,611.715,6449.255
store_6,2015-08-05,567.65,5903.285
store_6,2015-08-06,584.46,5801.35
store_6,2015-08-07,584.6,5671.43
store_6,2015-08-08,518.73,4841.805
store_6,2015-08-09,0.0,0.0
store_6,2015-08-10,551.355,4614.335
store_6,2015-08-11,511.055,4451.17
store_6,2015-08-12,507.28,4500.37
store_6,2015-08-13,507.915,4599.425
store_6,2015-08-14,519.135,4552.215
store_6,2015-08-15,504.175,4659.65
store_6,2015-08-16,0.0,0.0
store_6,2015-08-17,715.775,6906.035
store_6,2015-08-18,622.32,6115.705
store_6,2015-08-19,587.365,5629.575
store_6,2015-08-20,593.78,5600.215
store_6,2015-08-21,606.905,5584.325
store_6,2015-08-22,510.3,4677.015
store_6,2015-08-23,0.0,0.0
store_6,2015-08-24,578.4,4654.55
store_6,2015-08-25,505.305,4305.34
store_6,2015-08-26,497.54,4328.17
store_6,2015-08-27,508.22,4493.535
store_6,2015-08-28,521.38,4733.885
store_6,2015-08-29,468.065,4483.915
store_60,2015-07-20,447.895,5187.645
store_60,2015-07-21,385.555,4486.45
store_60,2015-07-22,385.63,4214.32
store_60,2015-07-23,427.155,4662.07
store_60,2015-07-24,447.8,5042.06
store_60,2015-07-25,448.13,4999.345
store_60,2015-07-26,0.0,0.0
store_60,2015-07-27,571.765,8223.7
store_60,2015-07-28,511.235,7369.88
store_60,2015-07-29,516.395,6746.355
store_60,2015-07-30,528.935,6620.105
store_60,2015-07-31,535.07,6815.335
store_60,2015-08-01,480.355,5356.625
store_60,2015-08-02,0.0,0.0
store_60,2015-08-03,597.39,8338.64
store_60,2015-08-04,504.075,6710.68
store_60,2015-08-05,480.605,5927.09
store_60,2015-08-06,496.5,6144.24
store_60,2015-08-07,507.415,6342.815
store_60,2015-08-08,472.815,5302.955
store_60,2015-08-09,0.0,0.0
store_60,2015-08-10,494.665,5777.175
store_60,2015-08-11,441.605,5249.165
store_60,2015-08-12,430.64,4884.96
store_60,2015-08-13,449.38,5263.065
store_60,2015-08-14,478.385,5520.735
store_60,2015-08-15,464.61,5382.43
store_60,2015-08-16,0.0,0.0
store_60,2015-08-17,607.19,8341.605
store_60,2015-08-18,517.19,6934.41
store_60,2015-08-19,505.31,6329.3
store_60,2015-08-20,523.185,6297.96
store_60,2015-08-21,540.94,6683.395
store_60,2015-08-22,485.045,5376.225
store_60,2015-08-23,0.0,0.0
store_60,2015-08-24,499.61,6197.245
store_60,2015-08-25,446.075,5695.32
store_60,2015-08-26,440.245,5356.595
store_60,2015-08-27,455.405,5789.265
store_60,2015-08-28,481.73,6187.225
store_60,2015-08-29,458.605,5448.74
store_600,2015-07-20,747.3,7488.03
store_600,2015-07-21,672.905,6653.005
store_600,2015-07-22,670.59,6561.035
store_600,2015-07-23,693.04,6663.84
store_600,2015-07-24,708.185,6869.09
store_600,2015-07-25,795.1,7774.465
store_600,2015-07-26,0.0,0.0
store_600,2015-07-27,985.435,12543.1
store_600,2015-07-28,856.515,10405.655
store_600,2015-07-29,821.45,9222.57
store_600,2015-07-30,828.515,8889.515
store_600,2015-07-31,842.185,8942.5
store_600,2015-08-01,821.22,8017.5
store_600,2015-08-02,0.0,0.0
store_600,2015-08-03,1071.505,12640.685
store_600,2015-08-04,895.7,9890.7
store_600,2015-08-05,840.495,9035.895
store_600,2015-08-06,793.18,8866.565
store_600,2015-08-07,753.08,8424.5
store_600,2015-08-08,782.065,8072.25
store_600,2015-08-09,0.0,0.0
store_600,2015-08-10,839.215,8271.76
store_600,2015-08-11,751.31,7550.715
store_600,2015-08-12,742.265,7277.855
store_600,2015-08-13,751.205,7470.005
store_600,2015-08-14,715.025,7330.19
store_600,2015-08-15,765.35,7820.445
store_600,2015-08-16,0.0,0.0
store_600,2015-08-17,1046.36,12595.98
store_600,2015-08-18,926.715,10389.69
store_600,2015-08-19,879.695,9379.27
store_600,2015-08-20,880.415,9261.985
store_600,2015-08-21,823.15,8972.115
store_600,2015-08-22,788.84,7916.08
store_600,2015-08-23,0.0,0.0
store_600,2015-08-24,781.665,7893.795
store_600,2015-08-25,695.99,7260.965
store_600,2015-08-26,738.65,7281.805
store_600,2015-08-27,759.995,7592.455
store_600,2015-08-28,750.06,7643.955
store_600,2015-08-29,763.955,7824.135
store_601,2015-07-20,585.635,3961.16
store_601,2015-07-21,492.655,3562.13
store_601,2015-07-22,534.535,3741.505
store_601,2015-07-23,543.435,3683.78
store_601,2015-07-24,530.72,3604.965
store_601,2015-07-25,514.975,3721.95
store_601,2015-07-26,0.0,0.0
store_601,2015-07-27,722.36,6060.34
store_601,2015-07-28,660.685,5296.215
store_601,2015-07-29,655.04,5441.155
store_601,2015-07-30,671.93,5210.4
store_601,2015-07-31,621.8,4623.57
store_601,2015-08-01,531.54,3743.815
store_601,2015-08-02,0.0,0.0
store_601,2015-08-03,754.825,6219.22
store_601,2015-08-04,632.685,5022.285
store_601,2015-08-05,599.33,4785.955
store_601,2015-08-06,621.76,4729.675
store_601,2015-08-07,587.39,4330.495
store_601,2015-08-08,507.645,3738.595
store_601,2015-08-09,0.0,0.0
store_601,2015-08-10,597.195,3992.96
store_601,2015-08-11,550.15,3683.115
store_601,2015-08-12,525.95,3684.17
store_601,2015-08-13,528.765,3651.92
store_601,2015-08-14,524.705,3505.345
store_601,2015-08-15,486.905,3399.02
store_601,2015-08-16,0.0,0.0
store_601,2015-08-17,758.485,5783.06
store_601,2015-08-18,655.04,4852.27
store_601,2015-08-19,624.685,4484.89
store_601,2015-08-20,600.685,4305.47
store_601,2015-08-21,596.185,4047.43
store_601,2015-08-22,480.805,3414.145
store_601,2015-08-23,0.0,0.0
store_601,2015-08-24,600.175,3781.895
store_601,2015-08-25,547.215,3540.315
store_601,2015-08-26,525.07,3397.535
store_601,2015-08-27,532.915,3501.025
store_601,2015-08-28,528.62,3444.05
store_601,2015-08-29,468.95,3332.54
store_602,2015-07-20,739.96,5309.84
store_602,2015-07-21,702.295,4739.53
store_602,2015-07-22,696.06,4669.82
store_602,2015-07-23,670.995,4503.775
store_602,2015-07-24,672.85,4775.405
store_602,2015-07-25,601.125,4336.615
store_602,2015-07-26,0.0,0.0
store_602,2015-07-27,882.635,7263.53
store_602,2015-07-28,834.915,6628.4
store_602,2015-07-29,829.805,6148.475
store_602,2015-07-30,846.5,6332.82
store_602,2015-07-31,817.03,6325.68
store_602,2015-08-01,623.415,4328.85
store_602,2015-08-02,0.0,0.0
store_602,2015-08-03,981.95,8042.245
store_602,2015-08-04,832.76,6712.135
store_602,2015-08-05,821.035,6352.93
store_602,2015-08-06,760.17,5686.205
store_602,2015-08-07,756.755,5908.625
store_602,2015-08-08,629.585,4654.88
store_602,2015-08-09,0.0,0.0
store_602,2015-08-10,765.2,5457.315
store_602,2015-08-11,711.605,5008.125
store_602,2015-08-12,667.25,4655.305
store_602,2015-08-13,662.235,4585.075
store_602,2015-08-14,656.78,4558.355
store_602,2015-08-15,630.54,4358.3
store_602,2015-08-16,0.0,0.0
store_602,2015-08-17,998.71,8378.115
store_602,2015-08-18,897.6,7444.645
store_602,2015-08-19,822.56,6441.145
store_602,2015-08-20,808.365,6173.2
store_602,2015-08-21,791.395,6024.1
store_602,2015-08-22,653.77,4605.595
store_602,2015-08-23,0.0,0.0
store_602,2015-08-24,769.16,5760.285
store_602,2015-08-25,687.96,5277.475
store_602,2015-08-26,657.8,4930.235
store_602,2015-08-27,678.04,5115.85
store_602,2015-08-28,686.17,5175.865
store_602,2015-08-29,645.365,4711.145
store_603,2015-07-20,502.055,5034.405
store_603,2015-07-21,433.745,4334.55
store_603,2015-07-22,420.635,4041.4
store_603,2015-07-23,439.39,4309.83
store_603,2015-07-24,447.345,4419.715
store_603,2015-07-25,519.62,5472.24
store_603,2015-07-26,0.0,0.0
store_603,2015-07-27,633.35,7408.74
store_603,2015-07-28,550.94,6724.225
store_603,2015-07-29,512.56,5832.88
store_603,2015-07-30,538.84,5910.555
store_603,2015-07-31,516.15,5534.785
store_603,2015-08-01,509.34,5307.135
store_603,2015-08-02,0.0,0.0
store_603,2015-08-03,718.265,8117.98
store_603,2015-08-04,571.41,6551.455
store_603,2015-08-05,502.875,5324.44
store_603,2015-08-06,503.365,5386.175
store_603,2015-08-07,499.25,5167.36
store_603,2015-08-08,501.93,5247.175
store_603,2015-08-09,0.0,0.0
store_603,2015-08-10,580.045,5379.27
store_603,2015-08-11,536.39,4914.915
store_603,2015-08-12,482.89,4290.905
store_603,2015-08-13,487.0,4417.47
store_603,2015-08-14,494.54,4413.625
store_603,2015-08-15,495.92,4876.46
store_603,2015-08-16,0.0,0.0
store_603,2015-08-17,726.48,8099.225
store_603,2015-08-18,616.65,6817.505
store_603,2015-08-19,579.785,5842.71
store_603,2015-08-20,546.325,5472.98
store_603,2015-08-21,552.84,5210.45
store_603,2015-08-22,492.38,4883.72
store_603,2015-08-23,0.0,0.0
store_603,2015-08-24,608.265,5680.22
store_603,2015-08-25,529.765,5203.665
store_603,2015-08-26,511.59,4765.485
store_603,2015-08-27,487.385,4641.475
store_603,2015-08-28,490.185,4577.445
store_603,2015-08-29,488.785,4809.47
store_604,2015-07-20,542.515,4341.42
store_604,2015-07-21,512.82,4004.435
store_604,2015-07-22,534.81,4166.15
store_604,2015-07-23,555.675,4161.46
store_604,2015-07-24,585.275,4393.12
store_604,2015-07-25,372.42,3046.02
store_604,2015-07-26,0.0,0.0
store_604,2015-07-27,712.355,6826.125
store_604,2015-07-28,672.94,6044.9
store_604,2015-07-29,672.585,5843.455
store_604,2015-07-30,696.14,5592.875
store_604,2015-07-31,685.27,5460.095
store_604,2015-08-01,392.51,3118.93
store_604,2015-08-02,0.0,0.0
store_604,2015-08-03,761.885,7107.125
store_604,2015-08-04,648.815,5772.28
store_604,2015-08-05,605.76,5268.465
store_604,2015-08-06,639.18,5186.58
store_604,2015-08-07,627.805,5064.92
store_604,2015-08-08,396.26,3070.665
store_604,2015-08-09,0.0,0.0
store_604,2015-08-10,587.245,4418.38
store_604,2015-08-11,547.59,4044.35
store_604,2015-08-12,521.965,3995.73
store_604,2015-08-13,561.835,4129.555
store_604,2015-08-14,557.315,4157.37
store_604,2015-08-15,379.41,2976.575
store_604,2015-08-16,0.0,0.0
store_604,2015-08-17,741.935,6370.305
store_604,2015-08-18,657.145,5386.3
store_604,2015-08-19,618.075,4861.06
store_604,2015-08-20,634.965,4853.25
store_604,2015-08-21,643.605,4907.195
store_604,2015-08-22,394.855,2987.065
store_604,2015-08-23,0.0,0.0
store_604,2015-08-24,585.57,4021.68
store_604,2015-08-25,525.105,3682.73
store_604,2015-08-26,514.245,3674.07
store_604,2015-08-27,544.705,3930.01
store_604,2015-08-28,588.53,4188.12
store_604,2015-08-29,382.26,2938.32
store_605,2015-07-20,422.42,3995.87
store_605,2015-07-21,416.76,3984.015
store_605,2015-07-22,390.935,3718.825
store_605,2015-07-23,403.41,3942.735
store_605,2015-07-24,406.56,3966.655
store_605,2015-07-25,238.765,2212.19
store_605,2015-07-26,0.0,0.0
store_605,2015-07-27,602.52,8095.225
store_605,2015-07-28,537.745,6741.245
store_605,2015-07-29,524.49,5933.67
store_605,2015-07-30,529.105,5693.175
store_605,2015-07-31,499.95,5244.96
store_605,2015-08-01,251.69,2307.335
store_605,2015-08-02,0.0,0.0
store_605,2015-08-03,596.33,7445.05
store_605,2015-08-04,516.66,6026.19
store_605,2015-08-05,480.285,5420.955
store_605,2015-08-06,486.205,5349.4
store_605,2015-08-07,479.55,5029.855
store_605,2015-08-08,251.93,2362.035
store_605,2015-08-09,0.0,0.0
store_605,2015-08-10,452.455,4524.13
store_605,2015-08-11,439.85,4235.03
store_605,2015-08-12,428.35,4177.47
store_605,2015-08-13,451.045,4578.355
store_605,2015-08-14,448.415,4539.28
store_605,2015-08-15,252.625,2329.925
store_605,2015-08-16,0.0,0.0
store_605,2015-08-17,604.305,7332.305
store_605,2015-08-18,527.28,6158.43
store_605,2015-08-19,493.54,5527.915
store_605,2015-08-20,508.455,5444.83
store_605,2015-08-21,503.965,5385.145
store_605,2015-08-22,265.175,2389.89
store_605,2015-08-23,0.0,0.0
store_605,2015-08-24,460.795,4446.81
store_605,2015-08-25,425.16,4268.55
store_605,2015-08-26,425.235,4383.705
store_605,2015-08-27,443.355,4651.92
store_605,2015-08-28,464.02,4822.705
store_605,2015-08-29,258.64,2390.915
store_606,2015-07-20,379.0,4197.3
store_606,2015-07-21,309.01,3613.75
store_606,2015-07-22,317.25,3516.38
store_606,2015-07-23,345.4,3768.005
store_606,2015-07-24,358.5,4042.92
store_606,2015-07-25,355.265,4087.555
store_606,2015-07-26,0.0,0.0
store_606,2015-07-27,526.66,7549.425
store_606,2015-07-28,418.86,5858.715
store_606,2015-07-29,400.71,5333.46
store_606,2015-07-30,398.255,5122.585
store_606,2015-07-31,412.18,5155.02
store_606,2015-08-01,357.025,3987.755
store_606,2015-08-02,0.0,0.0
store_606,2015-08-03,531.18,7331.795
store_606,2015-08-04,427.885,5824.45
store_606,2015-08-05,380.065,4997.575
store_606,2015-08-06,382.045,4845.485
store_606,2015-08-07,386.705,4874.18
store_606,2015-08-08,344.92,4035.585
store_606,2015-08-09,0.0,0.0
store_606,2015-08-10,386.53,4429.705
store_606,2015-08-11,351.675,3987.005
store_606,2015-08-12,329.055,3803.44
store_606,2015-08-13,343.51,4003.125
store_606,2015-08-14,367.33,4135.14
store_606,2015-08-15,338.025,3753.705
store_606,2015-08-16,0.0,0.0
store_606,2015-08-17,572.17,7640.295
store_606,2015-08-18,444.68,5908.175
store_606,2015-08-19,427.705,5409.655
store_606,2015-08-20,423.535,5282.27
store_606,2015-08-21,421.435,5240.69
store_606,2015-08-22,347.97,3966.75
store_606,2015-08-23,0.0,0.0
store_606,2015-08-24,379.75,4267.105
store_606,2015-08-25,339.525,3946.555
store_606,2015-08-26,335.98,3858.09
store_606,2015-08-27,347.87,4008.01
store_606,2015-08-28,376.295,4250.125
store_606,2015-08-29,346.06,3888.985
store_607,2015-07-20,512.16,4069.025
store_607,2015-07-21,484.185,3819.01
store_607,2015-07-22,482.83,3591.68
store_607,2015-07-23,485.72,3723.17
store_607,2015-07-24,482.955,3813.85
store_607,2015-07-25,485.145,3953.53
store_607,2015-07-26,0.0,0.0
store_607,2015-07-27,635.28,6081.185
store_607,2015-07-28,596.52,5492.745
store_607,2015-07-29,559.575,5118.5
store_607,2015-07-30,554.205,4859.17
store_607,2015-07-31,544.99,4737.19
store_607,2015-08-01,493.59,4234.32
store_607,2015-08-02,0.0,0.0
store_607,2015-08-03,690.82,6600.96
store_607,2015-08-04,576.625,5311.37
store_607,2015-08-05,533.29,4663.225
store_607,2015-08-06,531.315,4643.47
store_607,2015-08-07,520.745,4578.15
store_607,2015-08-08,492.59,4173.765
store_607,2015-08-09,0.0,0.0
store_607,2015-08-10,549.99,4325.32
store_607,2015-08-11,521.46,4075.135
store_607,2015-08-12,495.025,3837.89
store_607,2015-08-13,484.38,3833.22
store_607,2015-08-14,506.02,3976.145
store_607,2015-08-15,486.95,4071.04
store_607,2015-08-16,0.0,0.0
store_607,2015-08-17,667.125,6207.975
store_607,2015-08-18,604.48,5485.57
store_607,2015-08-19,566.18,4929.165
store_607,2015-08-20,563.98,4787.415
store_607,2015-08-21,569.98,4760.815
store_607,2015-08-22,485.27,4062.625
store_607,2015-08-23,0.0,0.0
store_607,2015-08-24,559.48,4456.57
store_607,2015-08-25,499.07,4028.455
store_607,2015-08-26,491.74,3881.9
store_607,2015-08-27,504.62,4099.39
store_607,2015-08-28,506.55,4060.105
store_607,2015-08-29,483.035,4170.32
store_608,2015-07-20,564.64,4561.185
store_608,2015-07-21,558.125,4498.58
store_608,2015-07-22,546.005,4288.905
store_608,2015-07-23,559.38,4429.5
store_608,2015-07-24,619.58,4842.49
store_608,2015-07-25,420.71,3678.05
store_608,2015-07-26,0.0,0.0
store_608,2015-07-27,734.95,7262.23
store_608,2015-07-28,727.92,7143.69
store_608,2015-07-29,707.395,6412.8
store_608,2015-07-30,694.07,5717.52
store_608,2015-07-31,708.085,5812.055
store_608,2015-08-01,423.5,3561.97
store_608,2015-08-02,0.0,0.0
store_608,2015-08-03,869.07,7469.855
store_608,2015-08-04,745.235,6560.57
store_608,2015-08-05,685.05,5701.5
store_608,2015-08-06,651.19,5245.34
store_608,2015-08-07,666.21,5396.655
store_608,2015-08-08,441.89,3604.635
store_608,2015-08-09,0.0,0.0
store_608,2015-08-10,655.275,4650.57
store_608,2015-08-11,614.495,4401.425
store_608,2015-08-12,596.11,4202.64
store_608,2015-08-13,577.99,4266.345
store_608,2015-08-14,619.865,4439.075
store_608,2015-08-15,436.195,3512.895
store_608,2015-08-16,0.0,0.0
store_608,2015-08-17,876.19,6857.255
store_608,2015-08-18,766.615,6047.085
store_608,2015-08-19,714.315,5373.015
store_608,2015-08-20,660.935,4940.07
store_608,2015-08-21,670.055,4885.185
store_608,2015-08-22,436.2,3428.895
store_608,2015-08-23,0.0,0.0
store_608,2015-08-24,635.42,4204.115
store_608,2015-08-25,592.525,3971.205
store_608,2015-08-26,590.15,4005.655
store_608,2015-08-27,589.505,4078.6
store_608,2015-08-28,601.4,4091.915
store_608,2015-08-29,427.825,3351.78
store_609,2015-07-20,869.31,5532.61
store_609,2015-07-21,807.465,5386.035
store_609,2015-07-22,770.47,5033.18
store_609,2015-07-23,848.225,5513.87
store_609,2015-07-24,829.57,5439.395
store_609,2015-07-25,819.81,5180.425
store_609,2015-07-26,0.0,0.0
store_609,2015-07-27,1031.115,8330.19
store_609,2015-07-28,964.13,7749.11
store_609,2015-07-29,950.8,7212.065
store_609,2015-07-30,965.355,7047.005
store_609,2015-07-31,909.47,6420.08
store_609,2015-08-01,818.57,5255.255
store_609,2015-08-02,0.0,0.0
store_609,2015-08-03,1116.065,9055.69
store_609,2015-08-04,948.91,7714.965
store_609,2015-08-05,895.365,6749.075
store_609,2015-08-06,914.345,6839.35
store_609,2015-08-07,905.03,6636.12
store_609,2015-08-08,839.52,5520.39
store_609,2015-08-09,0.0,0.0
store_609,2015-08-10,879.855,5928.165
store_609,2015-08-11,814.36,5548.905
store_609,2015-08-12,768.87,5216.225
store_609,2015-08-13,797.44,5458.45
store_609,2015-08-14,840.61,5533.8
store_609,2015-08-15,842.5,5321.6
store_609,2015-08-16,0.0,0.0
store_609,2015-08-17,1117.665,8700.74
store_609,2015-08-18,975.91,7571.66
store_609,2015-08-19,934.855,6930.29
store_609,2015-08-20,914.53,6633.19
store_609,2015-08-21,921.615,6433.725
store_609,2015-08-22,825.265,5457.3
store_609,2015-08-23,0.0,0.0
store_609,2015-08-24,925.05,6232.415
store_609,2015-08-25,846.145,5822.105
store_609,2015-08-26,782.155,5373.055
store_609,2015-08-27,792.23,5538.815
store_609,2015-08-28,839.395,5704.42
store_609,2015-08-29,827.39,5489.98
store_61,2015-07-20,698.155,6414.15
store_61,2015-07-21,625.085,5666.23
store_61,2015-07-22,648.405,6119.345
store_61,2015-07-23,657.42,6168.06
store_61,2015-07-24,689.06,6517.52
store_61,2015-07-25,715.05,6740.055
store_61,2015-07-26,0.0,0.0
store_61,2015-07-27,907.205,10758.505
store_61,2015-07-28,807.09,9468.62
store_61,2015-07-29,792.885,9167.795
store_61,2015-07-30,812.22,9125.94
store_61,2015-07-31,835.085,9410.09
store_61,2015-08-01,757.375,7502.03
store_61,2015-08-02,0.0,0.0
store_61,2015-08-03,966.505,11650.04
store_61,2015-08-04,803.77,9291.425
store_61,2015-08-05,738.17,8508.95
store_61,2015-08-06,748.635,8472.065
store_61,2015-08-07,769.25,8630.545
store_61,2015-08-08,751.1,7484.4
store_61,2015-08-09,0.0,0.0
store_61,2015-08-10,726.585,6866.49
store_61,2015-08-11,655.375,6342.2
store_61,2015-08-12,657.545,6300.005
store_61,2015-08-13,663.175,6527.96
store_61,2015-08-14,698.465,7009.04
store_61,2015-08-15,743.5,7378.97
store_61,2015-08-16,0.0,0.0
store_61,2015-08-17,940.145,11037.07
store_61,2015-08-18,821.775,9261.42
store_61,2015-08-19,747.77,8443.07
store_61,2015-08-20,761.125,8334.935
store_61,2015-08-21,775.1,8359.11
store_61,2015-08-22,745.2,7214.805
store_61,2015-08-23,0.0,0.0
store_61,2015-08-24,745.27,6983.265
store_61,2015-08-25,656.09,6284.975
store_61,2015-08-26,636.055,6176.81
store_61,2015-08-27,656.535,6546.645
store_61,2015-08-28,696.865,7053.605
store_61,2015-08-29,725.92,7342.055
store_610,2015-07-20,751.145,5954.34
store_610,2015-07-21,688.28,5600.835
store_610,2015-07-22,710.28,5544.275
store_610,2015-07-23,703.755,5510.21
store_610,2015-07-24,721.77,5869.635
store_610,2015-07-25,794.245,6707.31
store_610,2015-07-26,0.0,0.0
store_610,2015-07-27,1009.285,10640.085
store_610,2015-07-28,890.715,9303.995
store_610,2015-07-29,893.085,8683.255
store_610,2015-07-30,913.605,8683.645
store_610,2015-07-31,891.865,8721.835
store_610,2015-08-01,861.365,7541.13
store_610,2015-08-02,0.0,0.0
store_610,2015-08-03,1056.74,11047.66
store_610,2015-08-04,877.42,8759.73
store_610,2015-08-05,853.2,8151.15
store_610,2015-08-06,829.58,7766.895
store_610,2015-08-07,818.555,7783.505
store_610,2015-08-08,798.25,7216.64
store_610,2015-08-09,0.0,0.0
store_610,2015-08-10,825.725,7036.315
store_610,2015-08-11,760.14,6577.02
store_610,2015-08-12,758.45,6305.525
store_610,2015-08-13,773.06,6421.95
store_610,2015-08-14,821.57,6855.245
store_610,2015-08-15,840.53,7455.285
store_610,2015-08-16,0.0,0.0
store_610,2015-08-17,1070.245,11209.5
store_610,2015-08-18,926.025,9305.45
store_610,2015-08-19,891.475,8449.76
store_610,2015-08-20,907.3,8255.255
store_610,2015-08-21,897.21,8233.675
store_610,2015-08-22,825.63,7329.065
store_610,2015-08-23,0.0,0.0
store_610,2015-08-24,818.685,7280.76
store_610,2015-08-25,743.22,6706.04
store_610,2015-08-26,740.975,6603.195
store_610,2015-08-27,765.47,6963.685
store_610,2015-08-28,807.95,7459.21
store_610,2015-08-29,849.48,7800.005
store_611,2015-07-20,729.47,5250.805
store_611,2015-07-21,671.23,4681.975
store_611,2015-07-22,647.685,4434.65
store_611,2015-07-23,639.915,4516.61
store_611,2015-07-24,660.195,4498.85
store_611,2015-07-25,660.85,4688.24
store_611,2015-07-26,0.0,0.0
store_611,2015-07-27,885.195,8142.87
store_611,2015-07-28,832.97,7565.455
store_611,2015-07-29,827.94,7065.69
store_611,2015-07-30,849.37,7243.525
store_611,2015-07-31,816.175,6487.46
store_611,2015-08-01,659.645,4743.675
store_611,2015-08-02,0.0,0.0
store_611,2015-08-03,991.75,8911.64
store_611,2015-08-04,841.02,7479.035
store_611,2015-08-05,791.09,6813.05
store_611,2015-08-06,753.52,6328.665
store_611,2015-08-07,744.475,5983.31
store_611,2015-08-08,664.695,5012.175
store_611,2015-08-09,0.0,0.0
store_611,2015-08-10,766.015,5904.025
store_611,2015-08-11,708.03,5469.925
store_611,2015-08-12,676.49,5092.375
store_611,2015-08-13,683.65,5280.835
store_611,2015-08-14,686.825,5174.05
store_611,2015-08-15,634.105,4796.735
store_611,2015-08-16,0.0,0.0
store_611,2015-08-17,994.505,9086.25
store_611,2015-08-18,888.08,7910.165
store_611,2015-08-19,822.73,7062.115
store_611,2015-08-20,817.115,6867.615
store_611,2015-08-21,772.965,6356.825
store_611,2015-08-22,651.46,4834.62
store_611,2015-08-23,0.0,0.0
store_611,2015-08-24,760.78,5929.92
store_611,2015-08-25,686.395,5541.55
store_611,2015-08-26,663.985,5354.245
store_611,2015-08-27,697.8,5655.16
store_611,2015-08-28,707.935,5756.225
store_611,2015-08-29,642.73,4958.95
store_612,2015-07-20,763.14,7899.455
store_612,2015-07-21,705.55,6710.56
store_612,2015-07-22,688.89,6639.905
store_612,2015-07-23,713.735,7405.33
store_612,2015-07-24,747.425,7665.195
store_612,2015-07-25,840.605,9010.675
store_612,2015-07-26,0.0,0.0
store_612,2015-07-27,1046.55,13739.555
store_612,2015-07-28,854.865,10690.04
store_612,2015-07-29,839.93,9992.955
store_612,2015-07-30,889.645,10282.64
store_612,2015-07-31,905.55,10166.195
store_612,2015-08-01,875.605,9202.025
store_612,2015-08-02,0.0,0.0
store_612,2015-08-03,1053.72,13956.83
store_612,2015-08-04,876.955,10175.575
store_612,2015-08-05,840.36,9546.165
store_612,2015-08-06,820.55,9601.97
store_612,2015-08-07,823.515,9474.105
store_612,2015-08-08,841.49,9274.76
store_612,2015-08-09,0.0,0.0
store_612,2015-08-10,853.015,8754.84
store_612,2015-08-11,758.285,7829.465
store_612,2015-08-12,727.39,7491.75
store_612,2015-08-13,740.985,7835.735
store_612,2015-08-14,777.3,8114.79
store_612,2015-08-15,821.79,9005.48
store_612,2015-08-16,0.0,0.0
store_612,2015-08-17,1076.58,13893.365
store_612,2015-08-18,908.92,10940.205
store_612,2015-08-19,874.91,9871.245
store_612,2015-08-20,877.53,9800.445
store_612,2015-08-21,885.68,9683.275
store_612,2015-08-22,822.565,8789.615
store_612,2015-08-23,0.0,0.0
store_612,2015-08-24,811.635,8614.825
store_612,2015-08-25,735.455,7777.45
store_612,2015-08-26,742.91,7772.955
store_612,2015-08-27,763.165,8229.06
store_612,2015-08-28,794.74,8724.92
store_612,2015-08-29,843.82,9194.585
store_613,2015-07-20,731.635,5611.555
store_613,2015-07-21,656.37,5068.35
store_613,2015-07-22,666.3,5135.98
store_613,2015-07-23,684.42,5232.375
store_613,2015-07-24,681.925,5002.735
store_613,2015-07-25,714.97,5269.48
store_613,2015-07-26,0.0,0.0
store_613,2015-07-27,900.46,8833.375
store_613,2015-07-28,821.645,7347.145
store_613,2015-07-29,826.095,7121.32
store_613,2015-07-30,817.395,6563.84
store_613,2015-07-31,796.115,6198.755
store_613,2015-08-01,713.53,5306.235
store_613,2015-08-02,0.0,0.0
store_613,2015-08-03,989.395,8814.815
store_613,2015-08-04,833.47,7149.935
store_613,2015-08-05,775.585,6673.54
store_613,2015-08-06,760.36,6287.42
store_613,2015-08-07,747.325,6074.455
store_613,2015-08-08,709.36,5326.815
store_613,2015-08-09,0.0,0.0
store_613,2015-08-10,794.515,5761.92
store_613,2015-08-11,723.625,5177.19
store_613,2015-08-12,705.99,5023.16
store_613,2015-08-13,720.08,5112.785
store_613,2015-08-14,731.825,5166.465
store_613,2015-08-15,690.375,5078.775
store_613,2015-08-16,0.0,0.0
store_613,2015-08-17,1059.97,8290.35
store_613,2015-08-18,924.31,6949.515
store_613,2015-08-19,850.885,6238.165
store_613,2015-08-20,825.925,5992.445
store_613,2015-08-21,793.025,5781.575
store_613,2015-08-22,708.62,4933.715
store_613,2015-08-23,0.0,0.0
store_613,2015-08-24,786.08,5307.44
store_613,2015-08-25,710.94,4840.47
store_613,2015-08-26,715.435,4800.855
store_613,2015-08-27,710.34,4815.615
store_613,2015-08-28,748.385,5018.07
store_613,2015-08-29,709.55,4922.39
store_614,2015-07-20,380.605,3048.295
store_614,2015-07-21,332.795,2742.575
store_614,2015-07-22,341.33,2776.135
store_614,2015-07-23,354.3,2929.095
store_614,2015-07-24,344.39,2935.39
store_614,2015-07-25,233.205,1962.57
store_614,2015-07-26,0.0,0.0
store_614,2015-07-27,480.225,4898.775
store_614,2015-07-28,428.835,4360.04
store_614,2015-07-29,419.815,3894.41
store_614,2015-07-30,419.35,3737.13
store_614,2015-07-31,394.485,3450.2
store_614,2015-08-01,230.48,1918.65
store_614,2015-08-02,0.0,0.0
store_614,2015-08-03,506.855,4954.27
store_614,2015-08-04,418.41,4135.075
store_614,2015-08-05,395.915,3621.875
store_614,2015-08-06,395.27,3452.22
store_614,2015-08-07,396.27,3372.095
store_614,2015-08-08,230.105,1884.35
store_614,2015-08-09,0.0,0.0
store_614,2015-08-10,413.75,3185.915
store_614,2015-08-11,382.195,3060.825
store_614,2015-08-12,386.095,3001.1
store_614,2015-08-13,388.775,3003.3
store_614,2015-08-14,390.515,2915.75
store_614,2015-08-15,232.22,1927.63
store_614,2015-08-16,0.0,0.0
store_614,2015-08-17,535.76,4724.585
store_614,2015-08-18,457.51,4101.805
store_614,2015-08-19,434.925,3610.52
store_614,2015-08-20,446.315,3578.705
store_614,2015-08-21,448.555,3473.5
store_614,2015-08-22,238.535,1955.725
store_614,2015-08-23,0.0,0.0
store_614,2015-08-24,422.69,3115.815
store_614,2015-08-25,387.495,2927.48
store_614,2015-08-26,377.985,2880.24
store_614,2015-08-27,389.715,3022.115
store_614,2015-08-28,401.58,2942.585
store_614,2015-08-29,233.245,1908.565
store_615,2015-07-20,1062.365,7780.265
store_615,2015-07-21,980.85,7654.255
store_615,2015-07-22,970.87,7389.015
store_615,2015-07-23,988.61,7495.08
store_615,2015-07-24,1036.735,7848.06
store_615,2015-07-25,590.865,4873.655
store_615,2015-07-26,0.0,0.0
store_615,2015-07-27,1349.58,13042.575
store_615,2015-07-28,1287.62,12052.8
store_615,2015-07-29,1216.395,10498.99
store_615,2015-07-30,1201.675,9669.83
store_615,2015-07-31,1184.695,9439.14
store_615,2015-08-01,604.275,4862.355
store_615,2015-08-02,0.0,0.0
store_615,2015-08-03,1516.475,13014.355
store_615,2015-08-04,1334.37,11009.415
store_615,2015-08-05,1273.795,10213.525
store_615,2015-08-06,1206.16,9666.55
store_615,2015-08-07,1176.815,9587.295
store_615,2015-08-08,624.87,5296.595
store_615,2015-08-09,0.0,0.0
store_615,2015-08-10,1156.99,8144.775
store_615,2015-08-11,1097.275,7849.435
store_615,2015-08-12,1070.9,7630.59
store_615,2015-08-13,1092.21,7838.495
store_615,2015-08-14,1103.81,7969.23
store_615,2015-08-15,638.91,5229.225
store_615,2015-08-16,0.0,0.0
store_615,2015-08-17,1349.305,11290.9
store_615,2015-08-18,1271.195,10068.565
store_615,2015-08-19,1205.1,9379.36
store_615,2015-08-20,1197.18,9194.18
store_615,2015-08-21,1181.97,9019.915
store_615,2015-08-22,662.625,5171.165
store_615,2015-08-23,0.0,0.0
store_615,2015-08-24,1032.97,7103.165
store_615,2015-08-25,1001.535,6943.735
store_615,2015-08-26,999.21,6891.41
store_615,2015-08-27,1036.045,7320.15
store_615,2015-08-28,1021.645,7408.585
store_615,2015-08-29,672.93,5161.36
store_616,2015-07-20,445.995,5158.58
store_616,2015-07-21,405.175,4804.455
store_616,2015-07-22,422.54,4838.8
store_616,2015-07-23,440.705,5096.425
store_616,2015-07-24,497.765,5679.425
store_616,2015-07-25,459.1,5236.74
store_616,2015-07-26,0.0,0.0
store_616,2015-07-27,593.36,8421.6
store_616,2015-07-28,508.485,7190.035
store_616,2015-07-29,471.355,6494.52
store_616,2015-07-30,501.88,6693.105
store_616,2015-07-31,531.955,7004.025
store_616,2015-08-01,483.895,5377.315
store_616,2015-08-02,0.0,0.0
store_616,2015-08-03,619.385,8793.445
store_616,2015-08-04,514.45,7026.595
store_616,2015-08-05,475.355,6236.975
store_616,2015-08-06,491.81,6274.89
store_616,2015-08-07,516.67,6835.87
store_616,2015-08-08,483.59,5576.295
store_616,2015-08-09,0.0,0.0
store_616,2015-08-10,468.135,5422.61
store_616,2015-08-11,434.28,5084.585
store_616,2015-08-12,433.15,5079.955
store_616,2015-08-13,454.27,5268.695
store_616,2015-08-14,484.82,5961.27
store_616,2015-08-15,463.185,5604.875
store_616,2015-08-16,0.0,0.0
store_616,2015-08-17,639.165,8695.0
store_616,2015-08-18,530.95,7169.835
store_616,2015-08-19,511.61,6495.76
store_616,2015-08-20,513.465,6380.155
store_616,2015-08-21,536.595,6825.06
store_616,2015-08-22,492.225,5543.56
store_616,2015-08-23,0.0,0.0
store_616,2015-08-24,455.95,5487.55
store_616,2015-08-25,417.065,5107.64
store_616,2015-08-26,424.94,5088.78
store_616,2015-08-27,460.04,5573.54
store_616,2015-08-28,494.695,6263.84
store_616,2015-08-29,465.99,5546.87
store_617,2015-07-20,515.74,5068.415
store_617,2015-07-21,436.21,4596.7
store_617,2015-07-22,453.095,4676.83
store_617,2015-07-23,478.2,4650.19
store_617,2015-07-24,463.465,4609.715
store_617,2015-07-25,380.565,3785.96
store_617,2015-07-26,0.0,0.0
store_617,2015-07-27,767.025,9983.555
store_617,2015-07-28,622.425,7997.98
store_617,2015-07-29,607.18,7620.255
store_617,2015-07-30,581.11,6995.155
store_617,2015-07-31,563.835,6593.13
store_617,2015-08-01,411.11,4140.205
store_617,2015-08-02,0.0,0.0
store_617,2015-08-03,738.305,9657.035
store_617,2015-08-04,593.73,7375.005
store_617,2015-08-05,558.17,6907.015
store_617,2015-08-06,549.015,6502.485
store_617,2015-08-07,537.36,6112.19
store_617,2015-08-08,407.21,4059.22
store_617,2015-08-09,0.0,0.0
store_617,2015-08-10,543.185,5883.285
store_617,2015-08-11,520.535,5536.515
store_617,2015-08-12,488.0,5301.17
store_617,2015-08-13,494.84,5296.015
store_617,2015-08-14,495.955,5219.795
store_617,2015-08-15,403.835,4066.68
store_617,2015-08-16,0.0,0.0
store_617,2015-08-17,779.785,9549.585
store_617,2015-08-18,660.9,7749.28
store_617,2015-08-19,608.62,7149.865
store_617,2015-08-20,573.135,6782.785
store_617,2015-08-21,572.345,6527.045
store_617,2015-08-22,416.315,4130.455
store_617,2015-08-23,0.0,0.0
store_617,2015-08-24,584.455,6637.77
store_617,2015-08-25,513.43,5960.235
store_617,2015-08-26,509.3,5774.155
store_617,2015-08-27,505.52,5933.05
store_617,2015-08-28,505.505,5829.83
store_617,2015-08-29,416.715,4310.51
store_618,2015-07-20,859.91,6372.415
store_618,2015-07-21,821.81,6121.5
store_618,2015-07-22,904.545,6288.71
store_618,2015-07-23,852.235,6275.73
store_618,2015-07-24,874.285,6421.66
store_618,2015-07-25,1048.17,8241.73
store_618,2015-07-26,0.0,0.0
store_618,2015-07-27,1224.955,10985.695
store_618,2015-07-28,1087.395,9584.155
store_618,2015-07-29,1115.61,9155.105
store_618,2015-07-30,1017.31,8392.16
store_618,2015-07-31,1011.86,8103.49
store_618,2015-08-01,1015.27,7803.825
store_618,2015-08-02,0.0,0.0
store_618,2015-08-03,1450.735,12660.755
store_618,2015-08-04,1193.035,10209.15
store_618,2015-08-05,1090.885,9216.775
store_618,2015-08-06,1016.245,8427.72
store_618,2015-08-07,971.995,7965.155
store_618,2015-08-08,1001.485,7946.545
store_618,2015-08-09,0.0,0.0
store_618,2015-08-10,1028.575,7225.24
store_618,2015-08-11,958.095,6823.025
store_618,2015-08-12,927.66,6676.92
store_618,2015-08-13,974.155,6748.06
store_618,2015-08-14,948.34,6781.475
store_618,2015-08-15,994.29,7557.705
store_618,2015-08-16,0.0,0.0
store_618,2015-08-17,1347.32,11699.85
store_618,2015-08-18,1227.04,10197.04
store_618,2015-08-19,1193.895,9219.475
store_618,2015-08-20,1126.445,8637.41
store_618,2015-08-21,1056.15,8009.6
store_618,2015-08-22,1009.49,7567.92
store_618,2015-08-23,0.0,0.0
store_618,2015-08-24,970.33,6930.08
store_618,2015-08-25,905.575,6663.99
store_618,2015-08-26,913.99,6606.835
store_618,2015-08-27,940.455,6819.3
store_618,2015-08-28,980.175,6926.565
store_618,2015-08-29,986.93,7376.585
store_619,2015-07-20,745.54,6210.095
store_619,2015-07-21,676.02,5573.695
store_619,2015-07-22,651.265,5336.2
store_619,2015-07-23,662.555,5363.785
store_619,2015-07-24,676.61,5553.175
store_619,2015-07-25,633.985,5395.615
store_619,2015-07-26,0.0,0.0
store_619,2015-07-27,1007.555,10829.955
store_619,2015-07-28,867.42,8960.76
store_619,2015-07-29,843.13,8058.335
store_619,2015-07-30,859.445,8068.14
store_619,2015-07-31,816.08,7528.865
store_619,2015-08-01,676.165,5607.27
store_619,2015-08-02,0.0,0.0
store_619,2015-08-03,1068.325,11480.35
store_619,2015-08-04,886.875,8637.355
store_619,2015-08-05,826.915,7778.73
store_619,2015-08-06,785.89,7425.44
store_619,2015-08-07,745.855,6841.065
store_619,2015-08-08,665.25,5465.93
store_619,2015-08-09,0.0,0.0
store_619,2015-08-10,800.985,6871.405
store_619,2015-08-11,746.45,6221.995
store_619,2015-08-12,731.11,6010.685
store_619,2015-08-13,705.415,5877.035
store_619,2015-08-14,730.785,5895.955
store_619,2015-08-15,663.205,5471.75
store_619,2015-08-16,0.0,0.0
store_619,2015-08-17,1060.95,10934.695
store_619,2015-08-18,942.85,9065.18
store_619,2015-08-19,885.75,8077.595
store_619,2015-08-20,861.08,7564.71
store_619,2015-08-21,807.99,6987.565
store_619,2015-08-22,673.705,5410.245
store_619,2015-08-23,0.0,0.0
store_619,2015-08-24,822.22,6831.705
store_619,2015-08-25,700.41,6063.145
store_619,2015-08-26,707.365,6000.525
store_619,2015-08-27,715.96,6071.855
store_619,2015-08-28,742.8,6212.815
store_619,2015-08-29,698.07,5671.835
store_62,2015-07-20,919.895,6029.965
store_62,2015-07-21,873.52,5465.13
store_62,2015-07-22,837.93,5475.57
store_62,2015-07-23,812.24,5150.625
store_62,2015-07-24,791.41,4974.455
store_62,2015-07-25,746.025,5043.995
store_62,2015-07-26,0.0,0.0
store_62,2015-07-27,1172.84,9945.985
store_62,2015-07-28,1079.335,8742.775
store_62,2015-07-29,1068.615,8402.16
store_62,2015-07-30,1076.8,8003.605
store_62,2015-07-31,1003.625,7193.35
store_62,2015-08-01,785.73,5104.28
store_62,2015-08-02,0.0,0.0
store_62,2015-08-03,1211.785,10196.06
store_62,2015-08-04,1052.075,8300.285
store_62,2015-08-05,994.43,7705.005
store_62,2015-08-06,942.33,7453.13
store_62,2015-08-07,933.28,6655.025
store_62,2015-08-08,763.36,5202.745
store_62,2015-08-09,0.0,0.0
store_62,2015-08-10,905.29,6259.81
store_62,2015-08-11,862.87,5765.365
store_62,2015-08-12,867.45,5646.725
store_62,2015-08-13,831.9,5640.305
store_62,2015-08-14,883.675,5530.065
store_62,2015-08-15,789.74,5159.635
store_62,2015-08-16,0.0,0.0
store_62,2015-08-17,1180.22,9223.925
store_62,2015-08-18,1074.15,8022.2
store_62,2015-08-19,1016.04,7182.805
store_62,2015-08-20,1003.925,6948.73
store_62,2015-08-21,983.055,6622.445
store_62,2015-08-22,788.12,5156.795
store_62,2015-08-23,0.0,0.0
store_62,2015-08-24,869.125,5754.75
store_62,2015-08-25,836.145,5353.05
store_62,2015-08-26,813.18,5303.085
store_62,2015-08-27,836.045,5649.49
store_62,2015-08-28,832.64,5663.895
store_62,2015-08-29,810.635,5282.555
store_620,2015-07-20,716.44,5071.0
store_620,2015-07-21,644.855,4530.04
store_620,2015-07-22,637.895,4419.11
store_620,2015-07-23,644.97,4520.82
store_620,2015-07-24,685.24,4722.39
store_620,2015-07-25,766.29,5837.81
store_620,2015-07-26,0.0,0.0
store_620,2015-07-27,856.485,7774.9
store_620,2015-07-28,794.285,7075.695
store_620,2015-07-29,758.545,6607.96
store_620,2015-07-30,787.615,6501.14
store_620,2015-07-31,816.04,6737.34
store_620,2015-08-01,777.16,6067.62
store_620,2015-08-02,0.0,0.0
store_620,2015-08-03,917.75,8251.555
store_620,2015-08-04,780.655,6863.315
store_620,2015-08-05,731.255,6018.41
store_620,2015-08-06,733.26,5972.415
store_620,2015-08-07,758.92,5967.11
store_620,2015-08-08,778.74,6105.605
store_620,2015-08-09,0.0,0.0
store_620,2015-08-10,710.04,5415.595
store_620,2015-08-11,634.755,4824.54
store_620,2015-08-12,629.655,4490.395
store_620,2015-08-13,658.385,4785.9
store_620,2015-08-14,686.06,5044.015
store_620,2015-08-15,738.21,5724.025
store_620,2015-08-16,0.0,0.0
store_620,2015-08-17,929.775,8036.02
store_620,2015-08-18,812.47,6909.855
store_620,2015-08-19,768.32,6220.83
store_620,2015-08-20,752.585,6095.96
store_620,2015-08-21,765.46,5967.905
store_620,2015-08-22,737.08,5659.105
store_620,2015-08-23,0.0,0.0
store_620,2015-08-24,737.875,5340.36
store_620,2015-08-25,654.35,4903.665
store_620,2015-08-26,631.305,4739.69
store_620,2015-08-27,653.945,4876.69
store_620,2015-08-28,678.815,5125.84
store_620,2015-08-29,727.66,5589.045
store_621,2015-07-20,853.805,6658.88
store_621,2015-07-21,791.04,6210.53
store_621,2015-07-22,769.375,6083.735
store_621,2015-07-23,801.87,6331.875
store_621,2015-07-24,767.935,6169.535
store_621,2015-07-25,726.44,5897.175
store_621,2015-07-26,0.0,0.0
store_621,2015-07-27,1033.095,9964.085
store_621,2015-07-28,948.675,9172.405
store_621,2015-07-29,908.85,8630.95
store_621,2015-07-30,953.715,8793.615
store_621,2015-07-31,945.745,8566.54
store_621,2015-08-01,759.73,6334.34
store_621,2015-08-02,0.0,0.0
store_621,2015-08-03,1097.305,10684.405
store_621,2015-08-04,965.235,8862.59
store_621,2015-08-05,900.32,8145.68
store_621,2015-08-06,895.055,8223.475
store_621,2015-08-07,860.17,7803.13
store_621,2015-08-08,751.275,6485.25
store_621,2015-08-09,0.0,0.0
store_621,2015-08-10,854.245,7003.775
store_621,2015-08-11,809.695,6505.73
store_621,2015-08-12,780.44,6213.41
store_621,2015-08-13,797.73,6540.35
store_621,2015-08-14,785.495,6493.06
store_621,2015-08-15,757.185,6309.855
store_621,2015-08-16,0.0,0.0
store_621,2015-08-17,1066.005,10162.46
store_621,2015-08-18,974.915,8929.925
store_621,2015-08-19,927.3,8200.92
store_621,2015-08-20,917.46,8000.575
store_621,2015-08-21,907.545,7851.365
store_621,2015-08-22,772.5,6196.535
store_621,2015-08-23,0.0,0.0
store_621,2015-08-24,831.845,6606.555
store_621,2015-08-25,791.145,6289.905
store_621,2015-08-26,784.16,6231.325
store_621,2015-08-27,770.49,6466.11
store_621,2015-08-28,774.05,6558.77
store_621,2015-08-29,750.58,6362.765
store_622,2015-07-20,1032.71,7435.805
store_622,2015-07-21,1023.605,7377.395
store_622,2015-07-22,979.535,7238.125
store_622,2015-07-23,990.215,7246.59
store_622,2015-07-24,1024.4,7582.4
store_622,2015-07-25,873.41,6677.89
store_622,2015-07-26,0.0,0.0
store_622,2015-07-27,1254.86,12169.58
store_622,2015-07-28,1217.735,11169.79
store_622,2015-07-29,1154.65,9916.805
store_622,2015-07-30,1154.66,9527.405
store_622,2015-07-31,1143.82,9395.835
store_622,2015-08-01,860.995,6641.04
store_622,2015-08-02,0.0,0.0
store_622,2015-08-03,1316.71,11966.71
store_622,2015-08-04,1236.23,10662.615
store_622,2015-08-05,1167.33,9736.775
store_622,2015-08-06,1123.375,9454.05
store_622,2015-08-07,1105.315,9276.195
store_622,2015-08-08,882.565,6603.055
store_622,2015-08-09,0.0,0.0
store_622,2015-08-10,1015.185,7329.875
store_622,2015-08-11,1008.25,7095.215
store_622,2015-08-12,1007.185,7142.495
store_622,2015-08-13,1007.145,7334.18
store_622,2015-08-14,1020.445,7449.12
store_622,2015-08-15,870.97,6525.2
store_622,2015-08-16,0.0,0.0
store_622,2015-08-17,1276.41,10838.015
store_622,2015-08-18,1206.825,9789.99
store_622,2015-08-19,1167.865,9085.825
store_622,2015-08-20,1142.64,8809.46
store_622,2015-08-21,1131.095,8737.63
store_622,2015-08-22,887.87,6403.995
store_622,2015-08-23,0.0,0.0
store_622,2015-08-24,988.78,6851.49
store_622,2015-08-25,956.455,6730.485
store_622,2015-08-26,958.93,6716.87
store_622,2015-08-27,983.65,7025.405
store_622,2015-08-28,1028.89,7367.715
store_622,2015-08-29,893.85,6447.85
store_623,2015-07-20,474.56,3983.09
store_623,2015-07-21,440.045,3661.845
store_623,2015-07-22,432.42,3697.315
store_623,2015-07-23,455.25,3733.235
store_623,2015-07-24,492.475,3841.765
store_623,2015-07-25,344.6,2942.51
store_623,2015-07-26,0.0,0.0
store_623,2015-07-27,755.765,8821.69
store_623,2015-07-28,659.37,7242.1
store_623,2015-07-29,609.35,5919.58
store_623,2015-07-30,591.57,5237.935
store_623,2015-07-31,580.76,4927.065
store_623,2015-08-01,365.14,2866.305
store_623,2015-08-02,0.0,0.0
store_623,2015-08-03,802.295,8675.765
store_623,2015-08-04,615.41,6436.045
store_623,2015-08-05,564.885,5743.795
store_623,2015-08-06,543.37,5212.855
store_623,2015-08-07,567.8,5029.415
store_623,2015-08-08,377.165,3115.985
store_623,2015-08-09,0.0,0.0
store_623,2015-08-10,544.42,4738.66
store_623,2015-08-11,514.145,4398.53
store_623,2015-08-12,498.495,4191.57
store_623,2015-08-13,491.71,4113.23
store_623,2015-08-14,523.215,4129.295
store_623,2015-08-15,363.54,3008.81
store_623,2015-08-16,0.0,0.0
store_623,2015-08-17,753.925,8299.66
store_623,2015-08-18,642.76,6548.965
store_623,2015-08-19,591.755,5721.845
store_623,2015-08-20,590.175,5266.36
store_623,2015-08-21,602.685,5083.775
store_623,2015-08-22,390.06,3036.335
store_623,2015-08-23,0.0,0.0
store_623,2015-08-24,548.335,4682.36
store_623,2015-08-25,518.055,4515.07
store_623,2015-08-26,504.06,4359.18
store_623,2015-08-27,503.615,4394.51
store_623,2015-08-28,510.095,4334.78
store_623,2015-08-29,366.305,2963.39
store_624,2015-07-20,388.675,4077.115
store_624,2015-07-21,334.915,3691.73
store_624,2015-07-22,353.795,3834.63
store_624,2015-07-23,365.94,3842.645
store_624,2015-07-24,337.835,3604.43
store_624,2015-07-25,298.065,2990.36
store_624,2015-07-26,0.0,0.0
store_624,2015-07-27,535.45,7287.675
store_624,2015-07-28,481.67,6233.72
store_624,2015-07-29,454.815,5665.705
store_624,2015-07-30,451.98,5489.36
store_624,2015-07-31,414.245,5007.71
store_624,2015-08-01,310.645,3162.505
store_624,2015-08-02,0.0,0.0
store_624,2015-08-03,545.275,7214.525
store_624,2015-08-04,467.205,6027.71
store_624,2015-08-05,438.065,5385.62
store_624,2015-08-06,457.41,5360.535
store_624,2015-08-07,432.99,4957.67
store_624,2015-08-08,308.11,3122.82
store_624,2015-08-09,0.0,0.0
store_624,2015-08-10,392.45,4177.95
store_624,2015-08-11,363.64,3853.655
store_624,2015-08-12,362.665,3835.6
store_624,2015-08-13,387.45,4132.405
store_624,2015-08-14,396.25,4143.88
store_624,2015-08-15,312.015,3108.325
store_624,2015-08-16,0.0,0.0
store_624,2015-08-17,581.77,7168.61
store_624,2015-08-18,501.88,6152.835
store_624,2015-08-19,491.015,5927.78
store_624,2015-08-20,477.055,5794.39
store_624,2015-08-21,461.245,5524.555
store_624,2015-08-22,329.985,3116.32
store_624,2015-08-23,0.0,0.0
store_624,2015-08-24,383.195,3922.18
store_624,2015-08-25,330.6,3570.825
store_624,2015-08-26,353.96,3787.045
store_624,2015-08-27,361.27,3963.815
store_624,2015-08-28,378.875,4169.785
store_624,2015-08-29,317.815,3225.1
store_625,2015-07-20,410.17,4189.915
store_625,2015-07-21,375.705,3772.215
store_625,2015-07-22,389.825,3988.575
store_625,2015-07-23,425.71,4454.255
store_625,2015-07-24,471.115,5001.96
store_625,2015-07-25,468.125,4786.53
store_625,2015-07-26,0.0,0.0
store_625,2015-07-27,535.545,7121.83
store_625,2015-07-28,461.015,5984.175
store_625,2015-07-29,478.39,5809.325
store_625,2015-07-30,508.445,5792.645
store_625,2015-07-31,532.475,6263.145
store_625,2015-08-01,485.35,5080.36
store_625,2015-08-02,0.0,0.0
store_625,2015-08-03,573.82,7308.045
store_625,2015-08-04,493.545,5960.27
store_625,2015-08-05,469.33,5602.875
store_625,2015-08-06,474.705,5826.62
store_625,2015-08-07,493.965,5985.985
store_625,2015-08-08,467.205,4976.725
store_625,2015-08-09,0.0,0.0
store_625,2015-08-10,464.13,4820.35
store_625,2015-08-11,414.56,4421.39
store_625,2015-08-12,426.61,4395.25
store_625,2015-08-13,444.07,4803.845
store_625,2015-08-14,470.805,5275.23
store_625,2015-08-15,474.71,5056.25
store_625,2015-08-16,0.0,0.0
store_625,2015-08-17,587.285,7423.385
store_625,2015-08-18,506.95,6156.955
store_625,2015-08-19,482.515,5752.395
store_625,2015-08-20,503.31,5863.99
store_625,2015-08-21,523.065,6076.065
store_625,2015-08-22,492.575,5221.385
store_625,2015-08-23,0.0,0.0
store_625,2015-08-24,446.205,4902.28
store_625,2015-08-25,405.405,4558.525
store_625,2015-08-26,413.935,4542.73
store_625,2015-08-27,438.06,4913.65
store_625,2015-08-28,479.78,5648.835
store_625,2015-08-29,466.75,5127.915
store_626,2015-07-20,693.28,4838.21
store_626,2015-07-21,645.775,4456.93
store_626,2015-07-22,612.385,4372.735
store_626,2015-07-23,663.82,4728.21
store_626,2015-07-24,666.275,4778.575
store_626,2015-07-25,668.93,4699.565
store_626,2015-07-26,0.0,0.0
store_626,2015-07-27,849.68,7206.5
store_626,2015-07-28,799.39,6718.01
store_626,2015-07-29,789.985,6308.84
store_626,2015-07-30,794.395,6284.265
store_626,2015-07-31,776.9,5978.53
store_626,2015-08-01,676.18,4727.48
store_626,2015-08-02,0.0,0.0
store_626,2015-08-03,907.24,7367.095
store_626,2015-08-04,788.14,6312.5
store_626,2015-08-05,723.495,5610.4
store_626,2015-08-06,744.68,5860.09
store_626,2015-08-07,738.26,5646.82
store_626,2015-08-08,670.705,4801.17
store_626,2015-08-09,0.0,0.0
store_626,2015-08-10,729.9,4991.525
store_626,2015-08-11,689.775,4532.27
store_626,2015-08-12,647.68,4379.145
store_626,2015-08-13,662.075,4704.21
store_626,2015-08-14,660.92,4599.365
store_626,2015-08-15,662.19,4511.26
store_626,2015-08-16,0.0,0.0
store_626,2015-08-17,902.055,6933.805
store_626,2015-08-18,814.065,6046.695
store_626,2015-08-19,774.465,5581.27
store_626,2015-08-20,754.64,5431.48
store_626,2015-08-21,740.565,5294.765
store_626,2015-08-22,656.745,4503.395
store_626,2015-08-23,0.0,0.0
store_626,2015-08-24,703.62,4594.96
store_626,2015-08-25,662.56,4344.39
store_626,2015-08-26,649.535,4228.36
store_626,2015-08-27,682.21,4525.89
store_626,2015-08-28,690.31,4546.93
store_626,2015-08-29,642.0,4367.85
store_627,2015-07-20,836.28,6085.91
store_627,2015-07-21,808.085,5867.375
store_627,2015-07-22,884.195,6446.9
store_627,2015-07-23,945.805,6579.17
store_627,2015-07-24,926.845,6585.31
store_627,2015-07-25,973.38,7367.27
store_627,2015-07-26,0.0,0.0
store_627,2015-07-27,1005.075,8653.895
store_627,2015-07-28,999.085,8288.885
store_627,2015-07-29,1092.275,9236.755
store_627,2015-07-30,1100.81,8760.475
store_627,2015-07-31,1021.245,7946.01
store_627,2015-08-01,1003.05,7322.655
store_627,2015-08-02,0.0,0.0
store_627,2015-08-03,1039.11,8694.75
store_627,2015-08-04,929.545,7826.705
store_627,2015-08-05,913.995,7760.33
store_627,2015-08-06,979.66,7990.965
store_627,2015-08-07,975.86,7775.905
store_627,2015-08-08,969.49,7547.76
store_627,2015-08-09,0.0,0.0
store_627,2015-08-10,831.08,5948.685
store_627,2015-08-11,790.865,5555.9
store_627,2015-08-12,777.645,5611.71
store_627,2015-08-13,819.445,6012.035
store_627,2015-08-14,894.585,6305.47
store_627,2015-08-15,977.36,7236.985
store_627,2015-08-16,0.0,0.0
store_627,2015-08-17,1056.62,8246.635
store_627,2015-08-18,955.385,7203.625
store_627,2015-08-19,917.6,6918.455
store_627,2015-08-20,944.915,7097.56
store_627,2015-08-21,994.02,7198.905
store_627,2015-08-22,1000.275,7110.04
store_627,2015-08-23,0.0,0.0
store_627,2015-08-24,888.01,5778.275
store_627,2015-08-25,794.56,5193.48
store_627,2015-08-26,759.05,5162.93
store_627,2015-08-27,798.115,5561.455
store_627,2015-08-28,865.565,5989.915
store_627,2015-08-29,955.59,6908.12
store_628,2015-07-20,767.68,7194.58
store_628,2015-07-21,679.255,6576.015
store_628,2015-07-22,652.49,6254.12
store_628,2015-07-23,701.39,6658.15
store_628,2015-07-24,724.565,6802.755
store_628,2015-07-25,639.14,6054.345
store_628,2015-07-26,0.0,0.0
store_628,2015-07-27,961.52,11562.035
store_628,2015-07-28,857.58,9934.395
store_628,2015-07-29,831.745,8958.09
store_628,2015-07-30,826.575,8649.305
store_628,2015-07-31,861.635,8296.045
store_628,2015-08-01,645.32,6109.595
store_628,2015-08-02,0.0,0.0
store_628,2015-08-03,1010.255,11608.63
store_628,2015-08-04,840.765,9268.875
store_628,2015-08-05,785.49,8241.385
store_628,2015-08-06,766.03,8145.67
store_628,2015-08-07,783.095,7786.43
store_628,2015-08-08,662.085,6190.305
store_628,2015-08-09,0.0,0.0
store_628,2015-08-10,807.9,7429.935
store_628,2015-08-11,737.795,6630.23
store_628,2015-08-12,699.87,6268.68
store_628,2015-08-13,698.93,6385.36
store_628,2015-08-14,727.655,6381.24
store_628,2015-08-15,646.18,5873.375
store_628,2015-08-16,0.0,0.0
store_628,2015-08-17,1051.0,10680.21
store_628,2015-08-18,891.335,9007.35
store_628,2015-08-19,838.33,7954.02
store_628,2015-08-20,803.985,7540.03
store_628,2015-08-21,811.455,7327.875
store_628,2015-08-22,668.055,5816.3
store_628,2015-08-23,0.0,0.0
store_628,2015-08-24,785.945,6625.3
store_628,2015-08-25,699.25,5965.75
store_628,2015-08-26,717.125,6012.23
store_628,2015-08-27,717.72,6070.81
store_628,2015-08-28,749.275,6275.15
store_628,2015-08-29,683.58,5812.03
store_629,2015-07-20,471.275,3578.955
store_629,2015-07-21,439.475,3309.75
store_629,2015-07-22,436.685,3046.115
store_629,2015-07-23,481.945,3403.75
store_629,2015-07-24,479.115,3356.525
store_629,2015-07-25,365.42,2546.25
store_629,2015-07-26,0.0,0.0
store_629,2015-07-27,584.475,5051.075
store_629,2015-07-28,501.11,4457.755
store_629,2015-07-29,496.11,4205.23
store_629,2015-07-30,539.43,4457.68
store_629,2015-07-31,521.23,4251.835
store_629,2015-08-01,360.08,2599.695
store_629,2015-08-02,0.0,0.0
store_629,2015-08-03,628.8,5385.34
store_629,2015-08-04,524.91,4375.045
store_629,2015-08-05,499.97,3962.07
store_629,2015-08-06,522.715,4290.885
store_629,2015-08-07,516.37,4155.015
store_629,2015-08-08,357.47,2656.675
store_629,2015-08-09,0.0,0.0
store_629,2015-08-10,509.585,3628.225
store_629,2015-08-11,455.37,3284.26
store_629,2015-08-12,429.245,3114.385
store_629,2015-08-13,456.635,3337.915
store_629,2015-08-14,488.39,3405.27
store_629,2015-08-15,348.435,2511.145
store_629,2015-08-16,0.0,0.0
store_629,2015-08-17,627.0,5140.46
store_629,2015-08-18,558.085,4449.0
store_629,2015-08-19,522.2,4020.835
store_629,2015-08-20,518.71,3992.34
store_629,2015-08-21,539.05,4044.175
store_629,2015-08-22,350.6,2537.52
store_629,2015-08-23,0.0,0.0
store_629,2015-08-24,516.35,3607.36
store_629,2015-08-25,456.26,3225.79
store_629,2015-08-26,448.8,3142.845
store_629,2015-08-27,459.575,3332.115
store_629,2015-08-28,491.545,3552.195
store_629,2015-08-29,344.185,2540.89
store_63,2015-07-20,582.575,5225.405
store_63,2015-07-21,550.605,4867.005
store_63,2015-07-22,583.14,4882.215
store_63,2015-07-23,581.965,4767.72
store_63,2015-07-24,560.27,4873.78
store_63,2015-07-25,339.705,3140.125
store_63,2015-07-26,0.0,0.0
store_63,2015-07-27,695.92,8275.625
store_63,2015-07-28,638.285,7436.43
store_63,2015-07-29,666.545,7402.07
store_63,2015-07-30,664.86,7025.855
store_63,2015-07-31,637.325,6688.8
store_63,2015-08-01,342.975,3437.085
store_63,2015-08-02,0.0,0.0
store_63,2015-08-03,749.41,8505.49
store_63,2015-08-04,646.185,7005.77
store_63,2015-08-05,617.945,6736.23
store_63,2015-08-06,637.08,6397.45
store_63,2015-08-07,621.47,6225.37
store_63,2015-08-08,346.6,3369.345
store_63,2015-08-09,0.0,0.0
store_63,2015-08-10,569.495,5708.05
store_63,2015-08-11,535.15,5571.93
store_63,2015-08-12,535.83,5639.63
store_63,2015-08-13,567.715,5640.4
store_63,2015-08-14,577.985,5356.49
store_63,2015-08-15,338.125,3252.775
store_63,2015-08-16,0.0,0.0
store_63,2015-08-17,743.755,8599.24
store_63,2015-08-18,638.295,7427.545
store_63,2015-08-19,622.735,7086.725
store_63,2015-08-20,647.205,7122.16
store_63,2015-08-21,649.595,7180.935
store_63,2015-08-22,359.47,3530.325
store_63,2015-08-23,0.0,0.0
store_63,2015-08-24,564.73,5982.57
store_63,2015-08-25,520.97,5785.975
store_63,2015-08-26,521.795,5991.365
store_63,2015-08-27,544.485,6352.04
store_63,2015-08-28,585.11,6527.83
store_63,2015-08-29,358.455,3717.315
store_630,2015-07-20,779.285,5120.13
store_630,2015-07-21,692.565,4532.445
store_630,2015-07-22,673.71,4377.875
store_630,2015-07-23,670.21,4281.88
store_630,2015-07-24,675.285,4311.115
store_630,2015-07-25,792.9,5511.975
store_630,2015-07-26,0.0,0.0
store_630,2015-07-27,1063.375,8926.42
store_630,2015-07-28,911.56,7435.635
store_630,2015-07-29,875.085,6718.905
store_630,2015-07-30,834.065,6071.28
store_630,2015-07-31,785.385,5638.185
store_630,2015-08-01,787.05,5432.71
store_630,2015-08-02,0.0,0.0
store_630,2015-08-03,1136.99,9417.865
store_630,2015-08-04,922.335,7278.835
store_630,2015-08-05,838.665,6519.42
store_630,2015-08-06,785.815,5785.165
store_630,2015-08-07,743.805,5308.1
store_630,2015-08-08,769.61,5396.21
store_630,2015-08-09,0.0,0.0
store_630,2015-08-10,835.56,5622.62
store_630,2015-08-11,770.355,5173.57
store_630,2015-08-12,749.025,4911.52
store_630,2015-08-13,735.235,4767.8
store_630,2015-08-14,720.21,4646.065
store_630,2015-08-15,764.795,5248.145
store_630,2015-08-16,0.0,0.0
store_630,2015-08-17,1076.58,8996.815
store_630,2015-08-18,980.945,7793.305
store_630,2015-08-19,899.6,6902.545
store_630,2015-08-20,881.835,6401.98
store_630,2015-08-21,816.705,5890.98
store_630,2015-08-22,767.905,5329.3
store_630,2015-08-23,0.0,0.0
store_630,2015-08-24,807.935,5389.34
store_630,2015-08-25,738.35,5183.525
store_630,2015-08-26,749.46,5184.615
store_630,2015-08-27,743.01,5193.9
store_630,2015-08-28,738.885,5020.78
store_630,2015-08-29,756.785,5246.845
store_631,2015-07-20,1233.305,9922.01
store_631,2015-07-21,1133.17,8989.14
store_631,2015-07-22,1104.395,8688.88
store_631,2015-07-23,1200.005,9213.14
store_631,2015-07-24,1143.41,8970.8
store_631,2015-07-25,937.96,7721.025
store_631,2015-07-26,639.16,4864.265
store_631,2015-07-27,1380.4,13138.905
store_631,2015-07-28,1270.425,12508.505
store_631,2015-07-29,1205.485,11051.98
store_631,2015-07-30,1322.835,12085.88
store_631,2015-07-31,1282.935,11545.505
store_631,2015-08-01,995.485,8344.08
store_631,2015-08-02,715.46,5257.18
store_631,2015-08-03,1374.085,12965.59
store_631,2015-08-04,1241.01,11536.48
store_631,2015-08-05,1186.0,10714.05
store_631,2015-08-06,1215.205,10811.655
store_631,2015-08-07,1176.69,10615.2
store_631,2015-08-08,957.965,8500.88
store_631,2015-08-09,728.115,5545.525
store_631,2015-08-10,1229.13,10265.96
store_631,2015-08-11,1207.71,9766.635
store_631,2015-08-12,1200.93,9492.58
store_631,2015-08-13,1205.3,9916.335
store_631,2015-08-14,1184.66,9760.51
store_631,2015-08-15,966.535,8667.52
store_631,2015-08-16,737.38,5755.58
store_631,2015-08-17,1294.605,12255.53
store_631,2015-08-18,1213.185,10947.6
store_631,2015-08-19,1188.145,10575.245
store_631,2015-08-20,1195.69,10596.32
store_631,2015-08-21,1164.815,10361.605
store_631,2015-08-22,979.205,8553.595
store_631,2015-08-23,744.635,5812.22
store_631,2015-08-24,1194.57,9735.9
store_631,2015-08-25,1125.27,9320.205
store_631,2015-08-26,1082.14,9006.58
store_631,2015-08-27,1142.035,9558.46
store_631,2015-08-28,1135.43,9887.095
store_631,2015-08-29,995.22,8942.69
store_632,2015-07-20,495.185,4149.595
store_632,2015-07-21,445.47,3697.73
store_632,2015-07-22,456.365,3726.645
store_632,2015-07-23,467.695,3892.225
store_632,2015-07-24,503.06,4309.335
store_632,2015-07-25,339.895,3128.4
store_632,2015-07-26,0.0,0.0
store_632,2015-07-27,640.32,7310.25
store_632,2015-07-28,558.805,6061.365
store_632,2015-07-29,537.165,5479.91
store_632,2015-07-30,554.27,5332.865
store_632,2015-07-31,575.395,5619.435
store_632,2015-08-01,361.66,3210.57
store_632,2015-08-02,0.0,0.0
store_632,2015-08-03,679.245,7189.79
store_632,2015-08-04,548.185,5695.76
store_632,2015-08-05,521.54,4925.455
store_632,2015-08-06,523.625,5049.045
store_632,2015-08-07,543.915,5139.445
store_632,2015-08-08,354.135,3116.785
store_632,2015-08-09,0.0,0.0
store_632,2015-08-10,505.23,4300.53
store_632,2015-08-11,471.06,3980.72
store_632,2015-08-12,457.915,3812.7
store_632,2015-08-13,477.0,4177.58
store_632,2015-08-14,494.22,4267.515
store_632,2015-08-15,350.44,3098.555
store_632,2015-08-16,0.0,0.0
store_632,2015-08-17,667.14,6939.725
store_632,2015-08-18,569.42,5679.22
store_632,2015-08-19,524.945,4911.135
store_632,2015-08-20,543.275,4932.215
store_632,2015-08-21,555.815,5050.795
store_632,2015-08-22,352.27,3057.205
store_632,2015-08-23,0.0,0.0
store_632,2015-08-24,489.795,4122.505
store_632,2015-08-25,451.815,3816.87
store_632,2015-08-26,447.155,3766.945
store_632,2015-08-27,473.75,4115.7
store_632,2015-08-28,489.605,4328.055
store_632,2015-08-29,336.39,3049.935
store_633,2015-07-20,524.575,6186.375
store_633,2015-07-21,466.745,5631.735
store_633,2015-07-22,482.76,5679.92
store_633,2015-07-23,505.5,5945.15
store_633,2015-07-24,507.905,6196.755
store_633,2015-07-25,481.095,5751.82
store_633,2015-07-26,0.0,0.0
store_633,2015-07-27,718.475,10711.465
store_633,2015-07-28,598.125,8948.52
store_633,2015-07-29,579.185,8007.61
store_633,2015-07-30,602.565,8158.165
store_633,2015-07-31,619.63,8348.615
store_633,2015-08-01,517.145,5916.305
store_633,2015-08-02,0.0,0.0
store_633,2015-08-03,743.995,10660.765
store_633,2015-08-04,600.58,8580.745
store_633,2015-08-05,557.63,7591.315
store_633,2015-08-06,554.93,7549.68
store_633,2015-08-07,564.71,7534.73
store_633,2015-08-08,493.445,5890.08
store_633,2015-08-09,0.0,0.0
store_633,2015-08-10,542.715,6475.53
store_633,2015-08-11,482.54,5829.305
store_633,2015-08-12,468.59,5689.88
store_633,2015-08-13,480.355,5942.625
store_633,2015-08-14,502.57,6296.255
store_633,2015-08-15,490.955,5864.29
store_633,2015-08-16,0.0,0.0
store_633,2015-08-17,727.18,10218.14
store_633,2015-08-18,621.875,8473.725
store_633,2015-08-19,592.75,7721.28
store_633,2015-08-20,587.37,7578.7
store_633,2015-08-21,606.86,7807.99
store_633,2015-08-22,516.315,5942.205
store_633,2015-08-23,0.0,0.0
store_633,2015-08-24,529.85,6313.135
store_633,2015-08-25,466.32,5789.765
store_633,2015-08-26,462.64,5629.74
store_633,2015-08-27,475.175,5862.56
store_633,2015-08-28,515.725,6620.93
store_633,2015-08-29,493.21,5913.975
store_634,2015-07-20,510.09,6312.915
store_634,2015-07-21,433.67,5625.07
store_634,2015-07-22,437.26,5354.71
store_634,2015-07-23,460.305,5609.045
store_634,2015-07-24,485.5,5916.345
store_634,2015-07-25,487.535,6123.155
store_634,2015-07-26,0.0,0.0
store_634,2015-07-27,636.92,10006.915
store_634,2015-07-28,534.69,8200.65
store_634,2015-07-29,513.195,7525.52
store_634,2015-07-30,533.53,7673.88
store_634,2015-07-31,556.455,7774.42
store_634,2015-08-01,486.4,6161.37
store_634,2015-08-02,0.0,0.0
store_634,2015-08-03,690.975,10242.09
store_634,2015-08-04,541.495,8008.86
store_634,2015-08-05,521.965,7261.555
store_634,2015-08-06,530.19,7405.03
store_634,2015-08-07,531.425,7381.14
store_634,2015-08-08,493.75,6361.29
store_634,2015-08-09,0.0,0.0
store_634,2015-08-10,528.55,6409.945
store_634,2015-08-11,469.37,5869.735
store_634,2015-08-12,465.225,5753.105
store_634,2015-08-13,492.55,6131.98
store_634,2015-08-14,522.195,6552.15
store_634,2015-08-15,481.48,6111.795
store_634,2015-08-16,0.0,0.0
store_634,2015-08-17,672.905,10049.445
store_634,2015-08-18,576.34,8118.415
store_634,2015-08-19,540.58,7392.28
store_634,2015-08-20,550.87,7499.57
store_634,2015-08-21,573.99,7721.36
store_634,2015-08-22,472.355,5887.225
store_634,2015-08-23,0.0,0.0
store_634,2015-08-24,518.4,6405.51
store_634,2015-08-25,446.395,5901.47
store_634,2015-08-26,456.9,5818.215
store_634,2015-08-27,469.57,6073.025
store_634,2015-08-28,518.115,6829.835
store_634,2015-08-29,480.59,6011.725
store_635,2015-07-20,951.92,6818.055
store_635,2015-07-21,931.36,6587.82
store_635,2015-07-22,926.71,6661.51
store_635,2015-07-23,958.855,6856.65
store_635,2015-07-24,956.765,6768.085
store_635,2015-07-25,748.69,5260.29
store_635,2015-07-26,0.0,0.0
store_635,2015-07-27,1209.69,11278.16
store_635,2015-07-28,1176.035,10698.805
store_635,2015-07-29,1104.465,9744.65
store_635,2015-07-30,1114.855,9256.32
store_635,2015-07-31,1107.465,8898.515
store_635,2015-08-01,774.805,5548.465
store_635,2015-08-02,0.0,0.0
store_635,2015-08-03,1253.96,11201.29
store_635,2015-08-04,1134.045,9768.865
store_635,2015-08-05,1075.695,9206.215
store_635,2015-08-06,1045.75,8880.885
store_635,2015-08-07,1035.255,8495.905
store_635,2015-08-08,792.595,5669.78
store_635,2015-08-09,0.0,0.0
store_635,2015-08-10,1006.245,7516.055
store_635,2015-08-11,933.33,6995.04
store_635,2015-08-12,933.915,7025.58
store_635,2015-08-13,946.13,7168.61
store_635,2015-08-14,963.045,7244.535
store_635,2015-08-15,778.91,5682.24
store_635,2015-08-16,0.0,0.0
store_635,2015-08-17,1247.065,10964.265
store_635,2015-08-18,1166.225,9737.7
store_635,2015-08-19,1116.38,9154.77
store_635,2015-08-20,1096.305,9006.555
store_635,2015-08-21,1093.155,8856.355
store_635,2015-08-22,785.595,5721.695
store_635,2015-08-23,0.0,0.0
store_635,2015-08-24,962.09,7061.235
store_635,2015-08-25,929.83,6839.065
store_635,2015-08-26,903.21,6825.895
store_635,2015-08-27,912.82,7118.22
store_635,2015-08-28,932.11,7300.51
store_635,2015-08-29,769.53,5735.64
store_636,2015-07-20,646.875,5819.15
store_636,2015-07-21,593.315,5417.665
store_636,2015-07-22,575.96,5262.205
store_636,2015-07-23,613.77,5661.5
store_636,2015-07-24,652.46,5896.29
store_636,2015-07-25,505.305,4711.98
store_636,2015-07-26,0.0,0.0
store_636,2015-07-27,794.705,8676.26
store_636,2015-07-28,731.83,7798.43
store_636,2015-07-29,697.76,7320.415
store_636,2015-07-30,731.35,7169.265
store_636,2015-07-31,743.585,7108.69
store_636,2015-08-01,534.445,4905.53
store_636,2015-08-02,0.0,0.0
store_636,2015-08-03,865.605,9190.915
store_636,2015-08-04,719.755,7567.17
store_636,2015-08-05,685.05,6937.355
store_636,2015-08-06,681.775,6874.8
store_636,2015-08-07,715.945,6815.27
store_636,2015-08-08,538.69,4984.105
store_636,2015-08-09,0.0,0.0
store_636,2015-08-10,694.715,5925.855
store_636,2015-08-11,632.31,5409.905
store_636,2015-08-12,618.23,5226.65
store_636,2015-08-13,631.335,5626.02
store_636,2015-08-14,664.95,5801.91
store_636,2015-08-15,537.15,4811.56
store_636,2015-08-16,0.0,0.0
store_636,2015-08-17,868.785,8508.26
store_636,2015-08-18,758.415,7253.71
store_636,2015-08-19,726.565,6693.94
store_636,2015-08-20,742.915,6686.285
store_636,2015-08-21,749.13,6610.25
store_636,2015-08-22,545.42,4754.735
store_636,2015-08-23,0.0,0.0
store_636,2015-08-24,744.34,5947.12
store_636,2015-08-25,691.635,5560.075
store_636,2015-08-26,656.725,5307.71
store_636,2015-08-27,654.87,5496.49
store_636,2015-08-28,672.76,5715.67
store_636,2015-08-29,556.31,4851.255
store_637,2015-07-20,934.425,7023.26
store_637,2015-07-21,880.51,6624.065
store_637,2015-07-22,906.995,6821.405
store_637,2015-07-23,884.57,6783.465
store_637,2015-07-24,836.315,6513.725
store_637,2015-07-25,751.555,5722.005
store_637,2015-07-26,0.0,0.0
store_637,2015-07-27,1188.73,11219.24
store_637,2015-07-28,1074.75,9897.105
store_637,2015-07-29,1097.16,9966.705
store_637,2015-07-30,1067.475,9785.57
store_637,2015-07-31,1014.52,8827.785
store_637,2015-08-01,802.495,6174.345
store_637,2015-08-02,0.0,0.0
store_637,2015-08-03,1244.7,11751.37
store_637,2015-08-04,1064.99,9816.425
store_637,2015-08-05,1022.105,9265.72
store_637,2015-08-06,1020.05,8938.52
store_637,2015-08-07,994.52,8072.38
store_637,2015-08-08,787.285,6079.915
store_637,2015-08-09,0.0,0.0
store_637,2015-08-10,1019.755,7742.45
store_637,2015-08-11,932.625,7123.46
store_637,2015-08-12,905.015,7078.715
store_637,2015-08-13,910.485,7220.83
store_637,2015-08-14,911.75,7074.9
store_637,2015-08-15,792.105,5950.385
store_637,2015-08-16,0.0,0.0
store_637,2015-08-17,1220.12,10992.235
store_637,2015-08-18,1082.6,9516.615
store_637,2015-08-19,1020.005,8717.49
store_637,2015-08-20,1035.855,8667.295
store_637,2015-08-21,1049.515,8368.135
store_637,2015-08-22,808.67,6097.16
store_637,2015-08-23,0.0,0.0
store_637,2015-08-24,1037.855,7679.715
store_637,2015-08-25,936.775,7206.37
store_637,2015-08-26,877.7,6895.67
store_637,2015-08-27,900.685,7207.855
store_637,2015-08-28,954.23,7589.98
store_637,2015-08-29,794.945,6302.715
store_638,2015-07-20,612.51,5681.65
store_638,2015-07-21,562.62,5409.305
store_638,2015-07-22,543.3,5083.325
store_638,2015-07-23,579.605,5202.555
store_638,2015-07-24,651.32,5766.295
store_638,2015-07-25,405.905,3909.96
store_638,2015-07-26,0.0,0.0
store_638,2015-07-27,812.9,10001.83
store_638,2015-07-28,685.12,8306.285
store_638,2015-07-29,674.39,7650.395
store_638,2015-07-30,712.5,7767.565
store_638,2015-07-31,745.55,7709.98
store_638,2015-08-01,428.99,4192.81
store_638,2015-08-02,0.0,0.0
store_638,2015-08-03,843.83,10294.75
store_638,2015-08-04,714.84,8213.29
store_638,2015-08-05,651.175,7209.205
store_638,2015-08-06,645.915,7031.17
store_638,2015-08-07,679.155,7250.185
store_638,2015-08-08,424.465,4201.135
store_638,2015-08-09,0.0,0.0
store_638,2015-08-10,652.46,6412.165
store_638,2015-08-11,600.655,5890.89
store_638,2015-08-12,574.135,5572.945
store_638,2015-08-13,593.35,5778.965
store_638,2015-08-14,644.905,6376.505
store_638,2015-08-15,420.365,4242.795
store_638,2015-08-16,0.0,0.0
store_638,2015-08-17,845.24,10110.77
store_638,2015-08-18,737.52,8449.81
store_638,2015-08-19,682.02,7617.98
store_638,2015-08-20,693.555,7392.405
store_638,2015-08-21,698.815,7428.32
store_638,2015-08-22,420.81,4192.615
store_638,2015-08-23,0.0,0.0
store_638,2015-08-24,626.955,6182.995
store_638,2015-08-25,574.255,5748.57
store_638,2015-08-26,581.955,5753.425
store_638,2015-08-27,587.225,6084.02
store_638,2015-08-28,623.35,6647.575
store_638,2015-08-29,419.13,4301.115
store_639,2015-07-20,586.17,5190.825
store_639,2015-07-21,498.93,4638.3
store_639,2015-07-22,511.27,4669.915
store_639,2015-07-23,564.755,5133.255
store_639,2015-07-24,596.675,5326.255
store_639,2015-07-25,663.69,6337.78
store_639,2015-07-26,0.0,0.0
store_639,2015-07-27,758.695,8745.995
store_639,2015-07-28,640.61,7469.215
store_639,2015-07-29,636.605,7063.77
store_639,2015-07-30,667.99,7255.915
store_639,2015-07-31,700.08,7555.115
store_639,2015-08-01,653.91,6544.75
store_639,2015-08-02,0.0,0.0
store_639,2015-08-03,791.64,9078.345
store_639,2015-08-04,648.59,7273.74
store_639,2015-08-05,599.595,6508.335
store_639,2015-08-06,636.755,6828.375
store_639,2015-08-07,637.855,6916.25
store_639,2015-08-08,657.715,6743.84
store_639,2015-08-09,0.0,0.0
store_639,2015-08-10,615.99,5685.04
store_639,2015-08-11,563.515,5245.17
store_639,2015-08-12,568.74,5164.91
store_639,2015-08-13,582.515,5534.09
store_639,2015-08-14,585.735,5707.95
store_639,2015-08-15,635.845,6420.615
store_639,2015-08-16,0.0,0.0
store_639,2015-08-17,801.16,9519.625
store_639,2015-08-18,690.605,7901.5
store_639,2015-08-19,659.965,7050.37
store_639,2015-08-20,665.935,6928.03
store_639,2015-08-21,666.75,7004.54
store_639,2015-08-22,636.465,6394.645
store_639,2015-08-23,0.0,0.0
store_639,2015-08-24,615.48,5987.195
store_639,2015-08-25,530.4,5374.445
store_639,2015-08-26,541.57,5371.015
store_639,2015-08-27,565.495,5646.055
store_639,2015-08-28,591.255,5949.335
store_639,2015-08-29,623.3,6436.455
store_64,2015-07-20,850.395,6101.17
store_64,2015-07-21,822.06,6070.65
store_64,2015-07-22,844.46,6029.02
store_64,2015-07-23,877.51,6234.82
store_64,2015-07-24,873.81,6399.885
store_64,2015-07-25,999.09,7841.935
store_64,2015-07-26,0.0,0.0
store_64,2015-07-27,1030.17,8705.7
store_64,2015-07-28,966.81,8510.955
store_64,2015-07-29,958.08,8144.54
store_64,2015-07-30,967.255,8069.61
store_64,2015-07-31,979.71,7935.55
store_64,2015-08-01,956.915,7834.43
store_64,2015-08-02,0.0,0.0
store_64,2015-08-03,1108.0,9162.86
store_64,2015-08-04,969.845,8231.81
store_64,2015-08-05,944.18,7874.3
store_64,2015-08-06,939.02,7705.8
store_64,2015-08-07,901.175,7326.03
store_64,2015-08-08,936.765,7678.72
store_64,2015-08-09,0.0,0.0
store_64,2015-08-10,898.74,6392.055
store_64,2015-08-11,819.83,5972.1
store_64,2015-08-12,803.255,5885.965
store_64,2015-08-13,829.97,6148.52
store_64,2015-08-14,868.83,6322.52
store_64,2015-08-15,916.315,7504.295
store_64,2015-08-16,0.0,0.0
store_64,2015-08-17,1121.805,9205.095
store_64,2015-08-18,1013.345,8215.09
store_64,2015-08-19,945.62,7390.7
store_64,2015-08-20,949.67,7284.365
store_64,2015-08-21,946.67,7240.915
store_64,2015-08-22,873.985,7119.905
store_64,2015-08-23,0.0,0.0
store_64,2015-08-24,868.685,6224.465
store_64,2015-08-25,790.67,5765.66
store_64,2015-08-26,789.66,5619.135
store_64,2015-08-27,861.895,6119.045
store_64,2015-08-28,864.555,6407.975
store_64,2015-08-29,862.64,6917.165
store_640,2015-07-20,598.21,5507.15
store_640,2015-07-21,557.665,5107.945
store_640,2015-07-22,598.255,5510.625
store_640,2015-07-23,560.32,5435.445
store_640,2015-07-24,570.49,5590.2
store_640,2015-07-25,436.46,4261.98
store_640,2015-07-26,0.0,0.0
store_640,2015-07-27,752.36,8451.5
store_640,2015-07-28,752.98,8228.98
store_640,2015-07-29,750.57,7935.215
store_640,2015-07-30,735.67,7440.295
store_640,2015-07-31,687.52,7145.625
store_640,2015-08-01,437.825,4303.56
store_640,2015-08-02,0.0,0.0
store_640,2015-08-03,822.565,9052.805
store_640,2015-08-04,715.96,7697.845
store_640,2015-08-05,689.68,7184.81
store_640,2015-08-06,676.02,6644.285
store_640,2015-08-07,655.365,6571.785
store_640,2015-08-08,445.145,4328.115
store_640,2015-08-09,0.0,0.0
store_640,2015-08-10,641.71,5568.295
store_640,2015-08-11,608.205,5208.855
store_640,2015-08-12,596.385,5170.905
store_640,2015-08-13,594.025,5250.945
store_640,2015-08-14,626.12,5476.25
store_640,2015-08-15,445.065,4190.535
store_640,2015-08-16,0.0,0.0
store_640,2015-08-17,814.54,7915.45
store_640,2015-08-18,731.455,6932.79
store_640,2015-08-19,716.525,6476.91
store_640,2015-08-20,675.28,6237.175
store_640,2015-08-21,709.14,6213.85
store_640,2015-08-22,456.26,4030.415
store_640,2015-08-23,0.0,0.0
store_640,2015-08-24,628.16,5030.4
store_640,2015-08-25,595.675,4768.085
store_640,2015-08-26,592.19,4832.565
store_640,2015-08-27,577.095,4930.83
store_640,2015-08-28,610.805,5137.76
store_640,2015-08-29,453.45,4077.925
store_641,2015-07-20,1082.21,7513.915
store_641,2015-07-21,974.095,6963.395
store_641,2015-07-22,995.98,6943.535
store_641,2015-07-23,1054.14,7315.37
store_641,2015-07-24,1096.465,7664.17
store_641,2015-07-25,1089.06,7962.815
store_641,2015-07-26,0.0,0.0
store_641,2015-07-27,1329.42,11755.19
store_641,2015-07-28,1243.47,10890.515
store_641,2015-07-29,1161.15,10078.645
store_641,2015-07-30,1176.015,9913.755
store_641,2015-07-31,1172.385,9771.905
store_641,2015-08-01,1079.78,8010.715
store_641,2015-08-02,0.0,0.0
store_641,2015-08-03,1432.575,12872.11
store_641,2015-08-04,1187.355,10692.72
store_641,2015-08-05,1095.46,9520.155
store_641,2015-08-06,1135.42,9585.95
store_641,2015-08-07,1175.82,9627.565
store_641,2015-08-08,1106.78,8475.85
store_641,2015-08-09,0.0,0.0
store_641,2015-08-10,1135.95,8325.0
store_641,2015-08-11,1059.785,7887.21
store_641,2015-08-12,1006.78,7599.31
store_641,2015-08-13,1017.825,7901.905
store_641,2015-08-14,1075.985,8154.965
store_641,2015-08-15,1057.33,8114.105
store_641,2015-08-16,0.0,0.0
store_641,2015-08-17,1345.025,12023.62
store_641,2015-08-18,1200.735,10466.8
store_641,2015-08-19,1129.445,9366.8
store_641,2015-08-20,1124.195,9374.66
store_641,2015-08-21,1157.055,9539.39
store_641,2015-08-22,1093.72,8317.735
store_641,2015-08-23,0.0,0.0
store_641,2015-08-24,1052.05,7866.385
store_641,2015-08-25,946.77,7379.245
store_641,2015-08-26,944.86,7250.885
store_641,2015-08-27,992.285,7654.36
store_641,2015-08-28,1040.485,8105.325
store_641,2015-08-29,1068.05,8149.3
store_642,2015-07-20,727.42,6237.37
store_642,2015-07-21,639.18,5510.54
store_642,2015-07-22,656.33,5578.54
store_642,2015-07-23,679.48,5750.63
store_642,2015-07-24,704.77,5908.415
store_642,2015-07-25,653.11,5243.415
store_642,2015-07-26,0.0,0.0
store_642,2015-07-27,858.705,9209.635
store_642,2015-07-28,810.83,8031.755
store_642,2015-07-29,798.13,7618.88
store_642,2015-07-30,821.26,7438.135
store_642,2015-07-31,838.53,7455.705
store_642,2015-08-01,659.805,5378.38
store_642,2015-08-02,0.0,0.0
store_642,2015-08-03,977.845,9847.645
store_642,2015-08-04,805.945,7695.425
store_642,2015-08-05,745.96,7090.52
store_642,2015-08-06,755.18,7139.525
store_642,2015-08-07,758.195,7065.825
store_642,2015-08-08,676.99,5400.905
store_642,2015-08-09,0.0,0.0
store_642,2015-08-10,798.785,6257.005
store_642,2015-08-11,717.195,5604.92
store_642,2015-08-12,687.14,5506.46
store_642,2015-08-13,707.41,5798.25
store_642,2015-08-14,718.975,5876.095
store_642,2015-08-15,661.91,5382.865
store_642,2015-08-16,0.0,0.0
store_642,2015-08-17,1030.055,9573.355
store_642,2015-08-18,872.735,7836.795
store_642,2015-08-19,818.555,7026.055
store_642,2015-08-20,804.21,6873.745
store_642,2015-08-21,792.155,6668.76
store_642,2015-08-22,680.005,5235.165
store_642,2015-08-23,0.0,0.0
store_642,2015-08-24,794.845,6154.055
store_642,2015-08-25,709.195,5588.965
store_642,2015-08-26,727.14,5484.975
store_642,2015-08-27,717.595,5600.45
store_642,2015-08-28,736.395,5811.145
store_642,2015-08-29,676.735,5423.54
store_643,2015-07-20,519.53,6498.825
store_643,2015-07-21,475.055,5972.155
store_643,2015-07-22,501.06,6147.635
store_643,2015-07-23,527.32,6596.385
store_643,2015-07-24,572.67,7316.675
store_643,2015-07-25,629.02,8504.555
store_643,2015-07-26,0.0,0.0
store_643,2015-07-27,763.87,11516.75
store_643,2015-07-28,636.36,9385.785
store_643,2015-07-29,607.69,8844.995
store_643,2015-07-30,615.93,8847.75
store_643,2015-07-31,665.62,9534.53
store_643,2015-08-01,653.985,8801.695
store_643,2015-08-02,0.0,0.0
store_643,2015-08-03,758.455,11245.96
store_643,2015-08-04,614.315,8984.765
store_643,2015-08-05,581.99,8355.13
store_643,2015-08-06,597.615,8402.795
store_643,2015-08-07,629.655,8869.235
store_643,2015-08-08,619.515,8675.795
store_643,2015-08-09,0.0,0.0
store_643,2015-08-10,596.325,7511.635
store_643,2015-08-11,549.715,7025.21
store_643,2015-08-12,525.335,6549.61
store_643,2015-08-13,549.365,7046.93
store_643,2015-08-14,575.555,7760.765
store_643,2015-08-15,619.965,8705.295
store_643,2015-08-16,0.0,0.0
store_643,2015-08-17,752.63,11022.9
store_643,2015-08-18,644.92,9204.79
store_643,2015-08-19,617.355,8486.55
store_643,2015-08-20,631.59,8642.07
store_643,2015-08-21,661.48,9138.095
store_643,2015-08-22,630.33,8448.47
store_643,2015-08-23,0.0,0.0
store_643,2015-08-24,589.32,7840.715
store_643,2015-08-25,523.4,6910.27
store_643,2015-08-26,529.49,6704.735
store_643,2015-08-27,551.575,7189.47
store_643,2015-08-28,588.935,8066.62
store_643,2015-08-29,605.635,8502.3
store_644,2015-07-20,534.275,5027.68
store_644,2015-07-21,487.265,4648.46
store_644,2015-07-22,492.685,4628.195
store_644,2015-07-23,495.075,4593.09
store_644,2015-07-24,525.32,4874.93
store_644,2015-07-25,491.08,4833.44
store_644,2015-07-26,0.0,0.0
store_644,2015-07-27,759.29,9335.825
store_644,2015-07-28,661.115,8010.05
store_644,2015-07-29,620.925,7292.09
store_644,2015-07-30,597.345,6843.95
store_644,2015-07-31,625.94,6780.075
store_644,2015-08-01,487.45,4885.165
store_644,2015-08-02,0.0,0.0
store_644,2015-08-03,803.48,9597.82
store_644,2015-08-04,637.12,7491.515
store_644,2015-08-05,600.05,6952.295
store_644,2015-08-06,595.075,6607.34
store_644,2015-08-07,582.295,6528.31
store_644,2015-08-08,490.64,4920.295
store_644,2015-08-09,0.0,0.0
store_644,2015-08-10,575.14,5377.92
store_644,2015-08-11,534.85,5098.19
store_644,2015-08-12,542.155,5094.735
store_644,2015-08-13,527.69,5047.62
store_644,2015-08-14,525.325,5130.315
store_644,2015-08-15,486.855,4877.955
store_644,2015-08-16,0.0,0.0
store_644,2015-08-17,787.31,9379.9
store_644,2015-08-18,690.105,7820.97
store_644,2015-08-19,656.185,7142.805
store_644,2015-08-20,646.555,6867.475
store_644,2015-08-21,627.65,6720.58
store_644,2015-08-22,491.97,4831.03
store_644,2015-08-23,0.0,0.0
store_644,2015-08-24,529.125,5071.47
store_644,2015-08-25,477.805,4718.345
store_644,2015-08-26,503.125,4886.535
store_644,2015-08-27,531.965,5182.035
store_644,2015-08-28,539.415,5400.025
store_644,2015-08-29,502.335,4931.31
store_645,2015-07-20,570.045,4503.18
store_645,2015-07-21,494.195,3909.15
store_645,2015-07-22,480.61,3638.285
store_645,2015-07-23,504.665,3858.08
store_645,2015-07-24,512.925,3892.315
store_645,2015-07-25,379.345,3238.245
store_645,2015-07-26,0.0,0.0
store_645,2015-07-27,726.2,7588.14
store_645,2015-07-28,628.355,6408.175
store_645,2015-07-29,592.01,5598.575
store_645,2015-07-30,613.13,5495.95
store_645,2015-07-31,590.745,5327.45
store_645,2015-08-01,393.855,3466.33
store_645,2015-08-02,0.0,0.0
store_645,2015-08-03,747.71,8193.53
store_645,2015-08-04,622.785,6357.225
store_645,2015-08-05,575.53,5339.92
store_645,2015-08-06,566.175,5119.21
store_645,2015-08-07,545.2,4950.04
store_645,2015-08-08,370.185,3305.26
store_645,2015-08-09,0.0,0.0
store_645,2015-08-10,572.05,5093.385
store_645,2015-08-11,528.46,4630.195
store_645,2015-08-12,524.47,4407.215
store_645,2015-08-13,534.845,4502.185
store_645,2015-08-14,538.42,4417.84
store_645,2015-08-15,362.23,3223.015
store_645,2015-08-16,0.0,0.0
store_645,2015-08-17,720.385,7800.85
store_645,2015-08-18,628.845,6544.98
store_645,2015-08-19,606.79,5847.415
store_645,2015-08-20,599.505,5723.86
store_645,2015-08-21,586.54,5450.27
store_645,2015-08-22,361.21,3190.76
store_645,2015-08-23,0.0,0.0
store_645,2015-08-24,572.585,5207.36
store_645,2015-08-25,508.315,4777.14
store_645,2015-08-26,511.845,4790.8
store_645,2015-08-27,530.625,4947.955
store_645,2015-08-28,543.97,4844.025
store_645,2015-08-29,358.84,3302.78
store_646,2015-07-20,890.6,7482.93
store_646,2015-07-21,884.05,7179.575
store_646,2015-07-22,898.49,7477.73
store_646,2015-07-23,911.49,7529.74
store_646,2015-07-24,900.28,7540.66
store_646,2015-07-25,807.425,7068.01
store_646,2015-07-26,0.0,0.0
store_646,2015-07-27,1088.77,10887.5
store_646,2015-07-28,1067.92,10324.36
store_646,2015-07-29,1086.95,10120.475
store_646,2015-07-30,1113.56,10013.355
store_646,2015-07-31,1040.07,9122.375
store_646,2015-08-01,828.195,7329.625
store_646,2015-08-02,0.0,0.0
store_646,2015-08-03,1200.63,11309.54
store_646,2015-08-04,1030.665,9543.565
store_646,2015-08-05,1003.965,9156.25
store_646,2015-08-06,1001.825,9016.385
store_646,2015-08-07,995.23,8865.805
store_646,2015-08-08,837.145,7186.44
store_646,2015-08-09,0.0,0.0
store_646,2015-08-10,954.78,7513.0
store_646,2015-08-11,893.42,6874.8
store_646,2015-08-12,880.645,6691.78
store_646,2015-08-13,889.365,7042.155
store_646,2015-08-14,896.035,7012.195
store_646,2015-08-15,844.765,7021.285
store_646,2015-08-16,0.0,0.0
store_646,2015-08-17,1221.9,10584.955
store_646,2015-08-18,1090.675,9099.07
store_646,2015-08-19,1029.45,8292.88
store_646,2015-08-20,1010.06,8319.89
store_646,2015-08-21,1006.88,8142.655
store_646,2015-08-22,809.245,6483.525
store_646,2015-08-23,0.0,0.0
store_646,2015-08-24,990.375,7106.21
store_646,2015-08-25,915.685,6780.37
store_646,2015-08-26,869.11,6434.92
store_646,2015-08-27,884.605,6704.06
store_646,2015-08-28,897.08,6871.38
store_646,2015-08-29,811.275,6391.465
store_647,2015-07-20,854.195,7218.96
store_647,2015-07-21,776.255,6593.42
store_647,2015-07-22,759.545,6373.52
store_647,2015-07-23,791.32,6709.2
store_647,2015-07-24,809.145,7118.325
store_647,2015-07-25,831.105,7349.415
store_647,2015-07-26,0.0,0.0
store_647,2015-07-27,1074.93,10492.16
store_647,2015-07-28,970.01,9497.045
store_647,2015-07-29,946.575,8709.935
store_647,2015-07-30,973.465,8353.905
store_647,2015-07-31,943.12,8298.695
store_647,2015-08-01,843.455,7160.96
store_647,2015-08-02,0.0,0.0
store_647,2015-08-03,1128.85,10341.865
store_647,2015-08-04,979.41,9002.595
store_647,2015-08-05,913.385,8271.425
store_647,2015-08-06,914.13,7999.855
store_647,2015-08-07,895.84,7957.895
store_647,2015-08-08,842.805,7071.205
store_647,2015-08-09,0.0,0.0
store_647,2015-08-10,921.615,6940.15
store_647,2015-08-11,836.265,6232.845
store_647,2015-08-12,812.785,6114.695
store_647,2015-08-13,834.03,6272.195
store_647,2015-08-14,865.215,6490.185
store_647,2015-08-15,840.1,6608.835
store_647,2015-08-16,0.0,0.0
store_647,2015-08-17,1157.3,9715.42
store_647,2015-08-18,1034.965,8267.505
store_647,2015-08-19,977.15,7606.16
store_647,2015-08-20,966.695,7424.79
store_647,2015-08-21,946.625,7297.87
store_647,2015-08-22,825.24,6310.425
store_647,2015-08-23,0.0,0.0
store_647,2015-08-24,910.69,6328.75
store_647,2015-08-25,827.42,5895.46
store_647,2015-08-26,805.69,5806.685
store_647,2015-08-27,852.615,6015.495
store_647,2015-08-28,840.395,6105.07
store_647,2015-08-29,839.095,6318.545
store_648,2015-07-20,275.45,3885.885
store_648,2015-07-21,264.795,3594.05
store_648,2015-07-22,262.9,3481.795
store_648,2015-07-23,278.36,3767.95
store_648,2015-07-24,297.75,3979.08
store_648,2015-07-25,335.455,4616.98
store_648,2015-07-26,0.0,0.0
store_648,2015-07-27,388.38,6393.385
store_648,2015-07-28,347.475,5352.395
store_648,2015-07-29,321.49,4834.255
store_648,2015-07-30,315.82,4608.02
store_648,2015-07-31,335.185,4830.0
store_648,2015-08-01,344.455,4692.93
store_648,2015-08-02,0.0,0.0
store_648,2015-08-03,395.14,6057.735
store_648,2015-08-04,337.93,5045.585
store_648,2015-08-05,329.955,4920.02
store_648,2015-08-06,329.295,4833.14
store_648,2015-08-07,344.17,4992.835
store_648,2015-08-08,336.35,4667.68
store_648,2015-08-09,0.0,0.0
store_648,2015-08-10,314.16,4192.57
store_648,2015-08-11,293.9,3990.455
store_648,2015-08-12,288.025,3929.81
store_648,2015-08-13,299.775,4058.175
store_648,2015-08-14,321.35,4327.395
store_648,2015-08-15,332.175,4598.855
store_648,2015-08-16,0.0,0.0
store_648,2015-08-17,418.92,6129.56
store_648,2015-08-18,349.89,5260.415
store_648,2015-08-19,330.855,4869.57
store_648,2015-08-20,342.815,5044.68
store_648,2015-08-21,359.355,5344.655
store_648,2015-08-22,347.14,4797.855
store_648,2015-08-23,0.0,0.0
store_648,2015-08-24,310.49,4240.26
store_648,2015-08-25,284.695,4019.82
store_648,2015-08-26,283.075,3930.745
store_648,2015-08-27,286.22,4061.65
store_648,2015-08-28,317.66,4528.055
store_648,2015-08-29,348.42,4821.9
store_649,2015-07-20,772.52,5741.555
store_649,2015-07-21,697.015,5309.66
store_649,2015-07-22,712.955,5303.75
store_649,2015-07-23,719.825,5260.6
store_649,2015-07-24,710.815,5092.085
store_649,2015-07-25,777.625,5830.94
store_649,2015-07-26,0.0,0.0
store_649,2015-07-27,1025.92,9715.2
store_649,2015-07-28,943.13,8792.58
store_649,2015-07-29,889.415,7784.78
store_649,2015-07-30,917.56,7604.425
store_649,2015-07-31,839.87,6910.655
store_649,2015-08-01,843.95,6343.895
store_649,2015-08-02,0.0,0.0
store_649,2015-08-03,1067.595,10250.17
store_649,2015-08-04,913.88,8444.285
store_649,2015-08-05,873.475,7700.575
store_649,2015-08-06,845.975,7353.37
store_649,2015-08-07,800.26,6549.84
store_649,2015-08-08,804.83,6236.21
store_649,2015-08-09,0.0,0.0
store_649,2015-08-10,841.375,6238.69
store_649,2015-08-11,782.425,5916.985
store_649,2015-08-12,748.205,5662.335
store_649,2015-08-13,760.92,5720.685
store_649,2015-08-14,760.535,5453.505
store_649,2015-08-15,773.0,5987.15
store_649,2015-08-16,0.0,0.0
store_649,2015-08-17,1064.935,9724.025
store_649,2015-08-18,956.37,8272.03
store_649,2015-08-19,895.27,7425.97
store_649,2015-08-20,892.16,7129.845
store_649,2015-08-21,867.715,6695.945
store_649,2015-08-22,800.77,5952.655
store_649,2015-08-23,0.0,0.0
store_649,2015-08-24,814.72,5990.17
store_649,2015-08-25,730.54,5649.375
store_649,2015-08-26,732.64,5567.41
store_649,2015-08-27,754.44,5758.375
store_649,2015-08-28,761.29,5746.885
store_649,2015-08-29,772.25,5948.73
store_65,2015-07-20,728.12,5995.095
store_65,2015-07-21,669.04,5415.985
store_65,2015-07-22,659.355,5426.87
store_65,2015-07-23,675.31,5524.62
store_65,2015-07-24,721.48,5915.215
store_65,2015-07-25,633.545,5280.69
store_65,2015-07-26,0.0,0.0
store_65,2015-07-27,873.18,8972.045
store_65,2015-07-28,790.895,8182.61
store_65,2015-07-29,781.13,7875.225
store_65,2015-07-30,810.785,8002.66
store_65,2015-07-31,854.065,8387.945
store_65,2015-08-01,651.915,5878.53
store_65,2015-08-02,0.0,0.0
store_65,2015-08-03,993.52,10115.845
store_65,2015-08-04,830.03,8162.085
store_65,2015-08-05,763.495,7559.015
store_65,2015-08-06,758.065,7485.955
store_65,2015-08-07,785.16,7544.985
store_65,2015-08-08,643.315,5713.955
store_65,2015-08-09,0.0,0.0
store_65,2015-08-10,824.99,6970.62
store_65,2015-08-11,740.535,6365.395
store_65,2015-08-12,681.745,5931.745
store_65,2015-08-13,711.495,6124.42
store_65,2015-08-14,735.17,6511.04
store_65,2015-08-15,645.8,5768.02
store_65,2015-08-16,0.0,0.0
store_65,2015-08-17,1039.81,10762.12
store_65,2015-08-18,876.155,8894.84
store_65,2015-08-19,809.33,7939.95
store_65,2015-08-20,795.65,7653.04
store_65,2015-08-21,800.68,7857.685
store_65,2015-08-22,671.855,5860.695
store_65,2015-08-23,0.0,0.0
store_65,2015-08-24,791.99,7423.155
store_65,2015-08-25,711.765,6813.84
store_65,2015-08-26,683.74,6249.615
store_65,2015-08-27,693.78,6430.415
store_65,2015-08-28,709.49,6727.285
store_65,2015-08-29,637.255,5954.535
store_650,2015-07-20,701.095,5473.815
store_650,2015-07-21,663.125,5225.905
store_650,2015-07-22,632.78,5049.44
store_650,2015-07-23,664.8,5293.295
store_650,2015-07-24,661.765,5184.31
store_650,2015-07-25,535.64,4499.34
store_650,2015-07-26,0.0,0.0
store_650,2015-07-27,851.505,7834.455
store_650,2015-07-28,781.865,7539.89
store_650,2015-07-29,741.565,6993.82
store_650,2015-07-30,777.555,6956.12
store_650,2015-07-31,791.575,6726.635
store_650,2015-08-01,561.53,4701.53
store_650,2015-08-02,0.0,0.0
store_650,2015-08-03,903.95,8426.17
store_650,2015-08-04,796.945,7479.415
store_650,2015-08-05,732.53,6723.36
store_650,2015-08-06,738.97,6612.66
store_650,2015-08-07,717.425,6164.075
store_650,2015-08-08,556.645,4620.295
store_650,2015-08-09,0.0,0.0
store_650,2015-08-10,723.32,5603.615
store_650,2015-08-11,682.74,5419.19
store_650,2015-08-12,651.44,5126.435
store_650,2015-08-13,657.155,5391.28
store_650,2015-08-14,651.685,5224.9
store_650,2015-08-15,552.645,4682.32
store_650,2015-08-16,0.0,0.0
store_650,2015-08-17,904.815,8033.69
store_650,2015-08-18,799.375,7234.71
store_650,2015-08-19,740.755,6522.74
store_650,2015-08-20,751.17,6426.625
store_650,2015-08-21,739.095,6163.13
store_650,2015-08-22,564.28,4604.85
store_650,2015-08-23,0.0,0.0
store_650,2015-08-24,702.3,5274.99
store_650,2015-08-25,626.295,4923.05
store_650,2015-08-26,615.135,4908.925
store_650,2015-08-27,627.735,5191.93
store_650,2015-08-28,668.73,5411.77
store_650,2015-08-29,558.665,4657.515
store_651,2015-07-20,629.75,6350.71
store_651,2015-07-21,573.755,5906.43
store_651,2015-07-22,584.75,5977.24
store_651,2015-07-23,601.525,6189.35
store_651,2015-07-24,616.92,6338.235
store_651,2015-07-25,395.445,4036.55
store_651,2015-07-26,0.0,0.0
store_651,2015-07-27,779.11,9672.28
store_651,2015-07-28,700.685,8509.075
store_651,2015-07-29,680.455,7995.84
store_651,2015-07-30,686.81,7826.71
store_651,2015-07-31,692.685,7733.005
store_651,2015-08-01,410.31,4284.18
store_651,2015-08-02,0.0,0.0
store_651,2015-08-03,859.745,10478.37
store_651,2015-08-04,713.99,8380.735
store_651,2015-08-05,667.62,7658.115
store_651,2015-08-06,658.125,7267.34
store_651,2015-08-07,651.285,7093.165
store_651,2015-08-08,399.465,4133.165
store_651,2015-08-09,0.0,0.0
store_651,2015-08-10,637.065,6292.995
store_651,2015-08-11,586.795,5814.895
store_651,2015-08-12,584.315,5893.3
store_651,2015-08-13,592.755,6062.49
store_651,2015-08-14,622.895,6372.495
store_651,2015-08-15,404.445,4177.685
store_651,2015-08-16,0.0,0.0
store_651,2015-08-17,788.995,9369.31
store_651,2015-08-18,699.955,8036.535
store_651,2015-08-19,650.94,7386.045
store_651,2015-08-20,660.425,7171.4
store_651,2015-08-21,676.685,7273.205
store_651,2015-08-22,407.155,4151.835
store_651,2015-08-23,0.0,0.0
store_651,2015-08-24,678.07,6451.06
store_651,2015-08-25,597.74,5798.575
store_651,2015-08-26,590.675,5737.24
store_651,2015-08-27,586.525,5976.125
store_651,2015-08-28,609.54,6238.51
store_651,2015-08-29,403.48,4164.15
store_652,2015-07-20,966.995,8445.85
store_652,2015-07-21,912.785,8139.665
store_652,2015-07-22,892.1,8341.16
store_652,2015-07-23,932.04,8555.26
store_652,2015-07-24,936.58,8703.91
store_652,2015-07-25,835.865,7207.405
store_652,2015-07-26,0.0,0.0
store_652,2015-07-27,1135.16,13282.03
store_652,2015-07-28,1059.875,12331.855
store_652,2015-07-29,1081.105,11858.47
store_652,2015-07-30,1074.13,10891.905
store_652,2015-07-31,1077.78,10858.105
store_652,2015-08-01,844.5,7492.505
store_652,2015-08-02,0.0,0.0
store_652,2015-08-03,1194.795,13394.16
store_652,2015-08-04,1041.13,11151.85
store_652,2015-08-05,978.2,10418.66
store_652,2015-08-06,962.405,9883.645
store_652,2015-08-07,965.26,9812.185
store_652,2015-08-08,837.165,7490.015
store_652,2015-08-09,0.0,0.0
store_652,2015-08-10,1007.69,9170.94
store_652,2015-08-11,879.145,8304.51
store_652,2015-08-12,837.395,7942.195
store_652,2015-08-13,839.515,7953.965
store_652,2015-08-14,883.705,8382.015
store_652,2015-08-15,826.26,7760.33
store_652,2015-08-16,0.0,0.0
store_652,2015-08-17,1215.265,13224.8
store_652,2015-08-18,1064.0,11210.04
store_652,2015-08-19,965.345,10056.265
store_652,2015-08-20,978.94,9819.8
store_652,2015-08-21,973.605,9632.905
store_652,2015-08-22,833.785,7658.135
store_652,2015-08-23,0.0,0.0
store_652,2015-08-24,1041.12,9455.37
store_652,2015-08-25,935.695,8769.725
store_652,2015-08-26,869.98,8311.43
store_652,2015-08-27,872.615,8440.55
store_652,2015-08-28,860.835,8490.88
store_652,2015-08-29,837.01,7967.87
store_653,2015-07-20,523.73,3731.28
store_653,2015-07-21,486.295,3515.795
store_653,2015-07-22,468.035,3338.8
store_653,2015-07-23,505.69,3375.425
store_653,2015-07-24,493.665,3246.745
store_653,2015-07-25,385.86,2794.96
store_653,2015-07-26,0.0,0.0
store_653,2015-07-27,639.665,5373.345
store_653,2015-07-28,595.625,5041.59
store_653,2015-07-29,581.405,4893.05
store_653,2015-07-30,627.445,4772.745
store_653,2015-07-31,582.205,4327.26
store_653,2015-08-01,431.885,2959.77
store_653,2015-08-02,0.0,0.0
store_653,2015-08-03,716.275,5804.625
store_653,2015-08-04,609.485,4947.54
store_653,2015-08-05,552.75,4498.545
store_653,2015-08-06,568.065,4567.37
store_653,2015-08-07,557.185,4087.66
store_653,2015-08-08,405.855,2942.23
store_653,2015-08-09,0.0,0.0
store_653,2015-08-10,555.57,3968.185
store_653,2015-08-11,523.685,3686.395
store_653,2015-08-12,497.995,3571.58
store_653,2015-08-13,520.3,3663.57
store_653,2015-08-14,520.24,3477.04
store_653,2015-08-15,418.655,2830.925
store_653,2015-08-16,0.0,0.0
store_653,2015-08-17,718.665,5760.645
store_653,2015-08-18,629.58,4934.03
store_653,2015-08-19,585.365,4509.71
store_653,2015-08-20,611.245,4527.87
store_653,2015-08-21,584.85,4284.765
store_653,2015-08-22,424.515,2868.565
store_653,2015-08-23,0.0,0.0
store_653,2015-08-24,622.485,4570.055
store_653,2015-08-25,550.73,4120.95
store_653,2015-08-26,522.665,3855.495
store_653,2015-08-27,533.745,3962.79
store_653,2015-08-28,518.04,3856.165
store_653,2015-08-29,425.87,2981.995
store_654,2015-07-20,483.975,4041.935
store_654,2015-07-21,411.055,3545.505
store_654,2015-07-22,408.175,3484.335
store_654,2015-07-23,437.38,3741.445
store_654,2015-07-24,465.775,3898.39
store_654,2015-07-25,304.575,2720.035
store_654,2015-07-26,0.0,0.0
store_654,2015-07-27,616.34,6535.76
store_654,2015-07-28,536.515,5449.675
store_654,2015-07-29,505.04,4850.6
store_654,2015-07-30,527.325,5029.58
store_654,2015-07-31,530.505,4988.25
store_654,2015-08-01,302.97,2774.985
store_654,2015-08-02,0.0,0.0
store_654,2015-08-03,654.22,6800.885
store_654,2015-08-04,532.585,5245.86
store_654,2015-08-05,492.445,4603.685
store_654,2015-08-06,491.395,4639.13
store_654,2015-08-07,505.59,4627.045
store_654,2015-08-08,294.965,2674.21
store_654,2015-08-09,0.0,0.0
store_654,2015-08-10,518.47,4308.075
store_654,2015-08-11,477.01,3963.67
store_654,2015-08-12,456.675,3781.285
store_654,2015-08-13,461.435,3941.865
store_654,2015-08-14,476.405,3948.16
store_654,2015-08-15,288.125,2577.895
store_654,2015-08-16,0.0,0.0
store_654,2015-08-17,638.055,6493.885
store_654,2015-08-18,551.85,5396.065
store_654,2015-08-19,521.7,4830.745
store_654,2015-08-20,531.995,4871.24
store_654,2015-08-21,539.07,4901.975
store_654,2015-08-22,287.125,2539.43
store_654,2015-08-23,0.0,0.0
store_654,2015-08-24,526.095,4421.685
store_654,2015-08-25,473.705,3993.78
store_654,2015-08-26,454.89,3817.165
store_654,2015-08-27,456.235,3968.92
store_654,2015-08-28,482.84,4150.985
store_654,2015-08-29,284.725,2580.585
store_655,2015-07-20,537.795,6349.25
store_655,2015-07-21,489.815,5925.56
store_655,2015-07-22,515.48,6473.61
store_655,2015-07-23,535.745,6525.77
store_655,2015-07-24,527.07,6313.725
store_655,2015-07-25,482.405,5461.71
store_655,2015-07-26,0.0,0.0
store_655,2015-07-27,775.085,11081.255
store_655,2015-07-28,646.66,9454.47
store_655,2015-07-29,620.78,9046.59
store_655,2015-07-30,625.22,9105.38
store_655,2015-07-31,607.97,8683.47
store_655,2015-08-01,505.75,6086.0
store_655,2015-08-02,0.0,0.0
store_655,2015-08-03,759.91,10928.845
store_655,2015-08-04,632.585,9003.23
store_655,2015-08-05,599.67,8517.81
store_655,2015-08-06,586.425,8197.6
store_655,2015-08-07,572.38,7830.22
store_655,2015-08-08,516.025,6045.78
store_655,2015-08-09,0.0,0.0
store_655,2015-08-10,548.005,6801.77
store_655,2015-08-11,505.49,6364.425
store_655,2015-08-12,504.92,6429.215
store_655,2015-08-13,525.995,6943.47
store_655,2015-08-14,531.305,6823.0
store_655,2015-08-15,483.43,5896.69
store_655,2015-08-16,0.0,0.0
store_655,2015-08-17,758.61,10758.585
store_655,2015-08-18,641.785,8950.19
store_655,2015-08-19,621.98,8589.435
store_655,2015-08-20,599.115,8446.58
store_655,2015-08-21,592.37,8231.745
store_655,2015-08-22,500.72,5875.445
store_655,2015-08-23,0.0,0.0
store_655,2015-08-24,537.88,6507.275
store_655,2015-08-25,489.725,6108.565
store_655,2015-08-26,498.155,6278.91
store_655,2015-08-27,509.44,6726.775
store_655,2015-08-28,533.635,7195.13
store_655,2015-08-29,510.805,6161.82
store_656,2015-07-20,648.375,7068.9
store_656,2015-07-21,604.06,6601.17
store_656,2015-07-22,613.17,6592.87
store_656,2015-07-23,621.395,6733.74
store_656,2015-07-24,666.86,7113.78
store_656,2015-07-25,462.99,5176.26
store_656,2015-07-26,0.0,0.0
store_656,2015-07-27,945.37,13482.085
store_656,2015-07-28,850.715,11710.26
store_656,2015-07-29,821.575,10634.215
store_656,2015-07-30,814.76,10197.59
store_656,2015-07-31,817.04,9806.84
store_656,2015-08-01,496.76,5413.35
store_656,2015-08-02,0.0,0.0
store_656,2015-08-03,973.285,13144.36
store_656,2015-08-04,812.095,10687.215
store_656,2015-08-05,747.65,9679.685
store_656,2015-08-06,733.305,9265.665
store_656,2015-08-07,748.33,9258.12
store_656,2015-08-08,475.435,5026.7
store_656,2015-08-09,0.0,0.0
store_656,2015-08-10,722.315,7819.405
store_656,2015-08-11,656.915,7264.865
store_656,2015-08-12,656.21,7283.45
store_656,2015-08-13,642.2,7292.73
store_656,2015-08-14,659.57,7503.77
store_656,2015-08-15,475.975,5280.21
store_656,2015-08-16,0.0,0.0
store_656,2015-08-17,969.86,12762.18
store_656,2015-08-18,836.01,10605.555
store_656,2015-08-19,768.645,9547.565
store_656,2015-08-20,764.675,9217.585
store_656,2015-08-21,760.69,9146.955
store_656,2015-08-22,507.075,5155.555
store_656,2015-08-23,0.0,0.0
store_656,2015-08-24,710.34,7689.92
store_656,2015-08-25,637.58,7305.305
store_656,2015-08-26,617.43,7219.285
store_656,2015-08-27,626.09,7296.14
store_656,2015-08-28,662.425,7672.94
store_656,2015-08-29,490.455,5185.815
store_657,2015-07-20,373.98,4867.875
store_657,2015-07-21,336.53,4711.975
store_657,2015-07-22,347.94,4628.645
store_657,2015-07-23,352.62,4604.27
store_657,2015-07-24,397.515,5212.275
store_657,2015-07-25,401.88,5467.335
store_657,2015-07-26,0.0,0.0
store_657,2015-07-27,452.395,7198.035
store_657,2015-07-28,414.05,6498.425
store_657,2015-07-29,407.675,6135.58
store_657,2015-07-30,415.57,5997.975
store_657,2015-07-31,440.78,6271.7
store_657,2015-08-01,420.685,5753.225
store_657,2015-08-02,0.0,0.0
store_657,2015-08-03,475.965,7045.255
store_657,2015-08-04,408.82,6051.535
store_657,2015-08-05,384.405,5689.535
store_657,2015-08-06,387.425,5495.33
store_657,2015-08-07,431.38,6136.58
store_657,2015-08-08,418.515,5681.74
store_657,2015-08-09,0.0,0.0
store_657,2015-08-10,375.075,5051.065
store_657,2015-08-11,345.755,4651.915
store_657,2015-08-12,344.035,4508.15
store_657,2015-08-13,355.63,4722.7
store_657,2015-08-14,403.965,5482.09
store_657,2015-08-15,418.16,5719.85
store_657,2015-08-16,0.0,0.0
store_657,2015-08-17,465.375,6865.39
store_657,2015-08-18,399.005,5719.52
store_657,2015-08-19,387.35,5426.025
store_657,2015-08-20,398.915,5572.95
store_657,2015-08-21,435.21,6209.27
store_657,2015-08-22,430.675,5695.18
store_657,2015-08-23,0.0,0.0
store_657,2015-08-24,373.985,4947.35
store_657,2015-08-25,327.91,4484.065
store_657,2015-08-26,330.885,4452.85
store_657,2015-08-27,362.885,4778.465
store_657,2015-08-28,407.0,5593.95
store_657,2015-08-29,428.025,5753.785
store_658,2015-07-20,753.85,5395.385
store_658,2015-07-21,694.15,5123.35
store_658,2015-07-22,690.955,4921.365
store_658,2015-07-23,731.01,5161.55
store_658,2015-07-24,704.98,4992.77
store_658,2015-07-25,689.31,5072.8
store_658,2015-07-26,0.0,0.0
store_658,2015-07-27,859.855,7707.78
store_658,2015-07-28,820.25,7257.855
store_658,2015-07-29,817.065,6713.77
store_658,2015-07-30,850.105,6564.995
store_658,2015-07-31,831.39,6273.945
store_658,2015-08-01,700.155,5184.75
store_658,2015-08-02,0.0,0.0
store_658,2015-08-03,943.83,8082.465
store_658,2015-08-04,824.055,6992.15
store_658,2015-08-05,794.62,6311.04
store_658,2015-08-06,766.53,6187.885
store_658,2015-08-07,757.37,5933.54
store_658,2015-08-08,686.215,5209.73
store_658,2015-08-09,0.0,0.0
store_658,2015-08-10,774.97,5468.42
store_658,2015-08-11,721.005,5153.64
store_658,2015-08-12,723.16,5016.69
store_658,2015-08-13,696.165,4981.27
store_658,2015-08-14,690.845,4954.375
store_658,2015-08-15,675.78,4987.0
store_658,2015-08-16,0.0,0.0
store_658,2015-08-17,921.55,7413.28
store_658,2015-08-18,843.155,6752.345
store_658,2015-08-19,791.325,6109.77
store_658,2015-08-20,818.11,6068.57
store_658,2015-08-21,796.085,5966.96
store_658,2015-08-22,657.795,4877.39
store_658,2015-08-23,0.0,0.0
store_658,2015-08-24,731.485,5055.835
store_658,2015-08-25,662.75,4683.795
store_658,2015-08-26,655.45,4562.44
store_658,2015-08-27,684.4,4789.65
store_658,2015-08-28,706.355,4991.27
store_658,2015-08-29,631.625,4668.34
store_659,2015-07-20,637.9,4512.565
store_659,2015-07-21,572.86,3966.435
store_659,2015-07-22,601.895,4210.375
store_659,2015-07-23,633.64,4290.885
store_659,2015-07-24,611.525,4156.23
store_659,2015-07-25,458.785,3324.935
store_659,2015-07-26,0.0,0.0
store_659,2015-07-27,930.085,8922.58
store_659,2015-07-28,822.605,7460.81
store_659,2015-07-29,803.315,6734.755
store_659,2015-07-30,766.975,6227.115
store_659,2015-07-31,725.32,5730.685
store_659,2015-08-01,480.7,3636.465
store_659,2015-08-02,0.0,0.0
store_659,2015-08-03,988.915,9140.255
store_659,2015-08-04,789.23,6992.545
store_659,2015-08-05,730.615,6041.935
store_659,2015-08-06,714.835,5581.815
store_659,2015-08-07,690.92,5221.015
store_659,2015-08-08,471.43,3605.23
store_659,2015-08-09,0.0,0.0
store_659,2015-08-10,733.545,5347.555
store_659,2015-08-11,700.325,4938.18
store_659,2015-08-12,687.615,4589.46
store_659,2015-08-13,669.65,4575.35
store_659,2015-08-14,668.79,4471.795
store_659,2015-08-15,478.84,3581.61
store_659,2015-08-16,0.0,0.0
store_659,2015-08-17,953.76,8082.28
store_659,2015-08-18,836.365,6792.565
store_659,2015-08-19,767.905,5935.04
store_659,2015-08-20,752.29,5479.175
store_659,2015-08-21,744.63,5287.105
store_659,2015-08-22,488.445,3557.34
store_659,2015-08-23,0.0,0.0
store_659,2015-08-24,695.86,4866.79
store_659,2015-08-25,623.73,4351.345
store_659,2015-08-26,626.16,4325.84
store_659,2015-08-27,636.005,4386.055
store_659,2015-08-28,654.98,4348.47
store_659,2015-08-29,485.09,3594.86
store_66,2015-07-20,632.32,4918.08
store_66,2015-07-21,572.48,4306.67
store_66,2015-07-22,586.285,4385.05
store_66,2015-07-23,625.42,4579.1
store_66,2015-07-24,579.865,4251.94
store_66,2015-07-25,384.55,3032.76
store_66,2015-07-26,0.0,0.0
store_66,2015-07-27,783.74,6952.845
store_66,2015-07-28,686.505,6219.465
store_66,2015-07-29,680.55,6196.67
store_66,2015-07-30,696.43,6126.1
store_66,2015-07-31,670.515,5688.34
store_66,2015-08-01,391.55,3171.69
store_66,2015-08-02,0.0,0.0
store_66,2015-08-03,829.685,7475.125
store_66,2015-08-04,712.86,6525.325
store_66,2015-08-05,690.665,6061.045
store_66,2015-08-06,679.075,5979.085
store_66,2015-08-07,670.455,5684.67
store_66,2015-08-08,390.905,3164.755
store_66,2015-08-09,0.0,0.0
store_66,2015-08-10,691.095,5579.755
store_66,2015-08-11,620.565,5101.315
store_66,2015-08-12,610.305,4892.12
store_66,2015-08-13,609.525,5101.765
store_66,2015-08-14,631.99,4942.72
store_66,2015-08-15,390.37,3256.59
store_66,2015-08-16,0.0,0.0
store_66,2015-08-17,821.815,7680.81
store_66,2015-08-18,721.395,6797.72
store_66,2015-08-19,696.53,6301.655
store_66,2015-08-20,697.13,6340.095
store_66,2015-08-21,671.59,6064.34
store_66,2015-08-22,390.055,3263.35
store_66,2015-08-23,0.0,0.0
store_66,2015-08-24,692.735,6036.02
store_66,2015-08-25,642.155,5671.48
store_66,2015-08-26,633.075,5651.665
store_66,2015-08-27,630.04,5939.115
store_66,2015-08-28,641.36,5894.18
store_66,2015-08-29,394.505,3457.015
store_660,2015-07-20,560.775,5320.78
store_660,2015-07-21,518.22,5043.81
store_660,2015-07-22,540.095,5179.855
store_660,2015-07-23,564.99,5615.055
store_660,2015-07-24,574.215,5787.66
store_660,2015-07-25,603.655,6079.55
store_660,2015-07-26,0.0,0.0
store_660,2015-07-27,737.87,9089.99
store_660,2015-07-28,631.37,7795.155
store_660,2015-07-29,661.26,7865.155
store_660,2015-07-30,678.26,7731.12
store_660,2015-07-31,695.685,7915.39
store_660,2015-08-01,637.15,6465.675
store_660,2015-08-02,0.0,0.0
store_660,2015-08-03,773.125,9496.11
store_660,2015-08-04,643.705,7622.345
store_660,2015-08-05,610.46,7141.385
store_660,2015-08-06,641.505,7315.015
store_660,2015-08-07,618.365,7129.23
store_660,2015-08-08,609.965,6393.82
store_660,2015-08-09,0.0,0.0
store_660,2015-08-10,559.8,5657.39
store_660,2015-08-11,516.475,5217.325
store_660,2015-08-12,514.68,5340.925
store_660,2015-08-13,554.805,5782.985
store_660,2015-08-14,556.665,5877.525
store_660,2015-08-15,596.75,6161.265
store_660,2015-08-16,0.0,0.0
store_660,2015-08-17,756.21,9440.355
store_660,2015-08-18,655.71,7692.46
store_660,2015-08-19,630.055,7017.655
store_660,2015-08-20,654.535,7293.23
store_660,2015-08-21,664.045,7438.74
store_660,2015-08-22,613.68,6375.85
store_660,2015-08-23,0.0,0.0
store_660,2015-08-24,554.62,5728.96
store_660,2015-08-25,492.095,5091.83
store_660,2015-08-26,505.785,5155.315
store_660,2015-08-27,546.515,5765.555
store_660,2015-08-28,580.145,6186.515
store_660,2015-08-29,573.93,6278.58
store_661,2015-07-20,419.865,3783.54
store_661,2015-07-21,387.21,3608.315
store_661,2015-07-22,398.4,3641.91
store_661,2015-07-23,414.555,3843.005
store_661,2015-07-24,437.455,4199.775
store_661,2015-07-25,287.105,2898.175
store_661,2015-07-26,0.0,0.0
store_661,2015-07-27,501.27,5503.59
store_661,2015-07-28,443.59,5025.6
store_661,2015-07-29,450.5,4808.755
store_661,2015-07-30,490.28,4957.89
store_661,2015-07-31,514.545,5084.815
store_661,2015-08-01,293.715,2804.7
store_661,2015-08-02,0.0,0.0
store_661,2015-08-03,530.87,5531.82
store_661,2015-08-04,457.475,4859.045
store_661,2015-08-05,435.365,4436.71
store_661,2015-08-06,459.195,4493.75
store_661,2015-08-07,462.15,4621.32
store_661,2015-08-08,286.135,2711.655
store_661,2015-08-09,0.0,0.0
store_661,2015-08-10,461.365,3857.985
store_661,2015-08-11,421.575,3581.855
store_661,2015-08-12,413.0,3524.425
store_661,2015-08-13,423.41,3808.26
store_661,2015-08-14,426.95,3922.67
store_661,2015-08-15,271.77,2608.91
store_661,2015-08-16,0.0,0.0
store_661,2015-08-17,619.675,5840.94
store_661,2015-08-18,523.995,4933.405
store_661,2015-08-19,499.07,4574.795
store_661,2015-08-20,504.47,4597.935
store_661,2015-08-21,492.56,4603.48
store_661,2015-08-22,285.55,2643.305
store_661,2015-08-23,0.0,0.0
store_661,2015-08-24,457.375,3751.6
store_661,2015-08-25,413.85,3467.705
store_661,2015-08-26,421.975,3490.875
store_661,2015-08-27,430.53,3727.26
store_661,2015-08-28,444.15,3956.385
store_661,2015-08-29,276.63,2558.02
store_662,2015-07-20,886.455,8433.48
store_662,2015-07-21,795.355,7899.92
store_662,2015-07-22,811.565,7633.405
store_662,2015-07-23,850.325,7851.625
store_662,2015-07-24,918.0,8878.855
store_662,2015-07-25,910.165,9005.155
store_662,2015-07-26,0.0,0.0
store_662,2015-07-27,1155.935,13309.83
store_662,2015-07-28,1022.25,11757.875
store_662,2015-07-29,1007.145,11102.7
store_662,2015-07-30,1025.325,11014.585
store_662,2015-07-31,1035.915,11050.97
store_662,2015-08-01,940.295,9533.24
store_662,2015-08-02,0.0,0.0
store_662,2015-08-03,1227.57,13850.275
store_662,2015-08-04,1006.58,11249.725
store_662,2015-08-05,940.88,10180.84
store_662,2015-08-06,935.835,9900.675
store_662,2015-08-07,966.08,9987.5
store_662,2015-08-08,921.015,9246.74
store_662,2015-08-09,0.0,0.0
store_662,2015-08-10,915.545,8616.39
store_662,2015-08-11,853.03,8019.45
store_662,2015-08-12,831.27,7787.69
store_662,2015-08-13,849.87,7912.55
store_662,2015-08-14,890.79,8448.685
store_662,2015-08-15,902.285,8825.22
store_662,2015-08-16,0.0,0.0
store_662,2015-08-17,1213.285,13355.03
store_662,2015-08-18,1014.105,10909.07
store_662,2015-08-19,966.045,9900.255
store_662,2015-08-20,967.38,9648.705
store_662,2015-08-21,1007.295,10089.93
store_662,2015-08-22,918.06,8808.66
store_662,2015-08-23,0.0,0.0
store_662,2015-08-24,944.0,8371.165
store_662,2015-08-25,837.055,7849.15
store_662,2015-08-26,845.835,7820.0
store_662,2015-08-27,853.6,8174.985
store_662,2015-08-28,891.895,8560.36
store_662,2015-08-29,877.815,8551.06
store_663,2015-07-20,725.665,8050.255
store_663,2015-07-21,616.27,6920.035
store_663,2015-07-22,641.045,6820.545
store_663,2015-07-23,662.22,6967.17
store_663,2015-07-24,674.89,7345.87
store_663,2015-07-25,609.25,6948.63
store_663,2015-07-26,0.0,0.0
store_663,2015-07-27,932.135,13653.81
store_663,2015-07-28,801.02,11049.535
store_663,2015-07-29,788.075,10277.79
store_663,2015-07-30,789.2,10134.135
store_663,2015-07-31,814.21,10210.37
store_663,2015-08-01,635.765,7395.55
store_663,2015-08-02,0.0,0.0
store_663,2015-08-03,960.44,13326.51
store_663,2015-08-04,790.475,10269.215
store_663,2015-08-05,741.02,9331.305
store_663,2015-08-06,740.615,9264.065
store_663,2015-08-07,740.75,9225.395
store_663,2015-08-08,594.455,6983.64
store_663,2015-08-09,0.0,0.0
store_663,2015-08-10,764.825,8681.285
store_663,2015-08-11,691.06,7810.73
store_663,2015-08-12,670.48,7547.41
store_663,2015-08-13,662.515,7564.975
store_663,2015-08-14,663.065,7719.655
store_663,2015-08-15,588.1,6767.505
store_663,2015-08-16,0.0,0.0
store_663,2015-08-17,941.98,12728.92
store_663,2015-08-18,808.435,10371.235
store_663,2015-08-19,761.175,9348.7
store_663,2015-08-20,766.655,9179.31
store_663,2015-08-21,751.725,9079.675
store_663,2015-08-22,584.335,6611.27
store_663,2015-08-23,0.0,0.0
store_663,2015-08-24,815.435,9096.545
store_663,2015-08-25,723.785,8221.235
store_663,2015-08-26,691.845,7758.775
store_663,2015-08-27,681.755,8078.645
store_663,2015-08-28,696.565,8411.59
store_663,2015-08-29,566.7,6649.145
store_664,2015-07-20,567.225,4716.7
store_664,2015-07-21,519.09,4446.51
store_664,2015-07-22,522.895,4447.655
store_664,2015-07-23,537.215,4703.2
store_664,2015-07-24,559.68,4789.345
store_664,2015-07-25,526.355,4542.66
store_664,2015-07-26,0.0,0.0
store_664,2015-07-27,670.115,6972.075
store_664,2015-07-28,601.34,6346.68
store_664,2015-07-29,576.395,5842.23
store_664,2015-07-30,617.1,5875.265
store_664,2015-07-31,617.53,5685.175
store_664,2015-08-01,543.86,4861.145
store_664,2015-08-02,0.0,0.0
store_664,2015-08-03,732.885,7461.81
store_664,2015-08-04,631.31,6276.57
store_664,2015-08-05,592.875,5613.66
store_664,2015-08-06,595.085,5494.48
store_664,2015-08-07,598.895,5260.91
store_664,2015-08-08,536.55,4716.11
store_664,2015-08-09,0.0,0.0
store_664,2015-08-10,598.035,4999.625
store_664,2015-08-11,548.48,4505.01
store_664,2015-08-12,538.585,4374.7
store_664,2015-08-13,546.285,4619.16
store_664,2015-08-14,553.135,4565.555
store_664,2015-08-15,524.77,4455.145
store_664,2015-08-16,0.0,0.0
store_664,2015-08-17,733.67,7044.84
store_664,2015-08-18,632.13,6017.67
store_664,2015-08-19,601.865,5413.71
store_664,2015-08-20,605.395,5288.475
store_664,2015-08-21,606.865,5151.5
store_664,2015-08-22,534.23,4418.43
store_664,2015-08-23,0.0,0.0
store_664,2015-08-24,685.91,5500.46
store_664,2015-08-25,622.6,4968.92
store_664,2015-08-26,598.725,4629.335
store_664,2015-08-27,572.3,4654.05
store_664,2015-08-28,564.16,4501.015
store_664,2015-08-29,514.17,4287.21
store_665,2015-07-20,2688.875,10530.39
store_665,2015-07-21,2617.365,9838.52
store_665,2015-07-22,2577.345,9769.61
store_665,2015-07-23,2528.685,9724.49
store_665,2015-07-24,2650.44,9831.935
store_665,2015-07-25,2278.85,8673.64
store_665,2015-07-26,2776.95,14024.54
store_665,2015-07-27,2698.3,12023.14
store_665,2015-07-28,2622.345,11432.28
store_665,2015-07-29,2650.125,11523.03
store_665,2015-07-30,2677.845,11585.585
store_665,2015-07-31,2689.4,11412.365
store_665,2015-08-01,2286.125,9300.63
store_665,2015-08-02,2870.23,14237.75
store_665,2015-08-03,2847.77,12343.52
store_665,2015-08-04,2742.245,11503.27
store_665,2015-08-05,2699.165,11194.46
store_665,2015-08-06,2751.2,11231.49
store_665,2015-08-07,2800.755,11375.51
store_665,2015-08-08,2328.35,9226.33
store_665,2015-08-09,2905.615,13971.52
store_665,2015-08-10,2805.885,11559.57
store_665,2015-08-11,2700.115,10668.885
store_665,2015-08-12,2608.875,10470.94
store_665,2015-08-13,2637.34,10569.03
store_665,2015-08-14,2709.615,10576.725
store_665,2015-08-15,2386.765,9290.3
store_665,2015-08-16,3011.71,14249.77
store_665,2015-08-17,2844.285,12954.395
store_665,2015-08-18,2730.295,11940.315
store_665,2015-08-19,2685.395,11457.405
store_665,2015-08-20,2723.8,11346.355
store_665,2015-08-21,2745.44,11421.8
store_665,2015-08-22,2515.445,9688.04
store_665,2015-08-23,3150.32,14660.28
store_665,2015-08-24,2986.285,12666.73
store_665,2015-08-25,2753.415,11363.23
store_665,2015-08-26,2679.86,11033.35
store_665,2015-08-27,2698.395,10936.305
store_665,2015-08-28,2739.415,11005.165
store_665,2015-08-29,2579.46,9889.025
store_666,2015-07-20,1144.55,8340.755
store_666,2015-07-21,1050.915,7530.48
store_666,2015-07-22,978.17,6885.725
store_666,2015-07-23,1003.195,7098.725
store_666,2015-07-24,1004.305,7032.71
store_666,2015-07-25,1104.73,7515.245
store_666,2015-07-26,776.965,5223.28
store_666,2015-07-27,1242.48,11043.675
store_666,2015-07-28,1193.28,10408.35
store_666,2015-07-29,1188.685,9873.375
store_666,2015-07-30,1191.205,9758.57
store_666,2015-07-31,1195.97,9736.25
store_666,2015-08-01,1147.09,8464.375
store_666,2015-08-02,828.355,5549.695
store_666,2015-08-03,1336.695,11539.33
store_666,2015-08-04,1240.35,10319.81
store_666,2015-08-05,1168.22,9399.445
store_666,2015-08-06,1149.56,9405.63
store_666,2015-08-07,1113.52,9200.29
store_666,2015-08-08,1132.34,8391.315
store_666,2015-08-09,810.565,5729.545
store_666,2015-08-10,1167.785,8709.4
store_666,2015-08-11,1097.65,8189.49
store_666,2015-08-12,1053.305,7766.0
store_666,2015-08-13,1016.56,7741.025
store_666,2015-08-14,1009.02,7558.74
store_666,2015-08-15,1104.06,8169.685
store_666,2015-08-16,818.535,5874.06
store_666,2015-08-17,1212.69,10538.09
store_666,2015-08-18,1160.395,9858.135
store_666,2015-08-19,1109.605,9101.985
store_666,2015-08-20,1133.06,8944.57
store_666,2015-08-21,1138.85,8841.14
store_666,2015-08-22,1088.755,7920.17
store_666,2015-08-23,815.005,5802.215
store_666,2015-08-24,1225.78,9102.39
store_666,2015-08-25,1124.83,8561.445
store_666,2015-08-26,1027.545,7933.2
store_666,2015-08-27,1023.27,7960.535
store_666,2015-08-28,1029.105,7998.0
store_666,2015-08-29,1067.7,8195.595
store_667,2015-07-20,565.555,4007.19
store_667,2015-07-21,529.525,3890.74
store_667,2015-07-22,526.185,3907.305
store_667,2015-07-23,521.15,3777.085
store_667,2015-07-24,542.67,4087.33
store_667,2015-07-25,374.635,2735.045
store_667,2015-07-26,0.0,0.0
store_667,2015-07-27,764.09,7803.15
store_667,2015-07-28,702.075,6812.875
store_667,2015-07-29,671.875,5919.01
store_667,2015-07-30,648.19,5249.59
store_667,2015-07-31,651.415,5376.925
store_667,2015-08-01,386.245,2927.465
store_667,2015-08-02,0.0,0.0
store_667,2015-08-03,790.685,7795.46
store_667,2015-08-04,665.22,6242.11
store_667,2015-08-05,608.205,5517.985
store_667,2015-08-06,599.55,4961.265
store_667,2015-08-07,575.78,4896.825
store_667,2015-08-08,368.63,2782.795
store_667,2015-08-09,0.0,0.0
store_667,2015-08-10,572.815,4337.765
store_667,2015-08-11,541.155,4068.27
store_667,2015-08-12,516.12,3870.83
store_667,2015-08-13,515.8,3761.76
store_667,2015-08-14,512.49,3807.53
store_667,2015-08-15,375.09,2793.995
store_667,2015-08-16,0.0,0.0
store_667,2015-08-17,776.71,7251.96
store_667,2015-08-18,687.4,5863.89
store_667,2015-08-19,635.215,5214.3
store_667,2015-08-20,605.23,4817.64
store_667,2015-08-21,590.96,4620.49
store_667,2015-08-22,377.755,2687.06
store_667,2015-08-23,0.0,0.0
store_667,2015-08-24,567.835,4014.315
store_667,2015-08-25,526.42,3797.63
store_667,2015-08-26,519.935,3807.855
store_667,2015-08-27,531.24,3812.865
store_667,2015-08-28,526.415,3814.145
store_667,2015-08-29,365.735,2705.75
store_668,2015-07-20,1069.74,9723.575
store_668,2015-07-21,928.845,8720.09
store_668,2015-07-22,855.555,7907.8
store_668,2015-07-23,922.54,8296.465
store_668,2015-07-24,926.195,8704.725
store_668,2015-07-25,873.795,8503.645
store_668,2015-07-26,0.0,0.0
store_668,2015-07-27,1252.2,15527.805
store_668,2015-07-28,1119.335,13284.95
store_668,2015-07-29,1058.205,11943.27
store_668,2015-07-30,1088.485,11946.435
store_668,2015-07-31,1123.91,12296.02
store_668,2015-08-01,928.22,8912.805
store_668,2015-08-02,0.0,0.0
store_668,2015-08-03,1292.97,15112.83
store_668,2015-08-04,1115.97,12490.51
store_668,2015-08-05,1009.4,10964.075
store_668,2015-08-06,1017.22,10928.52
store_668,2015-08-07,1027.035,10911.925
store_668,2015-08-08,921.13,9014.35
store_668,2015-08-09,0.0,0.0
store_668,2015-08-10,1049.01,9947.845
store_668,2015-08-11,957.635,9349.93
store_668,2015-08-12,912.44,8762.79
store_668,2015-08-13,925.005,9086.93
store_668,2015-08-14,960.33,9308.87
store_668,2015-08-15,894.73,8803.595
store_668,2015-08-16,0.0,0.0
store_668,2015-08-17,1293.26,15144.315
store_668,2015-08-18,1153.67,12643.08
store_668,2015-08-19,1073.74,11436.045
store_668,2015-08-20,1045.155,11063.765
store_668,2015-08-21,1046.865,10966.51
store_668,2015-08-22,887.9,8542.36
store_668,2015-08-23,0.0,0.0
store_668,2015-08-24,993.21,9246.01
store_668,2015-08-25,902.485,8706.495
store_668,2015-08-26,873.67,8488.725
store_668,2015-08-27,894.355,8947.325
store_668,2015-08-28,939.175,9469.175
store_668,2015-08-29,881.98,8685.865
store_669,2015-07-20,406.84,4703.69
store_669,2015-07-21,359.75,4442.895
store_669,2015-07-22,382.12,4587.35
store_669,2015-07-23,372.88,4501.77
store_669,2015-07-24,402.13,5079.89
store_669,2015-07-25,412.365,5282.405
store_669,2015-07-26,0.0,0.0
store_669,2015-07-27,529.795,7761.58
store_669,2015-07-28,484.0,7031.975
store_669,2015-07-29,473.765,6634.395
store_669,2015-07-30,453.625,6208.06
store_669,2015-07-31,472.68,6465.485
store_669,2015-08-01,431.565,5397.96
store_669,2015-08-02,0.0,0.0
store_669,2015-08-03,554.99,7799.645
store_669,2015-08-04,472.445,6583.055
store_669,2015-08-05,451.69,6183.085
store_669,2015-08-06,460.42,6026.56
store_669,2015-08-07,469.35,6383.305
store_669,2015-08-08,444.42,5699.405
store_669,2015-08-09,0.0,0.0
store_669,2015-08-10,426.9,5165.16
store_669,2015-08-11,385.81,4872.73
store_669,2015-08-12,379.69,4728.625
store_669,2015-08-13,400.38,4870.225
store_669,2015-08-14,429.2,5473.53
store_669,2015-08-15,429.015,5438.32
store_669,2015-08-16,0.0,0.0
store_669,2015-08-17,560.25,7936.455
store_669,2015-08-18,499.395,6871.81
store_669,2015-08-19,478.16,6466.98
store_669,2015-08-20,465.545,6215.285
store_669,2015-08-21,486.06,6415.595
store_669,2015-08-22,437.43,5460.13
store_669,2015-08-23,0.0,0.0
store_669,2015-08-24,438.1,5554.24
store_669,2015-08-25,383.405,4964.305
store_669,2015-08-26,390.955,4896.695
store_669,2015-08-27,402.29,5193.67
store_669,2015-08-28,423.85,5642.985
store_669,2015-08-29,433.4,5580.84
store_67,2015-07-20,543.71,5819.02
store_67,2015-07-21,483.995,5117.12
store_67,2015-07-22,492.77,5219.47
store_67,2015-07-23,517.435,5456.685
store_67,2015-07-24,555.67,5976.055
store_67,2015-07-25,582.38,6433.705
store_67,2015-07-26,0.0,0.0
store_67,2015-07-27,725.575,9985.815
store_67,2015-07-28,606.035,8164.03
store_67,2015-07-29,601.235,7493.715
store_67,2015-07-30,630.24,7395.365
store_67,2015-07-31,671.82,8139.73
store_67,2015-08-01,612.88,6909.725
store_67,2015-08-02,0.0,0.0
store_67,2015-08-03,754.71,10214.26
store_67,2015-08-04,612.955,7783.985
store_67,2015-08-05,585.76,7185.675
store_67,2015-08-06,597.255,7099.32
store_67,2015-08-07,624.91,7342.74
store_67,2015-08-08,609.07,6686.035
store_67,2015-08-09,0.0,0.0
store_67,2015-08-10,557.555,6112.245
store_67,2015-08-11,503.985,5531.875
store_67,2015-08-12,509.035,5490.52
store_67,2015-08-13,545.315,5692.45
store_67,2015-08-14,578.67,6297.93
store_67,2015-08-15,574.57,6579.315
store_67,2015-08-16,0.0,0.0
store_67,2015-08-17,785.44,10163.1
store_67,2015-08-18,644.16,8102.18
store_67,2015-08-19,614.57,7262.32
store_67,2015-08-20,620.835,7234.86
store_67,2015-08-21,658.87,7700.185
store_67,2015-08-22,602.48,6571.795
store_67,2015-08-23,0.0,0.0
store_67,2015-08-24,576.12,6238.325
store_67,2015-08-25,506.235,5697.615
store_67,2015-08-26,516.5,5582.96
store_67,2015-08-27,549.085,5868.665
store_67,2015-08-28,587.905,6757.1
store_67,2015-08-29,572.855,6613.475
store_670,2015-07-20,505.835,4571.775
store_670,2015-07-21,445.825,3967.935
store_670,2015-07-22,455.88,4041.175
store_670,2015-07-23,467.31,3975.135
store_670,2015-07-24,471.595,4127.915
store_670,2015-07-25,450.8,4094.265
store_670,2015-07-26,0.0,0.0
store_670,2015-07-27,728.615,8488.275
store_670,2015-07-28,616.675,7105.22
store_670,2015-07-29,601.705,6455.23
store_670,2015-07-30,609.76,6012.095
store_670,2015-07-31,560.365,5584.76
store_670,2015-08-01,486.18,4343.805
store_670,2015-08-02,0.0,0.0
store_670,2015-08-03,823.1,8920.425
store_670,2015-08-04,631.52,6760.23
store_670,2015-08-05,579.01,6190.015
store_670,2015-08-06,559.065,5584.91
store_670,2015-08-07,549.225,5259.645
store_670,2015-08-08,476.22,4352.845
store_670,2015-08-09,0.0,0.0
store_670,2015-08-10,614.08,5623.13
store_670,2015-08-11,581.32,5399.845
store_670,2015-08-12,551.345,5283.985
store_670,2015-08-13,542.705,5079.045
store_670,2015-08-14,536.545,4785.065
store_670,2015-08-15,490.13,4495.405
store_670,2015-08-16,0.0,0.0
store_670,2015-08-17,801.6,8951.295
store_670,2015-08-18,706.045,7762.675
store_670,2015-08-19,666.795,6969.4
store_670,2015-08-20,666.96,6573.99
store_670,2015-08-21,646.575,6209.625
store_670,2015-08-22,517.84,4754.82
store_670,2015-08-23,0.0,0.0
store_670,2015-08-24,696.33,7167.7
store_670,2015-08-25,625.77,6593.41
store_670,2015-08-26,615.54,6418.085
store_670,2015-08-27,601.655,6200.955
store_670,2015-08-28,595.65,5896.145
store_670,2015-08-29,500.62,4883.05
store_671,2015-07-20,548.63,4861.79
store_671,2015-07-21,518.225,4566.79
store_671,2015-07-22,516.54,4422.795
store_671,2015-07-23,542.71,4577.63
store_671,2015-07-24,575.79,4752.815
store_671,2015-07-25,346.705,2942.0
store_671,2015-07-26,0.0,0.0
store_671,2015-07-27,680.2,7652.81
store_671,2015-07-28,610.04,6876.265
store_671,2015-07-29,594.625,6110.7
store_671,2015-07-30,615.765,5911.075
store_671,2015-07-31,631.705,5994.1
store_671,2015-08-01,365.15,3168.89
store_671,2015-08-02,0.0,0.0
store_671,2015-08-03,732.525,8198.35
store_671,2015-08-04,621.7,6660.38
store_671,2015-08-05,590.59,6071.78
store_671,2015-08-06,598.0,6062.65
store_671,2015-08-07,612.275,5809.24
store_671,2015-08-08,363.735,3220.21
store_671,2015-08-09,0.0,0.0
store_671,2015-08-10,565.47,5150.095
store_671,2015-08-11,521.815,4795.935
store_671,2015-08-12,510.905,4639.56
store_671,2015-08-13,545.295,4997.85
store_671,2015-08-14,567.98,5055.825
store_671,2015-08-15,355.76,3139.495
store_671,2015-08-16,0.0,0.0
store_671,2015-08-17,724.335,7869.53
store_671,2015-08-18,634.135,6710.32
store_671,2015-08-19,616.73,6142.785
store_671,2015-08-20,619.0,6139.025
store_671,2015-08-21,640.22,6164.695
store_671,2015-08-22,374.715,3236.2
store_671,2015-08-23,0.0,0.0
store_671,2015-08-24,569.73,5054.095
store_671,2015-08-25,515.23,4764.5
store_671,2015-08-26,518.035,4814.225
store_671,2015-08-27,548.955,5264.38
store_671,2015-08-28,596.235,5700.405
store_671,2015-08-29,363.29,3331.205
store_672,2015-07-20,418.215,4285.875
store_672,2015-07-21,359.185,3665.83
store_672,2015-07-22,352.215,3454.85
store_672,2015-07-23,376.505,3548.63
store_672,2015-07-24,380.64,3649.08
store_672,2015-07-25,234.64,2337.13
store_672,2015-07-26,0.0,0.0
store_672,2015-07-27,563.665,7464.9
store_672,2015-07-28,474.945,5782.69
store_672,2015-07-29,457.785,5116.75
store_672,2015-07-30,458.88,4737.29
store_672,2015-07-31,434.14,4471.975
store_672,2015-08-01,228.215,2256.33
store_672,2015-08-02,0.0,0.0
store_672,2015-08-03,566.855,7193.645
store_672,2015-08-04,471.145,5484.33
store_672,2015-08-05,441.54,4840.78
store_672,2015-08-06,459.5,4669.82
store_672,2015-08-07,454.375,4622.9
store_672,2015-08-08,237.69,2228.84
store_672,2015-08-09,0.0,0.0
store_672,2015-08-10,431.125,4182.315
store_672,2015-08-11,399.39,3778.67
store_672,2015-08-12,401.66,3788.615
store_672,2015-08-13,413.305,3893.95
store_672,2015-08-14,421.99,3847.88
store_672,2015-08-15,233.55,2148.375
store_672,2015-08-16,0.0,0.0
store_672,2015-08-17,574.65,6700.975
store_672,2015-08-18,505.185,5493.375
store_672,2015-08-19,483.025,4996.375
store_672,2015-08-20,485.82,4848.22
store_672,2015-08-21,473.765,4684.99
store_672,2015-08-22,234.24,2105.095
store_672,2015-08-23,0.0,0.0
store_672,2015-08-24,446.61,4000.355
store_672,2015-08-25,400.55,3732.595
store_672,2015-08-26,395.9,3742.115
store_672,2015-08-27,401.26,3802.66
store_672,2015-08-28,424.95,3859.65
store_672,2015-08-29,238.2,2105.99
store_673,2015-07-20,653.11,7003.715
store_673,2015-07-21,609.42,6268.06
store_673,2015-07-22,591.68,6475.075
store_673,2015-07-23,591.345,6266.165
store_673,2015-07-24,596.895,6194.69
store_673,2015-07-25,579.885,5798.425
store_673,2015-07-26,0.0,0.0
store_673,2015-07-27,859.605,10949.325
store_673,2015-07-28,808.875,9553.645
store_673,2015-07-29,816.14,8986.09
store_673,2015-07-30,811.31,8401.01
store_673,2015-07-31,758.68,7745.385
store_673,2015-08-01,639.905,5780.34
store_673,2015-08-02,0.0,0.0
store_673,2015-08-03,902.425,10445.29
store_673,2015-08-04,761.51,8593.7
store_673,2015-08-05,727.59,7983.3
store_673,2015-08-06,725.3,7830.15
store_673,2015-08-07,709.205,7349.125
store_673,2015-08-08,638.235,5883.53
store_673,2015-08-09,0.0,0.0
store_673,2015-08-10,672.29,6471.59
store_673,2015-08-11,625.715,5875.945
store_673,2015-08-12,623.01,5784.665
store_673,2015-08-13,645.51,6029.39
store_673,2015-08-14,676.515,6060.455
store_673,2015-08-15,659.815,5733.145
store_673,2015-08-16,0.0,0.0
store_673,2015-08-17,899.33,9278.745
store_673,2015-08-18,764.415,7889.63
store_673,2015-08-19,739.145,7126.455
store_673,2015-08-20,745.715,6968.405
store_673,2015-08-21,747.835,6671.62
store_673,2015-08-22,680.45,5547.305
store_673,2015-08-23,0.0,0.0
store_673,2015-08-24,664.73,5622.795
store_673,2015-08-25,609.55,5202.405
store_673,2015-08-26,620.995,5170.275
store_673,2015-08-27,633.965,5441.8
store_673,2015-08-28,674.28,5590.235
store_673,2015-08-29,676.875,5521.795
store_674,2015-07-20,717.26,6102.03
store_674,2015-07-21,656.34,5581.095
store_674,2015-07-22,619.295,5503.945
store_674,2015-07-23,669.185,5909.545
store_674,2015-07-24,679.66,6054.9
store_674,2015-07-25,556.025,5346.035
store_674,2015-07-26,0.0,0.0
store_674,2015-07-27,874.175,9597.115
store_674,2015-07-28,760.775,8125.05
store_674,2015-07-29,735.98,7725.6
store_674,2015-07-30,773.87,8063.485
store_674,2015-07-31,786.355,7835.98
store_674,2015-08-01,588.82,5550.265
store_674,2015-08-02,0.0,0.0
store_674,2015-08-03,923.68,10639.055
store_674,2015-08-04,789.49,8086.465
store_674,2015-08-05,719.335,7510.05
store_674,2015-08-06,743.69,7549.68
store_674,2015-08-07,742.65,7482.545
store_674,2015-08-08,570.06,5469.48
store_674,2015-08-09,0.0,0.0
store_674,2015-08-10,731.01,6723.72
store_674,2015-08-11,686.255,6206.935
store_674,2015-08-12,633.95,5806.09
store_674,2015-08-13,667.515,6163.02
store_674,2015-08-14,679.605,6393.385
store_674,2015-08-15,567.29,5388.355
store_674,2015-08-16,0.0,0.0
store_674,2015-08-17,914.28,10260.445
store_674,2015-08-18,809.27,8569.01
store_674,2015-08-19,747.57,7617.955
store_674,2015-08-20,775.83,7608.885
store_674,2015-08-21,763.875,7627.51
store_674,2015-08-22,573.73,5331.99
store_674,2015-08-23,0.0,0.0
store_674,2015-08-24,720.125,6412.96
store_674,2015-08-25,640.64,5973.205
store_674,2015-08-26,627.5,5803.87
store_674,2015-08-27,655.185,6142.335
store_674,2015-08-28,667.895,6450.9
store_674,2015-08-29,543.365,5229.19
store_675,2015-07-20,3353.615,20537.21
store_675,2015-07-21,3229.525,18802.87
store_675,2015-07-22,3218.97,18755.275
store_675,2015-07-23,3229.6,19111.94
store_675,2015-07-24,3434.805,20149.49
store_675,2015-07-25,3482.695,21401.76
store_675,2015-07-26,0.0,0.0
store_675,2015-07-27,3668.74,26114.345
store_675,2015-07-28,3491.03,23793.535
store_675,2015-07-29,3476.14,23402.9
store_675,2015-07-30,3472.995,23009.415
store_675,2015-07-31,3720.405,23810.76
store_675,2015-08-01,3607.63,21472.2
store_675,2015-08-02,0.0,0.0
store_675,2015-08-03,3568.365,24367.61
store_675,2015-08-04,3508.755,22739.535
store_675,2015-08-05,3519.035,22483.795
store_675,2015-08-06,3529.22,22582.39
store_675,2015-08-07,3701.265,23446.19
store_675,2015-08-08,3581.08,21639.405
store_675,2015-08-09,0.0,0.0
store_675,2015-08-10,3361.895,20724.17
store_675,2015-08-11,3281.98,19469.74
store_675,2015-08-12,3292.835,19500.155
store_675,2015-08-13,3268.68,19363.48
store_675,2015-08-14,3593.895,20746.995
store_675,2015-08-15,3582.08,21488.035
store_675,2015-08-16,0.0,0.0
store_675,2015-08-17,3582.66,24759.46
store_675,2015-08-18,3416.375,22366.62
store_675,2015-08-19,3406.085,21778.77
store_675,2015-08-20,3415.945,21687.56
store_675,2015-08-21,3698.74,23418.175
store_675,2015-08-22,3602.805,21365.395
store_675,2015-08-23,0.0,0.0
store_675,2015-08-24,3284.92,19791.21
store_675,2015-08-25,3157.53,19025.765
store_675,2015-08-26,3148.2,18993.36
store_675,2015-08-27,3130.505,18934.68
store_675,2015-08-28,3454.295,20661.505
store_675,2015-08-29,3603.625,21290.605
store_676,2015-07-20,461.505,6295.86
store_676,2015-07-21,408.465,5549.67
store_676,2015-07-22,406.025,5347.66
store_676,2015-07-23,410.215,5490.785
store_676,2015-07-24,440.8,5887.08
store_676,2015-07-25,485.45,6693.7
store_676,2015-07-26,0.0,0.0
store_676,2015-07-27,644.365,10523.095
store_676,2015-07-28,561.835,9001.395
store_676,2015-07-29,518.3,8045.09
store_676,2015-07-30,510.94,7699.6
store_676,2015-07-31,530.44,7802.505
store_676,2015-08-01,508.845,6765.595
store_676,2015-08-02,0.0,0.0
store_676,2015-08-03,668.97,10672.14
store_676,2015-08-04,538.195,8462.34
store_676,2015-08-05,499.52,7264.56
store_676,2015-08-06,485.405,7065.695
store_676,2015-08-07,498.185,7292.775
store_676,2015-08-08,495.58,6971.225
store_676,2015-08-09,0.0,0.0
store_676,2015-08-10,511.755,7352.51
store_676,2015-08-11,460.505,6650.645
store_676,2015-08-12,438.865,6037.9
store_676,2015-08-13,459.24,6144.28
store_676,2015-08-14,474.71,6590.28
store_676,2015-08-15,502.975,6970.85
store_676,2015-08-16,0.0,0.0
store_676,2015-08-17,662.075,10127.085
store_676,2015-08-18,534.42,8355.795
store_676,2015-08-19,517.655,7637.075
store_676,2015-08-20,526.005,7666.4
store_676,2015-08-21,536.96,7782.665
store_676,2015-08-22,514.5,6995.23
store_676,2015-08-23,0.0,0.0
store_676,2015-08-24,481.72,7017.92
store_676,2015-08-25,412.725,6237.66
store_676,2015-08-26,428.345,6224.255
store_676,2015-08-27,454.14,6701.36
store_676,2015-08-28,474.05,7158.735
store_676,2015-08-29,516.44,7194.525
store_68,2015-07-20,737.91,5705.295
store_68,2015-07-21,686.885,5304.6
store_68,2015-07-22,681.08,5222.705
store_68,2015-07-23,674.895,5227.87
store_68,2015-07-24,705.865,5217.155
store_68,2015-07-25,706.77,5361.295
store_68,2015-07-26,0.0,0.0
store_68,2015-07-27,834.12,7700.355
store_68,2015-07-28,774.795,7201.27
store_68,2015-07-29,782.29,6852.38
store_68,2015-07-30,784.46,6658.4
store_68,2015-07-31,786.22,6554.39
store_68,2015-08-01,750.635,5917.43
store_68,2015-08-02,0.0,0.0
store_68,2015-08-03,902.18,7952.41
store_68,2015-08-04,799.04,6916.41
store_68,2015-08-05,761.505,6598.475
store_68,2015-08-06,754.095,6330.64
store_68,2015-08-07,751.37,6170.52
store_68,2015-08-08,723.63,5692.595
store_68,2015-08-09,0.0,0.0
store_68,2015-08-10,768.47,5813.45
store_68,2015-08-11,701.39,5335.91
store_68,2015-08-12,673.925,5070.37
store_68,2015-08-13,662.225,5112.81
store_68,2015-08-14,678.005,5103.51
store_68,2015-08-15,712.825,5473.605
store_68,2015-08-16,0.0,0.0
store_68,2015-08-17,850.61,7457.07
store_68,2015-08-18,779.23,6746.245
store_68,2015-08-19,755.425,6256.965
store_68,2015-08-20,757.57,6161.49
store_68,2015-08-21,749.255,5964.085
store_68,2015-08-22,701.8,5352.705
store_68,2015-08-23,0.0,0.0
store_68,2015-08-24,734.995,5466.74
store_68,2015-08-25,669.415,4949.42
store_68,2015-08-26,644.78,4796.51
store_68,2015-08-27,661.91,5076.42
store_68,2015-08-28,661.265,5184.445
store_68,2015-08-29,694.585,5387.185
store_69,2015-07-20,421.305,3380.855
store_69,2015-07-21,384.555,2932.015
store_69,2015-07-22,405.055,2946.66
store_69,2015-07-23,422.555,3133.89
store_69,2015-07-24,444.215,3375.275
store_69,2015-07-25,271.935,2216.505
store_69,2015-07-26,0.0,0.0
store_69,2015-07-27,576.21,5228.735
store_69,2015-07-28,494.365,4663.685
store_69,2015-07-29,490.23,4287.075
store_69,2015-07-30,494.17,4090.53
store_69,2015-07-31,521.07,4219.49
store_69,2015-08-01,288.26,2257.885
store_69,2015-08-02,0.0,0.0
store_69,2015-08-03,634.15,5618.96
store_69,2015-08-04,516.125,4538.385
store_69,2015-08-05,472.845,3991.04
store_69,2015-08-06,482.01,3945.675
store_69,2015-08-07,487.585,3884.995
store_69,2015-08-08,281.005,2179.945
store_69,2015-08-09,0.0,0.0
store_69,2015-08-10,487.02,3627.025
store_69,2015-08-11,454.84,3357.37
store_69,2015-08-12,434.555,3198.81
store_69,2015-08-13,456.51,3364.1
store_69,2015-08-14,456.825,3386.79
store_69,2015-08-15,279.46,2148.43
store_69,2015-08-16,0.0,0.0
store_69,2015-08-17,638.15,5481.285
store_69,2015-08-18,541.775,4688.3
store_69,2015-08-19,508.985,4106.055
store_69,2015-08-20,514.445,4088.475
store_69,2015-08-21,526.01,4156.39
store_69,2015-08-22,291.33,2200.005
store_69,2015-08-23,0.0,0.0
store_69,2015-08-24,500.865,3655.375
store_69,2015-08-25,454.855,3440.72
store_69,2015-08-26,443.835,3393.895
store_69,2015-08-27,458.14,3503.23
store_69,2015-08-28,467.185,3570.8
store_69,2015-08-29,295.65,2312.69
store_7,2015-07-20,1016.97,6562.835
store_7,2015-07-21,1008.06,6261.88
store_7,2015-07-22,1022.385,6447.675
store_7,2015-07-23,1013.19,6488.93
store_7,2015-07-24,973.19,6396.27
store_7,2015-07-25,768.61,5542.925
store_7,2015-07-26,0.0,0.0
store_7,2015-07-27,1255.045,10151.635
store_7,2015-07-28,1191.74,9497.415
store_7,2015-07-29,1172.625,9304.56
store_7,2015-07-30,1136.125,8534.23
store_7,2015-07-31,1105.415,7859.745
store_7,2015-08-01,809.47,5739.77
store_7,2015-08-02,0.0,0.0
store_7,2015-08-03,1310.075,10634.495
store_7,2015-08-04,1165.585,9193.945
store_7,2015-08-05,1119.295,8625.725
store_7,2015-08-06,1102.375,8175.27
store_7,2015-08-07,1060.39,7764.275
store_7,2015-08-08,822.56,5996.3
store_7,2015-08-09,0.0,0.0
store_7,2015-08-10,1085.865,7256.16
store_7,2015-08-11,1018.21,6772.15
store_7,2015-08-12,1011.075,6783.815
store_7,2015-08-13,1015.8,6939.2
store_7,2015-08-14,1020.055,6910.19
store_7,2015-08-15,826.825,5865.0
store_7,2015-08-16,0.0,0.0
store_7,2015-08-17,1292.315,9994.81
store_7,2015-08-18,1197.44,9003.44
store_7,2015-08-19,1142.575,8416.62
store_7,2015-08-20,1163.955,8221.72
store_7,2015-08-21,1119.78,7880.28
store_7,2015-08-22,835.655,5909.51
store_7,2015-08-23,0.0,0.0
store_7,2015-08-24,1034.7,6880.375
store_7,2015-08-25,982.545,6550.605
store_7,2015-08-26,983.315,6588.115
store_7,2015-08-27,1005.055,6904.54
store_7,2015-08-28,1047.23,7041.56
store_7,2015-08-29,848.16,5924.025
store_70,2015-07-20,723.695,7827.185
store_70,2015-07-21,644.495,6971.28
store_70,2015-07-22,636.655,6938.97
store_70,2015-07-23,650.88,7052.5
store_70,2015-07-24,639.645,6989.57
store_70,2015-07-25,710.075,7904.01
store_70,2015-07-26,0.0,0.0
store_70,2015-07-27,927.885,13514.45
store_70,2015-07-28,809.135,11455.21
store_70,2015-07-29,823.35,11072.6
store_70,2015-07-30,813.95,10765.5
store_70,2015-07-31,774.015,10190.265
store_70,2015-08-01,714.66,8489.16
store_70,2015-08-02,0.0,0.0
store_70,2015-08-03,976.95,13877.845
store_70,2015-08-04,799.965,10520.195
store_70,2015-08-05,743.94,9768.625
store_70,2015-08-06,743.45,9511.28
store_70,2015-08-07,733.99,9228.265
store_70,2015-08-08,712.235,8558.9
store_70,2015-08-09,0.0,0.0
store_70,2015-08-10,724.61,8436.855
store_70,2015-08-11,652.36,7921.56
store_70,2015-08-12,654.28,7827.91
store_70,2015-08-13,661.795,7977.83
store_70,2015-08-14,683.935,8105.825
store_70,2015-08-15,718.005,8656.11
store_70,2015-08-16,0.0,0.0
store_70,2015-08-17,948.025,13575.73
store_70,2015-08-18,816.99,10907.655
store_70,2015-08-19,754.635,9917.79
store_70,2015-08-20,764.86,9820.49
store_70,2015-08-21,755.905,9694.955
store_70,2015-08-22,738.885,8523.27
store_70,2015-08-23,0.0,0.0
store_70,2015-08-24,741.96,8792.31
store_70,2015-08-25,645.26,8126.215
store_70,2015-08-26,634.355,7926.25
store_70,2015-08-27,657.46,8471.7
store_70,2015-08-28,681.11,8766.915
store_70,2015-08-29,724.09,8885.93
store_71,2015-07-20,640.705,5269.23
store_71,2015-07-21,589.83,4808.76
store_71,2015-07-22,569.25,4779.51
store_71,2015-07-23,577.865,4829.29
store_71,2015-07-24,619.78,5035.045
store_71,2015-07-25,494.61,4435.575
store_71,2015-07-26,0.0,0.0
store_71,2015-07-27,785.55,8329.515
store_71,2015-07-28,717.87,7526.02
store_71,2015-07-29,705.655,7231.465
store_71,2015-07-30,693.395,7014.475
store_71,2015-07-31,699.655,6824.875
store_71,2015-08-01,505.635,4647.665
store_71,2015-08-02,0.0,0.0
store_71,2015-08-03,830.26,8682.19
store_71,2015-08-04,724.1,7375.955
store_71,2015-08-05,682.625,6770.36
store_71,2015-08-06,666.315,6436.64
store_71,2015-08-07,657.865,6300.425
store_71,2015-08-08,507.05,4542.68
store_71,2015-08-09,0.0,0.0
store_71,2015-08-10,690.12,5774.005
store_71,2015-08-11,629.515,5357.36
store_71,2015-08-12,627.615,5246.565
store_71,2015-08-13,627.84,5230.81
store_71,2015-08-14,630.515,5318.495
store_71,2015-08-15,504.43,4479.54
store_71,2015-08-16,0.0,0.0
store_71,2015-08-17,848.545,8696.665
store_71,2015-08-18,763.1,7508.03
store_71,2015-08-19,719.515,6859.88
store_71,2015-08-20,717.105,6709.325
store_71,2015-08-21,697.58,6573.56
store_71,2015-08-22,517.49,4546.52
store_71,2015-08-23,0.0,0.0
store_71,2015-08-24,726.0,6210.035
store_71,2015-08-25,657.84,5867.18
store_71,2015-08-26,629.34,5547.64
store_71,2015-08-27,642.855,5862.99
store_71,2015-08-28,648.665,5922.21
store_71,2015-08-29,518.68,4637.17
store_72,2015-07-20,611.36,6326.235
store_72,2015-07-21,537.56,5580.775
store_72,2015-07-22,542.03,5587.1
store_72,2015-07-23,563.87,5610.955
store_72,2015-07-24,580.43,5906.635
store_72,2015-07-25,519.03,5565.28
store_72,2015-07-26,0.0,0.0
store_72,2015-07-27,746.87,9705.825
store_72,2015-07-28,662.545,8610.08
store_72,2015-07-29,648.74,7778.95
store_72,2015-07-30,667.865,7416.365
store_72,2015-07-31,677.13,7421.535
store_72,2015-08-01,545.665,5652.51
store_72,2015-08-02,0.0,0.0
store_72,2015-08-03,759.66,9630.18
store_72,2015-08-04,656.825,7815.485
store_72,2015-08-05,627.47,7435.965
store_72,2015-08-06,628.105,7199.655
store_72,2015-08-07,626.655,7115.895
store_72,2015-08-08,558.995,5942.03
store_72,2015-08-09,0.0,0.0
store_72,2015-08-10,579.69,5925.155
store_72,2015-08-11,533.09,5429.835
store_72,2015-08-12,523.11,5297.855
store_72,2015-08-13,532.54,5409.705
store_72,2015-08-14,559.345,5676.585
store_72,2015-08-15,571.795,5718.055
store_72,2015-08-16,0.0,0.0
store_72,2015-08-17,767.025,9464.83
store_72,2015-08-18,662.07,7745.1
store_72,2015-08-19,625.625,7078.725
store_72,2015-08-20,648.045,7068.945
store_72,2015-08-21,666.76,7228.15
store_72,2015-08-22,568.575,5716.49
store_72,2015-08-23,0.0,0.0
store_72,2015-08-24,540.455,5374.05
store_72,2015-08-25,476.335,4929.13
store_72,2015-08-26,493.08,4990.765
store_72,2015-08-27,518.34,5265.49
store_72,2015-08-28,552.75,5630.325
store_72,2015-08-29,552.975,5666.85
store_73,2015-07-20,1275.08,10364.315
store_73,2015-07-21,1076.205,9036.205
store_73,2015-07-22,1000.75,8441.15
store_73,2015-07-23,986.485,8156.28
store_73,2015-07-24,1037.49,8349.38
store_73,2015-07-25,1047.575,8203.68
store_73,2015-07-26,624.03,4855.16
store_73,2015-07-27,1387.08,12678.85
store_73,2015-07-28,1221.94,11926.24
store_73,2015-07-29,1140.155,11497.39
store_73,2015-07-30,1136.64,11129.305
store_73,2015-07-31,1171.77,11152.365
store_73,2015-08-01,1059.805,8905.325
store_73,2015-08-02,649.08,5016.44
store_73,2015-08-03,1416.23,13408.49
store_73,2015-08-04,1265.2,11359.925
store_73,2015-08-05,1167.15,11184.42
store_73,2015-08-06,1174.9,10705.47
store_73,2015-08-07,1148.37,10476.815
store_73,2015-08-08,1042.525,8853.79
store_73,2015-08-09,727.385,5664.95
store_73,2015-08-10,1233.075,10665.025
store_73,2015-08-11,1219.1,10043.39
store_73,2015-08-12,1165.955,9581.45
store_73,2015-08-13,1122.105,9173.975
store_73,2015-08-14,1096.21,9149.265
store_73,2015-08-15,972.01,8907.77
store_73,2015-08-16,742.645,5932.85
store_73,2015-08-17,1289.61,12515.685
store_73,2015-08-18,1188.685,11315.225
store_73,2015-08-19,1120.225,10729.175
store_73,2015-08-20,1135.81,10701.035
store_73,2015-08-21,1139.91,10641.455
store_73,2015-08-22,1030.535,9039.06
store_73,2015-08-23,829.515,6411.345
store_73,2015-08-24,1231.025,10295.42
store_73,2015-08-25,1192.7,10174.415
store_73,2015-08-26,1088.2,9560.115
store_73,2015-08-27,1035.17,9345.27
store_73,2015-08-28,1018.42,9440.14
store_73,2015-08-29,983.05,9407.785
store_74,2015-07-20,452.55,3553.945
store_74,2015-07-21,480.36,4078.745
store_74,2015-07-22,478.75,3924.765
store_74,2015-07-23,482.38,3791.05
store_74,2015-07-24,514.465,4202.08
store_74,2015-07-25,301.81,2596.44
store_74,2015-07-26,0.0,0.0
store_74,2015-07-27,542.575,4877.05
store_74,2015-07-28,552.395,5233.795
store_74,2015-07-29,529.08,5147.475
store_74,2015-07-30,525.385,4715.225
store_74,2015-07-31,538.055,4877.725
store_74,2015-08-01,303.3,2659.57
store_74,2015-08-02,0.0,0.0
store_74,2015-08-03,578.815,5070.57
store_74,2015-08-04,546.1,4860.85
store_74,2015-08-05,502.83,4624.53
store_74,2015-08-06,518.27,4537.735
store_74,2015-08-07,540.36,4698.445
store_74,2015-08-08,303.385,2724.255
store_74,2015-08-09,0.0,0.0
store_74,2015-08-10,472.77,3553.71
store_74,2015-08-11,446.545,3472.415
store_74,2015-08-12,424.495,3452.95
store_74,2015-08-13,451.77,3599.8
store_74,2015-08-14,468.48,3802.01
store_74,2015-08-15,289.22,2463.59
store_74,2015-08-16,0.0,0.0
store_74,2015-08-17,629.55,5211.255
store_74,2015-08-18,567.505,4752.825
store_74,2015-08-19,527.265,4504.5
store_74,2015-08-20,534.15,4387.25
store_74,2015-08-21,542.315,4464.01
store_74,2015-08-22,289.335,2454.285
store_74,2015-08-23,0.0,0.0
store_74,2015-08-24,466.245,3423.875
store_74,2015-08-25,445.03,3261.985
store_74,2015-08-26,437.055,3371.81
store_74,2015-08-27,461.625,3583.4
store_74,2015-08-28,475.415,3756.44
store_74,2015-08-29,283.92,2471.1
store_75,2015-07-20,468.515,4171.97
store_75,2015-07-21,438.16,3971.725
store_75,2015-07-22,449.65,4241.615
store_75,2015-07-23,461.035,4394.14
store_75,2015-07-24,456.52,4290.825
store_75,2015-07-25,368.94,3618.93
store_75,2015-07-26,0.0,0.0
store_75,2015-07-27,600.95,7229.27
store_75,2015-07-28,522.33,6025.375
store_75,2015-07-29,528.095,5868.595
store_75,2015-07-30,544.825,5821.495
store_75,2015-07-31,553.23,5709.405
store_75,2015-08-01,366.14,3604.85
store_75,2015-08-02,0.0,0.0
store_75,2015-08-03,634.47,7479.385
store_75,2015-08-04,530.52,6001.375
store_75,2015-08-05,505.21,5657.81
store_75,2015-08-06,521.4,5606.44
store_75,2015-08-07,524.54,5352.675
store_75,2015-08-08,368.11,3437.12
store_75,2015-08-09,0.0,0.0
store_75,2015-08-10,453.335,4281.685
store_75,2015-08-11,432.07,3961.745
store_75,2015-08-12,422.92,4026.015
store_75,2015-08-13,451.34,4395.02
store_75,2015-08-14,493.865,4458.01
store_75,2015-08-15,366.39,3333.615
store_75,2015-08-16,0.0,0.0
store_75,2015-08-17,628.015,7072.2
store_75,2015-08-18,537.54,5876.5
store_75,2015-08-19,516.65,5496.6
store_75,2015-08-20,538.695,5549.145
store_75,2015-08-21,556.21,5634.93
store_75,2015-08-22,367.765,3336.0
store_75,2015-08-23,0.0,0.0
store_75,2015-08-24,442.025,3921.45
store_75,2015-08-25,407.225,3677.525
store_75,2015-08-26,409.68,3711.87
store_75,2015-08-27,437.285,4163.075
store_75,2015-08-28,515.61,4844.09
store_75,2015-08-29,374.51,3381.19
store_76,2015-07-20,635.31,7452.945
store_76,2015-07-21,566.53,6730.375
store_76,2015-07-22,583.89,6903.015
store_76,2015-07-23,602.73,7151.465
store_76,2015-07-24,622.85,7366.66
store_76,2015-07-25,613.33,7643.295
store_76,2015-07-26,0.0,0.0
store_76,2015-07-27,845.25,12791.535
store_76,2015-07-28,728.895,10480.075
store_76,2015-07-29,722.85,9883.15
store_76,2015-07-30,701.985,9713.085
store_76,2015-07-31,726.11,9932.88
store_76,2015-08-01,668.625,7977.78
store_76,2015-08-02,0.0,0.0
store_76,2015-08-03,890.275,12787.525
store_76,2015-08-04,723.585,9974.375
store_76,2015-08-05,691.62,9313.62
store_76,2015-08-06,674.22,9287.055
store_76,2015-08-07,684.01,9077.675
store_76,2015-08-08,651.455,7978.66
store_76,2015-08-09,0.0,0.0
store_76,2015-08-10,667.11,8300.62
store_76,2015-08-11,592.855,7654.715
store_76,2015-08-12,593.515,7529.68
store_76,2015-08-13,599.13,7763.735
store_76,2015-08-14,651.725,8250.13
store_76,2015-08-15,672.035,8298.255
store_76,2015-08-16,0.0,0.0
store_76,2015-08-17,880.88,12798.25
store_76,2015-08-18,751.095,10470.715
store_76,2015-08-19,739.625,9774.99
store_76,2015-08-20,712.58,9545.94
store_76,2015-08-21,727.175,9821.73
store_76,2015-08-22,675.635,8158.625
store_76,2015-08-23,0.0,0.0
store_76,2015-08-24,633.81,8138.42
store_76,2015-08-25,568.745,7430.345
store_76,2015-08-26,577.28,7376.795
store_76,2015-08-27,600.365,7818.32
store_76,2015-08-28,652.14,8759.49
store_76,2015-08-29,678.08,8591.48
store_77,2015-07-20,555.425,4627.39
store_77,2015-07-21,508.76,4220.26
store_77,2015-07-22,507.19,4256.81
store_77,2015-07-23,531.61,4440.62
store_77,2015-07-24,526.105,4443.215
store_77,2015-07-25,475.125,4219.89
store_77,2015-07-26,0.0,0.0
store_77,2015-07-27,641.35,6624.955
store_77,2015-07-28,600.925,6205.52
store_77,2015-07-29,587.31,5878.4
store_77,2015-07-30,602.79,5663.895
store_77,2015-07-31,599.125,5510.395
store_77,2015-08-01,481.86,4261.335
store_77,2015-08-02,0.0,0.0
store_77,2015-08-03,708.625,6997.655
store_77,2015-08-04,607.25,6022.77
store_77,2015-08-05,574.83,5658.685
store_77,2015-08-06,557.475,5321.155
store_77,2015-08-07,559.845,4991.235
store_77,2015-08-08,485.105,4145.215
store_77,2015-08-09,0.0,0.0
store_77,2015-08-10,562.18,4566.065
store_77,2015-08-11,525.195,4219.51
store_77,2015-08-12,500.185,4202.445
store_77,2015-08-13,492.235,4287.59
store_77,2015-08-14,496.12,4280.045
store_77,2015-08-15,470.765,4148.955
store_77,2015-08-16,0.0,0.0
store_77,2015-08-17,704.35,6558.675
store_77,2015-08-18,624.18,5824.59
store_77,2015-08-19,599.685,5438.755
store_77,2015-08-20,579.935,5283.83
store_77,2015-08-21,585.44,5213.86
store_77,2015-08-22,497.42,4281.12
store_77,2015-08-23,0.0,0.0
store_77,2015-08-24,589.07,4646.29
store_77,2015-08-25,501.795,4175.05
store_77,2015-08-26,500.525,4118.885
store_77,2015-08-27,502.195,4309.09
store_77,2015-08-28,513.995,4387.89
store_77,2015-08-29,478.845,4227.135
store_78,2015-07-20,513.005,4496.07
store_78,2015-07-21,450.375,4115.2
store_78,2015-07-22,458.045,4066.59
store_78,2015-07-23,458.61,4141.725
store_78,2015-07-24,441.5,3998.45
store_78,2015-07-25,468.685,4201.895
store_78,2015-07-26,0.0,0.0
store_78,2015-07-27,642.945,6950.955
store_78,2015-07-28,556.72,6041.065
store_78,2015-07-29,561.925,5534.605
store_78,2015-07-30,561.625,5272.45
store_78,2015-07-31,537.01,5006.36
store_78,2015-08-01,497.855,4522.03
store_78,2015-08-02,0.0,0.0
store_78,2015-08-03,701.085,7359.86
store_78,2015-08-04,575.945,6045.23
store_78,2015-08-05,536.63,5345.32
store_78,2015-08-06,535.345,4924.16
store_78,2015-08-07,501.815,4539.91
store_78,2015-08-08,472.3,4221.63
store_78,2015-08-09,0.0,0.0
store_78,2015-08-10,542.725,4569.11
store_78,2015-08-11,508.095,4231.43
store_78,2015-08-12,484.615,4106.47
store_78,2015-08-13,489.34,4115.27
store_78,2015-08-14,494.57,3993.605
store_78,2015-08-15,490.29,4312.075
store_78,2015-08-16,0.0,0.0
store_78,2015-08-17,710.525,6975.295
store_78,2015-08-18,621.705,5979.575
store_78,2015-08-19,589.115,5428.335
store_78,2015-08-20,550.815,5015.515
store_78,2015-08-21,556.115,4819.4
store_78,2015-08-22,491.965,4335.74
store_78,2015-08-23,0.0,0.0
store_78,2015-08-24,591.745,4810.255
store_78,2015-08-25,524.635,4446.69
store_78,2015-08-26,517.935,4360.2
store_78,2015-08-27,505.8,4305.63
store_78,2015-08-28,499.215,4208.355
store_78,2015-08-29,484.81,4325.06
store_79,2015-07-20,522.025,5639.825
store_79,2015-07-21,463.51,5099.365
store_79,2015-07-22,465.285,4909.175
store_79,2015-07-23,485.995,5055.735
store_79,2015-07-24,515.29,5379.835
store_79,2015-07-25,575.77,6050.945
store_79,2015-07-26,0.0,0.0
store_79,2015-07-27,660.15,9349.17
store_79,2015-07-28,567.485,8092.21
store_79,2015-07-29,542.495,6891.765
store_79,2015-07-30,559.6,6680.61
store_79,2015-07-31,572.665,6768.465
store_79,2015-08-01,587.625,6200.255
store_79,2015-08-02,0.0,0.0
store_79,2015-08-03,684.665,9570.18
store_79,2015-08-04,560.87,7483.48
store_79,2015-08-05,538.375,6870.14
store_79,2015-08-06,547.505,6795.875
store_79,2015-08-07,557.815,6712.27
store_79,2015-08-08,553.23,6130.58
store_79,2015-08-09,0.0,0.0
store_79,2015-08-10,515.97,5692.09
store_79,2015-08-11,471.29,5256.225
store_79,2015-08-12,466.17,5149.455
store_79,2015-08-13,489.31,5378.055
store_79,2015-08-14,515.63,5515.765
store_79,2015-08-15,563.375,6182.56
store_79,2015-08-16,0.0,0.0
store_79,2015-08-17,649.48,9008.04
store_79,2015-08-18,566.54,7431.91
store_79,2015-08-19,546.17,6825.945
store_79,2015-08-20,556.79,6758.76
store_79,2015-08-21,581.405,6967.23
store_79,2015-08-22,570.455,6231.975
store_79,2015-08-23,0.0,0.0
store_79,2015-08-24,491.36,5581.675
store_79,2015-08-25,445.69,5167.015
store_79,2015-08-26,456.69,5107.685
store_79,2015-08-27,481.89,5531.27
store_79,2015-08-28,514.875,5923.22
store_79,2015-08-29,559.31,6314.605
store_8,2015-07-20,864.585,6511.355
store_8,2015-07-21,777.135,6010.91
store_8,2015-07-22,801.045,6045.595
store_8,2015-07-23,787.405,6122.76
store_8,2015-07-24,792.405,6211.5
store_8,2015-07-25,784.76,6151.13
store_8,2015-07-26,0.0,0.0
store_8,2015-07-27,1099.105,11567.975
store_8,2015-07-28,956.38,9720.04
store_8,2015-07-29,940.535,8787.18
store_8,2015-07-30,983.39,8444.635
store_8,2015-07-31,988.375,8171.59
store_8,2015-08-01,814.29,6340.2
store_8,2015-08-02,0.0,0.0
store_8,2015-08-03,1181.3,11788.275
store_8,2015-08-04,970.095,9135.56
store_8,2015-08-05,945.75,8520.435
store_8,2015-08-06,943.805,8319.525
store_8,2015-08-07,932.43,7969.275
store_8,2015-08-08,797.115,6731.7
store_8,2015-08-09,0.0,0.0
store_8,2015-08-10,963.07,7885.64
store_8,2015-08-11,868.9,7176.21
store_8,2015-08-12,814.99,6760.285
store_8,2015-08-13,819.45,6841.015
store_8,2015-08-14,872.955,6883.93
store_8,2015-08-15,783.32,6622.05
store_8,2015-08-16,0.0,0.0
store_8,2015-08-17,1257.285,12168.64
store_8,2015-08-18,1075.71,10210.515
store_8,2015-08-19,981.6,8999.08
store_8,2015-08-20,965.66,8569.9
store_8,2015-08-21,951.015,8227.65
store_8,2015-08-22,748.2,6314.645
store_8,2015-08-23,0.0,0.0
store_8,2015-08-24,978.45,8502.995
store_8,2015-08-25,860.4,7524.62
store_8,2015-08-26,816.17,7012.38
store_8,2015-08-27,839.595,7154.125
store_8,2015-08-28,845.625,7148.795
store_8,2015-08-29,776.26,6511.865
store_80,2015-07-20,876.115,6293.24
store_80,2015-07-21,822.53,5890.06
store_80,2015-07-22,896.1,6304.775
store_80,2015-07-23,918.115,6517.725
store_80,2015-07-24,882.445,6375.985
store_80,2015-07-25,782.865,5838.71
store_80,2015-07-26,0.0,0.0
store_80,2015-07-27,1016.01,9063.04
store_80,2015-07-28,978.87,8575.76
store_80,2015-07-29,1008.48,8503.4
store_80,2015-07-30,1027.41,8240.275
store_80,2015-07-31,1013.335,8101.05
store_80,2015-08-01,809.61,6086.68
store_80,2015-08-02,0.0,0.0
store_80,2015-08-03,1095.665,9528.215
store_80,2015-08-04,971.685,8090.645
store_80,2015-08-05,932.045,7800.055
store_80,2015-08-06,938.4,7770.345
store_80,2015-08-07,916.145,7409.93
store_80,2015-08-08,764.36,6007.605
store_80,2015-08-09,0.0,0.0
store_80,2015-08-10,869.54,6311.225
store_80,2015-08-11,809.96,5845.53
store_80,2015-08-12,798.955,5886.435
store_80,2015-08-13,821.98,6245.955
store_80,2015-08-14,875.985,6379.82
store_80,2015-08-15,785.0,5931.055
store_80,2015-08-16,0.0,0.0
store_80,2015-08-17,1066.27,8970.375
store_80,2015-08-18,971.27,7736.22
store_80,2015-08-19,928.095,7262.555
store_80,2015-08-20,914.705,7144.98
store_80,2015-08-21,908.855,6961.165
store_80,2015-08-22,805.185,6057.26
store_80,2015-08-23,0.0,0.0
store_80,2015-08-24,887.22,6190.52
store_80,2015-08-25,748.9,5519.765
store_80,2015-08-26,748.06,5395.65
store_80,2015-08-27,771.6,5767.76
store_80,2015-08-28,827.46,6039.785
store_80,2015-08-29,768.69,5817.14
store_81,2015-07-20,631.095,5067.715
store_81,2015-07-21,583.43,4612.575
store_81,2015-07-22,595.43,4663.31
store_81,2015-07-23,598.185,4879.05
store_81,2015-07-24,603.185,4741.44
store_81,2015-07-25,528.71,4322.765
store_81,2015-07-26,0.0,0.0
store_81,2015-07-27,777.055,8521.0
store_81,2015-07-28,704.585,7241.585
store_81,2015-07-29,676.595,6758.295
store_81,2015-07-30,702.435,6794.03
store_81,2015-07-31,691.775,6568.52
store_81,2015-08-01,574.12,4719.165
store_81,2015-08-02,0.0,0.0
store_81,2015-08-03,804.805,8452.235
store_81,2015-08-04,692.105,7062.59
store_81,2015-08-05,660.245,6546.18
store_81,2015-08-06,658.845,6225.18
store_81,2015-08-07,651.385,6064.135
store_81,2015-08-08,565.35,4771.23
store_81,2015-08-09,0.0,0.0
store_81,2015-08-10,629.305,5500.77
store_81,2015-08-11,578.2,5191.965
store_81,2015-08-12,559.775,4948.995
store_81,2015-08-13,563.385,5082.27
store_81,2015-08-14,593.14,5204.69
store_81,2015-08-15,565.66,4929.06
store_81,2015-08-16,0.0,0.0
store_81,2015-08-17,799.525,8545.575
store_81,2015-08-18,698.15,7313.79
store_81,2015-08-19,658.22,6641.205
store_81,2015-08-20,673.435,6586.89
store_81,2015-08-21,678.88,6495.62
store_81,2015-08-22,597.88,5048.22
store_81,2015-08-23,0.0,0.0
store_81,2015-08-24,627.235,5627.405
store_81,2015-08-25,567.12,5151.275
store_81,2015-08-26,553.95,5094.99
store_81,2015-08-27,567.29,5367.48
store_81,2015-08-28,584.43,5585.985
store_81,2015-08-29,565.46,5103.985
store_82,2015-07-20,498.565,3828.985
store_82,2015-07-21,461.425,3502.03
store_82,2015-07-22,456.095,3504.955
store_82,2015-07-23,467.165,3582.37
store_82,2015-07-24,505.19,3865.99
store_82,2015-07-25,364.435,2875.425
store_82,2015-07-26,0.0,0.0
store_82,2015-07-27,590.93,5380.9
store_82,2015-07-28,543.04,4954.15
store_82,2015-07-29,540.585,4651.735
store_82,2015-07-30,543.605,4649.905
store_82,2015-07-31,543.785,4598.865
store_82,2015-08-01,376.155,3001.17
store_82,2015-08-02,0.0,0.0
store_82,2015-08-03,629.175,5581.92
store_82,2015-08-04,555.15,4839.855
store_82,2015-08-05,504.975,4416.075
store_82,2015-08-06,505.35,4394.955
store_82,2015-08-07,521.965,4438.38
store_82,2015-08-08,365.01,2919.52
store_82,2015-08-09,0.0,0.0
store_82,2015-08-10,511.24,3756.6
store_82,2015-08-11,482.34,3594.01
store_82,2015-08-12,457.63,3428.765
store_82,2015-08-13,472.335,3629.58
store_82,2015-08-14,486.85,3774.135
store_82,2015-08-15,360.29,2862.405
store_82,2015-08-16,0.0,0.0
store_82,2015-08-17,633.67,5346.165
store_82,2015-08-18,566.9,4679.655
store_82,2015-08-19,525.735,4278.5
store_82,2015-08-20,531.11,4201.42
store_82,2015-08-21,547.38,4271.675
store_82,2015-08-22,355.72,2722.115
store_82,2015-08-23,0.0,0.0
store_82,2015-08-24,524.435,3698.51
store_82,2015-08-25,481.315,3473.08
store_82,2015-08-26,460.99,3436.205
store_82,2015-08-27,466.89,3478.08
store_82,2015-08-28,478.245,3559.53
store_82,2015-08-29,354.025,2710.24
store_83,2015-07-20,536.295,5604.155
store_83,2015-07-21,491.11,4960.72
store_83,2015-07-22,509.86,5087.275
store_83,2015-07-23,511.165,4964.26
store_83,2015-07-24,516.84,5039.59
store_83,2015-07-25,504.515,5037.35
store_83,2015-07-26,0.0,0.0
store_83,2015-07-27,846.305,11343.7
store_83,2015-07-28,705.6,9273.15
store_83,2015-07-29,683.395,8528.345
store_83,2015-07-30,653.635,7950.39
store_83,2015-07-31,658.945,7878.14
store_83,2015-08-01,526.41,5558.62
store_83,2015-08-02,0.0,0.0
store_83,2015-08-03,833.645,10827.3
store_83,2015-08-04,690.49,8645.25
store_83,2015-08-05,634.25,7521.73
store_83,2015-08-06,611.445,7136.32
store_83,2015-08-07,616.025,7105.955
store_83,2015-08-08,526.215,5502.42
store_83,2015-08-09,0.0,0.0
store_83,2015-08-10,613.725,6580.875
store_83,2015-08-11,556.79,5994.99
store_83,2015-08-12,541.92,5777.86
store_83,2015-08-13,546.615,5738.375
store_83,2015-08-14,559.88,5927.76
store_83,2015-08-15,512.06,5383.095
store_83,2015-08-16,0.0,0.0
store_83,2015-08-17,816.43,10577.165
store_83,2015-08-18,697.635,8958.81
store_83,2015-08-19,648.46,7899.895
store_83,2015-08-20,656.355,7625.145
store_83,2015-08-21,674.295,7750.99
store_83,2015-08-22,525.76,5460.175
store_83,2015-08-23,0.0,0.0
store_83,2015-08-24,595.825,6529.72
store_83,2015-08-25,519.91,5975.545
store_83,2015-08-26,525.725,5822.685
store_83,2015-08-27,537.34,6022.665
store_83,2015-08-28,577.315,6547.92
store_83,2015-08-29,514.2,5491.735
store_84,2015-07-20,591.925,6578.59
store_84,2015-07-21,557.295,6086.485
store_84,2015-07-22,572.16,6215.0
store_84,2015-07-23,617.36,6644.02
store_84,2015-07-24,667.315,7112.405
store_84,2015-07-25,646.86,7100.035
store_84,2015-07-26,0.0,0.0
store_84,2015-07-27,778.28,10450.81
store_84,2015-07-28,680.915,9020.225
store_84,2015-07-29,680.44,8422.375
store_84,2015-07-30,716.275,8632.28
store_84,2015-07-31,771.125,9340.12
store_84,2015-08-01,676.715,7469.475
store_84,2015-08-02,0.0,0.0
store_84,2015-08-03,812.275,10758.9
store_84,2015-08-04,670.33,8765.825
store_84,2015-08-05,636.49,8068.38
store_84,2015-08-06,665.265,7979.7
store_84,2015-08-07,723.135,8384.3
store_84,2015-08-08,672.87,7207.61
store_84,2015-08-09,0.0,0.0
store_84,2015-08-10,664.53,6838.145
store_84,2015-08-11,574.44,6073.17
store_84,2015-08-12,554.605,5938.99
store_84,2015-08-13,570.905,6176.335
store_84,2015-08-14,647.27,6961.875
store_84,2015-08-15,684.46,7450.565
store_84,2015-08-16,0.0,0.0
store_84,2015-08-17,860.525,10815.835
store_84,2015-08-18,723.79,8777.015
store_84,2015-08-19,690.56,8108.64
store_84,2015-08-20,695.655,7878.89
store_84,2015-08-21,730.21,8238.01
store_84,2015-08-22,672.96,7220.74
store_84,2015-08-23,0.0,0.0
store_84,2015-08-24,651.0,6657.78
store_84,2015-08-25,582.955,6084.82
store_84,2015-08-26,580.705,5950.285
store_84,2015-08-27,592.525,6195.995
store_84,2015-08-28,652.64,6953.835
store_84,2015-08-29,678.235,7409.07
store_85,2015-07-20,759.14,6653.685
store_85,2015-07-21,672.425,6090.93
store_85,2015-07-22,696.04,6203.105
store_85,2015-07-23,703.105,6240.605
store_85,2015-07-24,751.54,6636.605
store_85,2015-07-25,810.965,7213.855
store_85,2015-07-26,0.0,0.0
store_85,2015-07-27,1085.22,12093.32
store_85,2015-07-28,890.77,10137.03
store_85,2015-07-29,883.42,9337.99
store_85,2015-07-30,907.71,9190.02
store_85,2015-07-31,895.545,8914.01
store_85,2015-08-01,813.43,7531.455
store_85,2015-08-02,0.0,0.0
store_85,2015-08-03,1076.78,12299.855
store_85,2015-08-04,894.715,9732.925
store_85,2015-08-05,847.96,8818.935
store_85,2015-08-06,820.625,8443.59
store_85,2015-08-07,818.93,8212.475
store_85,2015-08-08,840.07,7413.455
store_85,2015-08-09,0.0,0.0
store_85,2015-08-10,854.915,7639.255
store_85,2015-08-11,756.445,7034.85
store_85,2015-08-12,737.855,6757.725
store_85,2015-08-13,753.265,6721.125
store_85,2015-08-14,776.4,6963.91
store_85,2015-08-15,821.64,7255.19
store_85,2015-08-16,0.0,0.0
store_85,2015-08-17,1105.12,12241.35
store_85,2015-08-18,946.81,9995.47
store_85,2015-08-19,887.215,8850.83
store_85,2015-08-20,894.815,8548.77
store_85,2015-08-21,883.885,8385.8
store_85,2015-08-22,826.645,7218.995
store_85,2015-08-23,0.0,0.0
store_85,2015-08-24,864.9,7859.245
store_85,2015-08-25,771.3,7207.4
store_85,2015-08-26,758.02,6951.455
store_85,2015-08-27,783.225,7106.205
store_85,2015-08-28,807.735,7280.97
store_85,2015-08-29,849.055,7509.88
store_86,2015-07-20,832.085,8007.08
store_86,2015-07-21,735.8,6643.405
store_86,2015-07-22,697.7,6633.37
store_86,2015-07-23,735.975,7258.795
store_86,2015-07-24,812.49,7832.265
store_86,2015-07-25,723.94,7341.53
store_86,2015-07-26,0.0,0.0
store_86,2015-07-27,1073.875,13225.875
store_86,2015-07-28,917.775,11056.32
store_86,2015-07-29,882.0,10126.13
store_86,2015-07-30,903.97,9962.15
store_86,2015-07-31,901.0,10010.98
store_86,2015-08-01,782.44,7888.305
store_86,2015-08-02,0.0,0.0
store_86,2015-08-03,1143.06,13205.315
store_86,2015-08-04,954.77,10306.62
store_86,2015-08-05,893.38,9611.62
store_86,2015-08-06,880.41,9691.855
store_86,2015-08-07,866.68,9708.32
store_86,2015-08-08,767.295,7777.275
store_86,2015-08-09,0.0,0.0
store_86,2015-08-10,891.14,8903.55
store_86,2015-08-11,801.955,7861.19
store_86,2015-08-12,788.36,7722.925
store_86,2015-08-13,814.42,8257.89
store_86,2015-08-14,818.055,8412.465
store_86,2015-08-15,761.8,7725.81
store_86,2015-08-16,0.0,0.0
store_86,2015-08-17,1059.335,13125.805
store_86,2015-08-18,933.355,10621.805
store_86,2015-08-19,877.2,9677.78
store_86,2015-08-20,893.905,9845.455
store_86,2015-08-21,897.1,9750.39
store_86,2015-08-22,764.66,7727.815
store_86,2015-08-23,0.0,0.0
store_86,2015-08-24,916.7,9139.15
store_86,2015-08-25,825.165,8385.765
store_86,2015-08-26,804.14,8034.93
store_86,2015-08-27,837.26,8490.41
store_86,2015-08-28,832.14,8824.565
store_86,2015-08-29,757.43,7857.655
store_87,2015-07-20,551.505,4454.735
store_87,2015-07-21,512.64,4240.175
store_87,2015-07-22,557.025,4669.95
store_87,2015-07-23,536.1,4478.63
store_87,2015-07-24,541.82,4604.915
store_87,2015-07-25,378.35,3086.825
store_87,2015-07-26,0.0,0.0
store_87,2015-07-27,689.185,7459.2
store_87,2015-07-28,658.33,7086.53
store_87,2015-07-29,656.955,6773.435
store_87,2015-07-30,657.405,6353.065
store_87,2015-07-31,648.595,6153.695
store_87,2015-08-01,389.785,3107.225
store_87,2015-08-02,0.0,0.0
store_87,2015-08-03,731.805,7596.135
store_87,2015-08-04,627.4,6474.595
store_87,2015-08-05,605.96,6082.265
store_87,2015-08-06,606.195,5702.07
store_87,2015-08-07,586.475,5404.125
store_87,2015-08-08,364.765,3120.665
store_87,2015-08-09,0.0,0.0
store_87,2015-08-10,560.28,4516.35
store_87,2015-08-11,525.35,4259.265
store_87,2015-08-12,509.145,4328.3
store_87,2015-08-13,514.79,4417.59
store_87,2015-08-14,523.72,4362.09
store_87,2015-08-15,375.65,3050.9
store_87,2015-08-16,0.0,0.0
store_87,2015-08-17,730.11,7014.615
store_87,2015-08-18,652.17,6040.465
store_87,2015-08-19,621.63,5673.205
store_87,2015-08-20,613.205,5503.66
store_87,2015-08-21,615.16,5327.345
store_87,2015-08-22,393.475,3051.285
store_87,2015-08-23,0.0,0.0
store_87,2015-08-24,577.92,4368.26
store_87,2015-08-25,501.245,4047.615
store_87,2015-08-26,498.45,4079.265
store_87,2015-08-27,513.96,4275.99
store_87,2015-08-28,545.935,4474.135
store_87,2015-08-29,383.645,3067.47
store_88,2015-07-20,491.68,4671.555
store_88,2015-07-21,445.465,4338.23
store_88,2015-07-22,486.765,4620.15
store_88,2015-07-23,518.86,4700.795
store_88,2015-07-24,529.75,4878.345
store_88,2015-07-25,349.51,3297.03
store_88,2015-07-26,0.0,0.0
store_88,2015-07-27,597.015,6846.36
store_88,2015-07-28,544.12,6269.745
store_88,2015-07-29,561.37,6191.24
store_88,2015-07-30,597.97,6314.635
store_88,2015-07-31,597.07,6256.765
store_88,2015-08-01,353.825,3289.07
store_88,2015-08-02,0.0,0.0
store_88,2015-08-03,646.865,6610.97
store_88,2015-08-04,549.265,5737.665
store_88,2015-08-05,518.24,5323.915
store_88,2015-08-06,546.505,5442.69
store_88,2015-08-07,569.125,5623.535
store_88,2015-08-08,352.46,3296.27
store_88,2015-08-09,0.0,0.0
store_88,2015-08-10,538.185,4465.0
store_88,2015-08-11,501.325,4190.405
store_88,2015-08-12,483.185,4082.15
store_88,2015-08-13,493.085,4361.07
store_88,2015-08-14,533.425,4601.735
store_88,2015-08-15,349.765,3199.755
store_88,2015-08-16,0.0,0.0
store_88,2015-08-17,659.165,6138.305
store_88,2015-08-18,594.45,5362.195
store_88,2015-08-19,547.935,5014.86
store_88,2015-08-20,561.87,5085.515
store_88,2015-08-21,592.92,5294.72
store_88,2015-08-22,356.64,3081.985
store_88,2015-08-23,0.0,0.0
store_88,2015-08-24,558.285,4109.085
store_88,2015-08-25,489.685,3764.695
store_88,2015-08-26,485.75,3805.615
store_88,2015-08-27,504.045,4058.17
store_88,2015-08-28,520.015,4308.76
store_88,2015-08-29,355.175,3065.825
store_89,2015-07-20,734.12,8155.525
store_89,2015-07-21,635.28,7011.43
store_89,2015-07-22,602.34,6761.98
store_89,2015-07-23,677.235,7505.29
store_89,2015-07-24,695.125,7539.23
store_89,2015-07-25,650.0,7280.14
store_89,2015-07-26,0.0,0.0
store_89,2015-07-27,923.625,13241.205
store_89,2015-07-28,806.315,10949.625
store_89,2015-07-29,782.05,10163.065
store_89,2015-07-30,794.325,10210.995
store_89,2015-07-31,810.485,9846.24
store_89,2015-08-01,649.34,7330.715
store_89,2015-08-02,0.0,0.0
store_89,2015-08-03,949.965,13459.56
store_89,2015-08-04,785.885,10076.095
store_89,2015-08-05,740.33,9294.595
store_89,2015-08-06,752.55,9482.52
store_89,2015-08-07,762.05,9234.52
store_89,2015-08-08,670.165,7520.51
store_89,2015-08-09,0.0,0.0
store_89,2015-08-10,709.045,7999.34
store_89,2015-08-11,633.125,7166.655
store_89,2015-08-12,630.24,6960.63
store_89,2015-08-13,657.6,7492.41
store_89,2015-08-14,684.09,7692.96
store_89,2015-08-15,636.86,7231.995
store_89,2015-08-16,0.0,0.0
store_89,2015-08-17,951.385,13074.785
store_89,2015-08-18,811.46,10457.13
store_89,2015-08-19,771.55,9349.7
store_89,2015-08-20,773.035,9283.41
store_89,2015-08-21,789.655,9479.855
store_89,2015-08-22,629.77,7050.845
store_89,2015-08-23,0.0,0.0
store_89,2015-08-24,681.96,7593.54
store_89,2015-08-25,615.395,6908.95
store_89,2015-08-26,623.94,6879.58
store_89,2015-08-27,654.295,7359.71
store_89,2015-08-28,714.385,8167.82
store_89,2015-08-29,644.755,7296.51
store_9,2015-07-20,561.315,4496.53
store_9,2015-07-21,530.375,4404.98
store_9,2015-07-22,546.605,4410.835
store_9,2015-07-23,563.235,4724.03
store_9,2015-07-24,550.49,4741.8
store_9,2015-07-25,359.64,3119.0
store_9,2015-07-26,0.0,0.0
store_9,2015-07-27,724.315,7081.69
store_9,2015-07-28,672.2,6615.415
store_9,2015-07-29,661.24,6187.205
store_9,2015-07-30,680.72,6257.61
store_9,2015-07-31,640.52,5916.125
store_9,2015-08-01,368.165,3132.14
store_9,2015-08-02,0.0,0.0
store_9,2015-08-03,756.47,7393.915
store_9,2015-08-04,649.31,6258.735
store_9,2015-08-05,610.985,5762.81
store_9,2015-08-06,633.96,5780.865
store_9,2015-08-07,599.295,5393.125
store_9,2015-08-08,361.71,3056.505
store_9,2015-08-09,0.0,0.0
store_9,2015-08-10,576.175,4522.53
store_9,2015-08-11,545.49,4196.16
store_9,2015-08-12,525.095,4260.135
store_9,2015-08-13,550.01,4601.27
store_9,2015-08-14,546.645,4541.11
store_9,2015-08-15,359.085,2959.705
store_9,2015-08-16,0.0,0.0
store_9,2015-08-17,747.83,6965.015
store_9,2015-08-18,672.625,6016.925
store_9,2015-08-19,617.54,5509.4
store_9,2015-08-20,640.315,5539.715
store_9,2015-08-21,637.835,5401.275
store_9,2015-08-22,372.905,2983.59
store_9,2015-08-23,0.0,0.0
store_9,2015-08-24,569.305,4227.67
store_9,2015-08-25,526.95,4022.27
store_9,2015-08-26,532.055,4087.355
store_9,2015-08-27,551.755,4503.55
store_9,2015-08-28,564.58,4564.735
store_9,2015-08-29,368.265,2976.375
store_90,2015-07-20,887.175,8259.375
store_90,2015-07-21,849.91,7940.605
store_90,2015-07-22,803.64,7714.7
store_90,2015-07-23,895.725,8256.075
store_90,2015-07-24,867.285,8209.28
store_90,2015-07-25,716.93,6639.03
store_90,2015-07-26,0.0,0.0
store_90,2015-07-27,1094.425,12606.895
store_90,2015-07-28,1030.175,11537.66
store_90,2015-07-29,1043.42,11020.225
store_90,2015-07-30,1065.145,11298.855
store_90,2015-07-31,977.34,10257.505
store_90,2015-08-01,763.76,7211.745
store_90,2015-08-02,0.0,0.0
store_90,2015-08-03,1208.375,13237.18
store_90,2015-08-04,1026.04,11023.615
store_90,2015-08-05,948.39,9872.5
store_90,2015-08-06,970.805,10134.51
store_90,2015-08-07,946.785,9504.615
store_90,2015-08-08,757.67,6906.65
store_90,2015-08-09,0.0,0.0
store_90,2015-08-10,947.74,8506.69
store_90,2015-08-11,881.265,8007.805
store_90,2015-08-12,842.395,7703.025
store_90,2015-08-13,845.43,7958.5
store_90,2015-08-14,868.015,8063.425
store_90,2015-08-15,763.975,6973.425
store_90,2015-08-16,0.0,0.0
store_90,2015-08-17,1212.51,12436.915
store_90,2015-08-18,1066.12,10793.38
store_90,2015-08-19,972.64,9659.93
store_90,2015-08-20,997.59,9678.87
store_90,2015-08-21,989.395,9445.165
store_90,2015-08-22,776.635,6784.075
store_90,2015-08-23,0.0,0.0
store_90,2015-08-24,958.83,8248.745
store_90,2015-08-25,866.285,7680.26
store_90,2015-08-26,830.445,7406.505
store_90,2015-08-27,882.715,8002.32
store_90,2015-08-28,902.765,8312.61
store_90,2015-08-29,773.17,6974.12
store_91,2015-07-20,502.12,6650.485
store_91,2015-07-21,449.185,6243.315
store_91,2015-07-22,416.71,5754.675
store_91,2015-07-23,445.6,5855.93
store_91,2015-07-24,490.905,6721.21
store_91,2015-07-25,563.82,8322.215
store_91,2015-07-26,0.0,0.0
store_91,2015-07-27,605.14,9669.275
store_91,2015-07-28,550.525,9081.65
store_91,2015-07-29,516.235,8115.05
store_91,2015-07-30,533.61,8175.82
store_91,2015-07-31,561.74,8566.245
store_91,2015-08-01,582.655,8533.22
store_91,2015-08-02,0.0,0.0
store_91,2015-08-03,618.05,9635.255
store_91,2015-08-04,532.065,8446.325
store_91,2015-08-05,499.925,7783.095
store_91,2015-08-06,514.12,7813.475
store_91,2015-08-07,541.775,7971.295
store_91,2015-08-08,557.81,8456.375
store_91,2015-08-09,0.0,0.0
store_91,2015-08-10,501.74,6540.97
store_91,2015-08-11,462.455,6139.405
store_91,2015-08-12,445.805,5881.725
store_91,2015-08-13,473.035,6127.02
store_91,2015-08-14,492.085,6684.05
store_91,2015-08-15,548.65,7908.175
store_91,2015-08-16,0.0,0.0
store_91,2015-08-17,632.015,9647.12
store_91,2015-08-18,538.74,8013.205
store_91,2015-08-19,512.735,7308.185
store_91,2015-08-20,536.555,7531.66
store_91,2015-08-21,556.12,7867.685
store_91,2015-08-22,544.97,7544.58
store_91,2015-08-23,0.0,0.0
store_91,2015-08-24,527.11,6728.145
store_91,2015-08-25,448.835,6210.11
store_91,2015-08-26,453.335,5987.905
store_91,2015-08-27,470.15,6253.51
store_91,2015-08-28,501.68,6858.93
store_91,2015-08-29,551.14,7565.66
store_92,2015-07-20,559.775,5169.11
store_92,2015-07-21,488.385,4652.525
store_92,2015-07-22,490.26,4542.83
store_92,2015-07-23,517.62,4844.35
store_92,2015-07-24,548.095,5095.96
store_92,2015-07-25,524.725,4969.565
store_92,2015-07-26,0.0,0.0
store_92,2015-07-27,712.54,8488.19
store_92,2015-07-28,587.795,7067.125
store_92,2015-07-29,586.515,6831.565
store_92,2015-07-30,619.465,7140.845
store_92,2015-07-31,633.195,7198.23
store_92,2015-08-01,544.975,5476.385
store_92,2015-08-02,0.0,0.0
store_92,2015-08-03,763.9,8832.025
store_92,2015-08-04,631.055,7041.29
store_92,2015-08-05,579.075,6440.97
store_92,2015-08-06,582.965,6377.34
store_92,2015-08-07,592.605,6482.875
store_92,2015-08-08,535.365,5403.79
store_92,2015-08-09,0.0,0.0
store_92,2015-08-10,595.0,5962.24
store_92,2015-08-11,541.04,5484.705
store_92,2015-08-12,524.565,5244.18
store_92,2015-08-13,551.405,5568.0
store_92,2015-08-14,568.72,5802.56
store_92,2015-08-15,519.11,5156.63
store_92,2015-08-16,0.0,0.0
store_92,2015-08-17,757.03,9272.115
store_92,2015-08-18,644.015,7846.32
store_92,2015-08-19,618.585,7129.12
store_92,2015-08-20,620.005,7120.12
store_92,2015-08-21,632.78,7137.945
store_92,2015-08-22,556.705,5602.57
store_92,2015-08-23,0.0,0.0
store_92,2015-08-24,594.775,6397.74
store_92,2015-08-25,523.425,5869.27
store_92,2015-08-26,531.41,5888.705
store_92,2015-08-27,543.635,6237.73
store_92,2015-08-28,592.325,6729.27
store_92,2015-08-29,544.3,5654.3
store_93,2015-07-20,726.585,6121.45
store_93,2015-07-21,679.785,5713.935
store_93,2015-07-22,686.69,5903.38
store_93,2015-07-23,678.23,5872.795
store_93,2015-07-24,733.995,6170.77
store_93,2015-07-25,700.425,6216.025
store_93,2015-07-26,0.0,0.0
store_93,2015-07-27,861.55,8682.005
store_93,2015-07-28,799.66,7938.32
store_93,2015-07-29,796.075,7845.66
store_93,2015-07-30,793.815,7348.375
store_93,2015-07-31,843.53,7678.285
store_93,2015-08-01,714.66,6292.95
store_93,2015-08-02,0.0,0.0
store_93,2015-08-03,965.425,9542.455
store_93,2015-08-04,819.585,7892.655
store_93,2015-08-05,776.07,7381.6
store_93,2015-08-06,743.74,7094.87
store_93,2015-08-07,779.57,6983.575
store_93,2015-08-08,722.325,6310.56
store_93,2015-08-09,0.0,0.0
store_93,2015-08-10,796.035,6352.905
store_93,2015-08-11,729.865,5873.09
store_93,2015-08-12,698.4,5768.635
store_93,2015-08-13,697.155,5831.29
store_93,2015-08-14,722.76,6049.13
store_93,2015-08-15,714.115,6043.7
store_93,2015-08-16,0.0,0.0
store_93,2015-08-17,932.6,8867.99
store_93,2015-08-18,846.94,7749.195
store_93,2015-08-19,773.33,7122.795
store_93,2015-08-20,772.815,6819.705
store_93,2015-08-21,799.66,6870.955
store_93,2015-08-22,715.07,5928.445
store_93,2015-08-23,0.0,0.0
store_93,2015-08-24,798.155,6317.06
store_93,2015-08-25,713.885,5779.015
store_93,2015-08-26,689.625,5616.1
store_93,2015-08-27,694.535,5637.385
store_93,2015-08-28,743.585,6015.06
store_93,2015-08-29,731.025,6131.66
store_94,2015-07-20,517.265,6286.975
store_94,2015-07-21,464.055,5805.42
store_94,2015-07-22,466.01,5692.6
store_94,2015-07-23,493.845,6136.165
store_94,2015-07-24,566.22,7013.55
store_94,2015-07-25,545.94,7067.31
store_94,2015-07-26,0.0,0.0
store_94,2015-07-27,750.295,11646.805
store_94,2015-07-28,633.775,9328.775
store_94,2015-07-29,601.77,8531.335
store_94,2015-07-30,596.035,8223.765
store_94,2015-07-31,629.4,8663.865
store_94,2015-08-01,583.99,7359.335
store_94,2015-08-02,0.0,0.0
store_94,2015-08-03,758.11,11309.2
store_94,2015-08-04,617.075,8834.49
store_94,2015-08-05,577.42,8009.98
store_94,2015-08-06,561.14,7838.045
store_94,2015-08-07,585.985,8049.275
store_94,2015-08-08,565.185,7075.975
store_94,2015-08-09,0.0,0.0
store_94,2015-08-10,577.275,7111.69
store_94,2015-08-11,523.795,6324.03
store_94,2015-08-12,520.935,6232.66
store_94,2015-08-13,537.215,6623.94
store_94,2015-08-14,553.05,7161.165
store_94,2015-08-15,561.82,7048.18
store_94,2015-08-16,0.0,0.0
store_94,2015-08-17,763.4,11154.69
store_94,2015-08-18,638.685,8882.885
store_94,2015-08-19,615.97,8297.89
store_94,2015-08-20,598.54,7988.895
store_94,2015-08-21,621.935,8238.355
store_94,2015-08-22,570.33,7142.25
store_94,2015-08-23,0.0,0.0
store_94,2015-08-24,541.82,6760.43
store_94,2015-08-25,495.285,6177.1
store_94,2015-08-26,519.485,6322.225
store_94,2015-08-27,530.58,6664.515
store_94,2015-08-28,556.74,7250.985
store_94,2015-08-29,565.92,7156.49
store_95,2015-07-20,720.52,4743.23
store_95,2015-07-21,647.1,4322.145
store_95,2015-07-22,662.855,4395.885
store_95,2015-07-23,684.75,4626.98
store_95,2015-07-24,672.4,4451.64
store_95,2015-07-25,701.57,4872.19
store_95,2015-07-26,0.0,0.0
store_95,2015-07-27,890.295,7109.51
store_95,2015-07-28,799.415,6497.0
store_95,2015-07-29,797.785,6154.245
store_95,2015-07-30,833.595,6151.96
store_95,2015-07-31,788.43,5764.11
store_95,2015-08-01,685.365,4794.2
store_95,2015-08-02,0.0,0.0
store_95,2015-08-03,992.835,7941.41
store_95,2015-08-04,821.235,6494.945
store_95,2015-08-05,755.575,5668.325
store_95,2015-08-06,759.14,5684.69
store_95,2015-08-07,742.075,5434.185
store_95,2015-08-08,687.675,4881.55
store_95,2015-08-09,0.0,0.0
store_95,2015-08-10,772.2,5237.295
store_95,2015-08-11,706.875,4716.93
store_95,2015-08-12,670.675,4486.61
store_95,2015-08-13,664.35,4542.61
store_95,2015-08-14,664.73,4436.2
store_95,2015-08-15,667.845,4599.945
store_95,2015-08-16,0.0,0.0
store_95,2015-08-17,1007.82,8096.27
store_95,2015-08-18,885.49,6912.09
store_95,2015-08-19,798.395,6057.775
store_95,2015-08-20,798.63,5870.325
store_95,2015-08-21,768.335,5578.245
store_95,2015-08-22,653.655,4614.06
store_95,2015-08-23,0.0,0.0
store_95,2015-08-24,781.425,5292.66
store_95,2015-08-25,693.765,4842.045
store_95,2015-08-26,674.795,4633.34
store_95,2015-08-27,674.56,4682.94
store_95,2015-08-28,708.18,4724.985
store_95,2015-08-29,634.255,4481.425
store_96,2015-07-20,721.615,6517.85
store_96,2015-07-21,645.315,6282.5
store_96,2015-07-22,690.1,6789.035
store_96,2015-07-23,703.565,6834.785
store_96,2015-07-24,716.865,6712.295
store_96,2015-07-25,463.195,4567.245
store_96,2015-07-26,0.0,0.0
store_96,2015-07-27,938.87,11250.88
store_96,2015-07-28,843.795,9977.585
store_96,2015-07-29,824.765,9705.335
store_96,2015-07-30,806.665,9288.66
store_96,2015-07-31,791.585,8887.59
store_96,2015-08-01,461.63,4663.5
store_96,2015-08-02,0.0,0.0
store_96,2015-08-03,952.185,11359.045
store_96,2015-08-04,794.555,9342.45
store_96,2015-08-05,749.475,8864.77
store_96,2015-08-06,760.22,8487.055
store_96,2015-08-07,756.72,8185.64
store_96,2015-08-08,445.145,4500.58
store_96,2015-08-09,0.0,0.0
store_96,2015-08-10,733.24,6966.8
store_96,2015-08-11,672.46,6524.225
store_96,2015-08-12,646.62,6569.85
store_96,2015-08-13,639.72,6674.075
store_96,2015-08-14,682.11,6868.08
store_96,2015-08-15,440.385,4358.125
store_96,2015-08-16,0.0,0.0
store_96,2015-08-17,976.975,11191.075
store_96,2015-08-18,820.945,9270.765
store_96,2015-08-19,750.14,8423.33
store_96,2015-08-20,757.86,8256.49
store_96,2015-08-21,773.055,8206.56
store_96,2015-08-22,436.36,4261.1
store_96,2015-08-23,0.0,0.0
store_96,2015-08-24,725.99,6791.29
store_96,2015-08-25,648.14,6282.44
store_96,2015-08-26,629.87,6309.845
store_96,2015-08-27,643.435,6493.375
store_96,2015-08-28,666.855,6913.11
store_96,2015-08-29,437.87,4254.99
store_97,2015-07-20,495.98,4356.685
store_97,2015-07-21,451.935,4225.88
store_97,2015-07-22,452.43,4466.13
store_97,2015-07-23,464.64,4423.51
store_97,2015-07-24,483.075,4480.215
store_97,2015-07-25,474.265,4406.435
store_97,2015-07-26,0.0,0.0
store_97,2015-07-27,703.93,8271.635
store_97,2015-07-28,589.9,6770.145
store_97,2015-07-29,557.035,6199.83
store_97,2015-07-30,573.615,5821.11
store_97,2015-07-31,562.48,5511.305
store_97,2015-08-01,491.435,4493.36
store_97,2015-08-02,0.0,0.0
store_97,2015-08-03,740.355,8276.53
store_97,2015-08-04,594.875,6489.37
store_97,2015-08-05,539.98,5816.135
store_97,2015-08-06,539.415,5558.425
store_97,2015-08-07,538.24,5241.52
store_97,2015-08-08,492.18,4426.53
store_97,2015-08-09,0.0,0.0
store_97,2015-08-10,516.06,4636.02
store_97,2015-08-11,470.505,4291.995
store_97,2015-08-12,466.535,4213.535
store_97,2015-08-13,486.78,4364.67
store_97,2015-08-14,513.575,4317.17
store_97,2015-08-15,489.455,4207.055
store_97,2015-08-16,0.0,0.0
store_97,2015-08-17,713.03,7617.225
store_97,2015-08-18,601.67,6105.105
store_97,2015-08-19,579.465,5567.1
store_97,2015-08-20,570.02,5376.105
store_97,2015-08-21,579.065,5256.12
store_97,2015-08-22,493.7,4172.865
store_97,2015-08-23,0.0,0.0
store_97,2015-08-24,496.445,4176.32
store_97,2015-08-25,473.405,4021.75
store_97,2015-08-26,466.315,3894.555
store_97,2015-08-27,487.89,4199.415
store_97,2015-08-28,513.51,4246.9
store_97,2015-08-29,499.155,4113.3
store_98,2015-07-20,443.33,3408.445
store_98,2015-07-21,405.8,3149.535
store_98,2015-07-22,403.5,3113.285
store_98,2015-07-23,405.42,3258.635
store_98,2015-07-24,418.015,3393.62
store_98,2015-07-25,351.405,2876.94
store_98,2015-07-26,0.0,0.0
store_98,2015-07-27,567.33,5458.96
store_98,2015-07-28,499.445,4744.89
store_98,2015-07-29,491.78,4230.095
store_98,2015-07-30,504.89,4144.185
store_98,2015-07-31,495.865,4181.865
store_98,2015-08-01,360.0,2785.545
store_98,2015-08-02,0.0,0.0
store_98,2015-08-03,602.57,5562.925
store_98,2015-08-04,509.995,4554.94
store_98,2015-08-05,468.86,4170.84
store_98,2015-08-06,471.4,4149.73
store_98,2015-08-07,464.245,3985.645
store_98,2015-08-08,331.935,2751.205
store_98,2015-08-09,0.0,0.0
store_98,2015-08-10,463.05,3542.43
store_98,2015-08-11,423.45,3225.805
store_98,2015-08-12,414.525,3157.29
store_98,2015-08-13,425.735,3301.435
store_98,2015-08-14,430.78,3325.83
store_98,2015-08-15,338.63,2722.985
store_98,2015-08-16,0.0,0.0
store_98,2015-08-17,611.165,5273.515
store_98,2015-08-18,515.455,4318.76
store_98,2015-08-19,487.295,3878.62
store_98,2015-08-20,480.965,3741.575
store_98,2015-08-21,467.215,3709.36
store_98,2015-08-22,345.12,2547.28
store_98,2015-08-23,0.0,0.0
store_98,2015-08-24,469.125,3513.39
store_98,2015-08-25,421.845,3121.145
store_98,2015-08-26,425.595,3030.34
store_98,2015-08-27,422.615,3138.845
store_98,2015-08-28,438.635,3211.76
store_98,2015-08-29,345.58,2602.985
store_99,2015-07-20,734.41,6926.61
store_99,2015-07-21,639.105,5980.33
store_99,2015-07-22,640.1,5739.725
store_99,2015-07-23,681.455,6045.605
store_99,2015-07-24,663.12,6045.96
store_99,2015-07-25,555.86,5040.86
store_99,2015-07-26,0.0,0.0
store_99,2015-07-27,980.575,11330.135
store_99,2015-07-28,838.435,9286.89
store_99,2015-07-29,823.515,8315.89
store_99,2015-07-30,848.25,8192.33
store_99,2015-07-31,845.185,7819.69
store_99,2015-08-01,596.41,5312.25
store_99,2015-08-02,0.0,0.0
store_99,2015-08-03,999.985,11165.315
store_99,2015-08-04,837.605,8685.19
store_99,2015-08-05,772.925,7541.815
store_99,2015-08-06,769.265,7421.165
store_99,2015-08-07,746.64,7107.73
store_99,2015-08-08,573.64,5067.07
store_99,2015-08-09,0.0,0.0
store_99,2015-08-10,780.01,6978.025
store_99,2015-08-11,719.925,6164.555
store_99,2015-08-12,692.25,5823.41
store_99,2015-08-13,705.875,5936.065
store_99,2015-08-14,724.235,5963.8
store_99,2015-08-15,565.99,5038.215
store_99,2015-08-16,0.0,0.0
store_99,2015-08-17,995.98,10089.2
store_99,2015-08-18,866.725,8236.155
store_99,2015-08-19,792.215,7064.225
store_99,2015-08-20,809.34,6943.18
store_99,2015-08-21,774.33,6670.52
store_99,2015-08-22,558.725,4762.345
store_99,2015-08-23,0.0,0.0
store_99,2015-08-24,777.15,6293.145
store_99,2015-08-25,689.55,5601.97
store_99,2015-08-26,680.11,5387.575
store_99,2015-08-27,692.755,5571.015
store_99,2015-08-28,695.065,5634.72
store_99,2015-08-29,546.055,4767.48
