unique_id,ds,customer_prediction
store_1,2015-07-20,486.06
store_1,2015-07-21,446.065
store_1,2015-07-22,461.36
store_1,2015-07-23,470.705
store_1,2015-07-24,462.035
store_1,2015-07-25,475.375
store_1,2015-07-26,0.0
store_1,2015-07-27,570.98
store_1,2015-07-28,534.435
store_1,2015-07-29,551.45
store_1,2015-07-30,548.46
store_1,2015-07-31,541.455
store_1,2015-08-01,490.27
store_1,2015-08-02,0.0
store_1,2015-08-03,592.62
store_1,2015-08-04,524.31
store_1,2015-08-05,504.145
store_1,2015-08-06,509.63
store_1,2015-08-07,508.23
store_1,2015-08-08,476.645
store_1,2015-08-09,0.0
store_1,2015-08-10,499.31
store_1,2015-08-11,446.11
store_1,2015-08-12,426.925
store_1,2015-08-13,442.595
store_1,2015-08-14,466.18
store_1,2015-08-15,470.71
store_1,2015-08-16,0.0
store_1,2015-08-17,587.03
store_1,2015-08-18,512.48
store_1,2015-08-19,495.525
store_1,2015-08-20,500.495
store_1,2015-08-21,514.585
store_1,2015-08-22,482.83
store_1,2015-08-23,0.0
store_1,2015-08-24,495.77
store_1,2015-08-25,445.485
store_1,2015-08-26,435.045
store_1,2015-08-27,450.41
store_1,2015-08-28,465.905
store_1,2015-08-29,460.475
store_1,2015-08-30,0.0
store_10,2015-07-20,595.465
store_10,2015-07-21,545.355
store_10,2015-07-22,555.04
store_10,2015-07-23,582.05
store_10,2015-07-24,638.85
store_10,2015-07-25,595.47
store_10,2015-07-26,0.0
store_10,2015-07-27,750.295
store_10,2015-07-28,648.3
store_10,2015-07-29,657.365
store_10,2015-07-30,676.33
store_10,2015-07-31,711.29
store_10,2015-08-01,638.375
store_10,2015-08-02,0.0
store_10,2015-08-03,777.465
store_10,2015-08-04,648.745
store_10,2015-08-05,606.925
store_10,2015-08-06,641.795
store_10,2015-08-07,670.22
store_10,2015-08-08,624.15
store_10,2015-08-09,0.0
store_10,2015-08-10,603.005
store_10,2015-08-11,544.825
store_10,2015-08-12,535.605
store_10,2015-08-13,567.655
store_10,2015-08-14,608.145
store_10,2015-08-15,631.11
store_10,2015-08-16,0.0
store_10,2015-08-17,807.73
store_10,2015-08-18,701.945
store_10,2015-08-19,661.97
store_10,2015-08-20,671.45
store_10,2015-08-21,710.465
store_10,2015-08-22,646.72
store_10,2015-08-23,0.0
store_10,2015-08-24,610.035
store_10,2015-08-25,548.565
store_10,2015-08-26,543.105
store_10,2015-08-27,578.635
store_10,2015-08-28,620.47
store_10,2015-08-29,632.07
store_10,2015-08-30,0.0
store_100,2015-07-20,654.15
store_100,2015-07-21,595.085
store_100,2015-07-22,618.01
store_100,2015-07-23,627.475
store_100,2015-07-24,646.435
store_100,2015-07-25,723.915
store_100,2015-07-26,0.0
store_100,2015-07-27,816.485
store_100,2015-07-28,732.31
store_100,2015-07-29,757.185
store_100,2015-07-30,763.725
store_100,2015-07-31,772.585
store_100,2015-08-01,729.405
store_100,2015-08-02,0.0
store_100,2015-08-03,881.675
store_100,2015-08-04,740.215
store_100,2015-08-05,712.88
store_100,2015-08-06,713.785
store_100,2015-08-07,728.375
store_100,2015-08-08,719.695
store_100,2015-08-09,0.0
store_100,2015-08-10,708.445
store_100,2015-08-11,656.335
store_100,2015-08-12,663.475
store_100,2015-08-13,646.3
store_100,2015-08-14,679.285
store_100,2015-08-15,726.375
store_100,2015-08-16,0.0
store_100,2015-08-17,868.535
store_100,2015-08-18,769.48
store_100,2015-08-19,734.59
store_100,2015-08-20,743.05
store_100,2015-08-21,745.79
store_100,2015-08-22,717.6
store_100,2015-08-23,0.0
store_100,2015-08-24,688.6
store_100,2015-08-25,627.965
store_100,2015-08-26,611.635
store_100,2015-08-27,627.44
store_100,2015-08-28,671.03
store_100,2015-08-29,711.125
store_100,2015-08-30,0.0
store_101,2015-07-20,575.05
store_101,2015-07-21,519.7
store_101,2015-07-22,541.525
store_101,2015-07-23,555.035
store_101,2015-07-24,537.91
store_101,2015-07-25,378.945
store_101,2015-07-26,0.0
store_101,2015-07-27,716.105
store_101,2015-07-28,625.345
store_101,2015-07-29,625.775
store_101,2015-07-30,675.48
store_101,2015-07-31,626.765
store_101,2015-08-01,373.495
store_101,2015-08-02,0.0
store_101,2015-08-03,745.91
store_101,2015-08-04,623.37
store_101,2015-08-05,608.045
store_101,2015-08-06,616.24
store_101,2015-08-07,594.325
store_101,2015-08-08,370.185
store_101,2015-08-09,0.0
store_101,2015-08-10,546.735
store_101,2015-08-11,509.25
store_101,2015-08-12,525.275
store_101,2015-08-13,539.925
store_101,2015-08-14,553.19
store_101,2015-08-15,370.76
store_101,2015-08-16,0.0
store_101,2015-08-17,705.615
store_101,2015-08-18,631.72
store_101,2015-08-19,599.325
store_101,2015-08-20,612.505
store_101,2015-08-21,609.725
store_101,2015-08-22,380.875
store_101,2015-08-23,0.0
store_101,2015-08-24,547.525
store_101,2015-08-25,500.725
store_101,2015-08-26,494.915
store_101,2015-08-27,519.325
store_101,2015-08-28,548.81
store_101,2015-08-29,374.355
store_101,2015-08-30,0.0
store_102,2015-07-20,864.825
store_102,2015-07-21,798.315
store_102,2015-07-22,772.685
store_102,2015-07-23,809.21
store_102,2015-07-24,765.93
store_102,2015-07-25,804.555
store_102,2015-07-26,0.0
store_102,2015-07-27,1043.475
store_102,2015-07-28,952.43
store_102,2015-07-29,938.64
store_102,2015-07-30,968.35
store_102,2015-07-31,883.53
store_102,2015-08-01,831.17
store_102,2015-08-02,0.0
store_102,2015-08-03,1144.105
store_102,2015-08-04,978.835
store_102,2015-08-05,922.275
store_102,2015-08-06,904.045
store_102,2015-08-07,841.555
store_102,2015-08-08,808.805
store_102,2015-08-09,0.0
store_102,2015-08-10,869.93
store_102,2015-08-11,813.4
store_102,2015-08-12,785.075
store_102,2015-08-13,805.035
store_102,2015-08-14,792.295
store_102,2015-08-15,798.735
store_102,2015-08-16,0.0
store_102,2015-08-17,1092.935
store_102,2015-08-18,976.235
store_102,2015-08-19,942.32
store_102,2015-08-20,938.095
store_102,2015-08-21,898.725
store_102,2015-08-22,826.65
store_102,2015-08-23,0.0
store_102,2015-08-24,905.265
store_102,2015-08-25,821.02
store_102,2015-08-26,772.75
store_102,2015-08-27,804.69
store_102,2015-08-28,773.555
store_102,2015-08-29,771.75
store_102,2015-08-30,0.0
store_103,2015-07-20,819.9
store_103,2015-07-21,727.395
store_103,2015-07-22,733.655
store_103,2015-07-23,735.995
store_103,2015-07-24,743.845
store_103,2015-07-25,797.07
store_103,2015-07-26,0.0
store_103,2015-07-27,1029.91
store_103,2015-07-28,909.435
store_103,2015-07-29,876.325
store_103,2015-07-30,922.84
store_103,2015-07-31,884.735
store_103,2015-08-01,844.165
store_103,2015-08-02,0.0
store_103,2015-08-03,1110.05
store_103,2015-08-04,912.91
store_103,2015-08-05,867.41
store_103,2015-08-06,865.315
store_103,2015-08-07,843.005
store_103,2015-08-08,826.055
store_103,2015-08-09,0.0
store_103,2015-08-10,864.775
store_103,2015-08-11,786.595
store_103,2015-08-12,774.61
store_103,2015-08-13,798.285
store_103,2015-08-14,832.915
store_103,2015-08-15,852.515
store_103,2015-08-16,0.0
store_103,2015-08-17,1109.735
store_103,2015-08-18,959.93
store_103,2015-08-19,939.36
store_103,2015-08-20,915.19
store_103,2015-08-21,918.475
store_103,2015-08-22,838.265
store_103,2015-08-23,0.0
store_103,2015-08-24,858.545
store_103,2015-08-25,776.21
store_103,2015-08-26,776.02
store_103,2015-08-27,796.775
store_103,2015-08-28,849.06
store_103,2015-08-29,841.825
store_103,2015-08-30,0.0
store_104,2015-07-20,406.54
store_104,2015-07-21,360.625
store_104,2015-07-22,371.615
store_104,2015-07-23,354.77
store_104,2015-07-24,388.12
store_104,2015-07-25,429.41
store_104,2015-07-26,0.0
store_104,2015-07-27,561.95
store_104,2015-07-28,481.575
store_104,2015-07-29,473.995
store_104,2015-07-30,454.685
store_104,2015-07-31,460.92
store_104,2015-08-01,435.865
store_104,2015-08-02,0.0
store_104,2015-08-03,584.415
store_104,2015-08-04,488.52
store_104,2015-08-05,453.43
store_104,2015-08-06,448.28
store_104,2015-08-07,459.82
store_104,2015-08-08,435.715
store_104,2015-08-09,0.0
store_104,2015-08-10,434.985
store_104,2015-08-11,386.535
store_104,2015-08-12,380.985
store_104,2015-08-13,403.375
store_104,2015-08-14,421.735
store_104,2015-08-15,426.325
store_104,2015-08-16,0.0
store_104,2015-08-17,557.255
store_104,2015-08-18,490.725
store_104,2015-08-19,463.215
store_104,2015-08-20,463.945
store_104,2015-08-21,473.74
store_104,2015-08-22,446.605
store_104,2015-08-23,0.0
store_104,2015-08-24,429.73
store_104,2015-08-25,377.83
store_104,2015-08-26,385.83
store_104,2015-08-27,398.96
store_104,2015-08-28,422.095
store_104,2015-08-29,433.84
store_104,2015-08-30,0.0
store_105,2015-07-20,505.53
store_105,2015-07-21,474.65
store_105,2015-07-22,472.12
store_105,2015-07-23,495.43
store_105,2015-07-24,507.65
store_105,2015-07-25,491.43
store_105,2015-07-26,0.0
store_105,2015-07-27,664.115
store_105,2015-07-28,572.01
store_105,2015-07-29,562.77
store_105,2015-07-30,585.39
store_105,2015-07-31,584.205
store_105,2015-08-01,500.255
store_105,2015-08-02,0.0
store_105,2015-08-03,705.73
store_105,2015-08-04,585.045
store_105,2015-08-05,547.92
store_105,2015-08-06,564.315
store_105,2015-08-07,548.005
store_105,2015-08-08,493.745
store_105,2015-08-09,0.0
store_105,2015-08-10,526.75
store_105,2015-08-11,474.27
store_105,2015-08-12,479.485
store_105,2015-08-13,508.165
store_105,2015-08-14,529.635
store_105,2015-08-15,507.895
store_105,2015-08-16,0.0
store_105,2015-08-17,708.985
store_105,2015-08-18,598.815
store_105,2015-08-19,586.87
store_105,2015-08-20,610.005
store_105,2015-08-21,595.975
store_105,2015-08-22,517.115
store_105,2015-08-23,0.0
store_105,2015-08-24,518.78
store_105,2015-08-25,470.965
store_105,2015-08-26,469.91
store_105,2015-08-27,506.635
store_105,2015-08-28,527.88
store_105,2015-08-29,496.3
store_105,2015-08-30,0.0
store_106,2015-07-20,720.295
store_106,2015-07-21,732.31
store_106,2015-07-22,659.34
store_106,2015-07-23,676.54
store_106,2015-07-24,780.585
store_106,2015-07-25,535.25
store_106,2015-07-26,0.0
store_106,2015-07-27,915.895
store_106,2015-07-28,906.04
store_106,2015-07-29,837.23
store_106,2015-07-30,848.435
store_106,2015-07-31,892.0
store_106,2015-08-01,587.02
store_106,2015-08-02,0.0
store_106,2015-08-03,937.1
store_106,2015-08-04,828.805
store_106,2015-08-05,764.58
store_106,2015-08-06,763.935
store_106,2015-08-07,817.695
store_106,2015-08-08,579.88
store_106,2015-08-09,0.0
store_106,2015-08-10,776.645
store_106,2015-08-11,711.75
store_106,2015-08-12,678.415
store_106,2015-08-13,697.87
store_106,2015-08-14,760.91
store_106,2015-08-15,604.175
store_106,2015-08-16,0.0
store_106,2015-08-17,965.825
store_106,2015-08-18,882.93
store_106,2015-08-19,804.335
store_106,2015-08-20,820.575
store_106,2015-08-21,838.03
store_106,2015-08-22,625.605
store_106,2015-08-23,0.0
store_106,2015-08-24,781.695
store_106,2015-08-25,709.24
store_106,2015-08-26,669.6
store_106,2015-08-27,696.975
store_106,2015-08-28,732.44
store_106,2015-08-29,592.42
store_106,2015-08-30,0.0
store_107,2015-07-20,424.735
store_107,2015-07-21,393.085
store_107,2015-07-22,438.2
store_107,2015-07-23,439.875
store_107,2015-07-24,442.715
store_107,2015-07-25,454.89
store_107,2015-07-26,0.0
store_107,2015-07-27,653.735
store_107,2015-07-28,551.925
store_107,2015-07-29,547.985
store_107,2015-07-30,541.93
store_107,2015-07-31,533.915
store_107,2015-08-01,501.675
store_107,2015-08-02,0.0
store_107,2015-08-03,688.15
store_107,2015-08-04,535.805
store_107,2015-08-05,516.25
store_107,2015-08-06,525.6
store_107,2015-08-07,510.475
store_107,2015-08-08,474.44
store_107,2015-08-09,0.0
store_107,2015-08-10,476.73
store_107,2015-08-11,433.12
store_107,2015-08-12,437.025
store_107,2015-08-13,463.65
store_107,2015-08-14,485.795
store_107,2015-08-15,484.79
store_107,2015-08-16,0.0
store_107,2015-08-17,676.49
store_107,2015-08-18,564.14
store_107,2015-08-19,549.965
store_107,2015-08-20,555.27
store_107,2015-08-21,538.17
store_107,2015-08-22,484.8
store_107,2015-08-23,0.0
store_107,2015-08-24,460.545
store_107,2015-08-25,410.695
store_107,2015-08-26,429.03
store_107,2015-08-27,448.475
store_107,2015-08-28,485.75
store_107,2015-08-29,466.11
store_107,2015-08-30,0.0
store_108,2015-07-20,749.78
store_108,2015-07-21,663.675
store_108,2015-07-22,681.945
store_108,2015-07-23,700.46
store_108,2015-07-24,751.88
store_108,2015-07-25,684.91
store_108,2015-07-26,0.0
store_108,2015-07-27,987.375
store_108,2015-07-28,872.7
store_108,2015-07-29,850.48
store_108,2015-07-30,885.47
store_108,2015-07-31,905.07
store_108,2015-08-01,736.17
store_108,2015-08-02,0.0
store_108,2015-08-03,1007.88
store_108,2015-08-04,842.305
store_108,2015-08-05,805.64
store_108,2015-08-06,801.57
store_108,2015-08-07,820.53
store_108,2015-08-08,716.985
store_108,2015-08-09,0.0
store_108,2015-08-10,798.485
store_108,2015-08-11,712.205
store_108,2015-08-12,676.32
store_108,2015-08-13,695.565
store_108,2015-08-14,753.41
store_108,2015-08-15,719.33
store_108,2015-08-16,0.0
store_108,2015-08-17,1016.365
store_108,2015-08-18,882.175
store_108,2015-08-19,855.96
store_108,2015-08-20,863.125
store_108,2015-08-21,873.6
store_108,2015-08-22,755.405
store_108,2015-08-23,0.0
store_108,2015-08-24,765.3
store_108,2015-08-25,679.44
store_108,2015-08-26,684.655
store_108,2015-08-27,702.93
store_108,2015-08-28,759.71
store_108,2015-08-29,743.335
store_108,2015-08-30,0.0
store_109,2015-07-20,717.68
store_109,2015-07-21,667.145
store_109,2015-07-22,737.93
store_109,2015-07-23,651.89
store_109,2015-07-24,663.265
store_109,2015-07-25,649.67
store_109,2015-07-26,0.0
store_109,2015-07-27,1010.33
store_109,2015-07-28,881.865
store_109,2015-07-29,910.71
store_109,2015-07-30,845.435
store_109,2015-07-31,767.7
store_109,2015-08-01,658.87
store_109,2015-08-02,0.0
store_109,2015-08-03,1064.535
store_109,2015-08-04,893.4
store_109,2015-08-05,858.045
store_109,2015-08-06,779.055
store_109,2015-08-07,742.49
store_109,2015-08-08,656.025
store_109,2015-08-09,0.0
store_109,2015-08-10,779.23
store_109,2015-08-11,744.275
store_109,2015-08-12,730.76
store_109,2015-08-13,703.145
store_109,2015-08-14,726.945
store_109,2015-08-15,653.605
store_109,2015-08-16,0.0
store_109,2015-08-17,1076.485
store_109,2015-08-18,940.335
store_109,2015-08-19,884.97
store_109,2015-08-20,854.195
store_109,2015-08-21,812.56
store_109,2015-08-22,659.44
store_109,2015-08-23,0.0
store_109,2015-08-24,786.14
store_109,2015-08-25,712.575
store_109,2015-08-26,717.475
store_109,2015-08-27,706.27
store_109,2015-08-28,728.25
store_109,2015-08-29,657.365
store_109,2015-08-30,0.0
store_11,2015-07-20,856.605
store_11,2015-07-21,816.46
store_11,2015-07-22,841.415
store_11,2015-07-23,835.125
store_11,2015-07-24,834.38
store_11,2015-07-25,556.19
store_11,2015-07-26,0.0
store_11,2015-07-27,1070.13
store_11,2015-07-28,1011.59
store_11,2015-07-29,982.45
store_11,2015-07-30,967.495
store_11,2015-07-31,926.345
store_11,2015-08-01,596.09
store_11,2015-08-02,0.0
store_11,2015-08-03,1103.93
store_11,2015-08-04,968.48
store_11,2015-08-05,932.35
store_11,2015-08-06,918.665
store_11,2015-08-07,904.02
store_11,2015-08-08,562.185
store_11,2015-08-09,0.0
store_11,2015-08-10,858.46
store_11,2015-08-11,821.985
store_11,2015-08-12,798.99
store_11,2015-08-13,831.665
store_11,2015-08-14,864.17
store_11,2015-08-15,575.86
store_11,2015-08-16,0.0
store_11,2015-08-17,1106.2
store_11,2015-08-18,980.155
store_11,2015-08-19,938.35
store_11,2015-08-20,923.44
store_11,2015-08-21,917.355
store_11,2015-08-22,576.725
store_11,2015-08-23,0.0
store_11,2015-08-24,838.37
store_11,2015-08-25,780.59
store_11,2015-08-26,778.63
store_11,2015-08-27,819.965
store_11,2015-08-28,838.31
store_11,2015-08-29,572.255
store_11,2015-08-30,0.0
store_110,2015-07-20,396.99
store_110,2015-07-21,350.61
store_110,2015-07-22,373.855
store_110,2015-07-23,392.635
store_110,2015-07-24,432.64
store_110,2015-07-25,444.22
store_110,2015-07-26,0.0
store_110,2015-07-27,470.89
store_110,2015-07-28,426.705
store_110,2015-07-29,417.99
store_110,2015-07-30,432.71
store_110,2015-07-31,478.935
store_110,2015-08-01,438.545
store_110,2015-08-02,0.0
store_110,2015-08-03,479.835
store_110,2015-08-04,422.135
store_110,2015-08-05,410.495
store_110,2015-08-06,438.355
store_110,2015-08-07,487.16
store_110,2015-08-08,445.215
store_110,2015-08-09,0.0
store_110,2015-08-10,398.535
store_110,2015-08-11,363.265
store_110,2015-08-12,371.67
store_110,2015-08-13,405.775
store_110,2015-08-14,442.45
store_110,2015-08-15,438.935
store_110,2015-08-16,0.0
store_110,2015-08-17,518.405
store_110,2015-08-18,446.145
store_110,2015-08-19,437.865
store_110,2015-08-20,475.16
store_110,2015-08-21,500.165
store_110,2015-08-22,454.555
store_110,2015-08-23,0.0
store_110,2015-08-24,393.325
store_110,2015-08-25,343.78
store_110,2015-08-26,368.77
store_110,2015-08-27,413.345
store_110,2015-08-28,443.08
store_110,2015-08-29,438.3
store_110,2015-08-30,0.0
store_111,2015-07-20,1147.21
store_111,2015-07-21,1028.59
store_111,2015-07-22,1003.23
store_111,2015-07-23,1038.505
store_111,2015-07-24,1064.475
store_111,2015-07-25,1105.445
store_111,2015-07-26,0.0
store_111,2015-07-27,1368.65
store_111,2015-07-28,1274.49
store_111,2015-07-29,1199.31
store_111,2015-07-30,1177.905
store_111,2015-07-31,1131.765
store_111,2015-08-01,1110.315
store_111,2015-08-02,0.0
store_111,2015-08-03,1459.905
store_111,2015-08-04,1300.3
store_111,2015-08-05,1192.95
store_111,2015-08-06,1194.805
store_111,2015-08-07,1186.605
store_111,2015-08-08,1092.45
store_111,2015-08-09,0.0
store_111,2015-08-10,1152.41
store_111,2015-08-11,1089.41
store_111,2015-08-12,1043.1
store_111,2015-08-13,1055.17
store_111,2015-08-14,1054.905
store_111,2015-08-15,1066.47
store_111,2015-08-16,0.0
store_111,2015-08-17,1388.74
store_111,2015-08-18,1267.83
store_111,2015-08-19,1188.66
store_111,2015-08-20,1158.475
store_111,2015-08-21,1105.02
store_111,2015-08-22,1115.315
store_111,2015-08-23,0.0
store_111,2015-08-24,1111.605
store_111,2015-08-25,1027.04
store_111,2015-08-26,1004.195
store_111,2015-08-27,1022.005
store_111,2015-08-28,1038.445
store_111,2015-08-29,1077.32
store_111,2015-08-30,0.0
store_112,2015-07-20,736.79
store_112,2015-07-21,687.845
store_112,2015-07-22,735.205
store_112,2015-07-23,692.71
store_112,2015-07-24,779.625
store_112,2015-07-25,682.065
store_112,2015-07-26,0.0
store_112,2015-07-27,970.91
store_112,2015-07-28,868.135
store_112,2015-07-29,866.605
store_112,2015-07-30,889.87
store_112,2015-07-31,918.975
store_112,2015-08-01,728.475
store_112,2015-08-02,0.0
store_112,2015-08-03,1017.495
store_112,2015-08-04,857.91
store_112,2015-08-05,823.41
store_112,2015-08-06,808.995
store_112,2015-08-07,827.095
store_112,2015-08-08,704.85
store_112,2015-08-09,0.0
store_112,2015-08-10,815.365
store_112,2015-08-11,747.84
store_112,2015-08-12,737.98
store_112,2015-08-13,741.57
store_112,2015-08-14,771.84
store_112,2015-08-15,716.735
store_112,2015-08-16,0.0
store_112,2015-08-17,1038.205
store_112,2015-08-18,898.19
store_112,2015-08-19,865.075
store_112,2015-08-20,848.245
store_112,2015-08-21,851.875
store_112,2015-08-22,731.76
store_112,2015-08-23,0.0
store_112,2015-08-24,756.27
store_112,2015-08-25,685.19
store_112,2015-08-26,706.985
store_112,2015-08-27,720.75
store_112,2015-08-28,768.945
store_112,2015-08-29,725.75
store_112,2015-08-30,0.0
store_113,2015-07-20,653.79
store_113,2015-07-21,569.375
store_113,2015-07-22,570.32
store_113,2015-07-23,569.145
store_113,2015-07-24,604.2
store_113,2015-07-25,631.425
store_113,2015-07-26,0.0
store_113,2015-07-27,816.855
store_113,2015-07-28,696.23
store_113,2015-07-29,683.59
store_113,2015-07-30,702.79
store_113,2015-07-31,696.345
store_113,2015-08-01,644.015
store_113,2015-08-02,0.0
store_113,2015-08-03,864.205
store_113,2015-08-04,713.105
store_113,2015-08-05,666.235
store_113,2015-08-06,657.52
store_113,2015-08-07,659.205
store_113,2015-08-08,645.645
store_113,2015-08-09,0.0
store_113,2015-08-10,643.345
store_113,2015-08-11,587.895
store_113,2015-08-12,583.545
store_113,2015-08-13,595.745
store_113,2015-08-14,623.85
store_113,2015-08-15,623.24
store_113,2015-08-16,0.0
store_113,2015-08-17,858.08
store_113,2015-08-18,745.08
store_113,2015-08-19,720.13
store_113,2015-08-20,712.61
store_113,2015-08-21,722.725
store_113,2015-08-22,642.055
store_113,2015-08-23,0.0
store_113,2015-08-24,636.865
store_113,2015-08-25,584.26
store_113,2015-08-26,584.47
store_113,2015-08-27,609.89
store_113,2015-08-28,646.22
store_113,2015-08-29,641.36
store_113,2015-08-30,0.0
store_114,2015-07-20,790.195
store_114,2015-07-21,744.915
store_114,2015-07-22,757.59
store_114,2015-07-23,785.18
store_114,2015-07-24,772.545
store_114,2015-07-25,726.735
store_114,2015-07-26,0.0
store_114,2015-07-27,946.22
store_114,2015-07-28,902.955
store_114,2015-07-29,924.735
store_114,2015-07-30,936.195
store_114,2015-07-31,920.36
store_114,2015-08-01,755.425
store_114,2015-08-02,0.0
store_114,2015-08-03,1002.32
store_114,2015-08-04,883.475
store_114,2015-08-05,838.08
store_114,2015-08-06,824.81
store_114,2015-08-07,807.925
store_114,2015-08-08,743.765
store_114,2015-08-09,0.0
store_114,2015-08-10,847.95
store_114,2015-08-11,783.505
store_114,2015-08-12,732.795
store_114,2015-08-13,725.215
store_114,2015-08-14,735.31
store_114,2015-08-15,743.96
store_114,2015-08-16,0.0
store_114,2015-08-17,1031.96
store_114,2015-08-18,896.09
store_114,2015-08-19,849.025
store_114,2015-08-20,857.73
store_114,2015-08-21,851.82
store_114,2015-08-22,758.665
store_114,2015-08-23,0.0
store_114,2015-08-24,840.905
store_114,2015-08-25,773.72
store_114,2015-08-26,740.655
store_114,2015-08-27,736.64
store_114,2015-08-28,765.6
store_114,2015-08-29,759.25
store_114,2015-08-30,0.0
store_115,2015-07-20,406.5
store_115,2015-07-21,351.565
store_115,2015-07-22,364.63
store_115,2015-07-23,411.325
store_115,2015-07-24,442.22
store_115,2015-07-25,454.0
store_115,2015-07-26,0.0
store_115,2015-07-27,529.925
store_115,2015-07-28,455.86
store_115,2015-07-29,454.275
store_115,2015-07-30,481.91
store_115,2015-07-31,522.255
store_115,2015-08-01,487.635
store_115,2015-08-02,0.0
store_115,2015-08-03,548.875
store_115,2015-08-04,455.135
store_115,2015-08-05,433.34
store_115,2015-08-06,467.785
store_115,2015-08-07,484.46
store_115,2015-08-08,445.18
store_115,2015-08-09,0.0
store_115,2015-08-10,461.57
store_115,2015-08-11,419.22
store_115,2015-08-12,421.445
store_115,2015-08-13,431.885
store_115,2015-08-14,446.64
store_115,2015-08-15,452.965
store_115,2015-08-16,0.0
store_115,2015-08-17,576.715
store_115,2015-08-18,504.425
store_115,2015-08-19,500.835
store_115,2015-08-20,512.355
store_115,2015-08-21,514.85
store_115,2015-08-22,465.305
store_115,2015-08-23,0.0
store_115,2015-08-24,448.95
store_115,2015-08-25,406.04
store_115,2015-08-26,420.205
store_115,2015-08-27,437.555
store_115,2015-08-28,466.225
store_115,2015-08-29,461.845
store_115,2015-08-30,0.0
store_116,2015-07-20,509.41
store_116,2015-07-21,447.835
store_116,2015-07-22,441.755
store_116,2015-07-23,471.585
store_116,2015-07-24,515.965
store_116,2015-07-25,565.865
store_116,2015-07-26,0.0
store_116,2015-07-27,647.66
store_116,2015-07-28,567.465
store_116,2015-07-29,545.475
store_116,2015-07-30,554.95
store_116,2015-07-31,576.425
store_116,2015-08-01,570.58
store_116,2015-08-02,0.0
store_116,2015-08-03,702.755
store_116,2015-08-04,575.195
store_116,2015-08-05,542.385
store_116,2015-08-06,553.385
store_116,2015-08-07,554.64
store_116,2015-08-08,552.85
store_116,2015-08-09,0.0
store_116,2015-08-10,524.25
store_116,2015-08-11,470.625
store_116,2015-08-12,464.92
store_116,2015-08-13,496.275
store_116,2015-08-14,519.02
store_116,2015-08-15,547.475
store_116,2015-08-16,0.0
store_116,2015-08-17,684.755
store_116,2015-08-18,576.775
store_116,2015-08-19,560.545
store_116,2015-08-20,572.005
store_116,2015-08-21,601.295
store_116,2015-08-22,540.145
store_116,2015-08-23,0.0
store_116,2015-08-24,505.24
store_116,2015-08-25,453.785
store_116,2015-08-26,459.675
store_116,2015-08-27,489.955
store_116,2015-08-28,535.89
store_116,2015-08-29,542.36
store_116,2015-08-30,0.0
store_117,2015-07-20,729.57
store_117,2015-07-21,682.595
store_117,2015-07-22,699.145
store_117,2015-07-23,764.14
store_117,2015-07-24,707.715
store_117,2015-07-25,499.505
store_117,2015-07-26,0.0
store_117,2015-07-27,961.8
store_117,2015-07-28,847.185
store_117,2015-07-29,839.89
store_117,2015-07-30,873.205
store_117,2015-07-31,815.335
store_117,2015-08-01,524.505
store_117,2015-08-02,0.0
store_117,2015-08-03,992.54
store_117,2015-08-04,860.705
store_117,2015-08-05,822.545
store_117,2015-08-06,823.52
store_117,2015-08-07,765.19
store_117,2015-08-08,514.065
store_117,2015-08-09,0.0
store_117,2015-08-10,744.75
store_117,2015-08-11,691.3
store_117,2015-08-12,706.71
store_117,2015-08-13,717.94
store_117,2015-08-14,732.965
store_117,2015-08-15,508.2
store_117,2015-08-16,0.0
store_117,2015-08-17,974.325
store_117,2015-08-18,847.21
store_117,2015-08-19,800.93
store_117,2015-08-20,818.48
store_117,2015-08-21,784.875
store_117,2015-08-22,524.375
store_117,2015-08-23,0.0
store_117,2015-08-24,725.495
store_117,2015-08-25,664.89
store_117,2015-08-26,648.215
store_117,2015-08-27,685.72
store_117,2015-08-28,684.84
store_117,2015-08-29,510.36
store_117,2015-08-30,0.0
store_118,2015-07-20,1264.255
store_118,2015-07-21,1153.07
store_118,2015-07-22,1159.56
store_118,2015-07-23,1191.385
store_118,2015-07-24,1159.365
store_118,2015-07-25,1016.155
store_118,2015-07-26,0.0
store_118,2015-07-27,1693.8
store_118,2015-07-28,1509.69
store_118,2015-07-29,1426.075
store_118,2015-07-30,1445.865
store_118,2015-07-31,1364.96
store_118,2015-08-01,1055.585
store_118,2015-08-02,0.0
store_118,2015-08-03,1712.865
store_118,2015-08-04,1438.65
store_118,2015-08-05,1376.225
store_118,2015-08-06,1366.55
store_118,2015-08-07,1329.17
store_118,2015-08-08,1036.05
store_118,2015-08-09,0.0
store_118,2015-08-10,1309.575
store_118,2015-08-11,1196.985
store_118,2015-08-12,1206.085
store_118,2015-08-13,1211.25
store_118,2015-08-14,1228.135
store_118,2015-08-15,1027.05
store_118,2015-08-16,0.0
store_118,2015-08-17,1634.925
store_118,2015-08-18,1501.205
store_118,2015-08-19,1397.37
store_118,2015-08-20,1374.975
store_118,2015-08-21,1331.155
store_118,2015-08-22,1029.65
store_118,2015-08-23,0.0
store_118,2015-08-24,1211.17
store_118,2015-08-25,1141.7
store_118,2015-08-26,1142.03
store_118,2015-08-27,1179.89
store_118,2015-08-28,1180.025
store_118,2015-08-29,1009.91
store_118,2015-08-30,0.0
store_119,2015-07-20,708.51
store_119,2015-07-21,640.075
store_119,2015-07-22,597.735
store_119,2015-07-23,693.355
store_119,2015-07-24,683.42
store_119,2015-07-25,502.535
store_119,2015-07-26,278.87
store_119,2015-07-27,827.91
store_119,2015-07-28,722.385
store_119,2015-07-29,721.375
store_119,2015-07-30,790.62
store_119,2015-07-31,767.64
store_119,2015-08-01,540.355
store_119,2015-08-02,293.73
store_119,2015-08-03,875.265
store_119,2015-08-04,760.91
store_119,2015-08-05,710.905
store_119,2015-08-06,757.9
store_119,2015-08-07,745.795
store_119,2015-08-08,535.06
store_119,2015-08-09,279.305
store_119,2015-08-10,789.725
store_119,2015-08-11,722.295
store_119,2015-08-12,685.485
store_119,2015-08-13,718.27
store_119,2015-08-14,723.33
store_119,2015-08-15,539.815
store_119,2015-08-16,279.5
store_119,2015-08-17,890.81
store_119,2015-08-18,797.865
store_119,2015-08-19,765.31
store_119,2015-08-20,788.58
store_119,2015-08-21,782.455
store_119,2015-08-22,551.565
store_119,2015-08-23,286.595
store_119,2015-08-24,781.845
store_119,2015-08-25,695.16
store_119,2015-08-26,681.325
store_119,2015-08-27,700.175
store_119,2015-08-28,702.35
store_119,2015-08-29,545.115
store_119,2015-08-30,274.585
store_12,2015-07-20,558.2
store_12,2015-07-21,518.895
store_12,2015-07-22,520.835
store_12,2015-07-23,551.45
store_12,2015-07-24,552.54
store_12,2015-07-25,363.195
store_12,2015-07-26,0.0
store_12,2015-07-27,722.675
store_12,2015-07-28,638.67
store_12,2015-07-29,648.095
store_12,2015-07-30,669.38
store_12,2015-07-31,660.59
store_12,2015-08-01,409.195
store_12,2015-08-02,0.0
store_12,2015-08-03,751.77
store_12,2015-08-04,644.325
store_12,2015-08-05,612.38
store_12,2015-08-06,632.86
store_12,2015-08-07,614.18
store_12,2015-08-08,374.625
store_12,2015-08-09,0.0
store_12,2015-08-10,607.88
store_12,2015-08-11,549.14
store_12,2015-08-12,535.095
store_12,2015-08-13,551.4
store_12,2015-08-14,560.495
store_12,2015-08-15,391.74
store_12,2015-08-16,0.0
store_12,2015-08-17,751.775
store_12,2015-08-18,647.355
store_12,2015-08-19,624.115
store_12,2015-08-20,631.06
store_12,2015-08-21,632.405
store_12,2015-08-22,400.34
store_12,2015-08-23,0.0
store_12,2015-08-24,660.185
store_12,2015-08-25,598.035
store_12,2015-08-26,565.015
store_12,2015-08-27,563.755
store_12,2015-08-28,586.495
store_12,2015-08-29,397.21
store_12,2015-08-30,0.0
store_120,2015-07-20,274.735
store_120,2015-07-21,241.24
store_120,2015-07-22,253.435
store_120,2015-07-23,277.27
store_120,2015-07-24,284.135
store_120,2015-07-25,287.0
store_120,2015-07-26,0.0
store_120,2015-07-27,405.96
store_120,2015-07-28,348.165
store_120,2015-07-29,321.49
store_120,2015-07-30,321.705
store_120,2015-07-31,361.415
store_120,2015-08-01,310.76
store_120,2015-08-02,0.0
store_120,2015-08-03,415.29
store_120,2015-08-04,355.915
store_120,2015-08-05,350.815
store_120,2015-08-06,348.58
store_120,2015-08-07,371.94
store_120,2015-08-08,327.295
store_120,2015-08-09,0.0
store_120,2015-08-10,328.455
store_120,2015-08-11,292.875
store_120,2015-08-12,292.405
store_120,2015-08-13,301.435
store_120,2015-08-14,318.87
store_120,2015-08-15,307.61
store_120,2015-08-16,0.0
store_120,2015-08-17,419.875
store_120,2015-08-18,365.685
store_120,2015-08-19,356.625
store_120,2015-08-20,369.1
store_120,2015-08-21,388.175
store_120,2015-08-22,323.86
store_120,2015-08-23,0.0
store_120,2015-08-24,307.43
store_120,2015-08-25,283.155
store_120,2015-08-26,283.245
store_120,2015-08-27,292.975
store_120,2015-08-28,316.495
store_120,2015-08-29,306.69
store_120,2015-08-30,0.0
store_121,2015-07-20,426.865
store_121,2015-07-21,395.42
store_121,2015-07-22,449.11
store_121,2015-07-23,437.005
store_121,2015-07-24,428.245
store_121,2015-07-25,329.415
store_121,2015-07-26,0.0
store_121,2015-07-27,504.68
store_121,2015-07-28,476.225
store_121,2015-07-29,516.055
store_121,2015-07-30,516.34
store_121,2015-07-31,501.735
store_121,2015-08-01,339.07
store_121,2015-08-02,0.0
store_121,2015-08-03,524.89
store_121,2015-08-04,462.41
store_121,2015-08-05,459.625
store_121,2015-08-06,479.035
store_121,2015-08-07,476.48
store_121,2015-08-08,342.2
store_121,2015-08-09,0.0
store_121,2015-08-10,478.515
store_121,2015-08-11,448.705
store_121,2015-08-12,432.89
store_121,2015-08-13,445.23
store_121,2015-08-14,453.065
store_121,2015-08-15,346.115
store_121,2015-08-16,0.0
store_121,2015-08-17,511.71
store_121,2015-08-18,468.38
store_121,2015-08-19,462.615
store_121,2015-08-20,484.775
store_121,2015-08-21,504.54
store_121,2015-08-22,343.33
store_121,2015-08-23,0.0
store_121,2015-08-24,472.465
store_121,2015-08-25,441.26
store_121,2015-08-26,445.195
store_121,2015-08-27,446.56
store_121,2015-08-28,458.49
store_121,2015-08-29,345.04
store_121,2015-08-30,0.0
store_122,2015-07-20,565.89
store_122,2015-07-21,525.965
store_122,2015-07-22,546.175
store_122,2015-07-23,563.15
store_122,2015-07-24,600.165
store_122,2015-07-25,619.86
store_122,2015-07-26,0.0
store_122,2015-07-27,752.135
store_122,2015-07-28,644.19
store_122,2015-07-29,666.215
store_122,2015-07-30,703.98
store_122,2015-07-31,696.565
store_122,2015-08-01,649.425
store_122,2015-08-02,0.0
store_122,2015-08-03,798.51
store_122,2015-08-04,668.585
store_122,2015-08-05,621.11
store_122,2015-08-06,635.915
store_122,2015-08-07,637.37
store_122,2015-08-08,634.79
store_122,2015-08-09,0.0
store_122,2015-08-10,629.78
store_122,2015-08-11,558.99
store_122,2015-08-12,539.59
store_122,2015-08-13,557.495
store_122,2015-08-14,575.93
store_122,2015-08-15,638.56
store_122,2015-08-16,0.0
store_122,2015-08-17,827.26
store_122,2015-08-18,714.735
store_122,2015-08-19,682.255
store_122,2015-08-20,678.705
store_122,2015-08-21,680.7
store_122,2015-08-22,645.975
store_122,2015-08-23,0.0
store_122,2015-08-24,681.67
store_122,2015-08-25,598.585
store_122,2015-08-26,605.345
store_122,2015-08-27,598.47
store_122,2015-08-28,609.665
store_122,2015-08-29,650.06
store_122,2015-08-30,0.0
store_123,2015-07-20,602.47
store_123,2015-07-21,514.14
store_123,2015-07-22,543.2
store_123,2015-07-23,553.125
store_123,2015-07-24,592.13
store_123,2015-07-25,667.365
store_123,2015-07-26,0.0
store_123,2015-07-27,746.2
store_123,2015-07-28,661.045
store_123,2015-07-29,659.11
store_123,2015-07-30,683.36
store_123,2015-07-31,685.8
store_123,2015-08-01,674.88
store_123,2015-08-02,0.0
store_123,2015-08-03,768.725
store_123,2015-08-04,645.125
store_123,2015-08-05,619.815
store_123,2015-08-06,653.785
store_123,2015-08-07,656.005
store_123,2015-08-08,660.51
store_123,2015-08-09,0.0
store_123,2015-08-10,599.675
store_123,2015-08-11,561.29
store_123,2015-08-12,542.26
store_123,2015-08-13,572.625
store_123,2015-08-14,605.845
store_123,2015-08-15,659.44
store_123,2015-08-16,0.0
store_123,2015-08-17,796.69
store_123,2015-08-18,677.855
store_123,2015-08-19,650.32
store_123,2015-08-20,680.275
store_123,2015-08-21,686.63
store_123,2015-08-22,629.635
store_123,2015-08-23,0.0
store_123,2015-08-24,661.94
store_123,2015-08-25,575.66
store_123,2015-08-26,545.1
store_123,2015-08-27,586.35
store_123,2015-08-28,613.05
store_123,2015-08-29,629.33
store_123,2015-08-30,0.0
store_124,2015-07-20,681.96
store_124,2015-07-21,636.135
store_124,2015-07-22,650.205
store_124,2015-07-23,661.345
store_124,2015-07-24,659.605
store_124,2015-07-25,696.83
store_124,2015-07-26,0.0
store_124,2015-07-27,864.795
store_124,2015-07-28,812.745
store_124,2015-07-29,810.325
store_124,2015-07-30,806.795
store_124,2015-07-31,775.645
store_124,2015-08-01,682.7
store_124,2015-08-02,0.0
store_124,2015-08-03,919.945
store_124,2015-08-04,795.155
store_124,2015-08-05,739.15
store_124,2015-08-06,736.895
store_124,2015-08-07,729.1
store_124,2015-08-08,684.51
store_124,2015-08-09,0.0
store_124,2015-08-10,715.83
store_124,2015-08-11,662.655
store_124,2015-08-12,662.205
store_124,2015-08-13,656.845
store_124,2015-08-14,668.425
store_124,2015-08-15,670.955
store_124,2015-08-16,0.0
store_124,2015-08-17,945.875
store_124,2015-08-18,824.045
store_124,2015-08-19,781.065
store_124,2015-08-20,755.615
store_124,2015-08-21,733.55
store_124,2015-08-22,660.63
store_124,2015-08-23,0.0
store_124,2015-08-24,717.45
store_124,2015-08-25,629.61
store_124,2015-08-26,632.21
store_124,2015-08-27,645.23
store_124,2015-08-28,666.47
store_124,2015-08-29,670.6
store_124,2015-08-30,0.0
store_125,2015-07-20,621.61
store_125,2015-07-21,577.875
store_125,2015-07-22,564.205
store_125,2015-07-23,589.365
store_125,2015-07-24,610.665
store_125,2015-07-25,624.16
store_125,2015-07-26,0.0
store_125,2015-07-27,788.915
store_125,2015-07-28,717.995
store_125,2015-07-29,696.815
store_125,2015-07-30,699.325
store_125,2015-07-31,696.265
store_125,2015-08-01,656.28
store_125,2015-08-02,0.0
store_125,2015-08-03,845.205
store_125,2015-08-04,708.125
store_125,2015-08-05,670.765
store_125,2015-08-06,666.35
store_125,2015-08-07,654.875
store_125,2015-08-08,653.65
store_125,2015-08-09,0.0
store_125,2015-08-10,638.56
store_125,2015-08-11,585.35
store_125,2015-08-12,580.375
store_125,2015-08-13,588.545
store_125,2015-08-14,617.73
store_125,2015-08-15,645.235
store_125,2015-08-16,0.0
store_125,2015-08-17,839.59
store_125,2015-08-18,735.48
store_125,2015-08-19,708.62
store_125,2015-08-20,696.985
store_125,2015-08-21,703.615
store_125,2015-08-22,636.69
store_125,2015-08-23,0.0
store_125,2015-08-24,651.34
store_125,2015-08-25,585.58
store_125,2015-08-26,579.21
store_125,2015-08-27,589.105
store_125,2015-08-28,616.155
store_125,2015-08-29,633.145
store_125,2015-08-30,0.0
store_126,2015-07-20,410.29
store_126,2015-07-21,372.01
store_126,2015-07-22,355.18
store_126,2015-07-23,365.445
store_126,2015-07-24,362.485
store_126,2015-07-25,232.055
store_126,2015-07-26,0.0
store_126,2015-07-27,460.11
store_126,2015-07-28,428.28
store_126,2015-07-29,425.315
store_126,2015-07-30,432.64
store_126,2015-07-31,413.875
store_126,2015-08-01,235.295
store_126,2015-08-02,0.0
store_126,2015-08-03,496.975
store_126,2015-08-04,429.81
store_126,2015-08-05,403.355
store_126,2015-08-06,416.295
store_126,2015-08-07,402.67
store_126,2015-08-08,228.675
store_126,2015-08-09,0.0
store_126,2015-08-10,404.85
store_126,2015-08-11,377.79
store_126,2015-08-12,378.89
store_126,2015-08-13,385.765
store_126,2015-08-14,382.155
store_126,2015-08-15,234.035
store_126,2015-08-16,0.0
store_126,2015-08-17,533.995
store_126,2015-08-18,461.86
store_126,2015-08-19,434.32
store_126,2015-08-20,442.595
store_126,2015-08-21,440.775
store_126,2015-08-22,238.665
store_126,2015-08-23,0.0
store_126,2015-08-24,429.605
store_126,2015-08-25,381.545
store_126,2015-08-26,386.13
store_126,2015-08-27,388.39
store_126,2015-08-28,395.435
store_126,2015-08-29,235.4
store_126,2015-08-30,0.0
store_127,2015-07-20,542.62
store_127,2015-07-21,521.735
store_127,2015-07-22,512.395
store_127,2015-07-23,533.065
store_127,2015-07-24,525.925
store_127,2015-07-25,436.35
store_127,2015-07-26,0.0
store_127,2015-07-27,692.47
store_127,2015-07-28,632.965
store_127,2015-07-29,619.465
store_127,2015-07-30,649.405
store_127,2015-07-31,618.985
store_127,2015-08-01,440.455
store_127,2015-08-02,0.0
store_127,2015-08-03,749.605
store_127,2015-08-04,647.12
store_127,2015-08-05,591.335
store_127,2015-08-06,583.35
store_127,2015-08-07,583.02
store_127,2015-08-08,439.425
store_127,2015-08-09,0.0
store_127,2015-08-10,579.375
store_127,2015-08-11,536.22
store_127,2015-08-12,530.715
store_127,2015-08-13,527.74
store_127,2015-08-14,537.525
store_127,2015-08-15,435.13
store_127,2015-08-16,0.0
store_127,2015-08-17,748.345
store_127,2015-08-18,670.275
store_127,2015-08-19,611.795
store_127,2015-08-20,609.215
store_127,2015-08-21,599.82
store_127,2015-08-22,439.265
store_127,2015-08-23,0.0
store_127,2015-08-24,591.705
store_127,2015-08-25,540.98
store_127,2015-08-26,527.295
store_127,2015-08-27,547.86
store_127,2015-08-28,556.245
store_127,2015-08-29,436.995
store_127,2015-08-30,0.0
store_128,2015-07-20,527.585
store_128,2015-07-21,487.215
store_128,2015-07-22,498.465
store_128,2015-07-23,517.005
store_128,2015-07-24,584.985
store_128,2015-07-25,547.71
store_128,2015-07-26,0.0
store_128,2015-07-27,679.555
store_128,2015-07-28,580.95
store_128,2015-07-29,588.53
store_128,2015-07-30,624.215
store_128,2015-07-31,663.945
store_128,2015-08-01,578.565
store_128,2015-08-02,0.0
store_128,2015-08-03,714.435
store_128,2015-08-04,600.2
store_128,2015-08-05,564.68
store_128,2015-08-06,564.495
store_128,2015-08-07,609.785
store_128,2015-08-08,550.575
store_128,2015-08-09,0.0
store_128,2015-08-10,572.41
store_128,2015-08-11,533.345
store_128,2015-08-12,514.58
store_128,2015-08-13,532.625
store_128,2015-08-14,563.74
store_128,2015-08-15,552.94
store_128,2015-08-16,0.0
store_128,2015-08-17,723.985
store_128,2015-08-18,618.0
store_128,2015-08-19,604.88
store_128,2015-08-20,605.985
store_128,2015-08-21,619.065
store_128,2015-08-22,560.825
store_128,2015-08-23,0.0
store_128,2015-08-24,577.44
store_128,2015-08-25,507.145
store_128,2015-08-26,519.745
store_128,2015-08-27,536.115
store_128,2015-08-28,575.07
store_128,2015-08-29,550.24
store_128,2015-08-30,0.0
store_129,2015-07-20,505.445
store_129,2015-07-21,439.77
store_129,2015-07-22,467.43
store_129,2015-07-23,487.485
store_129,2015-07-24,497.28
store_129,2015-07-25,549.785
store_129,2015-07-26,0.0
store_129,2015-07-27,669.145
store_129,2015-07-28,558.5
store_129,2015-07-29,541.51
store_129,2015-07-30,561.63
store_129,2015-07-31,586.255
store_129,2015-08-01,577.925
store_129,2015-08-02,0.0
store_129,2015-08-03,718.275
store_129,2015-08-04,572.825
store_129,2015-08-05,544.1
store_129,2015-08-06,551.14
store_129,2015-08-07,556.94
store_129,2015-08-08,561.045
store_129,2015-08-09,0.0
store_129,2015-08-10,542.765
store_129,2015-08-11,494.39
store_129,2015-08-12,487.73
store_129,2015-08-13,505.62
store_129,2015-08-14,526.15
store_129,2015-08-15,574.085
store_129,2015-08-16,0.0
store_129,2015-08-17,741.0
store_129,2015-08-18,617.35
store_129,2015-08-19,605.945
store_129,2015-08-20,594.845
store_129,2015-08-21,605.545
store_129,2015-08-22,566.9
store_129,2015-08-23,0.0
store_129,2015-08-24,510.43
store_129,2015-08-25,461.78
store_129,2015-08-26,475.66
store_129,2015-08-27,504.105
store_129,2015-08-28,517.05
store_129,2015-08-29,548.7
store_129,2015-08-30,0.0
store_13,2015-07-20,454.445
store_13,2015-07-21,391.28
store_13,2015-07-22,402.06
store_13,2015-07-23,407.125
store_13,2015-07-24,447.685
store_13,2015-07-25,518.845
store_13,2015-07-26,0.0
store_13,2015-07-27,661.695
store_13,2015-07-28,569.125
store_13,2015-07-29,550.38
store_13,2015-07-30,494.87
store_13,2015-07-31,538.785
store_13,2015-08-01,518.99
store_13,2015-08-02,0.0
store_13,2015-08-03,706.965
store_13,2015-08-04,555.89
store_13,2015-08-05,516.995
store_13,2015-08-06,509.015
store_13,2015-08-07,508.315
store_13,2015-08-08,521.395
store_13,2015-08-09,0.0
store_13,2015-08-10,517.73
store_13,2015-08-11,485.415
store_13,2015-08-12,471.745
store_13,2015-08-13,455.83
store_13,2015-08-14,469.74
store_13,2015-08-15,511.68
store_13,2015-08-16,0.0
store_13,2015-08-17,755.33
store_13,2015-08-18,636.325
store_13,2015-08-19,592.905
store_13,2015-08-20,561.01
store_13,2015-08-21,542.59
store_13,2015-08-22,520.105
store_13,2015-08-23,0.0
store_13,2015-08-24,539.505
store_13,2015-08-25,473.035
store_13,2015-08-26,466.035
store_13,2015-08-27,470.05
store_13,2015-08-28,463.04
store_13,2015-08-29,503.42
store_13,2015-08-30,0.0
store_130,2015-07-20,674.74
store_130,2015-07-21,624.515
store_130,2015-07-22,612.56
store_130,2015-07-23,624.75
store_130,2015-07-24,611.805
store_130,2015-07-25,500.745
store_130,2015-07-26,0.0
store_130,2015-07-27,813.545
store_130,2015-07-28,761.935
store_130,2015-07-29,738.59
store_130,2015-07-30,746.79
store_130,2015-07-31,701.35
store_130,2015-08-01,501.045
store_130,2015-08-02,0.0
store_130,2015-08-03,877.49
store_130,2015-08-04,746.38
store_130,2015-08-05,697.18
store_130,2015-08-06,691.945
store_130,2015-08-07,663.73
store_130,2015-08-08,492.26
store_130,2015-08-09,0.0
store_130,2015-08-10,701.895
store_130,2015-08-11,652.895
store_130,2015-08-12,628.86
store_130,2015-08-13,634.845
store_130,2015-08-14,631.88
store_130,2015-08-15,472.07
store_130,2015-08-16,0.0
store_130,2015-08-17,853.315
store_130,2015-08-18,769.45
store_130,2015-08-19,706.76
store_130,2015-08-20,700.135
store_130,2015-08-21,707.09
store_130,2015-08-22,479.905
store_130,2015-08-23,0.0
store_130,2015-08-24,704.375
store_130,2015-08-25,647.79
store_130,2015-08-26,613.47
store_130,2015-08-27,631.015
store_130,2015-08-28,633.25
store_130,2015-08-29,481.89
store_130,2015-08-30,0.0
store_131,2015-07-20,514.09
store_131,2015-07-21,470.94
store_131,2015-07-22,471.645
store_131,2015-07-23,481.22
store_131,2015-07-24,497.085
store_131,2015-07-25,375.745
store_131,2015-07-26,0.0
store_131,2015-07-27,630.825
store_131,2015-07-28,581.915
store_131,2015-07-29,546.385
store_131,2015-07-30,554.765
store_131,2015-07-31,564.72
store_131,2015-08-01,381.215
store_131,2015-08-02,0.0
store_131,2015-08-03,685.985
store_131,2015-08-04,563.77
store_131,2015-08-05,527.24
store_131,2015-08-06,532.16
store_131,2015-08-07,532.63
store_131,2015-08-08,371.475
store_131,2015-08-09,0.0
store_131,2015-08-10,542.995
store_131,2015-08-11,495.5
store_131,2015-08-12,480.58
store_131,2015-08-13,480.415
store_131,2015-08-14,487.4
store_131,2015-08-15,371.02
store_131,2015-08-16,0.0
store_131,2015-08-17,674.75
store_131,2015-08-18,592.7
store_131,2015-08-19,535.285
store_131,2015-08-20,547.535
store_131,2015-08-21,550.43
store_131,2015-08-22,370.2
store_131,2015-08-23,0.0
store_131,2015-08-24,530.2
store_131,2015-08-25,479.905
store_131,2015-08-26,476.74
store_131,2015-08-27,482.9
store_131,2015-08-28,494.815
store_131,2015-08-29,364.2
store_131,2015-08-30,0.0
store_132,2015-07-20,521.01
store_132,2015-07-21,467.725
store_132,2015-07-22,490.21
store_132,2015-07-23,527.1
store_132,2015-07-24,532.16
store_132,2015-07-25,559.525
store_132,2015-07-26,0.0
store_132,2015-07-27,683.74
store_132,2015-07-28,574.16
store_132,2015-07-29,565.78
store_132,2015-07-30,602.635
store_132,2015-07-31,609.425
store_132,2015-08-01,582.295
store_132,2015-08-02,0.0
store_132,2015-08-03,734.13
store_132,2015-08-04,610.47
store_132,2015-08-05,572.475
store_132,2015-08-06,583.85
store_132,2015-08-07,589.815
store_132,2015-08-08,563.095
store_132,2015-08-09,0.0
store_132,2015-08-10,561.465
store_132,2015-08-11,514.665
store_132,2015-08-12,515.59
store_132,2015-08-13,554.455
store_132,2015-08-14,579.005
store_132,2015-08-15,582.285
store_132,2015-08-16,0.0
store_132,2015-08-17,728.825
store_132,2015-08-18,631.54
store_132,2015-08-19,604.495
store_132,2015-08-20,614.59
store_132,2015-08-21,627.545
store_132,2015-08-22,580.145
store_132,2015-08-23,0.0
store_132,2015-08-24,578.8
store_132,2015-08-25,514.955
store_132,2015-08-26,527.085
store_132,2015-08-27,543.565
store_132,2015-08-28,594.84
store_132,2015-08-29,586.215
store_132,2015-08-30,0.0
store_133,2015-07-20,671.01
store_133,2015-07-21,594.955
store_133,2015-07-22,633.08
store_133,2015-07-23,675.295
store_133,2015-07-24,689.46
store_133,2015-07-25,632.745
store_133,2015-07-26,0.0
store_133,2015-07-27,926.65
store_133,2015-07-28,800.94
store_133,2015-07-29,812.515
store_133,2015-07-30,822.84
store_133,2015-07-31,813.22
store_133,2015-08-01,677.785
store_133,2015-08-02,0.0
store_133,2015-08-03,935.03
store_133,2015-08-04,785.91
store_133,2015-08-05,738.48
store_133,2015-08-06,765.46
store_133,2015-08-07,770.595
store_133,2015-08-08,672.795
store_133,2015-08-09,0.0
store_133,2015-08-10,712.06
store_133,2015-08-11,660.225
store_133,2015-08-12,655.92
store_133,2015-08-13,655.935
store_133,2015-08-14,688.505
store_133,2015-08-15,664.825
store_133,2015-08-16,0.0
store_133,2015-08-17,955.795
store_133,2015-08-18,805.4
store_133,2015-08-19,761.47
store_133,2015-08-20,772.68
store_133,2015-08-21,798.56
store_133,2015-08-22,687.32
store_133,2015-08-23,0.0
store_133,2015-08-24,718.885
store_133,2015-08-25,633.03
store_133,2015-08-26,617.58
store_133,2015-08-27,653.775
store_133,2015-08-28,718.755
store_133,2015-08-29,675.425
store_133,2015-08-30,0.0
store_134,2015-07-20,864.945
store_134,2015-07-21,800.95
store_134,2015-07-22,803.465
store_134,2015-07-23,853.555
store_134,2015-07-24,911.4
store_134,2015-07-25,908.37
store_134,2015-07-26,0.0
store_134,2015-07-27,1117.51
store_134,2015-07-28,971.59
store_134,2015-07-29,962.065
store_134,2015-07-30,1009.94
store_134,2015-07-31,1059.325
store_134,2015-08-01,928.75
store_134,2015-08-02,0.0
store_134,2015-08-03,1175.435
store_134,2015-08-04,963.215
store_134,2015-08-05,929.37
store_134,2015-08-06,936.67
store_134,2015-08-07,962.845
store_134,2015-08-08,917.345
store_134,2015-08-09,0.0
store_134,2015-08-10,958.37
store_134,2015-08-11,837.435
store_134,2015-08-12,804.43
store_134,2015-08-13,832.05
store_134,2015-08-14,885.425
store_134,2015-08-15,902.79
store_134,2015-08-16,0.0
store_134,2015-08-17,1202.11
store_134,2015-08-18,1041.725
store_134,2015-08-19,989.495
store_134,2015-08-20,996.66
store_134,2015-08-21,993.715
store_134,2015-08-22,905.84
store_134,2015-08-23,0.0
store_134,2015-08-24,887.835
store_134,2015-08-25,810.945
store_134,2015-08-26,796.72
store_134,2015-08-27,849.665
store_134,2015-08-28,874.01
store_134,2015-08-29,867.99
store_134,2015-08-30,0.0
store_135,2015-07-20,988.79
store_135,2015-07-21,922.835
store_135,2015-07-22,908.215
store_135,2015-07-23,930.155
store_135,2015-07-24,945.05
store_135,2015-07-25,839.455
store_135,2015-07-26,0.0
store_135,2015-07-27,1192.215
store_135,2015-07-28,1118.95
store_135,2015-07-29,1058.27
store_135,2015-07-30,1061.81
store_135,2015-07-31,1022.655
store_135,2015-08-01,836.745
store_135,2015-08-02,0.0
store_135,2015-08-03,1249.535
store_135,2015-08-04,1119.25
store_135,2015-08-05,1053.115
store_135,2015-08-06,1028.99
store_135,2015-08-07,995.435
store_135,2015-08-08,843.385
store_135,2015-08-09,0.0
store_135,2015-08-10,1024.625
store_135,2015-08-11,957.865
store_135,2015-08-12,919.6
store_135,2015-08-13,918.665
store_135,2015-08-14,932.45
store_135,2015-08-15,825.125
store_135,2015-08-16,0.0
store_135,2015-08-17,1241.93
store_135,2015-08-18,1130.125
store_135,2015-08-19,1079.225
store_135,2015-08-20,1069.09
store_135,2015-08-21,1039.4
store_135,2015-08-22,830.16
store_135,2015-08-23,0.0
store_135,2015-08-24,987.2
store_135,2015-08-25,905.81
store_135,2015-08-26,915.38
store_135,2015-08-27,929.305
store_135,2015-08-28,949.925
store_135,2015-08-29,839.355
store_135,2015-08-30,0.0
store_136,2015-07-20,936.32
store_136,2015-07-21,845.115
store_136,2015-07-22,819.045
store_136,2015-07-23,858.73
store_136,2015-07-24,853.325
store_136,2015-07-25,827.555
store_136,2015-07-26,0.0
store_136,2015-07-27,1169.715
store_136,2015-07-28,1032.945
store_136,2015-07-29,996.57
store_136,2015-07-30,1012.165
store_136,2015-07-31,992.765
store_136,2015-08-01,857.28
store_136,2015-08-02,0.0
store_136,2015-08-03,1223.73
store_136,2015-08-04,1026.09
store_136,2015-08-05,959.395
store_136,2015-08-06,957.505
store_136,2015-08-07,940.7
store_136,2015-08-08,848.6
store_136,2015-08-09,0.0
store_136,2015-08-10,949.245
store_136,2015-08-11,845.92
store_136,2015-08-12,839.635
store_136,2015-08-13,856.265
store_136,2015-08-14,890.085
store_136,2015-08-15,846.375
store_136,2015-08-16,0.0
store_136,2015-08-17,1226.815
store_136,2015-08-18,1044.365
store_136,2015-08-19,975.585
store_136,2015-08-20,1002.455
store_136,2015-08-21,988.63
store_136,2015-08-22,856.97
store_136,2015-08-23,0.0
store_136,2015-08-24,949.795
store_136,2015-08-25,829.76
store_136,2015-08-26,838.075
store_136,2015-08-27,877.155
store_136,2015-08-28,877.315
store_136,2015-08-29,842.62
store_136,2015-08-30,0.0
store_137,2015-07-20,449.085
store_137,2015-07-21,400.11
store_137,2015-07-22,391.65
store_137,2015-07-23,404.96
store_137,2015-07-24,433.01
store_137,2015-07-25,337.185
store_137,2015-07-26,0.0
store_137,2015-07-27,602.115
store_137,2015-07-28,511.165
store_137,2015-07-29,505.95
store_137,2015-07-30,510.785
store_137,2015-07-31,503.8
store_137,2015-08-01,338.48
store_137,2015-08-02,0.0
store_137,2015-08-03,639.81
store_137,2015-08-04,524.85
store_137,2015-08-05,479.03
store_137,2015-08-06,481.78
store_137,2015-08-07,487.8
store_137,2015-08-08,337.805
store_137,2015-08-09,0.0
store_137,2015-08-10,517.805
store_137,2015-08-11,464.195
store_137,2015-08-12,441.925
store_137,2015-08-13,447.875
store_137,2015-08-14,452.71
store_137,2015-08-15,343.415
store_137,2015-08-16,0.0
store_137,2015-08-17,649.125
store_137,2015-08-18,557.05
store_137,2015-08-19,508.72
store_137,2015-08-20,517.45
store_137,2015-08-21,521.32
store_137,2015-08-22,346.9
store_137,2015-08-23,0.0
store_137,2015-08-24,497.605
store_137,2015-08-25,445.61
store_137,2015-08-26,441.395
store_137,2015-08-27,437.94
store_137,2015-08-28,465.265
store_137,2015-08-29,338.605
store_137,2015-08-30,0.0
store_138,2015-07-20,928.13
store_138,2015-07-21,902.705
store_138,2015-07-22,901.875
store_138,2015-07-23,913.865
store_138,2015-07-24,912.315
store_138,2015-07-25,759.33
store_138,2015-07-26,0.0
store_138,2015-07-27,1175.935
store_138,2015-07-28,1120.205
store_138,2015-07-29,1083.56
store_138,2015-07-30,1113.225
store_138,2015-07-31,1055.645
store_138,2015-08-01,770.555
store_138,2015-08-02,0.0
store_138,2015-08-03,1263.495
store_138,2015-08-04,1094.695
store_138,2015-08-05,1033.405
store_138,2015-08-06,1032.67
store_138,2015-08-07,1013.77
store_138,2015-08-08,807.8
store_138,2015-08-09,0.0
store_138,2015-08-10,969.715
store_138,2015-08-11,931.46
store_138,2015-08-12,912.805
store_138,2015-08-13,916.99
store_138,2015-08-14,947.53
store_138,2015-08-15,767.985
store_138,2015-08-16,0.0
store_138,2015-08-17,1231.725
store_138,2015-08-18,1105.29
store_138,2015-08-19,1045.0
store_138,2015-08-20,1042.025
store_138,2015-08-21,1079.36
store_138,2015-08-22,800.97
store_138,2015-08-23,0.0
store_138,2015-08-24,970.07
store_138,2015-08-25,909.4
store_138,2015-08-26,896.095
store_138,2015-08-27,948.9
store_138,2015-08-28,982.13
store_138,2015-08-29,759.16
store_138,2015-08-30,0.0
store_139,2015-07-20,477.05
store_139,2015-07-21,407.455
store_139,2015-07-22,401.71
store_139,2015-07-23,425.995
store_139,2015-07-24,429.13
store_139,2015-07-25,426.835
store_139,2015-07-26,0.0
store_139,2015-07-27,627.645
store_139,2015-07-28,533.885
store_139,2015-07-29,504.0
store_139,2015-07-30,513.67
store_139,2015-07-31,497.86
store_139,2015-08-01,441.435
store_139,2015-08-02,0.0
store_139,2015-08-03,682.705
store_139,2015-08-04,541.745
store_139,2015-08-05,490.755
store_139,2015-08-06,485.505
store_139,2015-08-07,484.65
store_139,2015-08-08,438.47
store_139,2015-08-09,0.0
store_139,2015-08-10,511.44
store_139,2015-08-11,461.155
store_139,2015-08-12,432.59
store_139,2015-08-13,455.225
store_139,2015-08-14,458.885
store_139,2015-08-15,432.255
store_139,2015-08-16,0.0
store_139,2015-08-17,676.65
store_139,2015-08-18,560.835
store_139,2015-08-19,556.39
store_139,2015-08-20,531.425
store_139,2015-08-21,518.665
store_139,2015-08-22,442.855
store_139,2015-08-23,0.0
store_139,2015-08-24,510.375
store_139,2015-08-25,451.14
store_139,2015-08-26,443.975
store_139,2015-08-27,450.66
store_139,2015-08-28,462.705
store_139,2015-08-29,444.835
store_139,2015-08-30,0.0
store_14,2015-07-20,474.875
store_14,2015-07-21,426.465
store_14,2015-07-22,432.6
store_14,2015-07-23,451.87
store_14,2015-07-24,462.355
store_14,2015-07-25,415.16
store_14,2015-07-26,0.0
store_14,2015-07-27,628.45
store_14,2015-07-28,541.75
store_14,2015-07-29,526.115
store_14,2015-07-30,523.815
store_14,2015-07-31,522.29
store_14,2015-08-01,426.03
store_14,2015-08-02,0.0
store_14,2015-08-03,655.405
store_14,2015-08-04,535.975
store_14,2015-08-05,502.65
store_14,2015-08-06,515.42
store_14,2015-08-07,517.575
store_14,2015-08-08,429.735
store_14,2015-08-09,0.0
store_14,2015-08-10,465.67
store_14,2015-08-11,436.685
store_14,2015-08-12,423.545
store_14,2015-08-13,452.635
store_14,2015-08-14,487.84
store_14,2015-08-15,425.175
store_14,2015-08-16,0.0
store_14,2015-08-17,661.35
store_14,2015-08-18,551.74
store_14,2015-08-19,526.115
store_14,2015-08-20,532.235
store_14,2015-08-21,546.905
store_14,2015-08-22,431.37
store_14,2015-08-23,0.0
store_14,2015-08-24,458.53
store_14,2015-08-25,420.745
store_14,2015-08-26,427.25
store_14,2015-08-27,446.745
store_14,2015-08-28,507.8
store_14,2015-08-29,438.67
store_14,2015-08-30,0.0
store_140,2015-07-20,536.23
store_140,2015-07-21,494.695
store_140,2015-07-22,517.89
store_140,2015-07-23,554.195
store_140,2015-07-24,598.67
store_140,2015-07-25,640.29
store_140,2015-07-26,0.0
store_140,2015-07-27,750.535
store_140,2015-07-28,650.855
store_140,2015-07-29,641.965
store_140,2015-07-30,674.96
store_140,2015-07-31,697.18
store_140,2015-08-01,641.835
store_140,2015-08-02,0.0
store_140,2015-08-03,789.49
store_140,2015-08-04,646.22
store_140,2015-08-05,598.835
store_140,2015-08-06,633.94
store_140,2015-08-07,629.175
store_140,2015-08-08,650.075
store_140,2015-08-09,0.0
store_140,2015-08-10,605.075
store_140,2015-08-11,546.21
store_140,2015-08-12,540.3
store_140,2015-08-13,548.69
store_140,2015-08-14,556.795
store_140,2015-08-15,613.355
store_140,2015-08-16,0.0
store_140,2015-08-17,834.845
store_140,2015-08-18,716.57
store_140,2015-08-19,671.43
store_140,2015-08-20,672.27
store_140,2015-08-21,671.74
store_140,2015-08-22,627.46
store_140,2015-08-23,0.0
store_140,2015-08-24,702.6
store_140,2015-08-25,614.565
store_140,2015-08-26,593.385
store_140,2015-08-27,571.68
store_140,2015-08-28,580.605
store_140,2015-08-29,607.705
store_140,2015-08-30,0.0
store_141,2015-07-20,353.955
store_141,2015-07-21,291.59
store_141,2015-07-22,312.17
store_141,2015-07-23,343.685
store_141,2015-07-24,370.655
store_141,2015-07-25,332.05
store_141,2015-07-26,0.0
store_141,2015-07-27,481.65
store_141,2015-07-28,387.32
store_141,2015-07-29,385.87
store_141,2015-07-30,405.775
store_141,2015-07-31,420.51
store_141,2015-08-01,325.84
store_141,2015-08-02,0.0
store_141,2015-08-03,487.795
store_141,2015-08-04,412.455
store_141,2015-08-05,380.795
store_141,2015-08-06,379.505
store_141,2015-08-07,384.065
store_141,2015-08-08,325.925
store_141,2015-08-09,0.0
store_141,2015-08-10,353.51
store_141,2015-08-11,319.09
store_141,2015-08-12,315.5
store_141,2015-08-13,342.47
store_141,2015-08-14,360.405
store_141,2015-08-15,324.735
store_141,2015-08-16,0.0
store_141,2015-08-17,503.26
store_141,2015-08-18,408.46
store_141,2015-08-19,389.195
store_141,2015-08-20,392.665
store_141,2015-08-21,414.395
store_141,2015-08-22,327.68
store_141,2015-08-23,0.0
store_141,2015-08-24,339.455
store_141,2015-08-25,310.345
store_141,2015-08-26,309.91
store_141,2015-08-27,337.375
store_141,2015-08-28,358.9
store_141,2015-08-29,320.555
store_141,2015-08-30,0.0
store_142,2015-07-20,471.63
store_142,2015-07-21,425.965
store_142,2015-07-22,411.99
store_142,2015-07-23,398.16
store_142,2015-07-24,423.395
store_142,2015-07-25,469.005
store_142,2015-07-26,0.0
store_142,2015-07-27,731.81
store_142,2015-07-28,602.675
store_142,2015-07-29,570.85
store_142,2015-07-30,553.21
store_142,2015-07-31,542.6
store_142,2015-08-01,482.265
store_142,2015-08-02,0.0
store_142,2015-08-03,731.97
store_142,2015-08-04,594.095
store_142,2015-08-05,534.49
store_142,2015-08-06,531.065
store_142,2015-08-07,522.775
store_142,2015-08-08,478.145
store_142,2015-08-09,0.0
store_142,2015-08-10,478.44
store_142,2015-08-11,455.625
store_142,2015-08-12,445.27
store_142,2015-08-13,466.57
store_142,2015-08-14,495.36
store_142,2015-08-15,476.87
store_142,2015-08-16,0.0
store_142,2015-08-17,724.115
store_142,2015-08-18,611.05
store_142,2015-08-19,588.9
store_142,2015-08-20,568.71
store_142,2015-08-21,573.42
store_142,2015-08-22,502.27
store_142,2015-08-23,0.0
store_142,2015-08-24,468.335
store_142,2015-08-25,440.55
store_142,2015-08-26,443.315
store_142,2015-08-27,451.625
store_142,2015-08-28,501.995
store_142,2015-08-29,487.145
store_142,2015-08-30,0.0
store_143,2015-07-20,1057.305
store_143,2015-07-21,1024.155
store_143,2015-07-22,1012.945
store_143,2015-07-23,1035.42
store_143,2015-07-24,1001.53
store_143,2015-07-25,944.74
store_143,2015-07-26,0.0
store_143,2015-07-27,1245.76
store_143,2015-07-28,1167.705
store_143,2015-07-29,1172.58
store_143,2015-07-30,1170.255
store_143,2015-07-31,1130.94
store_143,2015-08-01,962.155
store_143,2015-08-02,0.0
store_143,2015-08-03,1287.14
store_143,2015-08-04,1167.74
store_143,2015-08-05,1111.79
store_143,2015-08-06,1127.14
store_143,2015-08-07,1091.695
store_143,2015-08-08,959.63
store_143,2015-08-09,0.0
store_143,2015-08-10,1097.41
store_143,2015-08-11,1024.255
store_143,2015-08-12,1006.925
store_143,2015-08-13,1023.325
store_143,2015-08-14,1050.145
store_143,2015-08-15,937.095
store_143,2015-08-16,0.0
store_143,2015-08-17,1262.315
store_143,2015-08-18,1199.025
store_143,2015-08-19,1135.295
store_143,2015-08-20,1146.845
store_143,2015-08-21,1129.36
store_143,2015-08-22,968.785
store_143,2015-08-23,0.0
store_143,2015-08-24,1056.975
store_143,2015-08-25,990.94
store_143,2015-08-26,983.425
store_143,2015-08-27,1013.19
store_143,2015-08-28,1046.18
store_143,2015-08-29,930.62
store_143,2015-08-30,0.0
store_144,2015-07-20,835.99
store_144,2015-07-21,809.375
store_144,2015-07-22,804.005
store_144,2015-07-23,843.945
store_144,2015-07-24,885.75
store_144,2015-07-25,704.245
store_144,2015-07-26,0.0
store_144,2015-07-27,1097.59
store_144,2015-07-28,994.21
store_144,2015-07-29,979.49
store_144,2015-07-30,1035.265
store_144,2015-07-31,1013.02
store_144,2015-08-01,777.975
store_144,2015-08-02,0.0
store_144,2015-08-03,1170.91
store_144,2015-08-04,985.85
store_144,2015-08-05,940.12
store_144,2015-08-06,918.485
store_144,2015-08-07,919.265
store_144,2015-08-08,757.2
store_144,2015-08-09,0.0
store_144,2015-08-10,917.68
store_144,2015-08-11,831.45
store_144,2015-08-12,813.375
store_144,2015-08-13,828.425
store_144,2015-08-14,894.925
store_144,2015-08-15,772.74
store_144,2015-08-16,0.0
store_144,2015-08-17,1169.325
store_144,2015-08-18,1018.9
store_144,2015-08-19,964.685
store_144,2015-08-20,968.805
store_144,2015-08-21,997.255
store_144,2015-08-22,795.225
store_144,2015-08-23,0.0
store_144,2015-08-24,902.405
store_144,2015-08-25,825.655
store_144,2015-08-26,823.125
store_144,2015-08-27,852.465
store_144,2015-08-28,909.69
store_144,2015-08-29,778.495
store_144,2015-08-30,0.0
store_145,2015-07-20,647.73
store_145,2015-07-21,556.195
store_145,2015-07-22,571.61
store_145,2015-07-23,575.395
store_145,2015-07-24,574.49
store_145,2015-07-25,580.805
store_145,2015-07-26,0.0
store_145,2015-07-27,817.295
store_145,2015-07-28,724.235
store_145,2015-07-29,699.905
store_145,2015-07-30,699.65
store_145,2015-07-31,692.735
store_145,2015-08-01,612.74
store_145,2015-08-02,0.0
store_145,2015-08-03,901.31
store_145,2015-08-04,737.03
store_145,2015-08-05,699.195
store_145,2015-08-06,672.385
store_145,2015-08-07,645.065
store_145,2015-08-08,622.505
store_145,2015-08-09,0.0
store_145,2015-08-10,624.74
store_145,2015-08-11,585.795
store_145,2015-08-12,563.11
store_145,2015-08-13,575.975
store_145,2015-08-14,610.12
store_145,2015-08-15,620.31
store_145,2015-08-16,0.0
store_145,2015-08-17,911.565
store_145,2015-08-18,758.335
store_145,2015-08-19,702.815
store_145,2015-08-20,687.72
store_145,2015-08-21,691.0
store_145,2015-08-22,623.15
store_145,2015-08-23,0.0
store_145,2015-08-24,645.66
store_145,2015-08-25,567.965
store_145,2015-08-26,581.785
store_145,2015-08-27,580.575
store_145,2015-08-28,580.225
store_145,2015-08-29,591.27
store_145,2015-08-30,0.0
store_146,2015-07-20,995.255
store_146,2015-07-21,959.45
store_146,2015-07-22,941.66
store_146,2015-07-23,939.28
store_146,2015-07-24,963.63
store_146,2015-07-25,909.6
store_146,2015-07-26,0.0
store_146,2015-07-27,1199.65
store_146,2015-07-28,1164.47
store_146,2015-07-29,1120.965
store_146,2015-07-30,1101.86
store_146,2015-07-31,1090.7
store_146,2015-08-01,930.865
store_146,2015-08-02,0.0
store_146,2015-08-03,1298.455
store_146,2015-08-04,1128.915
store_146,2015-08-05,1082.985
store_146,2015-08-06,1053.475
store_146,2015-08-07,1017.735
store_146,2015-08-08,935.0
store_146,2015-08-09,0.0
store_146,2015-08-10,1060.15
store_146,2015-08-11,988.535
store_146,2015-08-12,960.215
store_146,2015-08-13,961.28
store_146,2015-08-14,975.13
store_146,2015-08-15,913.45
store_146,2015-08-16,0.0
store_146,2015-08-17,1305.625
store_146,2015-08-18,1153.21
store_146,2015-08-19,1107.775
store_146,2015-08-20,1089.15
store_146,2015-08-21,1077.565
store_146,2015-08-22,922.28
store_146,2015-08-23,0.0
store_146,2015-08-24,1014.045
store_146,2015-08-25,941.045
store_146,2015-08-26,910.45
store_146,2015-08-27,924.74
store_146,2015-08-28,944.855
store_146,2015-08-29,908.05
store_146,2015-08-30,0.0
store_147,2015-07-20,517.655
store_147,2015-07-21,454.965
store_147,2015-07-22,460.16
store_147,2015-07-23,529.135
store_147,2015-07-24,569.68
store_147,2015-07-25,448.935
store_147,2015-07-26,0.0
store_147,2015-07-27,632.94
store_147,2015-07-28,565.135
store_147,2015-07-29,545.28
store_147,2015-07-30,587.155
store_147,2015-07-31,661.665
store_147,2015-08-01,477.04
store_147,2015-08-02,0.0
store_147,2015-08-03,696.99
store_147,2015-08-04,583.205
store_147,2015-08-05,534.22
store_147,2015-08-06,551.33
store_147,2015-08-07,609.73
store_147,2015-08-08,484.32
store_147,2015-08-09,0.0
store_147,2015-08-10,535.885
store_147,2015-08-11,490.72
store_147,2015-08-12,495.465
store_147,2015-08-13,516.645
store_147,2015-08-14,548.665
store_147,2015-08-15,478.545
store_147,2015-08-16,0.0
store_147,2015-08-17,685.09
store_147,2015-08-18,590.9
store_147,2015-08-19,586.715
store_147,2015-08-20,614.77
store_147,2015-08-21,621.57
store_147,2015-08-22,526.025
store_147,2015-08-23,0.0
store_147,2015-08-24,535.615
store_147,2015-08-25,477.5
store_147,2015-08-26,486.245
store_147,2015-08-27,519.915
store_147,2015-08-28,542.075
store_147,2015-08-29,506.42
store_147,2015-08-30,0.0
store_148,2015-07-20,621.4
store_148,2015-07-21,571.055
store_148,2015-07-22,564.73
store_148,2015-07-23,573.43
store_148,2015-07-24,593.135
store_148,2015-07-25,623.785
store_148,2015-07-26,0.0
store_148,2015-07-27,884.845
store_148,2015-07-28,742.885
store_148,2015-07-29,685.465
store_148,2015-07-30,712.51
store_148,2015-07-31,721.495
store_148,2015-08-01,648.7
store_148,2015-08-02,0.0
store_148,2015-08-03,913.225
store_148,2015-08-04,742.82
store_148,2015-08-05,675.025
store_148,2015-08-06,661.185
store_148,2015-08-07,653.02
store_148,2015-08-08,631.915
store_148,2015-08-09,0.0
store_148,2015-08-10,658.31
store_148,2015-08-11,597.91
store_148,2015-08-12,582.555
store_148,2015-08-13,601.525
store_148,2015-08-14,612.885
store_148,2015-08-15,633.975
store_148,2015-08-16,0.0
store_148,2015-08-17,887.725
store_148,2015-08-18,757.745
store_148,2015-08-19,711.525
store_148,2015-08-20,710.08
store_148,2015-08-21,708.165
store_148,2015-08-22,627.73
store_148,2015-08-23,0.0
store_148,2015-08-24,636.98
store_148,2015-08-25,573.095
store_148,2015-08-26,572.31
store_148,2015-08-27,592.15
store_148,2015-08-28,629.185
store_148,2015-08-29,612.38
store_148,2015-08-30,0.0
store_149,2015-07-20,2174.91
store_149,2015-07-21,2134.045
store_149,2015-07-22,2063.115
store_149,2015-07-23,2119.77
store_149,2015-07-24,2094.375
store_149,2015-07-25,2256.215
store_149,2015-07-26,0.0
store_149,2015-07-27,2489.345
store_149,2015-07-28,2316.31
store_149,2015-07-29,2344.31
store_149,2015-07-30,2376.87
store_149,2015-07-31,2300.4
store_149,2015-08-01,2358.605
store_149,2015-08-02,0.0
store_149,2015-08-03,2645.31
store_149,2015-08-04,2443.23
store_149,2015-08-05,2301.55
store_149,2015-08-06,2273.36
store_149,2015-08-07,2246.985
store_149,2015-08-08,2341.59
store_149,2015-08-09,0.0
store_149,2015-08-10,2212.785
store_149,2015-08-11,2173.49
store_149,2015-08-12,2149.995
store_149,2015-08-13,2131.725
store_149,2015-08-14,2108.145
store_149,2015-08-15,2291.78
store_149,2015-08-16,0.0
store_149,2015-08-17,2733.88
store_149,2015-08-18,2503.75
store_149,2015-08-19,2395.28
store_149,2015-08-20,2336.54
store_149,2015-08-21,2302.965
store_149,2015-08-22,2402.94
store_149,2015-08-23,0.0
store_149,2015-08-24,2200.905
store_149,2015-08-25,2165.05
store_149,2015-08-26,2163.585
store_149,2015-08-27,2178.4
store_149,2015-08-28,2171.615
store_149,2015-08-29,2315.485
store_149,2015-08-30,0.0
store_15,2015-07-20,758.305
store_15,2015-07-21,683.35
store_15,2015-07-22,722.235
store_15,2015-07-23,718.045
store_15,2015-07-24,728.11
store_15,2015-07-25,637.155
store_15,2015-07-26,0.0
store_15,2015-07-27,926.695
store_15,2015-07-28,858.515
store_15,2015-07-29,854.045
store_15,2015-07-30,930.805
store_15,2015-07-31,860.365
store_15,2015-08-01,653.275
store_15,2015-08-02,0.0
store_15,2015-08-03,982.59
store_15,2015-08-04,824.405
store_15,2015-08-05,810.885
store_15,2015-08-06,821.72
store_15,2015-08-07,812.285
store_15,2015-08-08,664.195
store_15,2015-08-09,0.0
store_15,2015-08-10,771.095
store_15,2015-08-11,709.81
store_15,2015-08-12,675.155
store_15,2015-08-13,712.92
store_15,2015-08-14,743.52
store_15,2015-08-15,649.265
store_15,2015-08-16,0.0
store_15,2015-08-17,1054.415
store_15,2015-08-18,912.43
store_15,2015-08-19,841.19
store_15,2015-08-20,840.66
store_15,2015-08-21,848.855
store_15,2015-08-22,650.245
store_15,2015-08-23,0.0
store_15,2015-08-24,796.04
store_15,2015-08-25,713.365
store_15,2015-08-26,725.07
store_15,2015-08-27,712.785
store_15,2015-08-28,767.42
store_15,2015-08-29,657.035
store_15,2015-08-30,0.0
store_150,2015-07-20,677.23
store_150,2015-07-21,626.37
store_150,2015-07-22,652.255
store_150,2015-07-23,685.23
store_150,2015-07-24,694.23
store_150,2015-07-25,641.015
store_150,2015-07-26,0.0
store_150,2015-07-27,922.345
store_150,2015-07-28,802.41
store_150,2015-07-29,813.275
store_150,2015-07-30,835.33
store_150,2015-07-31,812.545
store_150,2015-08-01,681.335
store_150,2015-08-02,0.0
store_150,2015-08-03,939.59
store_150,2015-08-04,790.53
store_150,2015-08-05,730.32
store_150,2015-08-06,776.21
store_150,2015-08-07,761.345
store_150,2015-08-08,702.47
store_150,2015-08-09,0.0
store_150,2015-08-10,703.255
store_150,2015-08-11,633.365
store_150,2015-08-12,625.55
store_150,2015-08-13,670.535
store_150,2015-08-14,695.78
store_150,2015-08-15,690.87
store_150,2015-08-16,0.0
store_150,2015-08-17,936.725
store_150,2015-08-18,794.155
store_150,2015-08-19,756.745
store_150,2015-08-20,793.15
store_150,2015-08-21,810.53
store_150,2015-08-22,697.55
store_150,2015-08-23,0.0
store_150,2015-08-24,735.7
store_150,2015-08-25,640.975
store_150,2015-08-26,628.98
store_150,2015-08-27,686.09
store_150,2015-08-28,734.525
store_150,2015-08-29,700.145
store_150,2015-08-30,0.0
store_151,2015-07-20,645.83
store_151,2015-07-21,599.84
store_151,2015-07-22,553.85
store_151,2015-07-23,566.44
store_151,2015-07-24,563.435
store_151,2015-07-25,475.06
store_151,2015-07-26,0.0
store_151,2015-07-27,839.32
store_151,2015-07-28,759.29
store_151,2015-07-29,749.105
store_151,2015-07-30,765.685
store_151,2015-07-31,705.205
store_151,2015-08-01,516.31
store_151,2015-08-02,0.0
store_151,2015-08-03,906.61
store_151,2015-08-04,761.78
store_151,2015-08-05,711.46
store_151,2015-08-06,692.91
store_151,2015-08-07,661.825
store_151,2015-08-08,490.83
store_151,2015-08-09,0.0
store_151,2015-08-10,706.765
store_151,2015-08-11,655.495
store_151,2015-08-12,641.93
store_151,2015-08-13,631.445
store_151,2015-08-14,637.275
store_151,2015-08-15,479.395
store_151,2015-08-16,0.0
store_151,2015-08-17,895.98
store_151,2015-08-18,795.08
store_151,2015-08-19,755.135
store_151,2015-08-20,738.515
store_151,2015-08-21,725.855
store_151,2015-08-22,482.905
store_151,2015-08-23,0.0
store_151,2015-08-24,726.59
store_151,2015-08-25,629.77
store_151,2015-08-26,611.55
store_151,2015-08-27,635.36
store_151,2015-08-28,657.955
store_151,2015-08-29,482.345
store_151,2015-08-30,0.0
store_152,2015-07-20,224.645
store_152,2015-07-21,202.77
store_152,2015-07-22,202.445
store_152,2015-07-23,198.655
store_152,2015-07-24,222.505
store_152,2015-07-25,264.82
store_152,2015-07-26,0.0
store_152,2015-07-27,318.33
store_152,2015-07-28,294.545
store_152,2015-07-29,284.125
store_152,2015-07-30,268.915
store_152,2015-07-31,282.9
store_152,2015-08-01,292.285
store_152,2015-08-02,0.0
store_152,2015-08-03,339.335
store_152,2015-08-04,283.2
store_152,2015-08-05,267.285
store_152,2015-08-06,268.09
store_152,2015-08-07,288.725
store_152,2015-08-08,295.76
store_152,2015-08-09,0.0
store_152,2015-08-10,242.53
store_152,2015-08-11,224.555
store_152,2015-08-12,212.87
store_152,2015-08-13,236.39
store_152,2015-08-14,253.86
store_152,2015-08-15,284.59
store_152,2015-08-16,0.0
store_152,2015-08-17,313.61
store_152,2015-08-18,287.82
store_152,2015-08-19,276.07
store_152,2015-08-20,275.45
store_152,2015-08-21,298.26
store_152,2015-08-22,290.23
store_152,2015-08-23,0.0
store_152,2015-08-24,219.175
store_152,2015-08-25,212.12
store_152,2015-08-26,202.62
store_152,2015-08-27,228.42
store_152,2015-08-28,263.765
store_152,2015-08-29,283.26
store_152,2015-08-30,0.0
store_153,2015-07-20,549.69
store_153,2015-07-21,497.475
store_153,2015-07-22,538.38
store_153,2015-07-23,527.935
store_153,2015-07-24,530.855
store_153,2015-07-25,577.205
store_153,2015-07-26,0.0
store_153,2015-07-27,750.2
store_153,2015-07-28,642.885
store_153,2015-07-29,644.22
store_153,2015-07-30,651.405
store_153,2015-07-31,630.255
store_153,2015-08-01,597.975
store_153,2015-08-02,0.0
store_153,2015-08-03,776.29
store_153,2015-08-04,635.87
store_153,2015-08-05,606.755
store_153,2015-08-06,609.515
store_153,2015-08-07,590.76
store_153,2015-08-08,568.73
store_153,2015-08-09,0.0
store_153,2015-08-10,633.03
store_153,2015-08-11,570.28
store_153,2015-08-12,556.215
store_153,2015-08-13,547.035
store_153,2015-08-14,565.195
store_153,2015-08-15,577.14
store_153,2015-08-16,0.0
store_153,2015-08-17,832.035
store_153,2015-08-18,703.38
store_153,2015-08-19,676.095
store_153,2015-08-20,655.875
store_153,2015-08-21,658.275
store_153,2015-08-22,583.435
store_153,2015-08-23,0.0
store_153,2015-08-24,692.9
store_153,2015-08-25,612.555
store_153,2015-08-26,598.05
store_153,2015-08-27,607.335
store_153,2015-08-28,603.365
store_153,2015-08-29,578.05
store_153,2015-08-30,0.0
store_154,2015-07-20,880.51
store_154,2015-07-21,857.005
store_154,2015-07-22,845.55
store_154,2015-07-23,868.83
store_154,2015-07-24,842.695
store_154,2015-07-25,872.665
store_154,2015-07-26,0.0
store_154,2015-07-27,1149.46
store_154,2015-07-28,1107.915
store_154,2015-07-29,1064.03
store_154,2015-07-30,1094.13
store_154,2015-07-31,1024.18
store_154,2015-08-01,880.41
store_154,2015-08-02,0.0
store_154,2015-08-03,1338.515
store_154,2015-08-04,1103.755
store_154,2015-08-05,1043.76
store_154,2015-08-06,1014.285
store_154,2015-08-07,971.65
store_154,2015-08-08,860.66
store_154,2015-08-09,0.0
store_154,2015-08-10,1054.8
store_154,2015-08-11,987.735
store_154,2015-08-12,946.945
store_154,2015-08-13,934.505
store_154,2015-08-14,953.055
store_154,2015-08-15,878.895
store_154,2015-08-16,0.0
store_154,2015-08-17,1262.705
store_154,2015-08-18,1153.94
store_154,2015-08-19,1093.385
store_154,2015-08-20,1070.755
store_154,2015-08-21,1008.275
store_154,2015-08-22,845.995
store_154,2015-08-23,0.0
store_154,2015-08-24,916.74
store_154,2015-08-25,899.96
store_154,2015-08-26,907.515
store_154,2015-08-27,951.11
store_154,2015-08-28,982.895
store_154,2015-08-29,852.175
store_154,2015-08-30,0.0
store_155,2015-07-20,2875.24
store_155,2015-07-21,2708.255
store_155,2015-07-22,2617.7
store_155,2015-07-23,2628.185
store_155,2015-07-24,2660.585
store_155,2015-07-25,2441.355
store_155,2015-07-26,3121.255
store_155,2015-07-27,2956.525
store_155,2015-07-28,2751.29
store_155,2015-07-29,2741.47
store_155,2015-07-30,2776.465
store_155,2015-07-31,2799.28
store_155,2015-08-01,2476.895
store_155,2015-08-02,3142.465
store_155,2015-08-03,3138.915
store_155,2015-08-04,2954.525
store_155,2015-08-05,2827.68
store_155,2015-08-06,2809.675
store_155,2015-08-07,2807.345
store_155,2015-08-08,2590.075
store_155,2015-08-09,3157.33
store_155,2015-08-10,3049.935
store_155,2015-08-11,2835.225
store_155,2015-08-12,2709.275
store_155,2015-08-13,2727.93
store_155,2015-08-14,2725.83
store_155,2015-08-15,2691.795
store_155,2015-08-16,3163.315
store_155,2015-08-17,3145.86
store_155,2015-08-18,3081.28
store_155,2015-08-19,2857.24
store_155,2015-08-20,2843.16
store_155,2015-08-21,2836.45
store_155,2015-08-22,2760.455
store_155,2015-08-23,3136.665
store_155,2015-08-24,3066.335
store_155,2015-08-25,2922.025
store_155,2015-08-26,2808.305
store_155,2015-08-27,2732.795
store_155,2015-08-28,2675.425
store_155,2015-08-29,2797.48
store_155,2015-08-30,3138.34
store_156,2015-07-20,3268.15
store_156,2015-07-21,3099.295
store_156,2015-07-22,3026.1
store_156,2015-07-23,3074.805
store_156,2015-07-24,3397.405
store_156,2015-07-25,3216.175
store_156,2015-07-26,4585.925
store_156,2015-07-27,3410.41
store_156,2015-07-28,3276.8
store_156,2015-07-29,3201.455
store_156,2015-07-30,3228.655
store_156,2015-07-31,3604.265
store_156,2015-08-01,3262.04
store_156,2015-08-02,4603.655
store_156,2015-08-03,3458.6
store_156,2015-08-04,3403.43
store_156,2015-08-05,3332.51
store_156,2015-08-06,3329.255
store_156,2015-08-07,3519.68
store_156,2015-08-08,3215.515
store_156,2015-08-09,4586.025
store_156,2015-08-10,3316.355
store_156,2015-08-11,3152.81
store_156,2015-08-12,3099.43
store_156,2015-08-13,3078.565
store_156,2015-08-14,3371.265
store_156,2015-08-15,3262.95
store_156,2015-08-16,4613.295
store_156,2015-08-17,3416.75
store_156,2015-08-18,3249.555
store_156,2015-08-19,3264.32
store_156,2015-08-20,3301.825
store_156,2015-08-21,3633.22
store_156,2015-08-22,3243.925
store_156,2015-08-23,4488.475
store_156,2015-08-24,3210.295
store_156,2015-08-25,3089.725
store_156,2015-08-26,3017.725
store_156,2015-08-27,3092.02
store_156,2015-08-28,3502.015
store_156,2015-08-29,3270.425
store_156,2015-08-30,4590.66
store_157,2015-07-20,540.835
store_157,2015-07-21,492.465
store_157,2015-07-22,497.765
store_157,2015-07-23,495.98
store_157,2015-07-24,509.68
store_157,2015-07-25,285.28
store_157,2015-07-26,0.0
store_157,2015-07-27,684.98
store_157,2015-07-28,606.89
store_157,2015-07-29,594.245
store_157,2015-07-30,608.545
store_157,2015-07-31,600.225
store_157,2015-08-01,290.675
store_157,2015-08-02,0.0
store_157,2015-08-03,682.025
store_157,2015-08-04,598.86
store_157,2015-08-05,546.295
store_157,2015-08-06,561.78
store_157,2015-08-07,548.075
store_157,2015-08-08,289.36
store_157,2015-08-09,0.0
store_157,2015-08-10,533.605
store_157,2015-08-11,508.86
store_157,2015-08-12,484.445
store_157,2015-08-13,498.335
store_157,2015-08-14,500.375
store_157,2015-08-15,281.855
store_157,2015-08-16,0.0
store_157,2015-08-17,671.565
store_157,2015-08-18,584.47
store_157,2015-08-19,549.17
store_157,2015-08-20,575.265
store_157,2015-08-21,579.055
store_157,2015-08-22,291.815
store_157,2015-08-23,0.0
store_157,2015-08-24,496.85
store_157,2015-08-25,460.335
store_157,2015-08-26,458.985
store_157,2015-08-27,497.39
store_157,2015-08-28,517.435
store_157,2015-08-29,289.16
store_157,2015-08-30,0.0
store_158,2015-07-20,936.62
store_158,2015-07-21,856.145
store_158,2015-07-22,841.54
store_158,2015-07-23,1073.975
store_158,2015-07-24,979.36
store_158,2015-07-25,1228.04
store_158,2015-07-26,0.0
store_158,2015-07-27,1092.415
store_158,2015-07-28,1005.69
store_158,2015-07-29,979.535
store_158,2015-07-30,1197.765
store_158,2015-07-31,1110.675
store_158,2015-08-01,1241.16
store_158,2015-08-02,0.0
store_158,2015-08-03,1194.09
store_158,2015-08-04,1019.8
store_158,2015-08-05,952.56
store_158,2015-08-06,1113.33
store_158,2015-08-07,1073.81
store_158,2015-08-08,1201.385
store_158,2015-08-09,0.0
store_158,2015-08-10,1022.69
store_158,2015-08-11,924.145
store_158,2015-08-12,863.61
store_158,2015-08-13,983.295
store_158,2015-08-14,1007.285
store_158,2015-08-15,1224.9
store_158,2015-08-16,0.0
store_158,2015-08-17,1275.535
store_158,2015-08-18,1111.07
store_158,2015-08-19,1034.445
store_158,2015-08-20,1091.97
store_158,2015-08-21,1105.135
store_158,2015-08-22,1239.35
store_158,2015-08-23,0.0
store_158,2015-08-24,1017.205
store_158,2015-08-25,898.56
store_158,2015-08-26,870.895
store_158,2015-08-27,946.07
store_158,2015-08-28,975.89
store_158,2015-08-29,1217.83
store_158,2015-08-30,0.0
store_159,2015-07-20,574.365
store_159,2015-07-21,540.68
store_159,2015-07-22,556.715
store_159,2015-07-23,541.96
store_159,2015-07-24,554.955
store_159,2015-07-25,425.53
store_159,2015-07-26,0.0
store_159,2015-07-27,712.78
store_159,2015-07-28,656.32
store_159,2015-07-29,656.885
store_159,2015-07-30,679.185
store_159,2015-07-31,660.25
store_159,2015-08-01,434.41
store_159,2015-08-02,0.0
store_159,2015-08-03,753.35
store_159,2015-08-04,650.635
store_159,2015-08-05,616.475
store_159,2015-08-06,637.815
store_159,2015-08-07,613.55
store_159,2015-08-08,414.24
store_159,2015-08-09,0.0
store_159,2015-08-10,594.445
store_159,2015-08-11,541.295
store_159,2015-08-12,539.5
store_159,2015-08-13,560.28
store_159,2015-08-14,546.055
store_159,2015-08-15,408.31
store_159,2015-08-16,0.0
store_159,2015-08-17,752.42
store_159,2015-08-18,653.635
store_159,2015-08-19,623.02
store_159,2015-08-20,644.615
store_159,2015-08-21,638.935
store_159,2015-08-22,421.815
store_159,2015-08-23,0.0
store_159,2015-08-24,576.115
store_159,2015-08-25,534.91
store_159,2015-08-26,526.51
store_159,2015-08-27,545.86
store_159,2015-08-28,563.965
store_159,2015-08-29,415.585
store_159,2015-08-30,0.0
store_16,2015-07-20,1303.93
store_16,2015-07-21,1215.275
store_16,2015-07-22,1174.625
store_16,2015-07-23,1249.375
store_16,2015-07-24,1216.84
store_16,2015-07-25,1085.825
store_16,2015-07-26,0.0
store_16,2015-07-27,1529.02
store_16,2015-07-28,1410.175
store_16,2015-07-29,1354.93
store_16,2015-07-30,1501.855
store_16,2015-07-31,1414.69
store_16,2015-08-01,1101.095
store_16,2015-08-02,0.0
store_16,2015-08-03,1581.425
store_16,2015-08-04,1399.11
store_16,2015-08-05,1330.445
store_16,2015-08-06,1375.055
store_16,2015-08-07,1377.41
store_16,2015-08-08,1108.715
store_16,2015-08-09,0.0
store_16,2015-08-10,1218.215
store_16,2015-08-11,1134.47
store_16,2015-08-12,1118.855
store_16,2015-08-13,1215.05
store_16,2015-08-14,1281.535
store_16,2015-08-15,1107.525
store_16,2015-08-16,0.0
store_16,2015-08-17,1499.58
store_16,2015-08-18,1376.33
store_16,2015-08-19,1287.725
store_16,2015-08-20,1397.825
store_16,2015-08-21,1385.895
store_16,2015-08-22,1113.02
store_16,2015-08-23,0.0
store_16,2015-08-24,1148.155
store_16,2015-08-25,1118.875
store_16,2015-08-26,1076.32
store_16,2015-08-27,1161.265
store_16,2015-08-28,1213.725
store_16,2015-08-29,1093.62
store_16,2015-08-30,0.0
store_160,2015-07-20,1016.62
store_160,2015-07-21,893.675
store_160,2015-07-22,897.25
store_160,2015-07-23,921.785
store_160,2015-07-24,884.46
store_160,2015-07-25,781.57
store_160,2015-07-26,0.0
store_160,2015-07-27,1264.865
store_160,2015-07-28,1144.37
store_160,2015-07-29,1203.065
store_160,2015-07-30,1191.985
store_160,2015-07-31,1108.495
store_160,2015-08-01,819.945
store_160,2015-08-02,0.0
store_160,2015-08-03,1400.02
store_160,2015-08-04,1171.18
store_160,2015-08-05,1105.225
store_160,2015-08-06,1077.66
store_160,2015-08-07,1026.375
store_160,2015-08-08,839.5
store_160,2015-08-09,0.0
store_160,2015-08-10,1051.485
store_160,2015-08-11,979.525
store_160,2015-08-12,952.235
store_160,2015-08-13,947.59
store_160,2015-08-14,964.71
store_160,2015-08-15,851.19
store_160,2015-08-16,0.0
store_160,2015-08-17,1316.95
store_160,2015-08-18,1185.685
store_160,2015-08-19,1164.555
store_160,2015-08-20,1148.18
store_160,2015-08-21,1094.65
store_160,2015-08-22,824.93
store_160,2015-08-23,0.0
store_160,2015-08-24,956.46
store_160,2015-08-25,927.49
store_160,2015-08-26,915.61
store_160,2015-08-27,950.735
store_160,2015-08-28,1013.0
store_160,2015-08-29,833.42
store_160,2015-08-30,0.0
store_161,2015-07-20,588.815
store_161,2015-07-21,568.39
store_161,2015-07-22,573.375
store_161,2015-07-23,586.47
store_161,2015-07-24,588.9
store_161,2015-07-25,353.02
store_161,2015-07-26,0.0
store_161,2015-07-27,792.99
store_161,2015-07-28,690.525
store_161,2015-07-29,661.605
store_161,2015-07-30,710.585
store_161,2015-07-31,715.015
store_161,2015-08-01,385.22
store_161,2015-08-02,0.0
store_161,2015-08-03,837.91
store_161,2015-08-04,712.3
store_161,2015-08-05,667.475
store_161,2015-08-06,666.705
store_161,2015-08-07,654.395
store_161,2015-08-08,375.97
store_161,2015-08-09,0.0
store_161,2015-08-10,641.675
store_161,2015-08-11,589.165
store_161,2015-08-12,593.34
store_161,2015-08-13,596.97
store_161,2015-08-14,599.21
store_161,2015-08-15,380.13
store_161,2015-08-16,0.0
store_161,2015-08-17,816.31
store_161,2015-08-18,689.68
store_161,2015-08-19,671.445
store_161,2015-08-20,663.97
store_161,2015-08-21,644.345
store_161,2015-08-22,391.79
store_161,2015-08-23,0.0
store_161,2015-08-24,628.29
store_161,2015-08-25,567.945
store_161,2015-08-26,565.57
store_161,2015-08-27,590.91
store_161,2015-08-28,602.21
store_161,2015-08-29,383.425
store_161,2015-08-30,0.0
store_162,2015-07-20,682.865
store_162,2015-07-21,607.38
store_162,2015-07-22,580.285
store_162,2015-07-23,618.515
store_162,2015-07-24,625.85
store_162,2015-07-25,524.915
store_162,2015-07-26,0.0
store_162,2015-07-27,879.91
store_162,2015-07-28,760.75
store_162,2015-07-29,729.96
store_162,2015-07-30,747.555
store_162,2015-07-31,712.765
store_162,2015-08-01,562.14
store_162,2015-08-02,0.0
store_162,2015-08-03,932.96
store_162,2015-08-04,767.335
store_162,2015-08-05,700.86
store_162,2015-08-06,712.19
store_162,2015-08-07,698.21
store_162,2015-08-08,556.13
store_162,2015-08-09,0.0
store_162,2015-08-10,715.505
store_162,2015-08-11,654.73
store_162,2015-08-12,618.005
store_162,2015-08-13,638.745
store_162,2015-08-14,659.845
store_162,2015-08-15,552.725
store_162,2015-08-16,0.0
store_162,2015-08-17,937.1
store_162,2015-08-18,796.1
store_162,2015-08-19,765.46
store_162,2015-08-20,738.9
store_162,2015-08-21,749.835
store_162,2015-08-22,574.97
store_162,2015-08-23,0.0
store_162,2015-08-24,716.215
store_162,2015-08-25,616.58
store_162,2015-08-26,597.995
store_162,2015-08-27,636.69
store_162,2015-08-28,662.925
store_162,2015-08-29,561.43
store_162,2015-08-30,0.0
store_163,2015-07-20,1448.195
store_163,2015-07-21,1270.455
store_163,2015-07-22,1216.225
store_163,2015-07-23,1203.48
store_163,2015-07-24,1275.22
store_163,2015-07-25,1121.335
store_163,2015-07-26,1629.965
store_163,2015-07-27,1516.985
store_163,2015-07-28,1398.255
store_163,2015-07-29,1344.37
store_163,2015-07-30,1329.235
store_163,2015-07-31,1395.365
store_163,2015-08-01,1128.57
store_163,2015-08-02,1643.82
store_163,2015-08-03,1463.93
store_163,2015-08-04,1424.76
store_163,2015-08-05,1376.46
store_163,2015-08-06,1352.655
store_163,2015-08-07,1377.12
store_163,2015-08-08,1142.105
store_163,2015-08-09,1631.86
store_163,2015-08-10,1451.365
store_163,2015-08-11,1439.83
store_163,2015-08-12,1425.625
store_163,2015-08-13,1347.915
store_163,2015-08-14,1313.945
store_163,2015-08-15,1113.225
store_163,2015-08-16,1636.645
store_163,2015-08-17,1478.56
store_163,2015-08-18,1463.835
store_163,2015-08-19,1506.295
store_163,2015-08-20,1490.47
store_163,2015-08-21,1420.99
store_163,2015-08-22,1128.87
store_163,2015-08-23,1637.905
store_163,2015-08-24,1459.755
store_163,2015-08-25,1447.015
store_163,2015-08-26,1489.645
store_163,2015-08-27,1490.035
store_163,2015-08-28,1424.78
store_163,2015-08-29,1158.855
store_163,2015-08-30,1646.625
store_164,2015-07-20,791.33
store_164,2015-07-21,716.785
store_164,2015-07-22,708.925
store_164,2015-07-23,763.075
store_164,2015-07-24,792.67
store_164,2015-07-25,556.84
store_164,2015-07-26,0.0
store_164,2015-07-27,1020.42
store_164,2015-07-28,875.765
store_164,2015-07-29,863.455
store_164,2015-07-30,885.995
store_164,2015-07-31,894.87
store_164,2015-08-01,569.365
store_164,2015-08-02,0.0
store_164,2015-08-03,1062.07
store_164,2015-08-04,885.935
store_164,2015-08-05,843.235
store_164,2015-08-06,827.73
store_164,2015-08-07,832.3
store_164,2015-08-08,554.0
store_164,2015-08-09,0.0
store_164,2015-08-10,811.54
store_164,2015-08-11,750.375
store_164,2015-08-12,729.795
store_164,2015-08-13,741.0
store_164,2015-08-14,776.615
store_164,2015-08-15,548.78
store_164,2015-08-16,0.0
store_164,2015-08-17,1042.345
store_164,2015-08-18,909.84
store_164,2015-08-19,854.61
store_164,2015-08-20,849.365
store_164,2015-08-21,854.25
store_164,2015-08-22,579.83
store_164,2015-08-23,0.0
store_164,2015-08-24,780.665
store_164,2015-08-25,704.815
store_164,2015-08-26,720.57
store_164,2015-08-27,712.975
store_164,2015-08-28,755.355
store_164,2015-08-29,586.2
store_164,2015-08-30,0.0
store_165,2015-07-20,478.445
store_165,2015-07-21,412.88
store_165,2015-07-22,430.3
store_165,2015-07-23,487.64
store_165,2015-07-24,539.63
store_165,2015-07-25,488.365
store_165,2015-07-26,0.0
store_165,2015-07-27,617.56
store_165,2015-07-28,527.78
store_165,2015-07-29,505.57
store_165,2015-07-30,561.075
store_165,2015-07-31,592.975
store_165,2015-08-01,508.39
store_165,2015-08-02,0.0
store_165,2015-08-03,653.12
store_165,2015-08-04,531.45
store_165,2015-08-05,500.165
store_165,2015-08-06,527.59
store_165,2015-08-07,563.675
store_165,2015-08-08,509.28
store_165,2015-08-09,0.0
store_165,2015-08-10,512.57
store_165,2015-08-11,431.325
store_165,2015-08-12,429.44
store_165,2015-08-13,465.915
store_165,2015-08-14,499.96
store_165,2015-08-15,502.335
store_165,2015-08-16,0.0
store_165,2015-08-17,647.225
store_165,2015-08-18,556.085
store_165,2015-08-19,523.625
store_165,2015-08-20,550.14
store_165,2015-08-21,578.225
store_165,2015-08-22,494.705
store_165,2015-08-23,0.0
store_165,2015-08-24,517.105
store_165,2015-08-25,449.005
store_165,2015-08-26,445.705
store_165,2015-08-27,464.475
store_165,2015-08-28,513.995
store_165,2015-08-29,496.31
store_165,2015-08-30,0.0
store_166,2015-07-20,519.55
store_166,2015-07-21,452.18
store_166,2015-07-22,447.805
store_166,2015-07-23,487.925
store_166,2015-07-24,546.81
store_166,2015-07-25,595.015
store_166,2015-07-26,0.0
store_166,2015-07-27,695.025
store_166,2015-07-28,580.43
store_166,2015-07-29,552.24
store_166,2015-07-30,561.35
store_166,2015-07-31,597.31
store_166,2015-08-01,597.82
store_166,2015-08-02,0.0
store_166,2015-08-03,736.95
store_166,2015-08-04,607.02
store_166,2015-08-05,541.925
store_166,2015-08-06,554.275
store_166,2015-08-07,567.45
store_166,2015-08-08,594.59
store_166,2015-08-09,0.0
store_166,2015-08-10,565.97
store_166,2015-08-11,514.885
store_166,2015-08-12,502.415
store_166,2015-08-13,513.95
store_166,2015-08-14,543.09
store_166,2015-08-15,586.97
store_166,2015-08-16,0.0
store_166,2015-08-17,745.625
store_166,2015-08-18,621.66
store_166,2015-08-19,602.05
store_166,2015-08-20,603.17
store_166,2015-08-21,607.215
store_166,2015-08-22,588.23
store_166,2015-08-23,0.0
store_166,2015-08-24,536.215
store_166,2015-08-25,476.11
store_166,2015-08-26,479.625
store_166,2015-08-27,499.51
store_166,2015-08-28,522.83
store_166,2015-08-29,576.845
store_166,2015-08-30,0.0
store_167,2015-07-20,469.525
store_167,2015-07-21,428.495
store_167,2015-07-22,428.32
store_167,2015-07-23,425.79
store_167,2015-07-24,436.155
store_167,2015-07-25,519.865
store_167,2015-07-26,0.0
store_167,2015-07-27,615.18
store_167,2015-07-28,534.655
store_167,2015-07-29,522.975
store_167,2015-07-30,509.125
store_167,2015-07-31,518.28
store_167,2015-08-01,514.85
store_167,2015-08-02,0.0
store_167,2015-08-03,647.855
store_167,2015-08-04,527.86
store_167,2015-08-05,495.06
store_167,2015-08-06,482.53
store_167,2015-08-07,493.145
store_167,2015-08-08,498.845
store_167,2015-08-09,0.0
store_167,2015-08-10,534.935
store_167,2015-08-11,480.935
store_167,2015-08-12,460.295
store_167,2015-08-13,456.41
store_167,2015-08-14,454.02
store_167,2015-08-15,480.955
store_167,2015-08-16,0.0
store_167,2015-08-17,661.955
store_167,2015-08-18,565.175
store_167,2015-08-19,526.765
store_167,2015-08-20,529.785
store_167,2015-08-21,525.465
store_167,2015-08-22,471.77
store_167,2015-08-23,0.0
store_167,2015-08-24,526.485
store_167,2015-08-25,474.475
store_167,2015-08-26,446.04
store_167,2015-08-27,443.09
store_167,2015-08-28,468.0
store_167,2015-08-29,465.135
store_167,2015-08-30,0.0
store_168,2015-07-20,520.675
store_168,2015-07-21,471.295
store_168,2015-07-22,485.265
store_168,2015-07-23,485.24
store_168,2015-07-24,490.68
store_168,2015-07-25,509.57
store_168,2015-07-26,0.0
store_168,2015-07-27,645.75
store_168,2015-07-28,560.03
store_168,2015-07-29,546.23
store_168,2015-07-30,571.635
store_168,2015-07-31,584.36
store_168,2015-08-01,505.445
store_168,2015-08-02,0.0
store_168,2015-08-03,683.815
store_168,2015-08-04,555.65
store_168,2015-08-05,544.25
store_168,2015-08-06,548.945
store_168,2015-08-07,559.29
store_168,2015-08-08,485.365
store_168,2015-08-09,0.0
store_168,2015-08-10,515.135
store_168,2015-08-11,471.935
store_168,2015-08-12,466.42
store_168,2015-08-13,485.945
store_168,2015-08-14,517.465
store_168,2015-08-15,493.195
store_168,2015-08-16,0.0
store_168,2015-08-17,665.715
store_168,2015-08-18,562.115
store_168,2015-08-19,544.235
store_168,2015-08-20,553.795
store_168,2015-08-21,582.485
store_168,2015-08-22,497.84
store_168,2015-08-23,0.0
store_168,2015-08-24,488.905
store_168,2015-08-25,441.38
store_168,2015-08-26,453.755
store_168,2015-08-27,474.3
store_168,2015-08-28,509.515
store_168,2015-08-29,502.455
store_168,2015-08-30,0.0
store_169,2015-07-20,610.015
store_169,2015-07-21,559.43
store_169,2015-07-22,574.575
store_169,2015-07-23,600.94
store_169,2015-07-24,609.75
store_169,2015-07-25,417.825
store_169,2015-07-26,0.0
store_169,2015-07-27,790.155
store_169,2015-07-28,736.8
store_169,2015-07-29,697.09
store_169,2015-07-30,700.835
store_169,2015-07-31,706.975
store_169,2015-08-01,433.105
store_169,2015-08-02,0.0
store_169,2015-08-03,837.205
store_169,2015-08-04,713.81
store_169,2015-08-05,668.4
store_169,2015-08-06,661.305
store_169,2015-08-07,651.13
store_169,2015-08-08,417.745
store_169,2015-08-09,0.0
store_169,2015-08-10,652.97
store_169,2015-08-11,605.395
store_169,2015-08-12,591.51
store_169,2015-08-13,596.54
store_169,2015-08-14,613.575
store_169,2015-08-15,409.715
store_169,2015-08-16,0.0
store_169,2015-08-17,830.19
store_169,2015-08-18,726.885
store_169,2015-08-19,703.875
store_169,2015-08-20,693.135
store_169,2015-08-21,697.965
store_169,2015-08-22,418.015
store_169,2015-08-23,0.0
store_169,2015-08-24,632.045
store_169,2015-08-25,574.615
store_169,2015-08-26,562.78
store_169,2015-08-27,582.735
store_169,2015-08-28,607.22
store_169,2015-08-29,413.62
store_169,2015-08-30,0.0
store_17,2015-07-20,839.98
store_17,2015-07-21,853.805
store_17,2015-07-22,875.56
store_17,2015-07-23,916.495
store_17,2015-07-24,879.29
store_17,2015-07-25,785.525
store_17,2015-07-26,0.0
store_17,2015-07-27,1062.315
store_17,2015-07-28,1066.02
store_17,2015-07-29,1112.76
store_17,2015-07-30,1113.825
store_17,2015-07-31,1026.09
store_17,2015-08-01,820.49
store_17,2015-08-02,0.0
store_17,2015-08-03,1111.225
store_17,2015-08-04,1017.395
store_17,2015-08-05,978.8
store_17,2015-08-06,973.495
store_17,2015-08-07,979.045
store_17,2015-08-08,824.815
store_17,2015-08-09,0.0
store_17,2015-08-10,856.705
store_17,2015-08-11,844.525
store_17,2015-08-12,831.82
store_17,2015-08-13,829.16
store_17,2015-08-14,896.05
store_17,2015-08-15,839.47
store_17,2015-08-16,0.0
store_17,2015-08-17,1123.9
store_17,2015-08-18,1069.765
store_17,2015-08-19,1024.705
store_17,2015-08-20,992.47
store_17,2015-08-21,1004.16
store_17,2015-08-22,797.21
store_17,2015-08-23,0.0
store_17,2015-08-24,942.925
store_17,2015-08-25,870.86
store_17,2015-08-26,825.075
store_17,2015-08-27,853.49
store_17,2015-08-28,896.17
store_17,2015-08-29,829.465
store_17,2015-08-30,0.0
store_170,2015-07-20,752.275
store_170,2015-07-21,741.615
store_170,2015-07-22,737.625
store_170,2015-07-23,768.855
store_170,2015-07-24,721.975
store_170,2015-07-25,477.525
store_170,2015-07-26,0.0
store_170,2015-07-27,945.52
store_170,2015-07-28,909.45
store_170,2015-07-29,885.33
store_170,2015-07-30,906.305
store_170,2015-07-31,843.49
store_170,2015-08-01,492.565
store_170,2015-08-02,0.0
store_170,2015-08-03,997.155
store_170,2015-08-04,868.78
store_170,2015-08-05,825.565
store_170,2015-08-06,812.895
store_170,2015-08-07,797.7
store_170,2015-08-08,491.79
store_170,2015-08-09,0.0
store_170,2015-08-10,729.44
store_170,2015-08-11,697.12
store_170,2015-08-12,712.575
store_170,2015-08-13,721.395
store_170,2015-08-14,748.395
store_170,2015-08-15,462.89
store_170,2015-08-16,0.0
store_170,2015-08-17,1007.725
store_170,2015-08-18,876.4
store_170,2015-08-19,822.585
store_170,2015-08-20,841.5
store_170,2015-08-21,833.545
store_170,2015-08-22,465.12
store_170,2015-08-23,0.0
store_170,2015-08-24,728.72
store_170,2015-08-25,668.38
store_170,2015-08-26,686.885
store_170,2015-08-27,692.315
store_170,2015-08-28,719.91
store_170,2015-08-29,455.365
store_170,2015-08-30,0.0
store_171,2015-07-20,769.38
store_171,2015-07-21,691.165
store_171,2015-07-22,727.79
store_171,2015-07-23,734.265
store_171,2015-07-24,682.525
store_171,2015-07-25,710.305
store_171,2015-07-26,0.0
store_171,2015-07-27,952.055
store_171,2015-07-28,869.79
store_171,2015-07-29,858.9
store_171,2015-07-30,869.25
store_171,2015-07-31,797.295
store_171,2015-08-01,736.265
store_171,2015-08-02,0.0
store_171,2015-08-03,1040.745
store_171,2015-08-04,882.075
store_171,2015-08-05,832.845
store_171,2015-08-06,815.475
store_171,2015-08-07,766.22
store_171,2015-08-08,732.42
store_171,2015-08-09,0.0
store_171,2015-08-10,777.49
store_171,2015-08-11,745.905
store_171,2015-08-12,733.89
store_171,2015-08-13,710.08
store_171,2015-08-14,732.06
store_171,2015-08-15,724.64
store_171,2015-08-16,0.0
store_171,2015-08-17,1089.91
store_171,2015-08-18,948.775
store_171,2015-08-19,871.76
store_171,2015-08-20,852.14
store_171,2015-08-21,820.935
store_171,2015-08-22,722.715
store_171,2015-08-23,0.0
store_171,2015-08-24,805.42
store_171,2015-08-25,716.515
store_171,2015-08-26,725.475
store_171,2015-08-27,722.48
store_171,2015-08-28,724.815
store_171,2015-08-29,694.36
store_171,2015-08-30,0.0
store_172,2015-07-20,734.635
store_172,2015-07-21,713.91
store_172,2015-07-22,717.055
store_172,2015-07-23,726.49
store_172,2015-07-24,729.505
store_172,2015-07-25,470.51
store_172,2015-07-26,0.0
store_172,2015-07-27,901.565
store_172,2015-07-28,828.885
store_172,2015-07-29,858.435
store_172,2015-07-30,868.385
store_172,2015-07-31,822.395
store_172,2015-08-01,465.275
store_172,2015-08-02,0.0
store_172,2015-08-03,975.2
store_172,2015-08-04,816.145
store_172,2015-08-05,786.445
store_172,2015-08-06,804.695
store_172,2015-08-07,793.855
store_172,2015-08-08,458.455
store_172,2015-08-09,0.0
store_172,2015-08-10,737.34
store_172,2015-08-11,685.525
store_172,2015-08-12,665.22
store_172,2015-08-13,683.005
store_172,2015-08-14,724.12
store_172,2015-08-15,453.9
store_172,2015-08-16,0.0
store_172,2015-08-17,975.12
store_172,2015-08-18,845.285
store_172,2015-08-19,791.8
store_172,2015-08-20,794.435
store_172,2015-08-21,792.965
store_172,2015-08-22,469.1
store_172,2015-08-23,0.0
store_172,2015-08-24,716.71
store_172,2015-08-25,654.71
store_172,2015-08-26,658.11
store_172,2015-08-27,679.48
store_172,2015-08-28,715.9
store_172,2015-08-29,448.295
store_172,2015-08-30,0.0
store_173,2015-07-20,693.725
store_173,2015-07-21,645.295
store_173,2015-07-22,642.255
store_173,2015-07-23,635.44
store_173,2015-07-24,652.82
store_173,2015-07-25,505.195
store_173,2015-07-26,0.0
store_173,2015-07-27,945.09
store_173,2015-07-28,837.98
store_173,2015-07-29,797.905
store_173,2015-07-30,823.015
store_173,2015-07-31,797.625
store_173,2015-08-01,506.49
store_173,2015-08-02,0.0
store_173,2015-08-03,989.33
store_173,2015-08-04,830.85
store_173,2015-08-05,756.395
store_173,2015-08-06,741.705
store_173,2015-08-07,736.02
store_173,2015-08-08,484.5
store_173,2015-08-09,0.0
store_173,2015-08-10,711.24
store_173,2015-08-11,659.91
store_173,2015-08-12,650.905
store_173,2015-08-13,647.81
store_173,2015-08-14,659.925
store_173,2015-08-15,484.025
store_173,2015-08-16,0.0
store_173,2015-08-17,996.065
store_173,2015-08-18,847.71
store_173,2015-08-19,770.97
store_173,2015-08-20,762.315
store_173,2015-08-21,755.955
store_173,2015-08-22,498.96
store_173,2015-08-23,0.0
store_173,2015-08-24,706.515
store_173,2015-08-25,628.315
store_173,2015-08-26,636.85
store_173,2015-08-27,646.625
store_173,2015-08-28,669.485
store_173,2015-08-29,490.32
store_173,2015-08-30,0.0
store_174,2015-07-20,1102.855
store_174,2015-07-21,956.615
store_174,2015-07-22,889.13
store_174,2015-07-23,827.345
store_174,2015-07-24,838.885
store_174,2015-07-25,890.02
store_174,2015-07-26,672.015
store_174,2015-07-27,1356.87
store_174,2015-07-28,1139.89
store_174,2015-07-29,1055.195
store_174,2015-07-30,1051.135
store_174,2015-07-31,1012.34
store_174,2015-08-01,930.57
store_174,2015-08-02,700.68
store_174,2015-08-03,1367.605
store_174,2015-08-04,1201.255
store_174,2015-08-05,1085.085
store_174,2015-08-06,1040.955
store_174,2015-08-07,1019.26
store_174,2015-08-08,936.595
store_174,2015-08-09,741.68
store_174,2015-08-10,1229.99
store_174,2015-08-11,1082.875
store_174,2015-08-12,1022.27
store_174,2015-08-13,981.825
store_174,2015-08-14,987.255
store_174,2015-08-15,928.86
store_174,2015-08-16,726.91
store_174,2015-08-17,1279.065
store_174,2015-08-18,1119.83
store_174,2015-08-19,1096.285
store_174,2015-08-20,1115.56
store_174,2015-08-21,1088.995
store_174,2015-08-22,955.735
store_174,2015-08-23,748.785
store_174,2015-08-24,1206.33
store_174,2015-08-25,1072.69
store_174,2015-08-26,1029.575
store_174,2015-08-27,1052.24
store_174,2015-08-28,1006.26
store_174,2015-08-29,955.23
store_174,2015-08-30,733.04
store_175,2015-07-20,861.735
store_175,2015-07-21,798.875
store_175,2015-07-22,789.815
store_175,2015-07-23,811.08
store_175,2015-07-24,817.085
store_175,2015-07-25,926.8
store_175,2015-07-26,0.0
store_175,2015-07-27,1054.695
store_175,2015-07-28,987.86
store_175,2015-07-29,979.14
store_175,2015-07-30,1024.655
store_175,2015-07-31,1006.09
store_175,2015-08-01,933.585
store_175,2015-08-02,0.0
store_175,2015-08-03,1115.0
store_175,2015-08-04,974.98
store_175,2015-08-05,913.885
store_175,2015-08-06,896.075
store_175,2015-08-07,873.125
store_175,2015-08-08,895.455
store_175,2015-08-09,0.0
store_175,2015-08-10,858.58
store_175,2015-08-11,803.15
store_175,2015-08-12,773.915
store_175,2015-08-13,782.705
store_175,2015-08-14,786.97
store_175,2015-08-15,861.525
store_175,2015-08-16,0.0
store_175,2015-08-17,1104.12
store_175,2015-08-18,978.93
store_175,2015-08-19,918.34
store_175,2015-08-20,904.4
store_175,2015-08-21,888.945
store_175,2015-08-22,841.205
store_175,2015-08-23,0.0
store_175,2015-08-24,832.985
store_175,2015-08-25,780.745
store_175,2015-08-26,749.25
store_175,2015-08-27,788.69
store_175,2015-08-28,783.72
store_175,2015-08-29,789.5
store_175,2015-08-30,0.0
store_176,2015-07-20,550.115
store_176,2015-07-21,511.505
store_176,2015-07-22,521.89
store_176,2015-07-23,532.735
store_176,2015-07-24,588.905
store_176,2015-07-25,430.005
store_176,2015-07-26,0.0
store_176,2015-07-27,682.44
store_176,2015-07-28,604.125
store_176,2015-07-29,628.135
store_176,2015-07-30,636.545
store_176,2015-07-31,666.715
store_176,2015-08-01,434.17
store_176,2015-08-02,0.0
store_176,2015-08-03,748.26
store_176,2015-08-04,629.48
store_176,2015-08-05,603.97
store_176,2015-08-06,602.58
store_176,2015-08-07,628.14
store_176,2015-08-08,423.45
store_176,2015-08-09,0.0
store_176,2015-08-10,624.295
store_176,2015-08-11,546.725
store_176,2015-08-12,558.545
store_176,2015-08-13,553.845
store_176,2015-08-14,570.655
store_176,2015-08-15,421.36
store_176,2015-08-16,0.0
store_176,2015-08-17,760.585
store_176,2015-08-18,652.305
store_176,2015-08-19,623.28
store_176,2015-08-20,636.66
store_176,2015-08-21,654.335
store_176,2015-08-22,440.03
store_176,2015-08-23,0.0
store_176,2015-08-24,600.07
store_176,2015-08-25,550.93
store_176,2015-08-26,537.335
store_176,2015-08-27,565.86
store_176,2015-08-28,576.075
store_176,2015-08-29,422.935
store_176,2015-08-30,0.0
store_177,2015-07-20,272.98
store_177,2015-07-21,246.325
store_177,2015-07-22,258.395
store_177,2015-07-23,277.89
store_177,2015-07-24,296.465
store_177,2015-07-25,329.37
store_177,2015-07-26,0.0
store_177,2015-07-27,389.405
store_177,2015-07-28,330.88
store_177,2015-07-29,336.935
store_177,2015-07-30,331.77
store_177,2015-07-31,337.015
store_177,2015-08-01,358.96
store_177,2015-08-02,0.0
store_177,2015-08-03,388.75
store_177,2015-08-04,342.14
store_177,2015-08-05,338.11
store_177,2015-08-06,336.94
store_177,2015-08-07,348.245
store_177,2015-08-08,355.795
store_177,2015-08-09,0.0
store_177,2015-08-10,316.35
store_177,2015-08-11,300.745
store_177,2015-08-12,307.185
store_177,2015-08-13,326.01
store_177,2015-08-14,341.4
store_177,2015-08-15,351.86
store_177,2015-08-16,0.0
store_177,2015-08-17,419.255
store_177,2015-08-18,353.595
store_177,2015-08-19,355.27
store_177,2015-08-20,364.645
store_177,2015-08-21,382.995
store_177,2015-08-22,356.955
store_177,2015-08-23,0.0
store_177,2015-08-24,317.005
store_177,2015-08-25,295.66
store_177,2015-08-26,292.105
store_177,2015-08-27,312.3
store_177,2015-08-28,346.16
store_177,2015-08-29,356.855
store_177,2015-08-30,0.0
store_178,2015-07-20,573.64
store_178,2015-07-21,556.19
store_178,2015-07-22,594.135
store_178,2015-07-23,604.005
store_178,2015-07-24,595.4
store_178,2015-07-25,456.015
store_178,2015-07-26,0.0
store_178,2015-07-27,744.125
store_178,2015-07-28,675.485
store_178,2015-07-29,698.36
store_178,2015-07-30,722.525
store_178,2015-07-31,701.39
store_178,2015-08-01,496.095
store_178,2015-08-02,0.0
store_178,2015-08-03,777.88
store_178,2015-08-04,667.835
store_178,2015-08-05,640.63
store_178,2015-08-06,654.35
store_178,2015-08-07,649.62
store_178,2015-08-08,464.055
store_178,2015-08-09,0.0
store_178,2015-08-10,665.17
store_178,2015-08-11,591.915
store_178,2015-08-12,556.62
store_178,2015-08-13,586.23
store_178,2015-08-14,605.555
store_178,2015-08-15,463.81
store_178,2015-08-16,0.0
store_178,2015-08-17,833.85
store_178,2015-08-18,703.735
store_178,2015-08-19,656.29
store_178,2015-08-20,675.0
store_178,2015-08-21,696.92
store_178,2015-08-22,493.355
store_178,2015-08-23,0.0
store_178,2015-08-24,616.37
store_178,2015-08-25,576.595
store_178,2015-08-26,552.675
store_178,2015-08-27,587.73
store_178,2015-08-28,608.965
store_178,2015-08-29,471.745
store_178,2015-08-30,0.0
store_179,2015-07-20,1001.595
store_179,2015-07-21,937.85
store_179,2015-07-22,915.775
store_179,2015-07-23,935.815
store_179,2015-07-24,861.93
store_179,2015-07-25,756.92
store_179,2015-07-26,0.0
store_179,2015-07-27,1220.42
store_179,2015-07-28,1125.275
store_179,2015-07-29,1093.155
store_179,2015-07-30,1090.39
store_179,2015-07-31,1046.835
store_179,2015-08-01,796.525
store_179,2015-08-02,0.0
store_179,2015-08-03,1247.985
store_179,2015-08-04,1120.995
store_179,2015-08-05,1045.635
store_179,2015-08-06,1031.93
store_179,2015-08-07,1012.72
store_179,2015-08-08,815.39
store_179,2015-08-09,0.0
store_179,2015-08-10,994.22
store_179,2015-08-11,921.75
store_179,2015-08-12,910.365
store_179,2015-08-13,907.425
store_179,2015-08-14,930.36
store_179,2015-08-15,793.555
store_179,2015-08-16,0.0
store_179,2015-08-17,1207.705
store_179,2015-08-18,1131.755
store_179,2015-08-19,1073.005
store_179,2015-08-20,1035.42
store_179,2015-08-21,1054.47
store_179,2015-08-22,816.405
store_179,2015-08-23,0.0
store_179,2015-08-24,972.615
store_179,2015-08-25,921.5
store_179,2015-08-26,882.785
store_179,2015-08-27,914.605
store_179,2015-08-28,940.215
store_179,2015-08-29,785.845
store_179,2015-08-30,0.0
store_18,2015-07-20,635.06
store_18,2015-07-21,560.895
store_18,2015-07-22,559.85
store_18,2015-07-23,570.415
store_18,2015-07-24,565.87
store_18,2015-07-25,593.36
store_18,2015-07-26,0.0
store_18,2015-07-27,893.36
store_18,2015-07-28,733.14
store_18,2015-07-29,688.325
store_18,2015-07-30,701.3
store_18,2015-07-31,691.1
store_18,2015-08-01,626.595
store_18,2015-08-02,0.0
store_18,2015-08-03,943.775
store_18,2015-08-04,736.7
store_18,2015-08-05,689.065
store_18,2015-08-06,670.36
store_18,2015-08-07,645.525
store_18,2015-08-08,622.895
store_18,2015-08-09,0.0
store_18,2015-08-10,657.205
store_18,2015-08-11,592.845
store_18,2015-08-12,583.63
store_18,2015-08-13,594.945
store_18,2015-08-14,615.08
store_18,2015-08-15,638.325
store_18,2015-08-16,0.0
store_18,2015-08-17,909.02
store_18,2015-08-18,772.935
store_18,2015-08-19,733.23
store_18,2015-08-20,718.695
store_18,2015-08-21,709.915
store_18,2015-08-22,637.29
store_18,2015-08-23,0.0
store_18,2015-08-24,643.585
store_18,2015-08-25,576.085
store_18,2015-08-26,606.305
store_18,2015-08-27,613.09
store_18,2015-08-28,637.845
store_18,2015-08-29,630.73
store_18,2015-08-30,0.0
store_180,2015-07-20,600.5
store_180,2015-07-21,526.23
store_180,2015-07-22,512.285
store_180,2015-07-23,499.63
store_180,2015-07-24,509.44
store_180,2015-07-25,598.68
store_180,2015-07-26,0.0
store_180,2015-07-27,788.875
store_180,2015-07-28,664.04
store_180,2015-07-29,650.26
store_180,2015-07-30,638.8
store_180,2015-07-31,616.01
store_180,2015-08-01,586.03
store_180,2015-08-02,0.0
store_180,2015-08-03,814.645
store_180,2015-08-04,671.47
store_180,2015-08-05,609.455
store_180,2015-08-06,614.715
store_180,2015-08-07,591.65
store_180,2015-08-08,578.485
store_180,2015-08-09,0.0
store_180,2015-08-10,628.115
store_180,2015-08-11,565.015
store_180,2015-08-12,546.115
store_180,2015-08-13,559.485
store_180,2015-08-14,561.71
store_180,2015-08-15,554.27
store_180,2015-08-16,0.0
store_180,2015-08-17,784.815
store_180,2015-08-18,675.455
store_180,2015-08-19,646.045
store_180,2015-08-20,653.885
store_180,2015-08-21,650.75
store_180,2015-08-22,574.69
store_180,2015-08-23,0.0
store_180,2015-08-24,640.86
store_180,2015-08-25,570.655
store_180,2015-08-26,555.78
store_180,2015-08-27,574.5
store_180,2015-08-28,587.095
store_180,2015-08-29,557.96
store_180,2015-08-30,0.0
store_181,2015-07-20,808.605
store_181,2015-07-21,752.115
store_181,2015-07-22,767.5
store_181,2015-07-23,777.155
store_181,2015-07-24,771.735
store_181,2015-07-25,713.17
store_181,2015-07-26,0.0
store_181,2015-07-27,1030.415
store_181,2015-07-28,947.32
store_181,2015-07-29,962.0
store_181,2015-07-30,971.86
store_181,2015-07-31,881.47
store_181,2015-08-01,742.175
store_181,2015-08-02,0.0
store_181,2015-08-03,1085.345
store_181,2015-08-04,940.87
store_181,2015-08-05,908.005
store_181,2015-08-06,880.295
store_181,2015-08-07,855.985
store_181,2015-08-08,758.575
store_181,2015-08-09,0.0
store_181,2015-08-10,871.255
store_181,2015-08-11,784.93
store_181,2015-08-12,787.885
store_181,2015-08-13,805.475
store_181,2015-08-14,802.4
store_181,2015-08-15,742.255
store_181,2015-08-16,0.0
store_181,2015-08-17,1065.0
store_181,2015-08-18,948.18
store_181,2015-08-19,908.265
store_181,2015-08-20,912.135
store_181,2015-08-21,908.18
store_181,2015-08-22,755.585
store_181,2015-08-23,0.0
store_181,2015-08-24,909.24
store_181,2015-08-25,818.48
store_181,2015-08-26,789.485
store_181,2015-08-27,785.79
store_181,2015-08-28,782.79
store_181,2015-08-29,754.66
store_181,2015-08-30,0.0
store_182,2015-07-20,501.735
store_182,2015-07-21,444.92
store_182,2015-07-22,459.28
store_182,2015-07-23,521.6
store_182,2015-07-24,518.97
store_182,2015-07-25,445.99
store_182,2015-07-26,0.0
store_182,2015-07-27,667.925
store_182,2015-07-28,567.265
store_182,2015-07-29,542.28
store_182,2015-07-30,577.145
store_182,2015-07-31,585.37
store_182,2015-08-01,455.34
store_182,2015-08-02,0.0
store_182,2015-08-03,703.81
store_182,2015-08-04,570.165
store_182,2015-08-05,533.86
store_182,2015-08-06,553.235
store_182,2015-08-07,552.445
store_182,2015-08-08,456.805
store_182,2015-08-09,0.0
store_182,2015-08-10,535.26
store_182,2015-08-11,476.62
store_182,2015-08-12,468.505
store_182,2015-08-13,482.72
store_182,2015-08-14,493.58
store_182,2015-08-15,459.245
store_182,2015-08-16,0.0
store_182,2015-08-17,704.61
store_182,2015-08-18,583.66
store_182,2015-08-19,557.56
store_182,2015-08-20,575.465
store_182,2015-08-21,591.88
store_182,2015-08-22,486.45
store_182,2015-08-23,0.0
store_182,2015-08-24,502.835
store_182,2015-08-25,470.58
store_182,2015-08-26,472.945
store_182,2015-08-27,495.6
store_182,2015-08-28,525.665
store_182,2015-08-29,495.36
store_182,2015-08-30,0.0
store_183,2015-07-20,770.315
store_183,2015-07-21,673.04
store_183,2015-07-22,708.69
store_183,2015-07-23,755.535
store_183,2015-07-24,758.53
store_183,2015-07-25,656.265
store_183,2015-07-26,259.485
store_183,2015-07-27,987.92
store_183,2015-07-28,873.16
store_183,2015-07-29,840.93
store_183,2015-07-30,892.12
store_183,2015-07-31,903.545
store_183,2015-08-01,675.745
store_183,2015-08-02,263.5
store_183,2015-08-03,1010.035
store_183,2015-08-04,852.955
store_183,2015-08-05,820.25
store_183,2015-08-06,822.795
store_183,2015-08-07,811.32
store_183,2015-08-08,698.57
store_183,2015-08-09,274.455
store_183,2015-08-10,867.46
store_183,2015-08-11,788.27
store_183,2015-08-12,758.845
store_183,2015-08-13,760.61
store_183,2015-08-14,781.37
store_183,2015-08-15,702.545
store_183,2015-08-16,294.16
store_183,2015-08-17,1025.705
store_183,2015-08-18,902.53
store_183,2015-08-19,849.51
store_183,2015-08-20,851.445
store_183,2015-08-21,843.93
store_183,2015-08-22,744.905
store_183,2015-08-23,292.87
store_183,2015-08-24,917.54
store_183,2015-08-25,821.13
store_183,2015-08-26,788.415
store_183,2015-08-27,775.11
store_183,2015-08-28,778.025
store_183,2015-08-29,757.06
store_183,2015-08-30,311.185
store_184,2015-07-20,791.3
store_184,2015-07-21,747.095
store_184,2015-07-22,732.25
store_184,2015-07-23,735.66
store_184,2015-07-24,745.81
store_184,2015-07-25,619.71
store_184,2015-07-26,0.0
store_184,2015-07-27,988.185
store_184,2015-07-28,920.045
store_184,2015-07-29,881.365
store_184,2015-07-30,908.255
store_184,2015-07-31,888.47
store_184,2015-08-01,606.54
store_184,2015-08-02,0.0
store_184,2015-08-03,1040.895
store_184,2015-08-04,927.815
store_184,2015-08-05,856.055
store_184,2015-08-06,819.125
store_184,2015-08-07,818.085
store_184,2015-08-08,609.985
store_184,2015-08-09,0.0
store_184,2015-08-10,796.26
store_184,2015-08-11,760.375
store_184,2015-08-12,765.205
store_184,2015-08-13,740.65
store_184,2015-08-14,754.08
store_184,2015-08-15,595.285
store_184,2015-08-16,0.0
store_184,2015-08-17,1042.355
store_184,2015-08-18,938.225
store_184,2015-08-19,887.615
store_184,2015-08-20,882.0
store_184,2015-08-21,858.2
store_184,2015-08-22,608.715
store_184,2015-08-23,0.0
store_184,2015-08-24,784.355
store_184,2015-08-25,735.42
store_184,2015-08-26,721.305
store_184,2015-08-27,738.69
store_184,2015-08-28,748.86
store_184,2015-08-29,597.67
store_184,2015-08-30,0.0
store_185,2015-07-20,529.07
store_185,2015-07-21,475.16
store_185,2015-07-22,469.16
store_185,2015-07-23,518.28
store_185,2015-07-24,520.65
store_185,2015-07-25,454.21
store_185,2015-07-26,0.0
store_185,2015-07-27,708.665
store_185,2015-07-28,612.0
store_185,2015-07-29,591.47
store_185,2015-07-30,623.005
store_185,2015-07-31,605.955
store_185,2015-08-01,483.47
store_185,2015-08-02,0.0
store_185,2015-08-03,735.885
store_185,2015-08-04,613.455
store_185,2015-08-05,552.59
store_185,2015-08-06,566.29
store_185,2015-08-07,560.255
store_185,2015-08-08,470.815
store_185,2015-08-09,0.0
store_185,2015-08-10,574.23
store_185,2015-08-11,544.97
store_185,2015-08-12,499.22
store_185,2015-08-13,514.9
store_185,2015-08-14,536.785
store_185,2015-08-15,471.44
store_185,2015-08-16,0.0
store_185,2015-08-17,717.18
store_185,2015-08-18,616.705
store_185,2015-08-19,593.845
store_185,2015-08-20,606.49
store_185,2015-08-21,603.14
store_185,2015-08-22,486.78
store_185,2015-08-23,0.0
store_185,2015-08-24,563.89
store_185,2015-08-25,505.76
store_185,2015-08-26,513.75
store_185,2015-08-27,531.545
store_185,2015-08-28,541.535
store_185,2015-08-29,483.535
store_185,2015-08-30,0.0
store_186,2015-07-20,499.53
store_186,2015-07-21,451.45
store_186,2015-07-22,446.45
store_186,2015-07-23,502.365
store_186,2015-07-24,491.645
store_186,2015-07-25,333.115
store_186,2015-07-26,0.0
store_186,2015-07-27,635.445
store_186,2015-07-28,563.26
store_186,2015-07-29,538.91
store_186,2015-07-30,574.535
store_186,2015-07-31,558.595
store_186,2015-08-01,353.345
store_186,2015-08-02,0.0
store_186,2015-08-03,687.69
store_186,2015-08-04,553.92
store_186,2015-08-05,519.215
store_186,2015-08-06,541.82
store_186,2015-08-07,550.235
store_186,2015-08-08,346.16
store_186,2015-08-09,0.0
store_186,2015-08-10,510.425
store_186,2015-08-11,475.035
store_186,2015-08-12,469.23
store_186,2015-08-13,486.725
store_186,2015-08-14,505.875
store_186,2015-08-15,341.685
store_186,2015-08-16,0.0
store_186,2015-08-17,672.46
store_186,2015-08-18,571.12
store_186,2015-08-19,529.68
store_186,2015-08-20,553.4
store_186,2015-08-21,556.84
store_186,2015-08-22,352.005
store_186,2015-08-23,0.0
store_186,2015-08-24,508.81
store_186,2015-08-25,466.525
store_186,2015-08-26,461.115
store_186,2015-08-27,478.76
store_186,2015-08-28,496.02
store_186,2015-08-29,338.05
store_186,2015-08-30,0.0
store_187,2015-07-20,514.305
store_187,2015-07-21,476.825
store_187,2015-07-22,459.51
store_187,2015-07-23,478.91
store_187,2015-07-24,488.015
store_187,2015-07-25,275.92
store_187,2015-07-26,0.0
store_187,2015-07-27,579.52
store_187,2015-07-28,499.225
store_187,2015-07-29,490.96
store_187,2015-07-30,509.09
store_187,2015-07-31,523.69
store_187,2015-08-01,296.92
store_187,2015-08-02,0.0
store_187,2015-08-03,632.76
store_187,2015-08-04,546.585
store_187,2015-08-05,511.055
store_187,2015-08-06,521.265
store_187,2015-08-07,516.87
store_187,2015-08-08,289.855
store_187,2015-08-09,0.0
store_187,2015-08-10,554.865
store_187,2015-08-11,476.765
store_187,2015-08-12,471.135
store_187,2015-08-13,486.55
store_187,2015-08-14,491.125
store_187,2015-08-15,289.105
store_187,2015-08-16,0.0
store_187,2015-08-17,670.015
store_187,2015-08-18,563.805
store_187,2015-08-19,549.49
store_187,2015-08-20,541.555
store_187,2015-08-21,537.405
store_187,2015-08-22,292.205
store_187,2015-08-23,0.0
store_187,2015-08-24,580.45
store_187,2015-08-25,519.93
store_187,2015-08-26,504.285
store_187,2015-08-27,472.005
store_187,2015-08-28,494.01
store_187,2015-08-29,287.155
store_187,2015-08-30,0.0
store_188,2015-07-20,855.235
store_188,2015-07-21,759.19
store_188,2015-07-22,738.23
store_188,2015-07-23,804.65
store_188,2015-07-24,787.795
store_188,2015-07-25,789.05
store_188,2015-07-26,0.0
store_188,2015-07-27,1116.425
store_188,2015-07-28,964.16
store_188,2015-07-29,934.38
store_188,2015-07-30,939.4
store_188,2015-07-31,939.675
store_188,2015-08-01,789.07
store_188,2015-08-02,0.0
store_188,2015-08-03,1158.035
store_188,2015-08-04,957.73
store_188,2015-08-05,886.2
store_188,2015-08-06,894.175
store_188,2015-08-07,929.19
store_188,2015-08-08,790.875
store_188,2015-08-09,0.0
store_188,2015-08-10,953.085
store_188,2015-08-11,822.345
store_188,2015-08-12,772.94
store_188,2015-08-13,795.87
store_188,2015-08-14,837.81
store_188,2015-08-15,803.285
store_188,2015-08-16,0.0
store_188,2015-08-17,1168.86
store_188,2015-08-18,995.93
store_188,2015-08-19,957.6
store_188,2015-08-20,936.895
store_188,2015-08-21,927.1
store_188,2015-08-22,824.1
store_188,2015-08-23,0.0
store_188,2015-08-24,852.425
store_188,2015-08-25,775.07
store_188,2015-08-26,765.05
store_188,2015-08-27,815.775
store_188,2015-08-28,842.5
store_188,2015-08-29,844.045
store_188,2015-08-30,0.0
store_189,2015-07-20,732.6
store_189,2015-07-21,658.56
store_189,2015-07-22,655.59
store_189,2015-07-23,670.9
store_189,2015-07-24,738.185
store_189,2015-07-25,544.68
store_189,2015-07-26,0.0
store_189,2015-07-27,869.57
store_189,2015-07-28,785.865
store_189,2015-07-29,745.67
store_189,2015-07-30,772.115
store_189,2015-07-31,832.085
store_189,2015-08-01,604.24
store_189,2015-08-02,0.0
store_189,2015-08-03,942.815
store_189,2015-08-04,790.28
store_189,2015-08-05,730.88
store_189,2015-08-06,742.88
store_189,2015-08-07,742.575
store_189,2015-08-08,586.07
store_189,2015-08-09,0.0
store_189,2015-08-10,789.11
store_189,2015-08-11,716.125
store_189,2015-08-12,680.14
store_189,2015-08-13,693.705
store_189,2015-08-14,692.515
store_189,2015-08-15,555.265
store_189,2015-08-16,0.0
store_189,2015-08-17,908.245
store_189,2015-08-18,808.0
store_189,2015-08-19,755.165
store_189,2015-08-20,772.8
store_189,2015-08-21,775.915
store_189,2015-08-22,574.755
store_189,2015-08-23,0.0
store_189,2015-08-24,738.26
store_189,2015-08-25,669.81
store_189,2015-08-26,643.225
store_189,2015-08-27,656.19
store_189,2015-08-28,667.88
store_189,2015-08-29,547.435
store_189,2015-08-30,0.0
store_19,2015-07-20,566.515
store_19,2015-07-21,541.405
store_19,2015-07-22,516.33
store_19,2015-07-23,544.125
store_19,2015-07-24,501.345
store_19,2015-07-25,539.495
store_19,2015-07-26,0.0
store_19,2015-07-27,721.69
store_19,2015-07-28,704.0
store_19,2015-07-29,682.05
store_19,2015-07-30,726.185
store_19,2015-07-31,603.475
store_19,2015-08-01,561.42
store_19,2015-08-02,0.0
store_19,2015-08-03,850.97
store_19,2015-08-04,719.82
store_19,2015-08-05,644.945
store_19,2015-08-06,644.58
store_19,2015-08-07,597.385
store_19,2015-08-08,563.32
store_19,2015-08-09,0.0
store_19,2015-08-10,694.43
store_19,2015-08-11,637.96
store_19,2015-08-12,599.93
store_19,2015-08-13,573.775
store_19,2015-08-14,571.32
store_19,2015-08-15,559.135
store_19,2015-08-16,0.0
store_19,2015-08-17,897.18
store_19,2015-08-18,816.185
store_19,2015-08-19,774.5
store_19,2015-08-20,721.2
store_19,2015-08-21,674.875
store_19,2015-08-22,589.25
store_19,2015-08-23,0.0
store_19,2015-08-24,726.415
store_19,2015-08-25,623.105
store_19,2015-08-26,634.405
store_19,2015-08-27,644.08
store_19,2015-08-28,625.18
store_19,2015-08-29,594.25
store_19,2015-08-30,0.0
store_190,2015-07-20,2106.22
store_190,2015-07-21,1943.585
store_190,2015-07-22,1877.95
store_190,2015-07-23,2023.595
store_190,2015-07-24,1978.78
store_190,2015-07-25,1698.385
store_190,2015-07-26,0.0
store_190,2015-07-27,2407.57
store_190,2015-07-28,2285.645
store_190,2015-07-29,2245.19
store_190,2015-07-30,2265.345
store_190,2015-07-31,2138.945
store_190,2015-08-01,1777.14
store_190,2015-08-02,0.0
store_190,2015-08-03,2529.245
store_190,2015-08-04,2318.14
store_190,2015-08-05,2194.755
store_190,2015-08-06,2109.36
store_190,2015-08-07,2088.605
store_190,2015-08-08,1720.205
store_190,2015-08-09,0.0
store_190,2015-08-10,2116.075
store_190,2015-08-11,1950.14
store_190,2015-08-12,1956.165
store_190,2015-08-13,1987.99
store_190,2015-08-14,1988.95
store_190,2015-08-15,1716.965
store_190,2015-08-16,0.0
store_190,2015-08-17,2406.49
store_190,2015-08-18,2303.445
store_190,2015-08-19,2223.07
store_190,2015-08-20,2212.425
store_190,2015-08-21,2222.135
store_190,2015-08-22,1844.015
store_190,2015-08-23,0.0
store_190,2015-08-24,2028.18
store_190,2015-08-25,1871.79
store_190,2015-08-26,1867.39
store_190,2015-08-27,1911.805
store_190,2015-08-28,1927.39
store_190,2015-08-29,1770.33
store_190,2015-08-30,0.0
store_191,2015-07-20,602.815
store_191,2015-07-21,546.77
store_191,2015-07-22,537.255
store_191,2015-07-23,575.81
store_191,2015-07-24,601.86
store_191,2015-07-25,622.58
store_191,2015-07-26,0.0
store_191,2015-07-27,745.195
store_191,2015-07-28,631.01
store_191,2015-07-29,631.355
store_191,2015-07-30,675.505
store_191,2015-07-31,704.005
store_191,2015-08-01,623.45
store_191,2015-08-02,0.0
store_191,2015-08-03,783.215
store_191,2015-08-04,648.605
store_191,2015-08-05,602.58
store_191,2015-08-06,637.835
store_191,2015-08-07,632.32
store_191,2015-08-08,637.69
store_191,2015-08-09,0.0
store_191,2015-08-10,602.665
store_191,2015-08-11,548.615
store_191,2015-08-12,561.765
store_191,2015-08-13,583.475
store_191,2015-08-14,582.96
store_191,2015-08-15,606.465
store_191,2015-08-16,0.0
store_191,2015-08-17,795.345
store_191,2015-08-18,674.67
store_191,2015-08-19,656.045
store_191,2015-08-20,671.155
store_191,2015-08-21,671.855
store_191,2015-08-22,637.535
store_191,2015-08-23,0.0
store_191,2015-08-24,603.865
store_191,2015-08-25,541.76
store_191,2015-08-26,539.34
store_191,2015-08-27,578.3
store_191,2015-08-28,602.955
store_191,2015-08-29,623.98
store_191,2015-08-30,0.0
store_192,2015-07-20,544.47
store_192,2015-07-21,499.595
store_192,2015-07-22,498.015
store_192,2015-07-23,754.405
store_192,2015-07-24,583.4
store_192,2015-07-25,392.22
store_192,2015-07-26,0.0
store_192,2015-07-27,717.135
store_192,2015-07-28,628.605
store_192,2015-07-29,615.835
store_192,2015-07-30,807.115
store_192,2015-07-31,694.985
store_192,2015-08-01,424.505
store_192,2015-08-02,0.0
store_192,2015-08-03,768.98
store_192,2015-08-04,635.075
store_192,2015-08-05,592.52
store_192,2015-08-06,687.975
store_192,2015-08-07,659.26
store_192,2015-08-08,427.03
store_192,2015-08-09,0.0
store_192,2015-08-10,613.69
store_192,2015-08-11,565.25
store_192,2015-08-12,550.555
store_192,2015-08-13,549.02
store_192,2015-08-14,572.92
store_192,2015-08-15,424.78
store_192,2015-08-16,0.0
store_192,2015-08-17,767.29
store_192,2015-08-18,663.29
store_192,2015-08-19,625.9
store_192,2015-08-20,645.175
store_192,2015-08-21,644.965
store_192,2015-08-22,440.345
store_192,2015-08-23,0.0
store_192,2015-08-24,659.26
store_192,2015-08-25,596.345
store_192,2015-08-26,558.745
store_192,2015-08-27,568.455
store_192,2015-08-28,568.06
store_192,2015-08-29,438.175
store_192,2015-08-30,0.0
store_193,2015-07-20,412.935
store_193,2015-07-21,351.235
store_193,2015-07-22,370.995
store_193,2015-07-23,401.01
store_193,2015-07-24,434.155
store_193,2015-07-25,489.095
store_193,2015-07-26,0.0
store_193,2015-07-27,532.92
store_193,2015-07-28,454.175
store_193,2015-07-29,451.93
store_193,2015-07-30,485.115
store_193,2015-07-31,511.9
store_193,2015-08-01,501.575
store_193,2015-08-02,0.0
store_193,2015-08-03,564.74
store_193,2015-08-04,474.865
store_193,2015-08-05,438.13
store_193,2015-08-06,466.25
store_193,2015-08-07,477.84
store_193,2015-08-08,474.91
store_193,2015-08-09,0.0
store_193,2015-08-10,454.52
store_193,2015-08-11,404.535
store_193,2015-08-12,396.5
store_193,2015-08-13,429.955
store_193,2015-08-14,435.625
store_193,2015-08-15,476.82
store_193,2015-08-16,0.0
store_193,2015-08-17,586.065
store_193,2015-08-18,496.235
store_193,2015-08-19,489.385
store_193,2015-08-20,495.265
store_193,2015-08-21,521.825
store_193,2015-08-22,485.915
store_193,2015-08-23,0.0
store_193,2015-08-24,439.555
store_193,2015-08-25,395.27
store_193,2015-08-26,400.82
store_193,2015-08-27,420.595
store_193,2015-08-28,452.28
store_193,2015-08-29,468.995
store_193,2015-08-30,0.0
store_194,2015-07-20,475.89
store_194,2015-07-21,429.475
store_194,2015-07-22,442.445
store_194,2015-07-23,447.17
store_194,2015-07-24,472.41
store_194,2015-07-25,279.29
store_194,2015-07-26,0.0
store_194,2015-07-27,592.33
store_194,2015-07-28,544.02
store_194,2015-07-29,539.035
store_194,2015-07-30,549.55
store_194,2015-07-31,566.69
store_194,2015-08-01,285.335
store_194,2015-08-02,0.0
store_194,2015-08-03,624.195
store_194,2015-08-04,525.76
store_194,2015-08-05,496.56
store_194,2015-08-06,503.495
store_194,2015-08-07,515.675
store_194,2015-08-08,291.025
store_194,2015-08-09,0.0
store_194,2015-08-10,500.345
store_194,2015-08-11,457.67
store_194,2015-08-12,430.115
store_194,2015-08-13,443.59
store_194,2015-08-14,481.595
store_194,2015-08-15,284.565
store_194,2015-08-16,0.0
store_194,2015-08-17,618.665
store_194,2015-08-18,543.91
store_194,2015-08-19,505.405
store_194,2015-08-20,516.49
store_194,2015-08-21,536.655
store_194,2015-08-22,287.975
store_194,2015-08-23,0.0
store_194,2015-08-24,525.995
store_194,2015-08-25,480.855
store_194,2015-08-26,455.63
store_194,2015-08-27,457.05
store_194,2015-08-28,493.345
store_194,2015-08-29,287.64
store_194,2015-08-30,0.0
store_195,2015-07-20,562.795
store_195,2015-07-21,512.855
store_195,2015-07-22,498.91
store_195,2015-07-23,535.115
store_195,2015-07-24,552.47
store_195,2015-07-25,369.755
store_195,2015-07-26,0.0
store_195,2015-07-27,714.48
store_195,2015-07-28,664.18
store_195,2015-07-29,652.43
store_195,2015-07-30,668.51
store_195,2015-07-31,674.53
store_195,2015-08-01,391.24
store_195,2015-08-02,0.0
store_195,2015-08-03,763.835
store_195,2015-08-04,647.79
store_195,2015-08-05,593.95
store_195,2015-08-06,605.37
store_195,2015-08-07,603.025
store_195,2015-08-08,374.84
store_195,2015-08-09,0.0
store_195,2015-08-10,591.91
store_195,2015-08-11,545.345
store_195,2015-08-12,529.7
store_195,2015-08-13,529.83
store_195,2015-08-14,544.005
store_195,2015-08-15,380.465
store_195,2015-08-16,0.0
store_195,2015-08-17,747.635
store_195,2015-08-18,668.035
store_195,2015-08-19,614.855
store_195,2015-08-20,609.365
store_195,2015-08-21,607.72
store_195,2015-08-22,382.18
store_195,2015-08-23,0.0
store_195,2015-08-24,589.0
store_195,2015-08-25,540.135
store_195,2015-08-26,524.04
store_195,2015-08-27,545.76
store_195,2015-08-28,550.505
store_195,2015-08-29,376.065
store_195,2015-08-30,0.0
store_196,2015-07-20,363.05
store_196,2015-07-21,334.92
store_196,2015-07-22,344.48
store_196,2015-07-23,366.25
store_196,2015-07-24,382.435
store_196,2015-07-25,360.625
store_196,2015-07-26,0.0
store_196,2015-07-27,505.905
store_196,2015-07-28,429.74
store_196,2015-07-29,412.84
store_196,2015-07-30,427.59
store_196,2015-07-31,420.54
store_196,2015-08-01,385.825
store_196,2015-08-02,0.0
store_196,2015-08-03,569.19
store_196,2015-08-04,461.215
store_196,2015-08-05,420.99
store_196,2015-08-06,411.465
store_196,2015-08-07,408.89
store_196,2015-08-08,364.84
store_196,2015-08-09,0.0
store_196,2015-08-10,440.975
store_196,2015-08-11,403.825
store_196,2015-08-12,386.47
store_196,2015-08-13,397.92
store_196,2015-08-14,407.775
store_196,2015-08-15,371.36
store_196,2015-08-16,0.0
store_196,2015-08-17,573.28
store_196,2015-08-18,506.27
store_196,2015-08-19,498.26
store_196,2015-08-20,475.975
store_196,2015-08-21,456.78
store_196,2015-08-22,369.61
store_196,2015-08-23,0.0
store_196,2015-08-24,479.425
store_196,2015-08-25,415.065
store_196,2015-08-26,414.955
store_196,2015-08-27,413.775
store_196,2015-08-28,427.665
store_196,2015-08-29,363.435
store_196,2015-08-30,0.0
store_197,2015-07-20,730.125
store_197,2015-07-21,658.01
store_197,2015-07-22,674.525
store_197,2015-07-23,691.83
store_197,2015-07-24,683.445
store_197,2015-07-25,483.09
store_197,2015-07-26,0.0
store_197,2015-07-27,870.18
store_197,2015-07-28,804.035
store_197,2015-07-29,800.315
store_197,2015-07-30,833.385
store_197,2015-07-31,784.08
store_197,2015-08-01,498.305
store_197,2015-08-02,0.0
store_197,2015-08-03,957.78
store_197,2015-08-04,798.325
store_197,2015-08-05,757.28
store_197,2015-08-06,742.755
store_197,2015-08-07,743.805
store_197,2015-08-08,505.505
store_197,2015-08-09,0.0
store_197,2015-08-10,763.665
store_197,2015-08-11,686.695
store_197,2015-08-12,662.1
store_197,2015-08-13,667.665
store_197,2015-08-14,664.595
store_197,2015-08-15,501.24
store_197,2015-08-16,0.0
store_197,2015-08-17,894.19
store_197,2015-08-18,794.975
store_197,2015-08-19,748.475
store_197,2015-08-20,753.835
store_197,2015-08-21,751.505
store_197,2015-08-22,528.75
store_197,2015-08-23,0.0
store_197,2015-08-24,742.91
store_197,2015-08-25,676.4
store_197,2015-08-26,636.04
store_197,2015-08-27,647.38
store_197,2015-08-28,670.47
store_197,2015-08-29,535.04
store_197,2015-08-30,0.0
store_198,2015-07-20,1232.025
store_198,2015-07-21,1170.595
store_198,2015-07-22,1113.095
store_198,2015-07-23,1173.73
store_198,2015-07-24,1146.065
store_198,2015-07-25,1083.275
store_198,2015-07-26,0.0
store_198,2015-07-27,1511.805
store_198,2015-07-28,1426.68
store_198,2015-07-29,1332.02
store_198,2015-07-30,1381.225
store_198,2015-07-31,1336.74
store_198,2015-08-01,1076.915
store_198,2015-08-02,0.0
store_198,2015-08-03,1593.005
store_198,2015-08-04,1432.465
store_198,2015-08-05,1314.75
store_198,2015-08-06,1330.45
store_198,2015-08-07,1273.72
store_198,2015-08-08,1091.01
store_198,2015-08-09,0.0
store_198,2015-08-10,1274.355
store_198,2015-08-11,1207.105
store_198,2015-08-12,1133.43
store_198,2015-08-13,1191.32
store_198,2015-08-14,1171.89
store_198,2015-08-15,1105.89
store_198,2015-08-16,0.0
store_198,2015-08-17,1498.305
store_198,2015-08-18,1405.86
store_198,2015-08-19,1358.1
store_198,2015-08-20,1319.215
store_198,2015-08-21,1275.91
store_198,2015-08-22,1104.335
store_198,2015-08-23,0.0
store_198,2015-08-24,1203.435
store_198,2015-08-25,1136.12
store_198,2015-08-26,1090.135
store_198,2015-08-27,1136.82
store_198,2015-08-28,1147.535
store_198,2015-08-29,1086.23
store_198,2015-08-30,0.0
store_199,2015-07-20,454.495
store_199,2015-07-21,398.975
store_199,2015-07-22,412.785
store_199,2015-07-23,438.04
store_199,2015-07-24,482.09
store_199,2015-07-25,485.53
store_199,2015-07-26,0.0
store_199,2015-07-27,601.865
store_199,2015-07-28,508.5
store_199,2015-07-29,516.585
store_199,2015-07-30,519.125
store_199,2015-07-31,545.06
store_199,2015-08-01,503.085
store_199,2015-08-02,0.0
store_199,2015-08-03,644.895
store_199,2015-08-04,528.02
store_199,2015-08-05,490.7
store_199,2015-08-06,494.48
store_199,2015-08-07,525.795
store_199,2015-08-08,488.625
store_199,2015-08-09,0.0
store_199,2015-08-10,486.33
store_199,2015-08-11,442.505
store_199,2015-08-12,432.06
store_199,2015-08-13,448.38
store_199,2015-08-14,486.24
store_199,2015-08-15,486.06
store_199,2015-08-16,0.0
store_199,2015-08-17,651.19
store_199,2015-08-18,550.665
store_199,2015-08-19,514.305
store_199,2015-08-20,529.685
store_199,2015-08-21,548.72
store_199,2015-08-22,495.595
store_199,2015-08-23,0.0
store_199,2015-08-24,524.27
store_199,2015-08-25,447.705
store_199,2015-08-26,445.165
store_199,2015-08-27,451.925
store_199,2015-08-28,503.61
store_199,2015-08-29,496.72
store_199,2015-08-30,0.0
store_2,2015-07-20,622.15
store_2,2015-07-21,596.935
store_2,2015-07-22,626.145
store_2,2015-07-23,650.225
store_2,2015-07-24,644.61
store_2,2015-07-25,406.585
store_2,2015-07-26,0.0
store_2,2015-07-27,792.945
store_2,2015-07-28,735.855
store_2,2015-07-29,768.4
store_2,2015-07-30,777.99
store_2,2015-07-31,756.79
store_2,2015-08-01,426.07
store_2,2015-08-02,0.0
store_2,2015-08-03,857.71
store_2,2015-08-04,718.49
store_2,2015-08-05,704.465
store_2,2015-08-06,735.68
store_2,2015-08-07,698.45
store_2,2015-08-08,437.18
store_2,2015-08-09,0.0
store_2,2015-08-10,658.58
store_2,2015-08-11,612.12
store_2,2015-08-12,589.87
store_2,2015-08-13,619.575
store_2,2015-08-14,650.97
store_2,2015-08-15,413.135
store_2,2015-08-16,0.0
store_2,2015-08-17,906.245
store_2,2015-08-18,763.405
store_2,2015-08-19,715.745
store_2,2015-08-20,718.98
store_2,2015-08-21,751.395
store_2,2015-08-22,434.205
store_2,2015-08-23,0.0
store_2,2015-08-24,674.845
store_2,2015-08-25,617.12
store_2,2015-08-26,603.5
store_2,2015-08-27,632.65
store_2,2015-08-28,656.645
store_2,2015-08-29,423.06
store_2,2015-08-30,0.0
store_20,2015-07-20,512.805
store_20,2015-07-21,477.555
store_20,2015-07-22,484.775
store_20,2015-07-23,513.775
store_20,2015-07-24,554.89
store_20,2015-07-25,560.29
store_20,2015-07-26,0.0
store_20,2015-07-27,627.825
store_20,2015-07-28,553.945
store_20,2015-07-29,552.56
store_20,2015-07-30,585.165
store_20,2015-07-31,618.38
store_20,2015-08-01,565.545
store_20,2015-08-02,0.0
store_20,2015-08-03,672.31
store_20,2015-08-04,556.54
store_20,2015-08-05,541.325
store_20,2015-08-06,547.69
store_20,2015-08-07,571.555
store_20,2015-08-08,561.865
store_20,2015-08-09,0.0
store_20,2015-08-10,542.105
store_20,2015-08-11,488.41
store_20,2015-08-12,492.99
store_20,2015-08-13,513.31
store_20,2015-08-14,544.805
store_20,2015-08-15,544.325
store_20,2015-08-16,0.0
store_20,2015-08-17,680.24
store_20,2015-08-18,583.895
store_20,2015-08-19,571.345
store_20,2015-08-20,593.685
store_20,2015-08-21,617.21
store_20,2015-08-22,565.47
store_20,2015-08-23,0.0
store_20,2015-08-24,541.795
store_20,2015-08-25,489.14
store_20,2015-08-26,487.79
store_20,2015-08-27,511.81
store_20,2015-08-28,541.255
store_20,2015-08-29,549.32
store_20,2015-08-30,0.0
store_200,2015-07-20,2430.435
store_200,2015-07-21,2300.86
store_200,2015-07-22,2275.615
store_200,2015-07-23,2247.465
store_200,2015-07-24,2217.66
store_200,2015-07-25,1600.445
store_200,2015-07-26,1362.95
store_200,2015-07-27,2976.265
store_200,2015-07-28,2842.93
store_200,2015-07-29,2675.765
store_200,2015-07-30,2708.98
store_200,2015-07-31,2655.94
store_200,2015-08-01,1674.32
store_200,2015-08-02,1457.905
store_200,2015-08-03,2889.075
store_200,2015-08-04,2788.87
store_200,2015-08-05,2670.225
store_200,2015-08-06,2594.795
store_200,2015-08-07,2547.9
store_200,2015-08-08,1693.29
store_200,2015-08-09,1471.83
store_200,2015-08-10,2717.82
store_200,2015-08-11,2577.855
store_200,2015-08-12,2570.1
store_200,2015-08-13,2586.715
store_200,2015-08-14,2652.81
store_200,2015-08-15,1693.345
store_200,2015-08-16,1477.82
store_200,2015-08-17,3279.765
store_200,2015-08-18,3087.84
store_200,2015-08-19,2945.87
store_200,2015-08-20,2844.745
store_200,2015-08-21,2747.055
store_200,2015-08-22,1698.41
store_200,2015-08-23,1483.27
store_200,2015-08-24,2568.02
store_200,2015-08-25,2561.55
store_200,2015-08-26,2513.88
store_200,2015-08-27,2514.74
store_200,2015-08-28,2499.095
store_200,2015-08-29,1661.425
store_200,2015-08-30,1427.915
store_201,2015-07-20,1792.845
store_201,2015-07-21,1739.56
store_201,2015-07-22,1710.65
store_201,2015-07-23,1704.88
store_201,2015-07-24,1669.355
store_201,2015-07-25,1623.035
store_201,2015-07-26,0.0
store_201,2015-07-27,2197.28
store_201,2015-07-28,2101.965
store_201,2015-07-29,2012.06
store_201,2015-07-30,1948.475
store_201,2015-07-31,1853.27
store_201,2015-08-01,1581.4
store_201,2015-08-02,0.0
store_201,2015-08-03,2319.895
store_201,2015-08-04,2212.0
store_201,2015-08-05,2102.67
store_201,2015-08-06,2087.235
store_201,2015-08-07,2061.735
store_201,2015-08-08,1635.63
store_201,2015-08-09,0.0
store_201,2015-08-10,1837.635
store_201,2015-08-11,1755.835
store_201,2015-08-12,1818.15
store_201,2015-08-13,1812.115
store_201,2015-08-14,1793.355
store_201,2015-08-15,1589.115
store_201,2015-08-16,0.0
store_201,2015-08-17,2263.18
store_201,2015-08-18,2147.42
store_201,2015-08-19,2015.57
store_201,2015-08-20,2035.715
store_201,2015-08-21,2058.34
store_201,2015-08-22,1632.855
store_201,2015-08-23,0.0
store_201,2015-08-24,1794.865
store_201,2015-08-25,1758.415
store_201,2015-08-26,1688.46
store_201,2015-08-27,1690.205
store_201,2015-08-28,1705.665
store_201,2015-08-29,1620.33
store_201,2015-08-30,0.0
store_202,2015-07-20,364.26
store_202,2015-07-21,312.55
store_202,2015-07-22,326.325
store_202,2015-07-23,367.105
store_202,2015-07-24,389.64
store_202,2015-07-25,435.62
store_202,2015-07-26,0.0
store_202,2015-07-27,447.735
store_202,2015-07-28,376.33
store_202,2015-07-29,371.325
store_202,2015-07-30,407.905
store_202,2015-07-31,433.75
store_202,2015-08-01,455.0
store_202,2015-08-02,0.0
store_202,2015-08-03,473.475
store_202,2015-08-04,420.915
store_202,2015-08-05,394.455
store_202,2015-08-06,399.845
store_202,2015-08-07,426.88
store_202,2015-08-08,443.47
store_202,2015-08-09,0.0
store_202,2015-08-10,384.255
store_202,2015-08-11,352.54
store_202,2015-08-12,354.42
store_202,2015-08-13,369.06
store_202,2015-08-14,405.575
store_202,2015-08-15,438.06
store_202,2015-08-16,0.0
store_202,2015-08-17,464.64
store_202,2015-08-18,414.375
store_202,2015-08-19,400.835
store_202,2015-08-20,422.16
store_202,2015-08-21,442.835
store_202,2015-08-22,444.57
store_202,2015-08-23,0.0
store_202,2015-08-24,371.965
store_202,2015-08-25,338.205
store_202,2015-08-26,341.665
store_202,2015-08-27,380.21
store_202,2015-08-28,409.665
store_202,2015-08-29,432.27
store_202,2015-08-30,0.0
store_203,2015-07-20,601.98
store_203,2015-07-21,563.41
store_203,2015-07-22,550.705
store_203,2015-07-23,547.18
store_203,2015-07-24,558.67
store_203,2015-07-25,486.225
store_203,2015-07-26,0.0
store_203,2015-07-27,742.65
store_203,2015-07-28,646.81
store_203,2015-07-29,628.94
store_203,2015-07-30,634.185
store_203,2015-07-31,639.02
store_203,2015-08-01,506.585
store_203,2015-08-02,0.0
store_203,2015-08-03,763.9
store_203,2015-08-04,653.98
store_203,2015-08-05,617.45
store_203,2015-08-06,615.165
store_203,2015-08-07,603.11
store_203,2015-08-08,502.305
store_203,2015-08-09,0.0
store_203,2015-08-10,636.08
store_203,2015-08-11,558.215
store_203,2015-08-12,546.45
store_203,2015-08-13,549.265
store_203,2015-08-14,556.95
store_203,2015-08-15,472.33
store_203,2015-08-16,0.0
store_203,2015-08-17,783.125
store_203,2015-08-18,674.11
store_203,2015-08-19,636.33
store_203,2015-08-20,645.295
store_203,2015-08-21,639.4
store_203,2015-08-22,496.655
store_203,2015-08-23,0.0
store_203,2015-08-24,641.835
store_203,2015-08-25,571.155
store_203,2015-08-26,552.145
store_203,2015-08-27,558.185
store_203,2015-08-28,569.36
store_203,2015-08-29,489.4
store_203,2015-08-30,0.0
store_204,2015-07-20,668.395
store_204,2015-07-21,613.04
store_204,2015-07-22,614.13
store_204,2015-07-23,633.63
store_204,2015-07-24,633.345
store_204,2015-07-25,611.3
store_204,2015-07-26,0.0
store_204,2015-07-27,810.28
store_204,2015-07-28,765.92
store_204,2015-07-29,762.745
store_204,2015-07-30,777.29
store_204,2015-07-31,748.89
store_204,2015-08-01,637.19
store_204,2015-08-02,0.0
store_204,2015-08-03,863.745
store_204,2015-08-04,728.16
store_204,2015-08-05,705.265
store_204,2015-08-06,724.195
store_204,2015-08-07,703.27
store_204,2015-08-08,611.445
store_204,2015-08-09,0.0
store_204,2015-08-10,729.465
store_204,2015-08-11,694.55
store_204,2015-08-12,658.9
store_204,2015-08-13,650.025
store_204,2015-08-14,664.545
store_204,2015-08-15,592.545
store_204,2015-08-16,0.0
store_204,2015-08-17,885.95
store_204,2015-08-18,789.645
store_204,2015-08-19,744.77
store_204,2015-08-20,753.015
store_204,2015-08-21,763.085
store_204,2015-08-22,596.95
store_204,2015-08-23,0.0
store_204,2015-08-24,748.0
store_204,2015-08-25,672.4
store_204,2015-08-26,632.46
store_204,2015-08-27,660.12
store_204,2015-08-28,672.445
store_204,2015-08-29,559.275
store_204,2015-08-30,0.0
store_205,2015-07-20,692.88
store_205,2015-07-21,623.64
store_205,2015-07-22,636.385
store_205,2015-07-23,667.37
store_205,2015-07-24,709.885
store_205,2015-07-25,531.78
store_205,2015-07-26,0.0
store_205,2015-07-27,901.95
store_205,2015-07-28,808.475
store_205,2015-07-29,804.83
store_205,2015-07-30,798.725
store_205,2015-07-31,830.785
store_205,2015-08-01,565.435
store_205,2015-08-02,0.0
store_205,2015-08-03,965.71
store_205,2015-08-04,808.06
store_205,2015-08-05,744.495
store_205,2015-08-06,748.35
store_205,2015-08-07,765.06
store_205,2015-08-08,552.17
store_205,2015-08-09,0.0
store_205,2015-08-10,777.195
store_205,2015-08-11,692.67
store_205,2015-08-12,682.825
store_205,2015-08-13,712.825
store_205,2015-08-14,717.405
store_205,2015-08-15,555.43
store_205,2015-08-16,0.0
store_205,2015-08-17,943.655
store_205,2015-08-18,823.99
store_205,2015-08-19,760.64
store_205,2015-08-20,807.045
store_205,2015-08-21,789.205
store_205,2015-08-22,567.395
store_205,2015-08-23,0.0
store_205,2015-08-24,775.77
store_205,2015-08-25,681.635
store_205,2015-08-26,657.17
store_205,2015-08-27,690.945
store_205,2015-08-28,713.505
store_205,2015-08-29,542.115
store_205,2015-08-30,0.0
store_206,2015-07-20,704.195
store_206,2015-07-21,626.715
store_206,2015-07-22,621.335
store_206,2015-07-23,614.895
store_206,2015-07-24,643.02
store_206,2015-07-25,593.245
store_206,2015-07-26,0.0
store_206,2015-07-27,830.415
store_206,2015-07-28,793.64
store_206,2015-07-29,793.855
store_206,2015-07-30,807.425
store_206,2015-07-31,769.205
store_206,2015-08-01,639.56
store_206,2015-08-02,0.0
store_206,2015-08-03,884.14
store_206,2015-08-04,777.79
store_206,2015-08-05,727.14
store_206,2015-08-06,717.105
store_206,2015-08-07,705.095
store_206,2015-08-08,619.9
store_206,2015-08-09,0.0
store_206,2015-08-10,737.07
store_206,2015-08-11,697.23
store_206,2015-08-12,677.045
store_206,2015-08-13,663.885
store_206,2015-08-14,660.205
store_206,2015-08-15,604.06
store_206,2015-08-16,0.0
store_206,2015-08-17,921.265
store_206,2015-08-18,807.795
store_206,2015-08-19,762.365
store_206,2015-08-20,752.44
store_206,2015-08-21,754.81
store_206,2015-08-22,648.565
store_206,2015-08-23,0.0
store_206,2015-08-24,690.645
store_206,2015-08-25,640.335
store_206,2015-08-26,624.095
store_206,2015-08-27,631.425
store_206,2015-08-28,667.98
store_206,2015-08-29,617.7
store_206,2015-08-30,0.0
store_207,2015-07-20,646.31
store_207,2015-07-21,590.69
store_207,2015-07-22,586.48
store_207,2015-07-23,632.41
store_207,2015-07-24,638.125
store_207,2015-07-25,585.67
store_207,2015-07-26,0.0
store_207,2015-07-27,899.705
store_207,2015-07-28,773.17
store_207,2015-07-29,759.365
store_207,2015-07-30,786.03
store_207,2015-07-31,760.005
store_207,2015-08-01,609.5
store_207,2015-08-02,0.0
store_207,2015-08-03,932.705
store_207,2015-08-04,785.94
store_207,2015-08-05,719.105
store_207,2015-08-06,734.47
store_207,2015-08-07,712.1
store_207,2015-08-08,591.06
store_207,2015-08-09,0.0
store_207,2015-08-10,673.61
store_207,2015-08-11,636.14
store_207,2015-08-12,620.49
store_207,2015-08-13,648.84
store_207,2015-08-14,669.685
store_207,2015-08-15,569.09
store_207,2015-08-16,0.0
store_207,2015-08-17,927.71
store_207,2015-08-18,805.18
store_207,2015-08-19,770.565
store_207,2015-08-20,774.375
store_207,2015-08-21,768.85
store_207,2015-08-22,597.52
store_207,2015-08-23,0.0
store_207,2015-08-24,658.205
store_207,2015-08-25,593.25
store_207,2015-08-26,602.87
store_207,2015-08-27,636.405
store_207,2015-08-28,679.23
store_207,2015-08-29,602.51
store_207,2015-08-30,0.0
store_208,2015-07-20,1149.28
store_208,2015-07-21,1035.97
store_208,2015-07-22,1057.185
store_208,2015-07-23,1064.155
store_208,2015-07-24,1056.51
store_208,2015-07-25,1043.985
store_208,2015-07-26,0.0
store_208,2015-07-27,1525.985
store_208,2015-07-28,1405.42
store_208,2015-07-29,1312.15
store_208,2015-07-30,1288.41
store_208,2015-07-31,1219.46
store_208,2015-08-01,1042.935
store_208,2015-08-02,0.0
store_208,2015-08-03,1500.555
store_208,2015-08-04,1373.955
store_208,2015-08-05,1304.33
store_208,2015-08-06,1255.33
store_208,2015-08-07,1196.87
store_208,2015-08-08,1015.34
store_208,2015-08-09,0.0
store_208,2015-08-10,1221.19
store_208,2015-08-11,1132.515
store_208,2015-08-12,1120.775
store_208,2015-08-13,1108.15
store_208,2015-08-14,1092.22
store_208,2015-08-15,1029.865
store_208,2015-08-16,0.0
store_208,2015-08-17,1450.845
store_208,2015-08-18,1351.89
store_208,2015-08-19,1275.21
store_208,2015-08-20,1249.95
store_208,2015-08-21,1204.51
store_208,2015-08-22,1036.465
store_208,2015-08-23,0.0
store_208,2015-08-24,1137.795
store_208,2015-08-25,1067.78
store_208,2015-08-26,1048.675
store_208,2015-08-27,1064.355
store_208,2015-08-28,1062.21
store_208,2015-08-29,1058.685
store_208,2015-08-30,0.0
store_209,2015-07-20,583.23
store_209,2015-07-21,557.26
store_209,2015-07-22,539.42
store_209,2015-07-23,571.85
store_209,2015-07-24,588.645
store_209,2015-07-25,492.72
store_209,2015-07-26,0.0
store_209,2015-07-27,731.015
store_209,2015-07-28,682.29
store_209,2015-07-29,685.28
store_209,2015-07-30,703.905
store_209,2015-07-31,706.69
store_209,2015-08-01,516.7
store_209,2015-08-02,0.0
store_209,2015-08-03,780.395
store_209,2015-08-04,667.135
store_209,2015-08-05,630.205
store_209,2015-08-06,647.78
store_209,2015-08-07,637.02
store_209,2015-08-08,515.755
store_209,2015-08-09,0.0
store_209,2015-08-10,681.575
store_209,2015-08-11,602.705
store_209,2015-08-12,558.695
store_209,2015-08-13,572.19
store_209,2015-08-14,579.345
store_209,2015-08-15,498.175
store_209,2015-08-16,0.0
store_209,2015-08-17,837.67
store_209,2015-08-18,716.175
store_209,2015-08-19,675.265
store_209,2015-08-20,680.435
store_209,2015-08-21,683.51
store_209,2015-08-22,509.54
store_209,2015-08-23,0.0
store_209,2015-08-24,659.87
store_209,2015-08-25,610.56
store_209,2015-08-26,592.4
store_209,2015-08-27,595.485
store_209,2015-08-28,614.195
store_209,2015-08-29,503.73
store_209,2015-08-30,0.0
store_21,2015-07-20,733.61
store_21,2015-07-21,688.62
store_21,2015-07-22,649.325
store_21,2015-07-23,656.545
store_21,2015-07-24,661.185
store_21,2015-07-25,732.745
store_21,2015-07-26,0.0
store_21,2015-07-27,872.22
store_21,2015-07-28,790.495
store_21,2015-07-29,783.995
store_21,2015-07-30,778.4
store_21,2015-07-31,764.435
store_21,2015-08-01,734.99
store_21,2015-08-02,0.0
store_21,2015-08-03,973.42
store_21,2015-08-04,824.21
store_21,2015-08-05,763.765
store_21,2015-08-06,748.2
store_21,2015-08-07,722.395
store_21,2015-08-08,731.655
store_21,2015-08-09,0.0
store_21,2015-08-10,810.48
store_21,2015-08-11,718.405
store_21,2015-08-12,678.845
store_21,2015-08-13,690.125
store_21,2015-08-14,709.02
store_21,2015-08-15,736.26
store_21,2015-08-16,0.0
store_21,2015-08-17,987.5
store_21,2015-08-18,849.485
store_21,2015-08-19,785.57
store_21,2015-08-20,796.18
store_21,2015-08-21,782.25
store_21,2015-08-22,745.655
store_21,2015-08-23,0.0
store_21,2015-08-24,820.595
store_21,2015-08-25,723.245
store_21,2015-08-26,693.505
store_21,2015-08-27,705.585
store_21,2015-08-28,722.295
store_21,2015-08-29,744.795
store_21,2015-08-30,0.0
store_210,2015-07-20,383.02
store_210,2015-07-21,344.265
store_210,2015-07-22,353.245
store_210,2015-07-23,388.385
store_210,2015-07-24,424.11
store_210,2015-07-25,447.065
store_210,2015-07-26,0.0
store_210,2015-07-27,475.725
store_210,2015-07-28,421.57
store_210,2015-07-29,400.68
store_210,2015-07-30,422.585
store_210,2015-07-31,457.665
store_210,2015-08-01,457.965
store_210,2015-08-02,0.0
store_210,2015-08-03,493.12
store_210,2015-08-04,416.525
store_210,2015-08-05,394.905
store_210,2015-08-06,423.04
store_210,2015-08-07,447.63
store_210,2015-08-08,453.28
store_210,2015-08-09,0.0
store_210,2015-08-10,393.635
store_210,2015-08-11,351.47
store_210,2015-08-12,360.16
store_210,2015-08-13,394.24
store_210,2015-08-14,424.235
store_210,2015-08-15,445.43
store_210,2015-08-16,0.0
store_210,2015-08-17,487.97
store_210,2015-08-18,419.845
store_210,2015-08-19,398.64
store_210,2015-08-20,422.98
store_210,2015-08-21,463.02
store_210,2015-08-22,459.39
store_210,2015-08-23,0.0
store_210,2015-08-24,390.11
store_210,2015-08-25,347.08
store_210,2015-08-26,361.685
store_210,2015-08-27,389.145
store_210,2015-08-28,426.615
store_210,2015-08-29,445.93
store_210,2015-08-30,0.0
store_211,2015-07-20,509.52
store_211,2015-07-21,432.89
store_211,2015-07-22,471.32
store_211,2015-07-23,480.54
store_211,2015-07-24,506.875
store_211,2015-07-25,538.58
store_211,2015-07-26,0.0
store_211,2015-07-27,657.6
store_211,2015-07-28,555.955
store_211,2015-07-29,554.61
store_211,2015-07-30,573.06
store_211,2015-07-31,593.1
store_211,2015-08-01,532.305
store_211,2015-08-02,0.0
store_211,2015-08-03,675.75
store_211,2015-08-04,544.775
store_211,2015-08-05,529.935
store_211,2015-08-06,546.47
store_211,2015-08-07,555.715
store_211,2015-08-08,526.025
store_211,2015-08-09,0.0
store_211,2015-08-10,518.81
store_211,2015-08-11,469.725
store_211,2015-08-12,469.5
store_211,2015-08-13,480.975
store_211,2015-08-14,491.875
store_211,2015-08-15,521.62
store_211,2015-08-16,0.0
store_211,2015-08-17,662.365
store_211,2015-08-18,564.09
store_211,2015-08-19,548.89
store_211,2015-08-20,560.845
store_211,2015-08-21,583.515
store_211,2015-08-22,513.615
store_211,2015-08-23,0.0
store_211,2015-08-24,488.705
store_211,2015-08-25,445.24
store_211,2015-08-26,466.675
store_211,2015-08-27,485.72
store_211,2015-08-28,515.575
store_211,2015-08-29,506.565
store_211,2015-08-30,0.0
store_212,2015-07-20,499.84
store_212,2015-07-21,421.935
store_212,2015-07-22,412.04
store_212,2015-07-23,439.285
store_212,2015-07-24,467.03
store_212,2015-07-25,460.685
store_212,2015-07-26,0.0
store_212,2015-07-27,676.42
store_212,2015-07-28,570.075
store_212,2015-07-29,530.775
store_212,2015-07-30,536.94
store_212,2015-07-31,548.965
store_212,2015-08-01,479.445
store_212,2015-08-02,0.0
store_212,2015-08-03,727.82
store_212,2015-08-04,578.255
store_212,2015-08-05,517.73
store_212,2015-08-06,521.595
store_212,2015-08-07,510.83
store_212,2015-08-08,469.8
store_212,2015-08-09,0.0
store_212,2015-08-10,563.16
store_212,2015-08-11,511.86
store_212,2015-08-12,476.455
store_212,2015-08-13,478.62
store_212,2015-08-14,488.33
store_212,2015-08-15,466.0
store_212,2015-08-16,0.0
store_212,2015-08-17,716.525
store_212,2015-08-18,618.085
store_212,2015-08-19,561.47
store_212,2015-08-20,544.62
store_212,2015-08-21,553.12
store_212,2015-08-22,475.58
store_212,2015-08-23,0.0
store_212,2015-08-24,585.8
store_212,2015-08-25,502.46
store_212,2015-08-26,490.305
store_212,2015-08-27,484.58
store_212,2015-08-28,493.2
store_212,2015-08-29,460.745
store_212,2015-08-30,0.0
store_213,2015-07-20,614.255
store_213,2015-07-21,533.155
store_213,2015-07-22,546.49
store_213,2015-07-23,579.305
store_213,2015-07-24,653.87
store_213,2015-07-25,616.68
store_213,2015-07-26,0.0
store_213,2015-07-27,769.11
store_213,2015-07-28,662.315
store_213,2015-07-29,662.815
store_213,2015-07-30,702.28
store_213,2015-07-31,736.885
store_213,2015-08-01,687.415
store_213,2015-08-02,0.0
store_213,2015-08-03,817.145
store_213,2015-08-04,673.315
store_213,2015-08-05,633.4
store_213,2015-08-06,644.235
store_213,2015-08-07,689.72
store_213,2015-08-08,662.28
store_213,2015-08-09,0.0
store_213,2015-08-10,661.61
store_213,2015-08-11,574.56
store_213,2015-08-12,557.3
store_213,2015-08-13,572.935
store_213,2015-08-14,645.74
store_213,2015-08-15,665.38
store_213,2015-08-16,0.0
store_213,2015-08-17,834.355
store_213,2015-08-18,701.74
store_213,2015-08-19,663.555
store_213,2015-08-20,700.725
store_213,2015-08-21,730.19
store_213,2015-08-22,655.235
store_213,2015-08-23,0.0
store_213,2015-08-24,650.15
store_213,2015-08-25,564.825
store_213,2015-08-26,563.32
store_213,2015-08-27,584.64
store_213,2015-08-28,656.065
store_213,2015-08-29,661.825
store_213,2015-08-30,0.0
store_214,2015-07-20,1754.955
store_214,2015-07-21,1682.405
store_214,2015-07-22,1637.27
store_214,2015-07-23,1671.025
store_214,2015-07-24,1786.675
store_214,2015-07-25,1381.94
store_214,2015-07-26,2057.485
store_214,2015-07-27,1825.73
store_214,2015-07-28,1735.46
store_214,2015-07-29,1725.685
store_214,2015-07-30,1785.46
store_214,2015-07-31,1841.0
store_214,2015-08-01,1341.36
store_214,2015-08-02,2079.155
store_214,2015-08-03,1754.98
store_214,2015-08-04,1703.975
store_214,2015-08-05,1671.435
store_214,2015-08-06,1682.725
store_214,2015-08-07,1796.53
store_214,2015-08-08,1344.34
store_214,2015-08-09,1981.545
store_214,2015-08-10,1743.45
store_214,2015-08-11,1672.885
store_214,2015-08-12,1638.865
store_214,2015-08-13,1638.845
store_214,2015-08-14,1745.08
store_214,2015-08-15,1324.705
store_214,2015-08-16,2025.3
store_214,2015-08-17,1729.335
store_214,2015-08-18,1687.64
store_214,2015-08-19,1650.365
store_214,2015-08-20,1683.295
store_214,2015-08-21,1791.485
store_214,2015-08-22,1332.29
store_214,2015-08-23,1963.18
store_214,2015-08-24,1708.165
store_214,2015-08-25,1648.875
store_214,2015-08-26,1619.54
store_214,2015-08-27,1663.095
store_214,2015-08-28,1742.94
store_214,2015-08-29,1315.885
store_214,2015-08-30,1942.88
store_215,2015-07-20,609.83
store_215,2015-07-21,551.03
store_215,2015-07-22,541.435
store_215,2015-07-23,562.055
store_215,2015-07-24,595.18
store_215,2015-07-25,664.885
store_215,2015-07-26,0.0
store_215,2015-07-27,861.905
store_215,2015-07-28,733.395
store_215,2015-07-29,699.085
store_215,2015-07-30,687.155
store_215,2015-07-31,684.155
store_215,2015-08-01,690.64
store_215,2015-08-02,0.0
store_215,2015-08-03,910.17
store_215,2015-08-04,728.01
store_215,2015-08-05,676.305
store_215,2015-08-06,652.13
store_215,2015-08-07,634.39
store_215,2015-08-08,661.365
store_215,2015-08-09,0.0
store_215,2015-08-10,654.035
store_215,2015-08-11,595.31
store_215,2015-08-12,587.88
store_215,2015-08-13,589.935
store_215,2015-08-14,592.4
store_215,2015-08-15,645.54
store_215,2015-08-16,0.0
store_215,2015-08-17,887.415
store_215,2015-08-18,737.43
store_215,2015-08-19,696.435
store_215,2015-08-20,692.905
store_215,2015-08-21,690.195
store_215,2015-08-22,637.105
store_215,2015-08-23,0.0
store_215,2015-08-24,622.17
store_215,2015-08-25,558.11
store_215,2015-08-26,565.89
store_215,2015-08-27,586.525
store_215,2015-08-28,604.91
store_215,2015-08-29,631.925
store_215,2015-08-30,0.0
store_216,2015-07-20,1093.35
store_216,2015-07-21,1005.865
store_216,2015-07-22,989.23
store_216,2015-07-23,1099.655
store_216,2015-07-24,1108.63
store_216,2015-07-25,794.72
store_216,2015-07-26,0.0
store_216,2015-07-27,1282.775
store_216,2015-07-28,1174.045
store_216,2015-07-29,1111.29
store_216,2015-07-30,1226.365
store_216,2015-07-31,1206.5
store_216,2015-08-01,831.195
store_216,2015-08-02,0.0
store_216,2015-08-03,1388.095
store_216,2015-08-04,1196.255
store_216,2015-08-05,1092.26
store_216,2015-08-06,1165.335
store_216,2015-08-07,1151.605
store_216,2015-08-08,826.98
store_216,2015-08-09,0.0
store_216,2015-08-10,1157.175
store_216,2015-08-11,1071.745
store_216,2015-08-12,1008.58
store_216,2015-08-13,1050.995
store_216,2015-08-14,1106.705
store_216,2015-08-15,821.47
store_216,2015-08-16,0.0
store_216,2015-08-17,1361.845
store_216,2015-08-18,1217.74
store_216,2015-08-19,1140.18
store_216,2015-08-20,1156.83
store_216,2015-08-21,1202.305
store_216,2015-08-22,841.16
store_216,2015-08-23,0.0
store_216,2015-08-24,1152.095
store_216,2015-08-25,1050.145
store_216,2015-08-26,995.76
store_216,2015-08-27,1039.07
store_216,2015-08-28,1120.785
store_216,2015-08-29,834.845
store_216,2015-08-30,0.0
store_217,2015-07-20,431.57
store_217,2015-07-21,394.82
store_217,2015-07-22,382.22
store_217,2015-07-23,406.235
store_217,2015-07-24,454.61
store_217,2015-07-25,495.38
store_217,2015-07-26,0.0
store_217,2015-07-27,553.08
store_217,2015-07-28,492.16
store_217,2015-07-29,480.685
store_217,2015-07-30,487.99
store_217,2015-07-31,518.4
store_217,2015-08-01,506.51
store_217,2015-08-02,0.0
store_217,2015-08-03,585.515
store_217,2015-08-04,513.305
store_217,2015-08-05,468.01
store_217,2015-08-06,472.56
store_217,2015-08-07,489.39
store_217,2015-08-08,507.535
store_217,2015-08-09,0.0
store_217,2015-08-10,476.84
store_217,2015-08-11,437.14
store_217,2015-08-12,435.59
store_217,2015-08-13,463.795
store_217,2015-08-14,479.31
store_217,2015-08-15,509.02
store_217,2015-08-16,0.0
store_217,2015-08-17,598.025
store_217,2015-08-18,505.06
store_217,2015-08-19,492.075
store_217,2015-08-20,511.485
store_217,2015-08-21,524.44
store_217,2015-08-22,517.485
store_217,2015-08-23,0.0
store_217,2015-08-24,471.125
store_217,2015-08-25,422.38
store_217,2015-08-26,431.25
store_217,2015-08-27,457.845
store_217,2015-08-28,478.515
store_217,2015-08-29,515.095
store_217,2015-08-30,0.0
store_218,2015-07-20,996.245
store_218,2015-07-21,869.32
store_218,2015-07-22,865.22
store_218,2015-07-23,905.755
store_218,2015-07-24,903.16
store_218,2015-07-25,913.105
store_218,2015-07-26,0.0
store_218,2015-07-27,1269.635
store_218,2015-07-28,1117.385
store_218,2015-07-29,1076.395
store_218,2015-07-30,1061.535
store_218,2015-07-31,1038.825
store_218,2015-08-01,927.615
store_218,2015-08-02,0.0
store_218,2015-08-03,1299.685
store_218,2015-08-04,1057.33
store_218,2015-08-05,1002.7
store_218,2015-08-06,988.685
store_218,2015-08-07,987.305
store_218,2015-08-08,925.44
store_218,2015-08-09,0.0
store_218,2015-08-10,1016.535
store_218,2015-08-11,942.505
store_218,2015-08-12,899.195
store_218,2015-08-13,921.785
store_218,2015-08-14,962.755
store_218,2015-08-15,903.66
store_218,2015-08-16,0.0
store_218,2015-08-17,1279.08
store_218,2015-08-18,1103.74
store_218,2015-08-19,1033.42
store_218,2015-08-20,1041.28
store_218,2015-08-21,1016.93
store_218,2015-08-22,897.59
store_218,2015-08-23,0.0
store_218,2015-08-24,1002.64
store_218,2015-08-25,911.26
store_218,2015-08-26,881.06
store_218,2015-08-27,901.125
store_218,2015-08-28,935.29
store_218,2015-08-29,877.18
store_218,2015-08-30,0.0
store_219,2015-07-20,557.57
store_219,2015-07-21,488.285
store_219,2015-07-22,507.54
store_219,2015-07-23,500.21
store_219,2015-07-24,539.62
store_219,2015-07-25,629.48
store_219,2015-07-26,0.0
store_219,2015-07-27,714.585
store_219,2015-07-28,590.08
store_219,2015-07-29,608.885
store_219,2015-07-30,586.57
store_219,2015-07-31,618.26
store_219,2015-08-01,607.495
store_219,2015-08-02,0.0
store_219,2015-08-03,759.29
store_219,2015-08-04,609.295
store_219,2015-08-05,576.49
store_219,2015-08-06,554.76
store_219,2015-08-07,573.42
store_219,2015-08-08,619.885
store_219,2015-08-09,0.0
store_219,2015-08-10,574.705
store_219,2015-08-11,529.645
store_219,2015-08-12,522.28
store_219,2015-08-13,531.96
store_219,2015-08-14,539.325
store_219,2015-08-15,607.32
store_219,2015-08-16,0.0
store_219,2015-08-17,768.965
store_219,2015-08-18,662.22
store_219,2015-08-19,629.425
store_219,2015-08-20,610.215
store_219,2015-08-21,608.755
store_219,2015-08-22,604.985
store_219,2015-08-23,0.0
store_219,2015-08-24,555.97
store_219,2015-08-25,500.8
store_219,2015-08-26,528.81
store_219,2015-08-27,543.445
store_219,2015-08-28,563.97
store_219,2015-08-29,599.165
store_219,2015-08-30,0.0
store_22,2015-07-20,703.815
store_22,2015-07-21,624.545
store_22,2015-07-22,610.075
store_22,2015-07-23,639.575
store_22,2015-07-24,684.94
store_22,2015-07-25,620.04
store_22,2015-07-26,0.0
store_22,2015-07-27,914.17
store_22,2015-07-28,789.665
store_22,2015-07-29,747.155
store_22,2015-07-30,770.775
store_22,2015-07-31,784.78
store_22,2015-08-01,677.845
store_22,2015-08-02,0.0
store_22,2015-08-03,966.305
store_22,2015-08-04,794.96
store_22,2015-08-05,729.81
store_22,2015-08-06,736.695
store_22,2015-08-07,763.505
store_22,2015-08-08,659.85
store_22,2015-08-09,0.0
store_22,2015-08-10,706.66
store_22,2015-08-11,628.82
store_22,2015-08-12,619.86
store_22,2015-08-13,665.115
store_22,2015-08-14,700.84
store_22,2015-08-15,650.855
store_22,2015-08-16,0.0
store_22,2015-08-17,945.695
store_22,2015-08-18,801.86
store_22,2015-08-19,760.23
store_22,2015-08-20,756.675
store_22,2015-08-21,781.73
store_22,2015-08-22,672.43
store_22,2015-08-23,0.0
store_22,2015-08-24,715.535
store_22,2015-08-25,625.59
store_22,2015-08-26,605.23
store_22,2015-08-27,646.35
store_22,2015-08-28,686.125
store_22,2015-08-29,659.33
store_22,2015-08-30,0.0
store_220,2015-07-20,1077.97
store_220,2015-07-21,1005.495
store_220,2015-07-22,991.265
store_220,2015-07-23,1018.675
store_220,2015-07-24,1024.515
store_220,2015-07-25,1059.865
store_220,2015-07-26,0.0
store_220,2015-07-27,1369.48
store_220,2015-07-28,1265.975
store_220,2015-07-29,1183.375
store_220,2015-07-30,1176.47
store_220,2015-07-31,1144.18
store_220,2015-08-01,1070.38
store_220,2015-08-02,0.0
store_220,2015-08-03,1429.725
store_220,2015-08-04,1233.96
store_220,2015-08-05,1181.72
store_220,2015-08-06,1165.515
store_220,2015-08-07,1116.13
store_220,2015-08-08,1047.515
store_220,2015-08-09,0.0
store_220,2015-08-10,1126.5
store_220,2015-08-11,1030.675
store_220,2015-08-12,1022.705
store_220,2015-08-13,1013.105
store_220,2015-08-14,1023.655
store_220,2015-08-15,1030.84
store_220,2015-08-16,0.0
store_220,2015-08-17,1364.76
store_220,2015-08-18,1259.885
store_220,2015-08-19,1179.32
store_220,2015-08-20,1152.07
store_220,2015-08-21,1138.245
store_220,2015-08-22,1031.085
store_220,2015-08-23,0.0
store_220,2015-08-24,1056.53
store_220,2015-08-25,976.41
store_220,2015-08-26,972.59
store_220,2015-08-27,988.835
store_220,2015-08-28,1038.805
store_220,2015-08-29,1037.43
store_220,2015-08-30,0.0
store_221,2015-07-20,671.03
store_221,2015-07-21,641.28
store_221,2015-07-22,622.78
store_221,2015-07-23,623.34
store_221,2015-07-24,620.555
store_221,2015-07-25,452.1
store_221,2015-07-26,0.0
store_221,2015-07-27,868.21
store_221,2015-07-28,790.66
store_221,2015-07-29,731.425
store_221,2015-07-30,726.235
store_221,2015-07-31,693.91
store_221,2015-08-01,496.475
store_221,2015-08-02,0.0
store_221,2015-08-03,888.275
store_221,2015-08-04,791.44
store_221,2015-08-05,716.77
store_221,2015-08-06,718.39
store_221,2015-08-07,687.6
store_221,2015-08-08,466.56
store_221,2015-08-09,0.0
store_221,2015-08-10,698.07
store_221,2015-08-11,656.555
store_221,2015-08-12,625.49
store_221,2015-08-13,636.385
store_221,2015-08-14,655.08
store_221,2015-08-15,467.045
store_221,2015-08-16,0.0
store_221,2015-08-17,884.975
store_221,2015-08-18,791.995
store_221,2015-08-19,746.98
store_221,2015-08-20,760.91
store_221,2015-08-21,752.845
store_221,2015-08-22,504.155
store_221,2015-08-23,0.0
store_221,2015-08-24,710.645
store_221,2015-08-25,641.295
store_221,2015-08-26,617.265
store_221,2015-08-27,635.145
store_221,2015-08-28,657.64
store_221,2015-08-29,471.485
store_221,2015-08-30,0.0
store_222,2015-07-20,577.31
store_222,2015-07-21,505.285
store_222,2015-07-22,508.67
store_222,2015-07-23,516.965
store_222,2015-07-24,532.675
store_222,2015-07-25,520.72
store_222,2015-07-26,0.0
store_222,2015-07-27,757.08
store_222,2015-07-28,637.03
store_222,2015-07-29,631.02
store_222,2015-07-30,652.875
store_222,2015-07-31,639.33
store_222,2015-08-01,534.94
store_222,2015-08-02,0.0
store_222,2015-08-03,774.77
store_222,2015-08-04,646.515
store_222,2015-08-05,597.64
store_222,2015-08-06,605.12
store_222,2015-08-07,586.905
store_222,2015-08-08,521.95
store_222,2015-08-09,0.0
store_222,2015-08-10,576.615
store_222,2015-08-11,517.795
store_222,2015-08-12,531.105
store_222,2015-08-13,526.98
store_222,2015-08-14,553.01
store_222,2015-08-15,524.055
store_222,2015-08-16,0.0
store_222,2015-08-17,762.145
store_222,2015-08-18,647.935
store_222,2015-08-19,628.715
store_222,2015-08-20,612.655
store_222,2015-08-21,625.235
store_222,2015-08-22,537.43
store_222,2015-08-23,0.0
store_222,2015-08-24,548.6
store_222,2015-08-25,496.715
store_222,2015-08-26,527.035
store_222,2015-08-27,537.365
store_222,2015-08-28,564.4
store_222,2015-08-29,531.35
store_222,2015-08-30,0.0
store_223,2015-07-20,543.935
store_223,2015-07-21,557.975
store_223,2015-07-22,578.775
store_223,2015-07-23,616.98
store_223,2015-07-24,632.845
store_223,2015-07-25,652.06
store_223,2015-07-26,0.0
store_223,2015-07-27,983.405
store_223,2015-07-28,800.735
store_223,2015-07-29,785.91
store_223,2015-07-30,775.22
store_223,2015-07-31,795.92
store_223,2015-08-01,682.74
store_223,2015-08-02,0.0
store_223,2015-08-03,985.83
store_223,2015-08-04,764.48
store_223,2015-08-05,731.125
store_223,2015-08-06,713.6
store_223,2015-08-07,739.21
store_223,2015-08-08,699.715
store_223,2015-08-09,0.0
store_223,2015-08-10,709.335
store_223,2015-08-11,637.17
store_223,2015-08-12,636.855
store_223,2015-08-13,647.365
store_223,2015-08-14,671.235
store_223,2015-08-15,700.0
store_223,2015-08-16,0.0
store_223,2015-08-17,959.835
store_223,2015-08-18,827.595
store_223,2015-08-19,769.83
store_223,2015-08-20,763.36
store_223,2015-08-21,747.22
store_223,2015-08-22,711.69
store_223,2015-08-23,0.0
store_223,2015-08-24,703.94
store_223,2015-08-25,636.055
store_223,2015-08-26,616.38
store_223,2015-08-27,641.635
store_223,2015-08-28,669.725
store_223,2015-08-29,690.58
store_223,2015-08-30,0.0
store_224,2015-07-20,529.365
store_224,2015-07-21,449.64
store_224,2015-07-22,451.425
store_224,2015-07-23,469.46
store_224,2015-07-24,509.745
store_224,2015-07-25,593.56
store_224,2015-07-26,0.0
store_224,2015-07-27,709.135
store_224,2015-07-28,586.45
store_224,2015-07-29,562.025
store_224,2015-07-30,571.205
store_224,2015-07-31,624.99
store_224,2015-08-01,593.37
store_224,2015-08-02,0.0
store_224,2015-08-03,745.74
store_224,2015-08-04,600.15
store_224,2015-08-05,544.425
store_224,2015-08-06,552.545
store_224,2015-08-07,565.345
store_224,2015-08-08,585.055
store_224,2015-08-09,0.0
store_224,2015-08-10,567.33
store_224,2015-08-11,510.145
store_224,2015-08-12,494.46
store_224,2015-08-13,515.445
store_224,2015-08-14,533.65
store_224,2015-08-15,583.98
store_224,2015-08-16,0.0
store_224,2015-08-17,768.335
store_224,2015-08-18,647.18
store_224,2015-08-19,611.8
store_224,2015-08-20,595.135
store_224,2015-08-21,610.33
store_224,2015-08-22,589.21
store_224,2015-08-23,0.0
store_224,2015-08-24,535.42
store_224,2015-08-25,483.1
store_224,2015-08-26,496.375
store_224,2015-08-27,498.235
store_224,2015-08-28,516.62
store_224,2015-08-29,570.15
store_224,2015-08-30,0.0
store_225,2015-07-20,569.805
store_225,2015-07-21,513.71
store_225,2015-07-22,510.535
store_225,2015-07-23,568.295
store_225,2015-07-24,582.0
store_225,2015-07-25,581.7
store_225,2015-07-26,0.0
store_225,2015-07-27,764.37
store_225,2015-07-28,628.74
store_225,2015-07-29,602.605
store_225,2015-07-30,662.74
store_225,2015-07-31,671.305
store_225,2015-08-01,594.965
store_225,2015-08-02,0.0
store_225,2015-08-03,764.965
store_225,2015-08-04,637.335
store_225,2015-08-05,604.125
store_225,2015-08-06,633.715
store_225,2015-08-07,632.95
store_225,2015-08-08,595.26
store_225,2015-08-09,0.0
store_225,2015-08-10,593.765
store_225,2015-08-11,539.52
store_225,2015-08-12,538.385
store_225,2015-08-13,560.555
store_225,2015-08-14,587.625
store_225,2015-08-15,594.745
store_225,2015-08-16,0.0
store_225,2015-08-17,771.665
store_225,2015-08-18,662.99
store_225,2015-08-19,629.945
store_225,2015-08-20,652.87
store_225,2015-08-21,666.23
store_225,2015-08-22,608.73
store_225,2015-08-23,0.0
store_225,2015-08-24,667.17
store_225,2015-08-25,567.285
store_225,2015-08-26,550.71
store_225,2015-08-27,579.795
store_225,2015-08-28,604.195
store_225,2015-08-29,594.485
store_225,2015-08-30,0.0
store_226,2015-07-20,531.835
store_226,2015-07-21,453.335
store_226,2015-07-22,448.175
store_226,2015-07-23,457.46
store_226,2015-07-24,456.685
store_226,2015-07-25,467.72
store_226,2015-07-26,0.0
store_226,2015-07-27,714.53
store_226,2015-07-28,610.285
store_226,2015-07-29,591.78
store_226,2015-07-30,588.1
store_226,2015-07-31,578.92
store_226,2015-08-01,516.67
store_226,2015-08-02,0.0
store_226,2015-08-03,744.54
store_226,2015-08-04,606.555
store_226,2015-08-05,568.375
store_226,2015-08-06,557.12
store_226,2015-08-07,542.62
store_226,2015-08-08,497.245
store_226,2015-08-09,0.0
store_226,2015-08-10,549.035
store_226,2015-08-11,491.315
store_226,2015-08-12,477.42
store_226,2015-08-13,481.505
store_226,2015-08-14,490.12
store_226,2015-08-15,492.875
store_226,2015-08-16,0.0
store_226,2015-08-17,732.125
store_226,2015-08-18,627.935
store_226,2015-08-19,600.985
store_226,2015-08-20,596.14
store_226,2015-08-21,572.475
store_226,2015-08-22,479.32
store_226,2015-08-23,0.0
store_226,2015-08-24,541.75
store_226,2015-08-25,483.515
store_226,2015-08-26,468.465
store_226,2015-08-27,483.115
store_226,2015-08-28,505.12
store_226,2015-08-29,487.425
store_226,2015-08-30,0.0
store_227,2015-07-20,666.595
store_227,2015-07-21,556.18
store_227,2015-07-22,610.81
store_227,2015-07-23,630.125
store_227,2015-07-24,639.94
store_227,2015-07-25,629.2
store_227,2015-07-26,0.0
store_227,2015-07-27,921.975
store_227,2015-07-28,731.56
store_227,2015-07-29,744.11
store_227,2015-07-30,772.705
store_227,2015-07-31,763.555
store_227,2015-08-01,677.025
store_227,2015-08-02,0.0
store_227,2015-08-03,979.69
store_227,2015-08-04,742.27
store_227,2015-08-05,696.965
store_227,2015-08-06,706.6
store_227,2015-08-07,706.79
store_227,2015-08-08,652.215
store_227,2015-08-09,0.0
store_227,2015-08-10,712.0
store_227,2015-08-11,637.815
store_227,2015-08-12,618.71
store_227,2015-08-13,641.06
store_227,2015-08-14,665.75
store_227,2015-08-15,649.25
store_227,2015-08-16,0.0
store_227,2015-08-17,977.965
store_227,2015-08-18,849.71
store_227,2015-08-19,791.635
store_227,2015-08-20,775.0
store_227,2015-08-21,761.585
store_227,2015-08-22,677.0
store_227,2015-08-23,0.0
store_227,2015-08-24,732.37
store_227,2015-08-25,634.04
store_227,2015-08-26,643.295
store_227,2015-08-27,669.18
store_227,2015-08-28,684.26
store_227,2015-08-29,659.475
store_227,2015-08-30,0.0
store_228,2015-07-20,290.44
store_228,2015-07-21,247.005
store_228,2015-07-22,274.53
store_228,2015-07-23,272.235
store_228,2015-07-24,314.8
store_228,2015-07-25,342.125
store_228,2015-07-26,0.0
store_228,2015-07-27,375.875
store_228,2015-07-28,317.785
store_228,2015-07-29,326.495
store_228,2015-07-30,318.16
store_228,2015-07-31,353.835
store_228,2015-08-01,349.215
store_228,2015-08-02,0.0
store_228,2015-08-03,378.565
store_228,2015-08-04,333.945
store_228,2015-08-05,325.5
store_228,2015-08-06,325.17
store_228,2015-08-07,354.365
store_228,2015-08-08,346.03
store_228,2015-08-09,0.0
store_228,2015-08-10,317.885
store_228,2015-08-11,296.45
store_228,2015-08-12,303.3
store_228,2015-08-13,315.75
store_228,2015-08-14,345.725
store_228,2015-08-15,343.355
store_228,2015-08-16,0.0
store_228,2015-08-17,386.295
store_228,2015-08-18,346.44
store_228,2015-08-19,339.06
store_228,2015-08-20,334.545
store_228,2015-08-21,362.895
store_228,2015-08-22,354.08
store_228,2015-08-23,0.0
store_228,2015-08-24,293.145
store_228,2015-08-25,283.805
store_228,2015-08-26,291.9
store_228,2015-08-27,312.08
store_228,2015-08-28,342.585
store_228,2015-08-29,350.455
store_228,2015-08-30,0.0
store_229,2015-07-20,927.905
store_229,2015-07-21,925.33
store_229,2015-07-22,822.265
store_229,2015-07-23,942.955
store_229,2015-07-24,982.74
store_229,2015-07-25,813.55
store_229,2015-07-26,0.0
store_229,2015-07-27,1182.37
store_229,2015-07-28,1167.935
store_229,2015-07-29,1101.215
store_229,2015-07-30,1108.375
store_229,2015-07-31,1086.53
store_229,2015-08-01,857.11
store_229,2015-08-02,0.0
store_229,2015-08-03,1287.125
store_229,2015-08-04,1136.1
store_229,2015-08-05,1024.1
store_229,2015-08-06,1020.345
store_229,2015-08-07,1034.125
store_229,2015-08-08,844.57
store_229,2015-08-09,0.0
store_229,2015-08-10,1049.195
store_229,2015-08-11,987.715
store_229,2015-08-12,919.82
store_229,2015-08-13,932.43
store_229,2015-08-14,967.24
store_229,2015-08-15,856.475
store_229,2015-08-16,0.0
store_229,2015-08-17,1315.72
store_229,2015-08-18,1187.035
store_229,2015-08-19,1152.31
store_229,2015-08-20,1099.525
store_229,2015-08-21,1085.105
store_229,2015-08-22,820.125
store_229,2015-08-23,0.0
store_229,2015-08-24,990.905
store_229,2015-08-25,939.87
store_229,2015-08-26,922.265
store_229,2015-08-27,981.915
store_229,2015-08-28,996.595
store_229,2015-08-29,855.545
store_229,2015-08-30,0.0
store_23,2015-07-20,519.13
store_23,2015-07-21,437.955
store_23,2015-07-22,439.245
store_23,2015-07-23,463.355
store_23,2015-07-24,456.135
store_23,2015-07-25,544.665
store_23,2015-07-26,0.0
store_23,2015-07-27,753.535
store_23,2015-07-28,627.355
store_23,2015-07-29,607.085
store_23,2015-07-30,580.15
store_23,2015-07-31,563.115
store_23,2015-08-01,544.285
store_23,2015-08-02,0.0
store_23,2015-08-03,758.915
store_23,2015-08-04,606.505
store_23,2015-08-05,568.93
store_23,2015-08-06,546.095
store_23,2015-08-07,541.135
store_23,2015-08-08,537.41
store_23,2015-08-09,0.0
store_23,2015-08-10,551.845
store_23,2015-08-11,501.295
store_23,2015-08-12,507.29
store_23,2015-08-13,514.445
store_23,2015-08-14,533.335
store_23,2015-08-15,545.955
store_23,2015-08-16,0.0
store_23,2015-08-17,758.245
store_23,2015-08-18,633.895
store_23,2015-08-19,608.41
store_23,2015-08-20,576.295
store_23,2015-08-21,576.16
store_23,2015-08-22,548.99
store_23,2015-08-23,0.0
store_23,2015-08-24,529.48
store_23,2015-08-25,486.3
store_23,2015-08-26,493.4
store_23,2015-08-27,500.36
store_23,2015-08-28,525.25
store_23,2015-08-29,537.52
store_23,2015-08-30,0.0
store_230,2015-07-20,972.65
store_230,2015-07-21,888.76
store_230,2015-07-22,855.915
store_230,2015-07-23,896.505
store_230,2015-07-24,876.76
store_230,2015-07-25,885.075
store_230,2015-07-26,0.0
store_230,2015-07-27,1139.575
store_230,2015-07-28,1063.115
store_230,2015-07-29,1062.87
store_230,2015-07-30,1072.505
store_230,2015-07-31,1003.84
store_230,2015-08-01,903.055
store_230,2015-08-02,0.0
store_230,2015-08-03,1185.6
store_230,2015-08-04,1044.915
store_230,2015-08-05,963.42
store_230,2015-08-06,965.9
store_230,2015-08-07,947.79
store_230,2015-08-08,887.99
store_230,2015-08-09,0.0
store_230,2015-08-10,968.835
store_230,2015-08-11,893.31
store_230,2015-08-12,888.82
store_230,2015-08-13,879.935
store_230,2015-08-14,892.535
store_230,2015-08-15,867.085
store_230,2015-08-16,0.0
store_230,2015-08-17,1226.105
store_230,2015-08-18,1083.5
store_230,2015-08-19,1005.9
store_230,2015-08-20,979.11
store_230,2015-08-21,961.88
store_230,2015-08-22,887.71
store_230,2015-08-23,0.0
store_230,2015-08-24,1012.725
store_230,2015-08-25,908.845
store_230,2015-08-26,861.7
store_230,2015-08-27,858.495
store_230,2015-08-28,859.685
store_230,2015-08-29,864.355
store_230,2015-08-30,0.0
store_231,2015-07-20,409.145
store_231,2015-07-21,399.64
store_231,2015-07-22,413.325
store_231,2015-07-23,440.665
store_231,2015-07-24,441.485
store_231,2015-07-25,359.665
store_231,2015-07-26,0.0
store_231,2015-07-27,559.73
store_231,2015-07-28,492.685
store_231,2015-07-29,477.52
store_231,2015-07-30,513.415
store_231,2015-07-31,516.53
store_231,2015-08-01,376.595
store_231,2015-08-02,0.0
store_231,2015-08-03,611.53
store_231,2015-08-04,513.655
store_231,2015-08-05,469.135
store_231,2015-08-06,484.095
store_231,2015-08-07,494.795
store_231,2015-08-08,359.1
store_231,2015-08-09,0.0
store_231,2015-08-10,443.52
store_231,2015-08-11,408.815
store_231,2015-08-12,413.865
store_231,2015-08-13,435.395
store_231,2015-08-14,447.325
store_231,2015-08-15,364.56
store_231,2015-08-16,0.0
store_231,2015-08-17,594.8
store_231,2015-08-18,501.635
store_231,2015-08-19,499.125
store_231,2015-08-20,523.66
store_231,2015-08-21,531.22
store_231,2015-08-22,363.065
store_231,2015-08-23,0.0
store_231,2015-08-24,431.545
store_231,2015-08-25,389.595
store_231,2015-08-26,400.505
store_231,2015-08-27,429.195
store_231,2015-08-28,458.995
store_231,2015-08-29,362.82
store_231,2015-08-30,0.0
store_232,2015-07-20,1075.235
store_232,2015-07-21,1065.74
store_232,2015-07-22,1082.885
store_232,2015-07-23,1133.3
store_232,2015-07-24,1107.885
store_232,2015-07-25,1144.48
store_232,2015-07-26,0.0
store_232,2015-07-27,1323.415
store_232,2015-07-28,1297.265
store_232,2015-07-29,1291.05
store_232,2015-07-30,1327.65
store_232,2015-07-31,1285.89
store_232,2015-08-01,1169.77
store_232,2015-08-02,0.0
store_232,2015-08-03,1372.62
store_232,2015-08-04,1268.33
store_232,2015-08-05,1201.865
store_232,2015-08-06,1207.22
store_232,2015-08-07,1182.19
store_232,2015-08-08,1150.535
store_232,2015-08-09,0.0
store_232,2015-08-10,1097.21
store_232,2015-08-11,1050.09
store_232,2015-08-12,1031.035
store_232,2015-08-13,1040.155
store_232,2015-08-14,1038.455
store_232,2015-08-15,1119.86
store_232,2015-08-16,0.0
store_232,2015-08-17,1326.995
store_232,2015-08-18,1192.94
store_232,2015-08-19,1174.19
store_232,2015-08-20,1135.61
store_232,2015-08-21,1123.36
store_232,2015-08-22,1118.675
store_232,2015-08-23,0.0
store_232,2015-08-24,1063.045
store_232,2015-08-25,966.87
store_232,2015-08-26,957.42
store_232,2015-08-27,1006.465
store_232,2015-08-28,1059.99
store_232,2015-08-29,1073.48
store_232,2015-08-30,0.0
store_233,2015-07-20,2043.11
store_233,2015-07-21,1946.635
store_233,2015-07-22,1892.19
store_233,2015-07-23,2051.485
store_233,2015-07-24,2078.795
store_233,2015-07-25,2219.795
store_233,2015-07-26,0.0
store_233,2015-07-27,2353.535
store_233,2015-07-28,2239.795
store_233,2015-07-29,2205.8
store_233,2015-07-30,2390.825
store_233,2015-07-31,2335.73
store_233,2015-08-01,2213.49
store_233,2015-08-02,0.0
store_233,2015-08-03,2426.565
store_233,2015-08-04,2308.03
store_233,2015-08-05,2208.4
store_233,2015-08-06,2176.785
store_233,2015-08-07,2211.49
store_233,2015-08-08,2195.515
store_233,2015-08-09,0.0
store_233,2015-08-10,2137.555
store_233,2015-08-11,1982.45
store_233,2015-08-12,1961.35
store_233,2015-08-13,2059.55
store_233,2015-08-14,2094.135
store_233,2015-08-15,2156.545
store_233,2015-08-16,0.0
store_233,2015-08-17,2383.565
store_233,2015-08-18,2265.395
store_233,2015-08-19,2212.52
store_233,2015-08-20,2213.46
store_233,2015-08-21,2208.535
store_233,2015-08-22,2148.015
store_233,2015-08-23,0.0
store_233,2015-08-24,2095.605
store_233,2015-08-25,1933.695
store_233,2015-08-26,1891.92
store_233,2015-08-27,2017.735
store_233,2015-08-28,2040.5
store_233,2015-08-29,2084.23
store_233,2015-08-30,0.0
store_234,2015-07-20,505.08
store_234,2015-07-21,462.115
store_234,2015-07-22,486.275
store_234,2015-07-23,485.14
store_234,2015-07-24,508.875
store_234,2015-07-25,531.545
store_234,2015-07-26,0.0
store_234,2015-07-27,658.085
store_234,2015-07-28,587.465
store_234,2015-07-29,570.095
store_234,2015-07-30,577.145
store_234,2015-07-31,595.365
store_234,2015-08-01,541.425
store_234,2015-08-02,0.0
store_234,2015-08-03,699.46
store_234,2015-08-04,585.97
store_234,2015-08-05,548.69
store_234,2015-08-06,546.38
store_234,2015-08-07,558.25
store_234,2015-08-08,536.205
store_234,2015-08-09,0.0
store_234,2015-08-10,514.33
store_234,2015-08-11,469.855
store_234,2015-08-12,471.25
store_234,2015-08-13,482.86
store_234,2015-08-14,501.52
store_234,2015-08-15,527.035
store_234,2015-08-16,0.0
store_234,2015-08-17,713.29
store_234,2015-08-18,598.89
store_234,2015-08-19,582.495
store_234,2015-08-20,572.56
store_234,2015-08-21,591.035
store_234,2015-08-22,538.94
store_234,2015-08-23,0.0
store_234,2015-08-24,519.24
store_234,2015-08-25,466.11
store_234,2015-08-26,467.28
store_234,2015-08-27,482.605
store_234,2015-08-28,518.815
store_234,2015-08-29,526.14
store_234,2015-08-30,0.0
store_235,2015-07-20,1059.88
store_235,2015-07-21,970.955
store_235,2015-07-22,936.43
store_235,2015-07-23,985.44
store_235,2015-07-24,969.09
store_235,2015-07-25,913.62
store_235,2015-07-26,0.0
store_235,2015-07-27,1379.215
store_235,2015-07-28,1287.475
store_235,2015-07-29,1227.545
store_235,2015-07-30,1233.645
store_235,2015-07-31,1136.995
store_235,2015-08-01,886.74
store_235,2015-08-02,0.0
store_235,2015-08-03,1492.21
store_235,2015-08-04,1313.8
store_235,2015-08-05,1210.59
store_235,2015-08-06,1171.675
store_235,2015-08-07,1110.71
store_235,2015-08-08,895.485
store_235,2015-08-09,0.0
store_235,2015-08-10,1186.185
store_235,2015-08-11,1139.215
store_235,2015-08-12,1090.085
store_235,2015-08-13,1076.57
store_235,2015-08-14,1081.075
store_235,2015-08-15,892.39
store_235,2015-08-16,0.0
store_235,2015-08-17,1491.37
store_235,2015-08-18,1380.58
store_235,2015-08-19,1270.14
store_235,2015-08-20,1208.895
store_235,2015-08-21,1207.42
store_235,2015-08-22,930.53
store_235,2015-08-23,0.0
store_235,2015-08-24,1062.54
store_235,2015-08-25,1020.265
store_235,2015-08-26,1015.555
store_235,2015-08-27,1039.215
store_235,2015-08-28,1060.5
store_235,2015-08-29,913.32
store_235,2015-08-30,0.0
store_236,2015-07-20,995.805
store_236,2015-07-21,913.37
store_236,2015-07-22,886.375
store_236,2015-07-23,920.715
store_236,2015-07-24,926.32
store_236,2015-07-25,795.14
store_236,2015-07-26,0.0
store_236,2015-07-27,1194.65
store_236,2015-07-28,1114.585
store_236,2015-07-29,1066.475
store_236,2015-07-30,1108.545
store_236,2015-07-31,1069.17
store_236,2015-08-01,821.775
store_236,2015-08-02,0.0
store_236,2015-08-03,1257.91
store_236,2015-08-04,1101.43
store_236,2015-08-05,1030.365
store_236,2015-08-06,1023.205
store_236,2015-08-07,1001.385
store_236,2015-08-08,802.76
store_236,2015-08-09,0.0
store_236,2015-08-10,1044.705
store_236,2015-08-11,984.94
store_236,2015-08-12,934.525
store_236,2015-08-13,931.69
store_236,2015-08-14,948.625
store_236,2015-08-15,840.68
store_236,2015-08-16,0.0
store_236,2015-08-17,1226.35
store_236,2015-08-18,1077.415
store_236,2015-08-19,1019.15
store_236,2015-08-20,1019.695
store_236,2015-08-21,1031.81
store_236,2015-08-22,846.355
store_236,2015-08-23,0.0
store_236,2015-08-24,1007.665
store_236,2015-08-25,895.93
store_236,2015-08-26,877.735
store_236,2015-08-27,902.91
store_236,2015-08-28,938.405
store_236,2015-08-29,847.76
store_236,2015-08-30,0.0
store_237,2015-07-20,1264.245
store_237,2015-07-21,1216.915
store_237,2015-07-22,1255.77
store_237,2015-07-23,1201.25
store_237,2015-07-24,1177.22
store_237,2015-07-25,1004.02
store_237,2015-07-26,0.0
store_237,2015-07-27,1526.015
store_237,2015-07-28,1442.935
store_237,2015-07-29,1379.59
store_237,2015-07-30,1386.325
store_237,2015-07-31,1326.87
store_237,2015-08-01,1038.97
store_237,2015-08-02,0.0
store_237,2015-08-03,1620.725
store_237,2015-08-04,1445.275
store_237,2015-08-05,1399.08
store_237,2015-08-06,1357.275
store_237,2015-08-07,1299.11
store_237,2015-08-08,1032.63
store_237,2015-08-09,0.0
store_237,2015-08-10,1292.305
store_237,2015-08-11,1227.99
store_237,2015-08-12,1217.595
store_237,2015-08-13,1212.605
store_237,2015-08-14,1197.02
store_237,2015-08-15,1028.605
store_237,2015-08-16,0.0
store_237,2015-08-17,1548.07
store_237,2015-08-18,1469.005
store_237,2015-08-19,1395.17
store_237,2015-08-20,1385.23
store_237,2015-08-21,1348.405
store_237,2015-08-22,1027.425
store_237,2015-08-23,0.0
store_237,2015-08-24,1243.835
store_237,2015-08-25,1200.375
store_237,2015-08-26,1176.89
store_237,2015-08-27,1189.295
store_237,2015-08-28,1206.91
store_237,2015-08-29,1024.855
store_237,2015-08-30,0.0
store_238,2015-07-20,597.79
store_238,2015-07-21,571.68
store_238,2015-07-22,531.79
store_238,2015-07-23,559.235
store_238,2015-07-24,559.535
store_238,2015-07-25,357.82
store_238,2015-07-26,0.0
store_238,2015-07-27,754.36
store_238,2015-07-28,702.565
store_238,2015-07-29,677.03
store_238,2015-07-30,691.5
store_238,2015-07-31,688.18
store_238,2015-08-01,365.295
store_238,2015-08-02,0.0
store_238,2015-08-03,790.5
store_238,2015-08-04,681.63
store_238,2015-08-05,619.475
store_238,2015-08-06,633.975
store_238,2015-08-07,623.095
store_238,2015-08-08,361.85
store_238,2015-08-09,0.0
store_238,2015-08-10,613.67
store_238,2015-08-11,560.6
store_238,2015-08-12,535.56
store_238,2015-08-13,533.49
store_238,2015-08-14,541.585
store_238,2015-08-15,372.865
store_238,2015-08-16,0.0
store_238,2015-08-17,786.09
store_238,2015-08-18,688.035
store_238,2015-08-19,642.71
store_238,2015-08-20,634.085
store_238,2015-08-21,612.715
store_238,2015-08-22,378.135
store_238,2015-08-23,0.0
store_238,2015-08-24,610.885
store_238,2015-08-25,560.13
store_238,2015-08-26,553.63
store_238,2015-08-27,552.54
store_238,2015-08-28,547.565
store_238,2015-08-29,375.875
store_238,2015-08-30,0.0
store_239,2015-07-20,706.765
store_239,2015-07-21,621.265
store_239,2015-07-22,580.3
store_239,2015-07-23,611.68
store_239,2015-07-24,623.755
store_239,2015-07-25,419.725
store_239,2015-07-26,0.0
store_239,2015-07-27,935.74
store_239,2015-07-28,802.88
store_239,2015-07-29,764.38
store_239,2015-07-30,778.31
store_239,2015-07-31,744.23
store_239,2015-08-01,429.15
store_239,2015-08-02,0.0
store_239,2015-08-03,950.52
store_239,2015-08-04,795.4
store_239,2015-08-05,719.975
store_239,2015-08-06,718.36
store_239,2015-08-07,703.855
store_239,2015-08-08,427.745
store_239,2015-08-09,0.0
store_239,2015-08-10,742.83
store_239,2015-08-11,676.645
store_239,2015-08-12,653.73
store_239,2015-08-13,653.06
store_239,2015-08-14,651.05
store_239,2015-08-15,427.685
store_239,2015-08-16,0.0
store_239,2015-08-17,933.165
store_239,2015-08-18,809.95
store_239,2015-08-19,757.385
store_239,2015-08-20,757.08
store_239,2015-08-21,753.11
store_239,2015-08-22,426.065
store_239,2015-08-23,0.0
store_239,2015-08-24,732.695
store_239,2015-08-25,649.01
store_239,2015-08-26,641.05
store_239,2015-08-27,650.955
store_239,2015-08-28,666.41
store_239,2015-08-29,432.925
store_239,2015-08-30,0.0
store_24,2015-07-20,546.72
store_24,2015-07-21,515.495
store_24,2015-07-22,547.755
store_24,2015-07-23,533.2
store_24,2015-07-24,496.52
store_24,2015-07-25,375.145
store_24,2015-07-26,0.0
store_24,2015-07-27,771.655
store_24,2015-07-28,689.39
store_24,2015-07-29,682.855
store_24,2015-07-30,673.905
store_24,2015-07-31,616.935
store_24,2015-08-01,388.03
store_24,2015-08-02,0.0
store_24,2015-08-03,858.0
store_24,2015-08-04,704.38
store_24,2015-08-05,648.915
store_24,2015-08-06,618.335
store_24,2015-08-07,580.035
store_24,2015-08-08,376.585
store_24,2015-08-09,0.0
store_24,2015-08-10,627.645
store_24,2015-08-11,563.26
store_24,2015-08-12,566.205
store_24,2015-08-13,563.365
store_24,2015-08-14,563.24
store_24,2015-08-15,405.265
store_24,2015-08-16,0.0
store_24,2015-08-17,817.2
store_24,2015-08-18,713.84
store_24,2015-08-19,657.85
store_24,2015-08-20,660.01
store_24,2015-08-21,656.175
store_24,2015-08-22,407.99
store_24,2015-08-23,0.0
store_24,2015-08-24,615.3
store_24,2015-08-25,554.89
store_24,2015-08-26,546.48
store_24,2015-08-27,562.455
store_24,2015-08-28,582.64
store_24,2015-08-29,413.01
store_24,2015-08-30,0.0
store_240,2015-07-20,529.045
store_240,2015-07-21,456.255
store_240,2015-07-22,457.315
store_240,2015-07-23,492.5
store_240,2015-07-24,534.915
store_240,2015-07-25,521.145
store_240,2015-07-26,0.0
store_240,2015-07-27,707.825
store_240,2015-07-28,601.015
store_240,2015-07-29,592.595
store_240,2015-07-30,603.96
store_240,2015-07-31,620.055
store_240,2015-08-01,559.17
store_240,2015-08-02,0.0
store_240,2015-08-03,736.305
store_240,2015-08-04,597.285
store_240,2015-08-05,559.97
store_240,2015-08-06,556.025
store_240,2015-08-07,570.205
store_240,2015-08-08,571.635
store_240,2015-08-09,0.0
store_240,2015-08-10,558.6
store_240,2015-08-11,494.19
store_240,2015-08-12,493.085
store_240,2015-08-13,517.47
store_240,2015-08-14,543.335
store_240,2015-08-15,566.795
store_240,2015-08-16,0.0
store_240,2015-08-17,741.475
store_240,2015-08-18,614.07
store_240,2015-08-19,582.045
store_240,2015-08-20,605.305
store_240,2015-08-21,606.305
store_240,2015-08-22,580.355
store_240,2015-08-23,0.0
store_240,2015-08-24,545.75
store_240,2015-08-25,493.39
store_240,2015-08-26,493.935
store_240,2015-08-27,504.36
store_240,2015-08-28,522.215
store_240,2015-08-29,567.22
store_240,2015-08-30,0.0
store_241,2015-07-20,648.335
store_241,2015-07-21,573.06
store_241,2015-07-22,581.465
store_241,2015-07-23,586.175
store_241,2015-07-24,666.04
store_241,2015-07-25,698.31
store_241,2015-07-26,0.0
store_241,2015-07-27,886.465
store_241,2015-07-28,736.915
store_241,2015-07-29,716.76
store_241,2015-07-30,700.365
store_241,2015-07-31,734.24
store_241,2015-08-01,681.62
store_241,2015-08-02,0.0
store_241,2015-08-03,898.865
store_241,2015-08-04,744.05
store_241,2015-08-05,695.545
store_241,2015-08-06,682.735
store_241,2015-08-07,711.52
store_241,2015-08-08,679.645
store_241,2015-08-09,0.0
store_241,2015-08-10,664.61
store_241,2015-08-11,599.32
store_241,2015-08-12,588.335
store_241,2015-08-13,617.77
store_241,2015-08-14,644.695
store_241,2015-08-15,665.98
store_241,2015-08-16,0.0
store_241,2015-08-17,911.69
store_241,2015-08-18,775.22
store_241,2015-08-19,713.645
store_241,2015-08-20,740.905
store_241,2015-08-21,750.375
store_241,2015-08-22,677.33
store_241,2015-08-23,0.0
store_241,2015-08-24,642.765
store_241,2015-08-25,576.645
store_241,2015-08-26,578.45
store_241,2015-08-27,614.315
store_241,2015-08-28,666.74
store_241,2015-08-29,664.69
store_241,2015-08-30,0.0
store_242,2015-07-20,476.51
store_242,2015-07-21,437.515
store_242,2015-07-22,427.67
store_242,2015-07-23,456.265
store_242,2015-07-24,456.85
store_242,2015-07-25,332.965
store_242,2015-07-26,0.0
store_242,2015-07-27,592.97
store_242,2015-07-28,524.165
store_242,2015-07-29,524.64
store_242,2015-07-30,524.135
store_242,2015-07-31,515.49
store_242,2015-08-01,342.565
store_242,2015-08-02,0.0
store_242,2015-08-03,633.755
store_242,2015-08-04,537.145
store_242,2015-08-05,498.0
store_242,2015-08-06,503.91
store_242,2015-08-07,500.865
store_242,2015-08-08,332.995
store_242,2015-08-09,0.0
store_242,2015-08-10,514.625
store_242,2015-08-11,474.545
store_242,2015-08-12,459.515
store_242,2015-08-13,470.18
store_242,2015-08-14,488.425
store_242,2015-08-15,336.16
store_242,2015-08-16,0.0
store_242,2015-08-17,650.195
store_242,2015-08-18,547.865
store_242,2015-08-19,528.625
store_242,2015-08-20,530.265
store_242,2015-08-21,536.215
store_242,2015-08-22,340.515
store_242,2015-08-23,0.0
store_242,2015-08-24,516.65
store_242,2015-08-25,460.945
store_242,2015-08-26,449.93
store_242,2015-08-27,464.26
store_242,2015-08-28,487.37
store_242,2015-08-29,338.505
store_242,2015-08-30,0.0
store_243,2015-07-20,666.895
store_243,2015-07-21,641.825
store_243,2015-07-22,622.865
store_243,2015-07-23,659.22
store_243,2015-07-24,673.86
store_243,2015-07-25,560.95
store_243,2015-07-26,0.0
store_243,2015-07-27,894.98
store_243,2015-07-28,821.41
store_243,2015-07-29,822.67
store_243,2015-07-30,808.89
store_243,2015-07-31,799.55
store_243,2015-08-01,619.07
store_243,2015-08-02,0.0
store_243,2015-08-03,961.38
store_243,2015-08-04,799.585
store_243,2015-08-05,738.36
store_243,2015-08-06,742.725
store_243,2015-08-07,742.555
store_243,2015-08-08,604.6
store_243,2015-08-09,0.0
store_243,2015-08-10,784.135
store_243,2015-08-11,707.635
store_243,2015-08-12,665.045
store_243,2015-08-13,661.675
store_243,2015-08-14,666.32
store_243,2015-08-15,610.395
store_243,2015-08-16,0.0
store_243,2015-08-17,947.24
store_243,2015-08-18,838.885
store_243,2015-08-19,778.195
store_243,2015-08-20,773.955
store_243,2015-08-21,759.2
store_243,2015-08-22,619.225
store_243,2015-08-23,0.0
store_243,2015-08-24,757.735
store_243,2015-08-25,683.525
store_243,2015-08-26,657.635
store_243,2015-08-27,680.015
store_243,2015-08-28,694.5
store_243,2015-08-29,614.16
store_243,2015-08-30,0.0
store_244,2015-07-20,543.575
store_244,2015-07-21,503.05
store_244,2015-07-22,524.93
store_244,2015-07-23,537.205
store_244,2015-07-24,585.565
store_244,2015-07-25,568.735
store_244,2015-07-26,0.0
store_244,2015-07-27,744.205
store_244,2015-07-28,665.27
store_244,2015-07-29,652.335
store_244,2015-07-30,670.31
store_244,2015-07-31,711.755
store_244,2015-08-01,629.91
store_244,2015-08-02,0.0
store_244,2015-08-03,779.5
store_244,2015-08-04,647.425
store_244,2015-08-05,601.63
store_244,2015-08-06,640.14
store_244,2015-08-07,633.655
store_244,2015-08-08,621.895
store_244,2015-08-09,0.0
store_244,2015-08-10,624.08
store_244,2015-08-11,561.005
store_244,2015-08-12,546.51
store_244,2015-08-13,552.13
store_244,2015-08-14,551.305
store_244,2015-08-15,606.755
store_244,2015-08-16,0.0
store_244,2015-08-17,795.47
store_244,2015-08-18,681.0
store_244,2015-08-19,647.61
store_244,2015-08-20,644.715
store_244,2015-08-21,648.165
store_244,2015-08-22,616.545
store_244,2015-08-23,0.0
store_244,2015-08-24,611.615
store_244,2015-08-25,538.705
store_244,2015-08-26,536.305
store_244,2015-08-27,546.45
store_244,2015-08-28,559.065
store_244,2015-08-29,593.46
store_244,2015-08-30,0.0
store_245,2015-07-20,684.26
store_245,2015-07-21,626.97
store_245,2015-07-22,651.285
store_245,2015-07-23,663.25
store_245,2015-07-24,685.105
store_245,2015-07-25,471.475
store_245,2015-07-26,0.0
store_245,2015-07-27,872.815
store_245,2015-07-28,820.49
store_245,2015-07-29,831.31
store_245,2015-07-30,791.13
store_245,2015-07-31,799.15
store_245,2015-08-01,491.28
store_245,2015-08-02,0.0
store_245,2015-08-03,937.63
store_245,2015-08-04,785.385
store_245,2015-08-05,745.69
store_245,2015-08-06,739.705
store_245,2015-08-07,738.845
store_245,2015-08-08,484.39
store_245,2015-08-09,0.0
store_245,2015-08-10,733.26
store_245,2015-08-11,668.275
store_245,2015-08-12,659.87
store_245,2015-08-13,663.125
store_245,2015-08-14,679.555
store_245,2015-08-15,471.645
store_245,2015-08-16,0.0
store_245,2015-08-17,947.47
store_245,2015-08-18,829.595
store_245,2015-08-19,762.71
store_245,2015-08-20,750.455
store_245,2015-08-21,763.725
store_245,2015-08-22,480.325
store_245,2015-08-23,0.0
store_245,2015-08-24,742.97
store_245,2015-08-25,644.47
store_245,2015-08-26,638.78
store_245,2015-08-27,653.025
store_245,2015-08-28,665.005
store_245,2015-08-29,470.78
store_245,2015-08-30,0.0
store_246,2015-07-20,596.095
store_246,2015-07-21,543.335
store_246,2015-07-22,577.695
store_246,2015-07-23,582.825
store_246,2015-07-24,557.235
store_246,2015-07-25,349.785
store_246,2015-07-26,0.0
store_246,2015-07-27,699.22
store_246,2015-07-28,636.19
store_246,2015-07-29,642.47
store_246,2015-07-30,674.13
store_246,2015-07-31,651.36
store_246,2015-08-01,364.9
store_246,2015-08-02,0.0
store_246,2015-08-03,711.705
store_246,2015-08-04,618.225
store_246,2015-08-05,609.96
store_246,2015-08-06,631.675
store_246,2015-08-07,606.075
store_246,2015-08-08,359.0
store_246,2015-08-09,0.0
store_246,2015-08-10,550.91
store_246,2015-08-11,517.875
store_246,2015-08-12,515.05
store_246,2015-08-13,541.54
store_246,2015-08-14,566.29
store_246,2015-08-15,358.13
store_246,2015-08-16,0.0
store_246,2015-08-17,698.605
store_246,2015-08-18,629.03
store_246,2015-08-19,608.94
store_246,2015-08-20,619.755
store_246,2015-08-21,629.1
store_246,2015-08-22,372.84
store_246,2015-08-23,0.0
store_246,2015-08-24,571.015
store_246,2015-08-25,518.925
store_246,2015-08-26,519.24
store_246,2015-08-27,536.535
store_246,2015-08-28,567.615
store_246,2015-08-29,371.955
store_246,2015-08-30,0.0
store_247,2015-07-20,421.595
store_247,2015-07-21,427.05
store_247,2015-07-22,407.005
store_247,2015-07-23,416.325
store_247,2015-07-24,402.525
store_247,2015-07-25,332.935
store_247,2015-07-26,0.0
store_247,2015-07-27,650.685
store_247,2015-07-28,562.83
store_247,2015-07-29,533.815
store_247,2015-07-30,540.185
store_247,2015-07-31,497.79
store_247,2015-08-01,336.185
store_247,2015-08-02,0.0
store_247,2015-08-03,707.8
store_247,2015-08-04,563.515
store_247,2015-08-05,503.145
store_247,2015-08-06,500.31
store_247,2015-08-07,483.25
store_247,2015-08-08,335.05
store_247,2015-08-09,0.0
store_247,2015-08-10,560.715
store_247,2015-08-11,530.505
store_247,2015-08-12,492.63
store_247,2015-08-13,498.285
store_247,2015-08-14,502.545
store_247,2015-08-15,334.94
store_247,2015-08-16,0.0
store_247,2015-08-17,702.515
store_247,2015-08-18,614.34
store_247,2015-08-19,576.235
store_247,2015-08-20,550.885
store_247,2015-08-21,524.11
store_247,2015-08-22,338.18
store_247,2015-08-23,0.0
store_247,2015-08-24,550.425
store_247,2015-08-25,514.33
store_247,2015-08-26,497.47
store_247,2015-08-27,485.4
store_247,2015-08-28,484.885
store_247,2015-08-29,345.42
store_247,2015-08-30,0.0
store_248,2015-07-20,525.665
store_248,2015-07-21,449.275
store_248,2015-07-22,475.0
store_248,2015-07-23,496.39
store_248,2015-07-24,522.605
store_248,2015-07-25,573.78
store_248,2015-07-26,0.0
store_248,2015-07-27,679.71
store_248,2015-07-28,573.64
store_248,2015-07-29,564.63
store_248,2015-07-30,587.455
store_248,2015-07-31,622.63
store_248,2015-08-01,600.745
store_248,2015-08-02,0.0
store_248,2015-08-03,705.665
store_248,2015-08-04,584.89
store_248,2015-08-05,539.62
store_248,2015-08-06,555.01
store_248,2015-08-07,568.14
store_248,2015-08-08,580.63
store_248,2015-08-09,0.0
store_248,2015-08-10,540.77
store_248,2015-08-11,486.585
store_248,2015-08-12,491.845
store_248,2015-08-13,509.37
store_248,2015-08-14,530.005
store_248,2015-08-15,584.195
store_248,2015-08-16,0.0
store_248,2015-08-17,732.31
store_248,2015-08-18,608.055
store_248,2015-08-19,601.005
store_248,2015-08-20,599.94
store_248,2015-08-21,609.765
store_248,2015-08-22,592.91
store_248,2015-08-23,0.0
store_248,2015-08-24,526.48
store_248,2015-08-25,459.36
store_248,2015-08-26,476.325
store_248,2015-08-27,503.9
store_248,2015-08-28,520.21
store_248,2015-08-29,573.315
store_248,2015-08-30,0.0
store_249,2015-07-20,437.85
store_249,2015-07-21,397.235
store_249,2015-07-22,408.27
store_249,2015-07-23,405.865
store_249,2015-07-24,428.16
store_249,2015-07-25,446.33
store_249,2015-07-26,0.0
store_249,2015-07-27,585.655
store_249,2015-07-28,510.58
store_249,2015-07-29,482.56
store_249,2015-07-30,463.305
store_249,2015-07-31,499.015
store_249,2015-08-01,447.93
store_249,2015-08-02,0.0
store_249,2015-08-03,592.18
store_249,2015-08-04,507.57
store_249,2015-08-05,464.41
store_249,2015-08-06,457.395
store_249,2015-08-07,452.47
store_249,2015-08-08,443.285
store_249,2015-08-09,0.0
store_249,2015-08-10,520.41
store_249,2015-08-11,468.325
store_249,2015-08-12,441.675
store_249,2015-08-13,443.775
store_249,2015-08-14,442.71
store_249,2015-08-15,433.89
store_249,2015-08-16,0.0
store_249,2015-08-17,605.705
store_249,2015-08-18,531.66
store_249,2015-08-19,505.005
store_249,2015-08-20,510.665
store_249,2015-08-21,499.005
store_249,2015-08-22,445.025
store_249,2015-08-23,0.0
store_249,2015-08-24,509.72
store_249,2015-08-25,440.67
store_249,2015-08-26,440.16
store_249,2015-08-27,453.71
store_249,2015-08-28,449.635
store_249,2015-08-29,437.83
store_249,2015-08-30,0.0
store_25,2015-07-20,475.285
store_25,2015-07-21,480.285
store_25,2015-07-22,488.375
store_25,2015-07-23,515.815
store_25,2015-07-24,504.75
store_25,2015-07-25,601.46
store_25,2015-07-26,0.0
store_25,2015-07-27,601.165
store_25,2015-07-28,604.115
store_25,2015-07-29,593.8
store_25,2015-07-30,627.545
store_25,2015-07-31,576.225
store_25,2015-08-01,555.74
store_25,2015-08-02,0.0
store_25,2015-08-03,650.19
store_25,2015-08-04,582.71
store_25,2015-08-05,538.575
store_25,2015-08-06,571.23
store_25,2015-08-07,557.32
store_25,2015-08-08,544.24
store_25,2015-08-09,0.0
store_25,2015-08-10,545.105
store_25,2015-08-11,529.955
store_25,2015-08-12,490.29
store_25,2015-08-13,512.845
store_25,2015-08-14,533.41
store_25,2015-08-15,548.78
store_25,2015-08-16,0.0
store_25,2015-08-17,669.075
store_25,2015-08-18,625.39
store_25,2015-08-19,591.895
store_25,2015-08-20,604.95
store_25,2015-08-21,585.44
store_25,2015-08-22,547.785
store_25,2015-08-23,0.0
store_25,2015-08-24,580.85
store_25,2015-08-25,519.09
store_25,2015-08-26,508.22
store_25,2015-08-27,519.1
store_25,2015-08-28,534.975
store_25,2015-08-29,542.8
store_25,2015-08-30,0.0
store_250,2015-07-20,529.595
store_250,2015-07-21,494.925
store_250,2015-07-22,499.365
store_250,2015-07-23,511.13
store_250,2015-07-24,542.06
store_250,2015-07-25,519.12
store_250,2015-07-26,0.0
store_250,2015-07-27,766.805
store_250,2015-07-28,642.325
store_250,2015-07-29,634.87
store_250,2015-07-30,631.92
store_250,2015-07-31,623.69
store_250,2015-08-01,569.28
store_250,2015-08-02,0.0
store_250,2015-08-03,759.49
store_250,2015-08-04,639.42
store_250,2015-08-05,595.63
store_250,2015-08-06,589.89
store_250,2015-08-07,570.58
store_250,2015-08-08,546.25
store_250,2015-08-09,0.0
store_250,2015-08-10,571.3
store_250,2015-08-11,519.97
store_250,2015-08-12,520.255
store_250,2015-08-13,532.325
store_250,2015-08-14,530.19
store_250,2015-08-15,545.35
store_250,2015-08-16,0.0
store_250,2015-08-17,766.53
store_250,2015-08-18,652.275
store_250,2015-08-19,626.39
store_250,2015-08-20,614.635
store_250,2015-08-21,603.005
store_250,2015-08-22,552.495
store_250,2015-08-23,0.0
store_250,2015-08-24,554.575
store_250,2015-08-25,502.765
store_250,2015-08-26,503.035
store_250,2015-08-27,526.8
store_250,2015-08-28,543.9
store_250,2015-08-29,550.95
store_250,2015-08-30,0.0
store_251,2015-07-20,683.675
store_251,2015-07-21,635.25
store_251,2015-07-22,652.71
store_251,2015-07-23,653.705
store_251,2015-07-24,664.29
store_251,2015-07-25,649.885
store_251,2015-07-26,0.0
store_251,2015-07-27,920.7
store_251,2015-07-28,847.33
store_251,2015-07-29,848.615
store_251,2015-07-30,829.985
store_251,2015-07-31,818.93
store_251,2015-08-01,668.785
store_251,2015-08-02,0.0
store_251,2015-08-03,1016.54
store_251,2015-08-04,853.12
store_251,2015-08-05,801.745
store_251,2015-08-06,754.69
store_251,2015-08-07,739.085
store_251,2015-08-08,669.435
store_251,2015-08-09,0.0
store_251,2015-08-10,745.815
store_251,2015-08-11,685.57
store_251,2015-08-12,683.575
store_251,2015-08-13,669.58
store_251,2015-08-14,669.875
store_251,2015-08-15,677.155
store_251,2015-08-16,0.0
store_251,2015-08-17,997.2
store_251,2015-08-18,886.47
store_251,2015-08-19,846.555
store_251,2015-08-20,825.0
store_251,2015-08-21,813.18
store_251,2015-08-22,682.615
store_251,2015-08-23,0.0
store_251,2015-08-24,743.785
store_251,2015-08-25,669.305
store_251,2015-08-26,694.44
store_251,2015-08-27,693.45
store_251,2015-08-28,739.105
store_251,2015-08-29,686.935
store_251,2015-08-30,0.0
store_252,2015-07-20,627.355
store_252,2015-07-21,578.185
store_252,2015-07-22,590.815
store_252,2015-07-23,627.945
store_252,2015-07-24,676.63
store_252,2015-07-25,697.295
store_252,2015-07-26,0.0
store_252,2015-07-27,920.59
store_252,2015-07-28,760.1
store_252,2015-07-29,769.19
store_252,2015-07-30,775.635
store_252,2015-07-31,807.205
store_252,2015-08-01,714.175
store_252,2015-08-02,0.0
store_252,2015-08-03,953.185
store_252,2015-08-04,754.87
store_252,2015-08-05,701.98
store_252,2015-08-06,720.975
store_252,2015-08-07,756.445
store_252,2015-08-08,727.43
store_252,2015-08-09,0.0
store_252,2015-08-10,718.155
store_252,2015-08-11,646.525
store_252,2015-08-12,625.09
store_252,2015-08-13,650.385
store_252,2015-08-14,688.855
store_252,2015-08-15,706.03
store_252,2015-08-16,0.0
store_252,2015-08-17,971.605
store_252,2015-08-18,831.025
store_252,2015-08-19,771.395
store_252,2015-08-20,773.465
store_252,2015-08-21,793.72
store_252,2015-08-22,710.26
store_252,2015-08-23,0.0
store_252,2015-08-24,714.0
store_252,2015-08-25,639.63
store_252,2015-08-26,634.77
store_252,2015-08-27,662.615
store_252,2015-08-28,726.105
store_252,2015-08-29,699.065
store_252,2015-08-30,0.0
store_253,2015-07-20,482.15
store_253,2015-07-21,394.755
store_253,2015-07-22,404.715
store_253,2015-07-23,426.48
store_253,2015-07-24,473.45
store_253,2015-07-25,547.44
store_253,2015-07-26,0.0
store_253,2015-07-27,634.575
store_253,2015-07-28,543.845
store_253,2015-07-29,516.635
store_253,2015-07-30,517.0
store_253,2015-07-31,545.31
store_253,2015-08-01,553.87
store_253,2015-08-02,0.0
store_253,2015-08-03,674.995
store_253,2015-08-04,536.24
store_253,2015-08-05,494.53
store_253,2015-08-06,491.175
store_253,2015-08-07,522.245
store_253,2015-08-08,545.71
store_253,2015-08-09,0.0
store_253,2015-08-10,517.17
store_253,2015-08-11,463.59
store_253,2015-08-12,444.43
store_253,2015-08-13,459.34
store_253,2015-08-14,494.02
store_253,2015-08-15,558.78
store_253,2015-08-16,0.0
store_253,2015-08-17,677.155
store_253,2015-08-18,573.6
store_253,2015-08-19,548.555
store_253,2015-08-20,551.145
store_253,2015-08-21,561.51
store_253,2015-08-22,562.645
store_253,2015-08-23,0.0
store_253,2015-08-24,506.265
store_253,2015-08-25,446.29
store_253,2015-08-26,450.435
store_253,2015-08-27,461.135
store_253,2015-08-28,499.93
store_253,2015-08-29,551.855
store_253,2015-08-30,0.0
store_254,2015-07-20,540.135
store_254,2015-07-21,486.105
store_254,2015-07-22,498.02
store_254,2015-07-23,497.795
store_254,2015-07-24,505.29
store_254,2015-07-25,506.51
store_254,2015-07-26,0.0
store_254,2015-07-27,670.08
store_254,2015-07-28,568.395
store_254,2015-07-29,555.18
store_254,2015-07-30,581.46
store_254,2015-07-31,588.635
store_254,2015-08-01,534.005
store_254,2015-08-02,0.0
store_254,2015-08-03,707.46
store_254,2015-08-04,585.65
store_254,2015-08-05,566.78
store_254,2015-08-06,553.66
store_254,2015-08-07,561.395
store_254,2015-08-08,521.71
store_254,2015-08-09,0.0
store_254,2015-08-10,540.555
store_254,2015-08-11,489.56
store_254,2015-08-12,498.645
store_254,2015-08-13,511.825
store_254,2015-08-14,539.175
store_254,2015-08-15,536.5
store_254,2015-08-16,0.0
store_254,2015-08-17,731.73
store_254,2015-08-18,603.28
store_254,2015-08-19,582.96
store_254,2015-08-20,609.315
store_254,2015-08-21,603.93
store_254,2015-08-22,545.245
store_254,2015-08-23,0.0
store_254,2015-08-24,524.425
store_254,2015-08-25,457.02
store_254,2015-08-26,463.01
store_254,2015-08-27,503.735
store_254,2015-08-28,518.1
store_254,2015-08-29,538.375
store_254,2015-08-30,0.0
store_255,2015-07-20,1316.42
store_255,2015-07-21,1200.245
store_255,2015-07-22,1274.76
store_255,2015-07-23,1276.185
store_255,2015-07-24,1286.785
store_255,2015-07-25,1271.395
store_255,2015-07-26,0.0
store_255,2015-07-27,1663.59
store_255,2015-07-28,1502.695
store_255,2015-07-29,1462.03
store_255,2015-07-30,1513.72
store_255,2015-07-31,1430.31
store_255,2015-08-01,1300.315
store_255,2015-08-02,0.0
store_255,2015-08-03,1787.7
store_255,2015-08-04,1476.725
store_255,2015-08-05,1440.99
store_255,2015-08-06,1430.095
store_255,2015-08-07,1425.435
store_255,2015-08-08,1325.005
store_255,2015-08-09,0.0
store_255,2015-08-10,1363.705
store_255,2015-08-11,1269.29
store_255,2015-08-12,1260.085
store_255,2015-08-13,1302.51
store_255,2015-08-14,1321.04
store_255,2015-08-15,1297.015
store_255,2015-08-16,0.0
store_255,2015-08-17,1740.28
store_255,2015-08-18,1520.365
store_255,2015-08-19,1448.35
store_255,2015-08-20,1414.075
store_255,2015-08-21,1399.945
store_255,2015-08-22,1296.355
store_255,2015-08-23,0.0
store_255,2015-08-24,1303.54
store_255,2015-08-25,1211.035
store_255,2015-08-26,1246.57
store_255,2015-08-27,1213.435
store_255,2015-08-28,1209.64
store_255,2015-08-29,1296.85
store_255,2015-08-30,0.0
store_256,2015-07-20,638.855
store_256,2015-07-21,588.36
store_256,2015-07-22,592.87
store_256,2015-07-23,636.535
store_256,2015-07-24,608.17
store_256,2015-07-25,502.92
store_256,2015-07-26,0.0
store_256,2015-07-27,796.735
store_256,2015-07-28,719.86
store_256,2015-07-29,710.95
store_256,2015-07-30,729.885
store_256,2015-07-31,692.525
store_256,2015-08-01,522.15
store_256,2015-08-02,0.0
store_256,2015-08-03,856.225
store_256,2015-08-04,724.31
store_256,2015-08-05,689.59
store_256,2015-08-06,705.96
store_256,2015-08-07,673.01
store_256,2015-08-08,515.965
store_256,2015-08-09,0.0
store_256,2015-08-10,709.72
store_256,2015-08-11,643.49
store_256,2015-08-12,621.375
store_256,2015-08-13,641.15
store_256,2015-08-14,639.495
store_256,2015-08-15,512.9
store_256,2015-08-16,0.0
store_256,2015-08-17,902.945
store_256,2015-08-18,777.145
store_256,2015-08-19,735.26
store_256,2015-08-20,741.74
store_256,2015-08-21,741.85
store_256,2015-08-22,526.24
store_256,2015-08-23,0.0
store_256,2015-08-24,745.325
store_256,2015-08-25,681.845
store_256,2015-08-26,649.725
store_256,2015-08-27,671.325
store_256,2015-08-28,679.215
store_256,2015-08-29,527.225
store_256,2015-08-30,0.0
store_257,2015-07-20,509.275
store_257,2015-07-21,475.83
store_257,2015-07-22,477.32
store_257,2015-07-23,488.285
store_257,2015-07-24,575.79
store_257,2015-07-25,298.935
store_257,2015-07-26,0.0
store_257,2015-07-27,666.955
store_257,2015-07-28,607.845
store_257,2015-07-29,597.655
store_257,2015-07-30,581.31
store_257,2015-07-31,633.205
store_257,2015-08-01,303.245
store_257,2015-08-02,0.0
store_257,2015-08-03,696.825
store_257,2015-08-04,578.795
store_257,2015-08-05,540.16
store_257,2015-08-06,541.085
store_257,2015-08-07,590.55
store_257,2015-08-08,303.285
store_257,2015-08-09,0.0
store_257,2015-08-10,526.325
store_257,2015-08-11,509.17
store_257,2015-08-12,484.21
store_257,2015-08-13,495.975
store_257,2015-08-14,544.065
store_257,2015-08-15,302.55
store_257,2015-08-16,0.0
store_257,2015-08-17,720.265
store_257,2015-08-18,630.39
store_257,2015-08-19,578.775
store_257,2015-08-20,574.17
store_257,2015-08-21,597.78
store_257,2015-08-22,305.905
store_257,2015-08-23,0.0
store_257,2015-08-24,513.975
store_257,2015-08-25,489.965
store_257,2015-08-26,492.83
store_257,2015-08-27,497.61
store_257,2015-08-28,520.4
store_257,2015-08-29,299.77
store_257,2015-08-30,0.0
store_258,2015-07-20,853.695
store_258,2015-07-21,785.775
store_258,2015-07-22,782.715
store_258,2015-07-23,776.985
store_258,2015-07-24,848.345
store_258,2015-07-25,1055.485
store_258,2015-07-26,0.0
store_258,2015-07-27,1078.75
store_258,2015-07-28,956.115
store_258,2015-07-29,936.125
store_258,2015-07-30,959.56
store_258,2015-07-31,1012.57
store_258,2015-08-01,1019.675
store_258,2015-08-02,0.0
store_258,2015-08-03,1156.07
store_258,2015-08-04,969.985
store_258,2015-08-05,923.145
store_258,2015-08-06,891.53
store_258,2015-08-07,920.225
store_258,2015-08-08,971.815
store_258,2015-08-09,0.0
store_258,2015-08-10,954.205
store_258,2015-08-11,861.875
store_258,2015-08-12,817.76
store_258,2015-08-13,847.25
store_258,2015-08-14,901.515
store_258,2015-08-15,969.625
store_258,2015-08-16,0.0
store_258,2015-08-17,1158.05
store_258,2015-08-18,1036.855
store_258,2015-08-19,983.57
store_258,2015-08-20,985.4
store_258,2015-08-21,1002.995
store_258,2015-08-22,964.075
store_258,2015-08-23,0.0
store_258,2015-08-24,887.44
store_258,2015-08-25,796.115
store_258,2015-08-26,787.605
store_258,2015-08-27,846.135
store_258,2015-08-28,895.875
store_258,2015-08-29,951.915
store_258,2015-08-30,0.0
store_259,2015-07-20,429.575
store_259,2015-07-21,391.84
store_259,2015-07-22,425.98
store_259,2015-07-23,439.455
store_259,2015-07-24,462.635
store_259,2015-07-25,411.2
store_259,2015-07-26,0.0
store_259,2015-07-27,485.13
store_259,2015-07-28,462.58
store_259,2015-07-29,473.56
store_259,2015-07-30,496.97
store_259,2015-07-31,511.065
store_259,2015-08-01,421.115
store_259,2015-08-02,0.0
store_259,2015-08-03,502.77
store_259,2015-08-04,458.975
store_259,2015-08-05,459.09
store_259,2015-08-06,467.91
store_259,2015-08-07,479.84
store_259,2015-08-08,422.03
store_259,2015-08-09,0.0
store_259,2015-08-10,420.38
store_259,2015-08-11,385.425
store_259,2015-08-12,389.24
store_259,2015-08-13,395.14
store_259,2015-08-14,429.59
store_259,2015-08-15,419.51
store_259,2015-08-16,0.0
store_259,2015-08-17,531.37
store_259,2015-08-18,464.175
store_259,2015-08-19,444.14
store_259,2015-08-20,449.53
store_259,2015-08-21,479.86
store_259,2015-08-22,426.22
store_259,2015-08-23,0.0
store_259,2015-08-24,441.945
store_259,2015-08-25,401.89
store_259,2015-08-26,403.84
store_259,2015-08-27,409.535
store_259,2015-08-28,427.44
store_259,2015-08-29,426.3
store_259,2015-08-30,0.0
store_26,2015-07-20,930.335
store_26,2015-07-21,883.795
store_26,2015-07-22,920.43
store_26,2015-07-23,960.58
store_26,2015-07-24,915.765
store_26,2015-07-25,837.165
store_26,2015-07-26,0.0
store_26,2015-07-27,1183.385
store_26,2015-07-28,1108.39
store_26,2015-07-29,1145.675
store_26,2015-07-30,1154.22
store_26,2015-07-31,1100.565
store_26,2015-08-01,846.7
store_26,2015-08-02,0.0
store_26,2015-08-03,1268.565
store_26,2015-08-04,1096.945
store_26,2015-08-05,1043.91
store_26,2015-08-06,1053.39
store_26,2015-08-07,1021.845
store_26,2015-08-08,834.96
store_26,2015-08-09,0.0
store_26,2015-08-10,1059.335
store_26,2015-08-11,988.24
store_26,2015-08-12,936.705
store_26,2015-08-13,942.485
store_26,2015-08-14,971.755
store_26,2015-08-15,831.82
store_26,2015-08-16,0.0
store_26,2015-08-17,1332.65
store_26,2015-08-18,1215.43
store_26,2015-08-19,1150.23
store_26,2015-08-20,1125.705
store_26,2015-08-21,1075.095
store_26,2015-08-22,853.03
store_26,2015-08-23,0.0
store_26,2015-08-24,1027.475
store_26,2015-08-25,950.06
store_26,2015-08-26,907.34
store_26,2015-08-27,947.375
store_26,2015-08-28,970.54
store_26,2015-08-29,835.75
store_26,2015-08-30,0.0
store_260,2015-07-20,691.025
store_260,2015-07-21,628.695
store_260,2015-07-22,647.405
store_260,2015-07-23,657.095
store_260,2015-07-24,679.395
store_260,2015-07-25,707.95
store_260,2015-07-26,0.0
store_260,2015-07-27,881.825
store_260,2015-07-28,745.455
store_260,2015-07-29,757.77
store_260,2015-07-30,789.325
store_260,2015-07-31,820.175
store_260,2015-08-01,732.15
store_260,2015-08-02,0.0
store_260,2015-08-03,955.18
store_260,2015-08-04,787.605
store_260,2015-08-05,733.16
store_260,2015-08-06,732.195
store_260,2015-08-07,752.29
store_260,2015-08-08,733.795
store_260,2015-08-09,0.0
store_260,2015-08-10,697.1
store_260,2015-08-11,647.285
store_260,2015-08-12,658.77
store_260,2015-08-13,664.36
store_260,2015-08-14,676.69
store_260,2015-08-15,720.05
store_260,2015-08-16,0.0
store_260,2015-08-17,936.38
store_260,2015-08-18,806.165
store_260,2015-08-19,767.315
store_260,2015-08-20,753.715
store_260,2015-08-21,731.095
store_260,2015-08-22,713.675
store_260,2015-08-23,0.0
store_260,2015-08-24,717.665
store_260,2015-08-25,628.18
store_260,2015-08-26,620.715
store_260,2015-08-27,644.395
store_260,2015-08-28,680.875
store_260,2015-08-29,712.81
store_260,2015-08-30,0.0
store_261,2015-07-20,368.38
store_261,2015-07-21,334.47
store_261,2015-07-22,362.54
store_261,2015-07-23,376.07
store_261,2015-07-24,392.235
store_261,2015-07-25,262.44
store_261,2015-07-26,0.0
store_261,2015-07-27,520.11
store_261,2015-07-28,453.695
store_261,2015-07-29,429.38
store_261,2015-07-30,435.885
store_261,2015-07-31,435.985
store_261,2015-08-01,284.49
store_261,2015-08-02,0.0
store_261,2015-08-03,537.635
store_261,2015-08-04,445.06
store_261,2015-08-05,415.74
store_261,2015-08-06,430.58
store_261,2015-08-07,442.01
store_261,2015-08-08,280.26
store_261,2015-08-09,0.0
store_261,2015-08-10,399.935
store_261,2015-08-11,378.27
store_261,2015-08-12,369.42
store_261,2015-08-13,395.665
store_261,2015-08-14,424.035
store_261,2015-08-15,283.46
store_261,2015-08-16,0.0
store_261,2015-08-17,540.5
store_261,2015-08-18,459.795
store_261,2015-08-19,441.595
store_261,2015-08-20,439.455
store_261,2015-08-21,473.28
store_261,2015-08-22,303.97
store_261,2015-08-23,0.0
store_261,2015-08-24,396.05
store_261,2015-08-25,373.39
store_261,2015-08-26,384.965
store_261,2015-08-27,396.22
store_261,2015-08-28,426.845
store_261,2015-08-29,289.22
store_261,2015-08-30,0.0
store_262,2015-07-20,550.71
store_262,2015-07-21,506.915
store_262,2015-07-22,567.97
store_262,2015-07-23,542.8
store_262,2015-07-24,546.685
store_262,2015-07-25,480.02
store_262,2015-07-26,0.0
store_262,2015-07-27,761.77
store_262,2015-07-28,680.015
store_262,2015-07-29,674.93
store_262,2015-07-30,668.83
store_262,2015-07-31,635.135
store_262,2015-08-01,483.56
store_262,2015-08-02,0.0
store_262,2015-08-03,830.58
store_262,2015-08-04,706.57
store_262,2015-08-05,660.995
store_262,2015-08-06,629.88
store_262,2015-08-07,592.825
store_262,2015-08-08,483.52
store_262,2015-08-09,0.0
store_262,2015-08-10,633.38
store_262,2015-08-11,561.025
store_262,2015-08-12,560.19
store_262,2015-08-13,555.87
store_262,2015-08-14,543.095
store_262,2015-08-15,482.51
store_262,2015-08-16,0.0
store_262,2015-08-17,843.35
store_262,2015-08-18,742.625
store_262,2015-08-19,674.82
store_262,2015-08-20,673.475
store_262,2015-08-21,654.48
store_262,2015-08-22,488.31
store_262,2015-08-23,0.0
store_262,2015-08-24,608.41
store_262,2015-08-25,555.34
store_262,2015-08-26,556.98
store_262,2015-08-27,570.275
store_262,2015-08-28,577.895
store_262,2015-08-29,492.46
store_262,2015-08-30,0.0
store_263,2015-07-20,926.84
store_263,2015-07-21,828.915
store_263,2015-07-22,813.485
store_263,2015-07-23,848.505
store_263,2015-07-24,856.795
store_263,2015-07-25,845.735
store_263,2015-07-26,0.0
store_263,2015-07-27,1176.465
store_263,2015-07-28,1032.725
store_263,2015-07-29,996.145
store_263,2015-07-30,1010.775
store_263,2015-07-31,988.935
store_263,2015-08-01,863.125
store_263,2015-08-02,0.0
store_263,2015-08-03,1233.075
store_263,2015-08-04,1020.99
store_263,2015-08-05,965.66
store_263,2015-08-06,950.605
store_263,2015-08-07,932.255
store_263,2015-08-08,851.28
store_263,2015-08-09,0.0
store_263,2015-08-10,952.015
store_263,2015-08-11,849.715
store_263,2015-08-12,836.455
store_263,2015-08-13,852.48
store_263,2015-08-14,893.68
store_263,2015-08-15,855.14
store_263,2015-08-16,0.0
store_263,2015-08-17,1216.105
store_263,2015-08-18,1021.22
store_263,2015-08-19,952.995
store_263,2015-08-20,971.955
store_263,2015-08-21,1006.525
store_263,2015-08-22,843.125
store_263,2015-08-23,0.0
store_263,2015-08-24,944.305
store_263,2015-08-25,823.94
store_263,2015-08-26,815.015
store_263,2015-08-27,869.64
store_263,2015-08-28,892.055
store_263,2015-08-29,853.43
store_263,2015-08-30,0.0
store_264,2015-07-20,1608.26
store_264,2015-07-21,1567.81
store_264,2015-07-22,1550.36
store_264,2015-07-23,1557.425
store_264,2015-07-24,1517.05
store_264,2015-07-25,1151.305
store_264,2015-07-26,0.0
store_264,2015-07-27,1873.255
store_264,2015-07-28,1776.22
store_264,2015-07-29,1745.855
store_264,2015-07-30,1729.625
store_264,2015-07-31,1681.35
store_264,2015-08-01,1149.39
store_264,2015-08-02,0.0
store_264,2015-08-03,1894.485
store_264,2015-08-04,1751.53
store_264,2015-08-05,1646.96
store_264,2015-08-06,1634.105
store_264,2015-08-07,1583.095
store_264,2015-08-08,1136.49
store_264,2015-08-09,0.0
store_264,2015-08-10,1642.945
store_264,2015-08-11,1578.43
store_264,2015-08-12,1541.69
store_264,2015-08-13,1533.32
store_264,2015-08-14,1514.465
store_264,2015-08-15,1130.715
store_264,2015-08-16,0.0
store_264,2015-08-17,1840.725
store_264,2015-08-18,1738.48
store_264,2015-08-19,1703.175
store_264,2015-08-20,1678.415
store_264,2015-08-21,1643.95
store_264,2015-08-22,1150.625
store_264,2015-08-23,0.0
store_264,2015-08-24,1586.07
store_264,2015-08-25,1584.65
store_264,2015-08-26,1561.72
store_264,2015-08-27,1539.43
store_264,2015-08-28,1509.215
store_264,2015-08-29,1124.555
store_264,2015-08-30,0.0
store_265,2015-07-20,734.935
store_265,2015-07-21,652.57
store_265,2015-07-22,673.49
store_265,2015-07-23,647.765
store_265,2015-07-24,649.955
store_265,2015-07-25,490.275
store_265,2015-07-26,236.53
store_265,2015-07-27,899.65
store_265,2015-07-28,805.155
store_265,2015-07-29,817.48
store_265,2015-07-30,816.87
store_265,2015-07-31,819.105
store_265,2015-08-01,523.615
store_265,2015-08-02,254.58
store_265,2015-08-03,959.43
store_265,2015-08-04,805.52
store_265,2015-08-05,769.62
store_265,2015-08-06,740.885
store_265,2015-08-07,752.235
store_265,2015-08-08,499.315
store_265,2015-08-09,245.795
store_265,2015-08-10,807.605
store_265,2015-08-11,739.36
store_265,2015-08-12,684.275
store_265,2015-08-13,706.225
store_265,2015-08-14,707.63
store_265,2015-08-15,500.35
store_265,2015-08-16,258.4
store_265,2015-08-17,907.085
store_265,2015-08-18,818.855
store_265,2015-08-19,791.565
store_265,2015-08-20,796.04
store_265,2015-08-21,781.145
store_265,2015-08-22,509.12
store_265,2015-08-23,262.98
store_265,2015-08-24,768.675
store_265,2015-08-25,675.23
store_265,2015-08-26,678.935
store_265,2015-08-27,709.755
store_265,2015-08-28,710.84
store_265,2015-08-29,509.37
store_265,2015-08-30,255.06
store_266,2015-07-20,348.355
store_266,2015-07-21,311.175
store_266,2015-07-22,334.635
store_266,2015-07-23,338.11
store_266,2015-07-24,344.29
store_266,2015-07-25,232.785
store_266,2015-07-26,0.0
store_266,2015-07-27,446.34
store_266,2015-07-28,417.835
store_266,2015-07-29,399.91
store_266,2015-07-30,376.945
store_266,2015-07-31,386.68
store_266,2015-08-01,233.635
store_266,2015-08-02,0.0
store_266,2015-08-03,473.95
store_266,2015-08-04,407.175
store_266,2015-08-05,379.26
store_266,2015-08-06,382.975
store_266,2015-08-07,389.245
store_266,2015-08-08,232.255
store_266,2015-08-09,0.0
store_266,2015-08-10,390.89
store_266,2015-08-11,361.61
store_266,2015-08-12,335.255
store_266,2015-08-13,345.665
store_266,2015-08-14,358.04
store_266,2015-08-15,231.52
store_266,2015-08-16,0.0
store_266,2015-08-17,456.85
store_266,2015-08-18,401.28
store_266,2015-08-19,396.21
store_266,2015-08-20,391.16
store_266,2015-08-21,396.11
store_266,2015-08-22,232.625
store_266,2015-08-23,0.0
store_266,2015-08-24,381.235
store_266,2015-08-25,349.675
store_266,2015-08-26,345.845
store_266,2015-08-27,350.83
store_266,2015-08-28,364.78
store_266,2015-08-29,228.235
store_266,2015-08-30,0.0
store_267,2015-07-20,556.88
store_267,2015-07-21,548.755
store_267,2015-07-22,547.38
store_267,2015-07-23,558.225
store_267,2015-07-24,587.495
store_267,2015-07-25,421.8
store_267,2015-07-26,0.0
store_267,2015-07-27,716.72
store_267,2015-07-28,652.855
store_267,2015-07-29,626.765
store_267,2015-07-30,655.98
store_267,2015-07-31,671.625
store_267,2015-08-01,442.53
store_267,2015-08-02,0.0
store_267,2015-08-03,739.97
store_267,2015-08-04,619.29
store_267,2015-08-05,591.0
store_267,2015-08-06,614.74
store_267,2015-08-07,635.89
store_267,2015-08-08,429.725
store_267,2015-08-09,0.0
store_267,2015-08-10,566.805
store_267,2015-08-11,528.07
store_267,2015-08-12,532.175
store_267,2015-08-13,537.41
store_267,2015-08-14,567.01
store_267,2015-08-15,423.885
store_267,2015-08-16,0.0
store_267,2015-08-17,739.15
store_267,2015-08-18,641.515
store_267,2015-08-19,615.605
store_267,2015-08-20,622.075
store_267,2015-08-21,646.515
store_267,2015-08-22,435.23
store_267,2015-08-23,0.0
store_267,2015-08-24,557.945
store_267,2015-08-25,497.925
store_267,2015-08-26,506.86
store_267,2015-08-27,519.44
store_267,2015-08-28,563.38
store_267,2015-08-29,424.295
store_267,2015-08-30,0.0
store_268,2015-07-20,677.14
store_268,2015-07-21,587.175
store_268,2015-07-22,591.74
store_268,2015-07-23,600.465
store_268,2015-07-24,646.105
store_268,2015-07-25,691.84
store_268,2015-07-26,0.0
store_268,2015-07-27,811.59
store_268,2015-07-28,714.085
store_268,2015-07-29,693.45
store_268,2015-07-30,702.265
store_268,2015-07-31,716.315
store_268,2015-08-01,727.855
store_268,2015-08-02,0.0
store_268,2015-08-03,884.795
store_268,2015-08-04,741.29
store_268,2015-08-05,681.12
store_268,2015-08-06,663.795
store_268,2015-08-07,687.095
store_268,2015-08-08,729.97
store_268,2015-08-09,0.0
store_268,2015-08-10,651.285
store_268,2015-08-11,593.15
store_268,2015-08-12,585.43
store_268,2015-08-13,595.705
store_268,2015-08-14,644.63
store_268,2015-08-15,718.49
store_268,2015-08-16,0.0
store_268,2015-08-17,870.43
store_268,2015-08-18,733.06
store_268,2015-08-19,702.04
store_268,2015-08-20,689.56
store_268,2015-08-21,714.85
store_268,2015-08-22,717.265
store_268,2015-08-23,0.0
store_268,2015-08-24,650.555
store_268,2015-08-25,576.66
store_268,2015-08-26,567.885
store_268,2015-08-27,597.37
store_268,2015-08-28,656.265
store_268,2015-08-29,720.895
store_268,2015-08-30,0.0
store_269,2015-07-20,450.64
store_269,2015-07-21,383.65
store_269,2015-07-22,396.72
store_269,2015-07-23,401.725
store_269,2015-07-24,436.705
store_269,2015-07-25,466.105
store_269,2015-07-26,0.0
store_269,2015-07-27,569.34
store_269,2015-07-28,499.07
store_269,2015-07-29,480.155
store_269,2015-07-30,473.65
store_269,2015-07-31,490.125
store_269,2015-08-01,477.965
store_269,2015-08-02,0.0
store_269,2015-08-03,590.37
store_269,2015-08-04,508.55
store_269,2015-08-05,474.525
store_269,2015-08-06,464.79
store_269,2015-08-07,465.28
store_269,2015-08-08,450.435
store_269,2015-08-09,0.0
store_269,2015-08-10,483.35
store_269,2015-08-11,451.265
store_269,2015-08-12,427.345
store_269,2015-08-13,435.74
store_269,2015-08-14,440.38
store_269,2015-08-15,451.305
store_269,2015-08-16,0.0
store_269,2015-08-17,595.495
store_269,2015-08-18,523.065
store_269,2015-08-19,498.67
store_269,2015-08-20,493.52
store_269,2015-08-21,496.205
store_269,2015-08-22,456.235
store_269,2015-08-23,0.0
store_269,2015-08-24,464.635
store_269,2015-08-25,426.99
store_269,2015-08-26,416.03
store_269,2015-08-27,424.92
store_269,2015-08-28,436.78
store_269,2015-08-29,455.125
store_269,2015-08-30,0.0
store_27,2015-07-20,450.935
store_27,2015-07-21,419.84
store_27,2015-07-22,472.28
store_27,2015-07-23,491.375
store_27,2015-07-24,530.44
store_27,2015-07-25,354.585
store_27,2015-07-26,0.0
store_27,2015-07-27,638.505
store_27,2015-07-28,565.48
store_27,2015-07-29,561.78
store_27,2015-07-30,567.93
store_27,2015-07-31,599.915
store_27,2015-08-01,397.465
store_27,2015-08-02,0.0
store_27,2015-08-03,653.685
store_27,2015-08-04,538.055
store_27,2015-08-05,520.915
store_27,2015-08-06,556.04
store_27,2015-08-07,564.08
store_27,2015-08-08,372.77
store_27,2015-08-09,0.0
store_27,2015-08-10,462.06
store_27,2015-08-11,427.2
store_27,2015-08-12,445.85
store_27,2015-08-13,471.06
store_27,2015-08-14,507.125
store_27,2015-08-15,381.86
store_27,2015-08-16,0.0
store_27,2015-08-17,651.46
store_27,2015-08-18,552.195
store_27,2015-08-19,531.455
store_27,2015-08-20,551.805
store_27,2015-08-21,586.975
store_27,2015-08-22,375.265
store_27,2015-08-23,0.0
store_27,2015-08-24,450.99
store_27,2015-08-25,414.66
store_27,2015-08-26,430.685
store_27,2015-08-27,455.855
store_27,2015-08-28,521.795
store_27,2015-08-29,391.64
store_27,2015-08-30,0.0
store_270,2015-07-20,1381.415
store_270,2015-07-21,1214.47
store_270,2015-07-22,1141.865
store_270,2015-07-23,1181.21
store_270,2015-07-24,1316.255
store_270,2015-07-25,1901.855
store_270,2015-07-26,0.0
store_270,2015-07-27,1611.75
store_270,2015-07-28,1460.515
store_270,2015-07-29,1362.295
store_270,2015-07-30,1340.915
store_270,2015-07-31,1410.545
store_270,2015-08-01,1874.34
store_270,2015-08-02,0.0
store_270,2015-08-03,1638.19
store_270,2015-08-04,1484.87
store_270,2015-08-05,1361.14
store_270,2015-08-06,1338.56
store_270,2015-08-07,1397.34
store_270,2015-08-08,1850.68
store_270,2015-08-09,0.0
store_270,2015-08-10,1338.72
store_270,2015-08-11,1267.245
store_270,2015-08-12,1185.975
store_270,2015-08-13,1200.71
store_270,2015-08-14,1243.4
store_270,2015-08-15,1814.61
store_270,2015-08-16,0.0
store_270,2015-08-17,1674.135
store_270,2015-08-18,1520.765
store_270,2015-08-19,1410.525
store_270,2015-08-20,1376.34
store_270,2015-08-21,1400.5
store_270,2015-08-22,1796.26
store_270,2015-08-23,0.0
store_270,2015-08-24,1376.595
store_270,2015-08-25,1286.215
store_270,2015-08-26,1247.95
store_270,2015-08-27,1227.685
store_270,2015-08-28,1269.97
store_270,2015-08-29,1740.9
store_270,2015-08-30,0.0
store_271,2015-07-20,489.865
store_271,2015-07-21,478.81
store_271,2015-07-22,482.445
store_271,2015-07-23,510.86
store_271,2015-07-24,533.585
store_271,2015-07-25,295.68
store_271,2015-07-26,0.0
store_271,2015-07-27,679.37
store_271,2015-07-28,627.18
store_271,2015-07-29,590.92
store_271,2015-07-30,615.085
store_271,2015-07-31,615.115
store_271,2015-08-01,302.31
store_271,2015-08-02,0.0
store_271,2015-08-03,753.585
store_271,2015-08-04,625.4
store_271,2015-08-05,570.43
store_271,2015-08-06,558.62
store_271,2015-08-07,555.59
store_271,2015-08-08,300.285
store_271,2015-08-09,0.0
store_271,2015-08-10,536.22
store_271,2015-08-11,523.16
store_271,2015-08-12,497.665
store_271,2015-08-13,491.63
store_271,2015-08-14,496.5
store_271,2015-08-15,289.25
store_271,2015-08-16,0.0
store_271,2015-08-17,766.28
store_271,2015-08-18,660.01
store_271,2015-08-19,607.665
store_271,2015-08-20,576.625
store_271,2015-08-21,581.265
store_271,2015-08-22,299.11
store_271,2015-08-23,0.0
store_271,2015-08-24,516.82
store_271,2015-08-25,497.565
store_271,2015-08-26,493.905
store_271,2015-08-27,500.175
store_271,2015-08-28,518.615
store_271,2015-08-29,287.805
store_271,2015-08-30,0.0
store_272,2015-07-20,684.39
store_272,2015-07-21,615.91
store_272,2015-07-22,573.7
store_272,2015-07-23,557.68
store_272,2015-07-24,555.215
store_272,2015-07-25,569.53
store_272,2015-07-26,0.0
store_272,2015-07-27,765.255
store_272,2015-07-28,683.77
store_272,2015-07-29,654.09
store_272,2015-07-30,673.655
store_272,2015-07-31,656.37
store_272,2015-08-01,581.16
store_272,2015-08-02,0.0
store_272,2015-08-03,797.97
store_272,2015-08-04,677.365
store_272,2015-08-05,629.9
store_272,2015-08-06,627.765
store_272,2015-08-07,601.88
store_272,2015-08-08,559.88
store_272,2015-08-09,0.0
store_272,2015-08-10,669.625
store_272,2015-08-11,602.915
store_272,2015-08-12,562.055
store_272,2015-08-13,574.245
store_272,2015-08-14,558.28
store_272,2015-08-15,548.62
store_272,2015-08-16,0.0
store_272,2015-08-17,848.995
store_272,2015-08-18,747.365
store_272,2015-08-19,698.28
store_272,2015-08-20,679.48
store_272,2015-08-21,648.495
store_272,2015-08-22,554.805
store_272,2015-08-23,0.0
store_272,2015-08-24,670.38
store_272,2015-08-25,596.445
store_272,2015-08-26,576.625
store_272,2015-08-27,575.2
store_272,2015-08-28,577.62
store_272,2015-08-29,550.93
store_272,2015-08-30,0.0
store_273,2015-07-20,640.22
store_273,2015-07-21,595.5
store_273,2015-07-22,610.82
store_273,2015-07-23,645.325
store_273,2015-07-24,654.385
store_273,2015-07-25,434.3
store_273,2015-07-26,0.0
store_273,2015-07-27,848.19
store_273,2015-07-28,757.22
store_273,2015-07-29,746.595
store_273,2015-07-30,752.105
store_273,2015-07-31,771.405
store_273,2015-08-01,448.05
store_273,2015-08-02,0.0
store_273,2015-08-03,900.23
store_273,2015-08-04,755.825
store_273,2015-08-05,711.33
store_273,2015-08-06,716.18
store_273,2015-08-07,726.12
store_273,2015-08-08,452.3
store_273,2015-08-09,0.0
store_273,2015-08-10,698.81
store_273,2015-08-11,643.545
store_273,2015-08-12,641.41
store_273,2015-08-13,644.925
store_273,2015-08-14,673.17
store_273,2015-08-15,447.48
store_273,2015-08-16,0.0
store_273,2015-08-17,915.855
store_273,2015-08-18,773.995
store_273,2015-08-19,718.065
store_273,2015-08-20,737.935
store_273,2015-08-21,741.765
store_273,2015-08-22,446.715
store_273,2015-08-23,0.0
store_273,2015-08-24,750.355
store_273,2015-08-25,679.725
store_273,2015-08-26,646.565
store_273,2015-08-27,669.55
store_273,2015-08-28,671.915
store_273,2015-08-29,453.03
store_273,2015-08-30,0.0
store_274,2015-07-20,1364.04
store_274,2015-07-21,1252.54
store_274,2015-07-22,1294.425
store_274,2015-07-23,1319.64
store_274,2015-07-24,1269.7
store_274,2015-07-25,1153.735
store_274,2015-07-26,0.0
store_274,2015-07-27,1703.77
store_274,2015-07-28,1693.115
store_274,2015-07-29,1761.675
store_274,2015-07-30,1682.935
store_274,2015-07-31,1530.33
store_274,2015-08-01,1198.975
store_274,2015-08-02,0.0
store_274,2015-08-03,1767.465
store_274,2015-08-04,1565.335
store_274,2015-08-05,1471.26
store_274,2015-08-06,1473.52
store_274,2015-08-07,1430.305
store_274,2015-08-08,1215.155
store_274,2015-08-09,0.0
store_274,2015-08-10,1500.94
store_274,2015-08-11,1423.625
store_274,2015-08-12,1399.845
store_274,2015-08-13,1399.345
store_274,2015-08-14,1411.325
store_274,2015-08-15,1220.205
store_274,2015-08-16,0.0
store_274,2015-08-17,1784.01
store_274,2015-08-18,1628.835
store_274,2015-08-19,1507.66
store_274,2015-08-20,1536.31
store_274,2015-08-21,1481.615
store_274,2015-08-22,1198.505
store_274,2015-08-23,0.0
store_274,2015-08-24,1417.05
store_274,2015-08-25,1323.57
store_274,2015-08-26,1247.165
store_274,2015-08-27,1311.615
store_274,2015-08-28,1362.63
store_274,2015-08-29,1219.65
store_274,2015-08-30,0.0
store_275,2015-07-20,882.825
store_275,2015-07-21,841.755
store_275,2015-07-22,837.8
store_275,2015-07-23,1072.5
store_275,2015-07-24,957.54
store_275,2015-07-25,1261.365
store_275,2015-07-26,0.0
store_275,2015-07-27,1099.745
store_275,2015-07-28,1000.55
store_275,2015-07-29,958.24
store_275,2015-07-30,1167.14
store_275,2015-07-31,1106.31
store_275,2015-08-01,1346.825
store_275,2015-08-02,0.0
store_275,2015-08-03,1220.495
store_275,2015-08-04,1020.89
store_275,2015-08-05,970.815
store_275,2015-08-06,1087.795
store_275,2015-08-07,1050.975
store_275,2015-08-08,1256.145
store_275,2015-08-09,0.0
store_275,2015-08-10,1008.945
store_275,2015-08-11,908.16
store_275,2015-08-12,868.475
store_275,2015-08-13,927.59
store_275,2015-08-14,959.26
store_275,2015-08-15,1361.53
store_275,2015-08-16,0.0
store_275,2015-08-17,1261.38
store_275,2015-08-18,1107.24
store_275,2015-08-19,1038.91
store_275,2015-08-20,1078.175
store_275,2015-08-21,1074.72
store_275,2015-08-22,1340.02
store_275,2015-08-23,0.0
store_275,2015-08-24,996.65
store_275,2015-08-25,878.3
store_275,2015-08-26,860.725
store_275,2015-08-27,899.235
store_275,2015-08-28,940.63
store_275,2015-08-29,1368.57
store_275,2015-08-30,0.0
store_276,2015-07-20,452.275
store_276,2015-07-21,403.86
store_276,2015-07-22,404.76
store_276,2015-07-23,420.83
store_276,2015-07-24,446.005
store_276,2015-07-25,396.73
store_276,2015-07-26,0.0
store_276,2015-07-27,551.05
store_276,2015-07-28,492.94
store_276,2015-07-29,492.38
store_276,2015-07-30,509.79
store_276,2015-07-31,530.785
store_276,2015-08-01,414.695
store_276,2015-08-02,0.0
store_276,2015-08-03,574.86
store_276,2015-08-04,504.775
store_276,2015-08-05,467.35
store_276,2015-08-06,468.905
store_276,2015-08-07,477.0
store_276,2015-08-08,398.47
store_276,2015-08-09,0.0
store_276,2015-08-10,499.11
store_276,2015-08-11,449.435
store_276,2015-08-12,420.39
store_276,2015-08-13,423.28
store_276,2015-08-14,428.035
store_276,2015-08-15,405.97
store_276,2015-08-16,0.0
store_276,2015-08-17,618.12
store_276,2015-08-18,539.12
store_276,2015-08-19,503.015
store_276,2015-08-20,502.325
store_276,2015-08-21,495.065
store_276,2015-08-22,414.655
store_276,2015-08-23,0.0
store_276,2015-08-24,499.74
store_276,2015-08-25,431.965
store_276,2015-08-26,422.06
store_276,2015-08-27,416.565
store_276,2015-08-28,428.945
store_276,2015-08-29,409.775
store_276,2015-08-30,0.0
store_277,2015-07-20,428.475
store_277,2015-07-21,407.35
store_277,2015-07-22,410.495
store_277,2015-07-23,421.48
store_277,2015-07-24,443.6
store_277,2015-07-25,289.245
store_277,2015-07-26,0.0
store_277,2015-07-27,587.44
store_277,2015-07-28,521.255
store_277,2015-07-29,510.03
store_277,2015-07-30,526.445
store_277,2015-07-31,526.57
store_277,2015-08-01,297.62
store_277,2015-08-02,0.0
store_277,2015-08-03,615.365
store_277,2015-08-04,518.985
store_277,2015-08-05,483.83
store_277,2015-08-06,481.95
store_277,2015-08-07,490.35
store_277,2015-08-08,280.755
store_277,2015-08-09,0.0
store_277,2015-08-10,485.645
store_277,2015-08-11,450.945
store_277,2015-08-12,432.15
store_277,2015-08-13,448.195
store_277,2015-08-14,461.265
store_277,2015-08-15,278.745
store_277,2015-08-16,0.0
store_277,2015-08-17,611.395
store_277,2015-08-18,538.965
store_277,2015-08-19,508.23
store_277,2015-08-20,504.8
store_277,2015-08-21,508.115
store_277,2015-08-22,279.53
store_277,2015-08-23,0.0
store_277,2015-08-24,480.86
store_277,2015-08-25,436.29
store_277,2015-08-26,438.68
store_277,2015-08-27,452.34
store_277,2015-08-28,469.96
store_277,2015-08-29,280.385
store_277,2015-08-30,0.0
store_278,2015-07-20,1503.9
store_278,2015-07-21,1345.225
store_278,2015-07-22,1380.74
store_278,2015-07-23,1358.225
store_278,2015-07-24,1258.585
store_278,2015-07-25,1149.245
store_278,2015-07-26,902.13
store_278,2015-07-27,1668.055
store_278,2015-07-28,1475.205
store_278,2015-07-29,1364.07
store_278,2015-07-30,1423.765
store_278,2015-07-31,1289.205
store_278,2015-08-01,1169.215
store_278,2015-08-02,966.335
store_278,2015-08-03,1718.075
store_278,2015-08-04,1577.555
store_278,2015-08-05,1371.335
store_278,2015-08-06,1576.045
store_278,2015-08-07,1336.32
store_278,2015-08-08,1157.115
store_278,2015-08-09,1004.39
store_278,2015-08-10,1552.075
store_278,2015-08-11,1439.08
store_278,2015-08-12,1330.06
store_278,2015-08-13,1429.59
store_278,2015-08-14,1293.66
store_278,2015-08-15,1152.41
store_278,2015-08-16,1042.555
store_278,2015-08-17,1620.675
store_278,2015-08-18,1543.07
store_278,2015-08-19,1339.675
store_278,2015-08-20,1499.64
store_278,2015-08-21,1236.425
store_278,2015-08-22,1131.31
store_278,2015-08-23,1015.98
store_278,2015-08-24,1465.835
store_278,2015-08-25,1357.5
store_278,2015-08-26,1296.735
store_278,2015-08-27,1409.35
store_278,2015-08-28,1230.92
store_278,2015-08-29,1117.17
store_278,2015-08-30,961.215
store_279,2015-07-20,496.21
store_279,2015-07-21,440.035
store_279,2015-07-22,444.23
store_279,2015-07-23,432.15
store_279,2015-07-24,440.795
store_279,2015-07-25,529.565
store_279,2015-07-26,0.0
store_279,2015-07-27,593.19
store_279,2015-07-28,531.045
store_279,2015-07-29,517.035
store_279,2015-07-30,504.74
store_279,2015-07-31,505.71
store_279,2015-08-01,535.285
store_279,2015-08-02,0.0
store_279,2015-08-03,623.44
store_279,2015-08-04,525.385
store_279,2015-08-05,501.835
store_279,2015-08-06,495.03
store_279,2015-08-07,500.68
store_279,2015-08-08,520.845
store_279,2015-08-09,0.0
store_279,2015-08-10,473.09
store_279,2015-08-11,433.345
store_279,2015-08-12,420.8
store_279,2015-08-13,437.99
store_279,2015-08-14,472.27
store_279,2015-08-15,515.8
store_279,2015-08-16,0.0
store_279,2015-08-17,628.655
store_279,2015-08-18,536.525
store_279,2015-08-19,520.27
store_279,2015-08-20,522.75
store_279,2015-08-21,537.055
store_279,2015-08-22,524.99
store_279,2015-08-23,0.0
store_279,2015-08-24,458.19
store_279,2015-08-25,412.515
store_279,2015-08-26,430.19
store_279,2015-08-27,442.035
store_279,2015-08-28,476.675
store_279,2015-08-29,520.235
store_279,2015-08-30,0.0
store_28,2015-07-20,404.2
store_28,2015-07-21,354.91
store_28,2015-07-22,344.895
store_28,2015-07-23,373.895
store_28,2015-07-24,404.71
store_28,2015-07-25,452.44
store_28,2015-07-26,0.0
store_28,2015-07-27,525.195
store_28,2015-07-28,459.775
store_28,2015-07-29,462.41
store_28,2015-07-30,465.07
store_28,2015-07-31,470.495
store_28,2015-08-01,484.295
store_28,2015-08-02,0.0
store_28,2015-08-03,545.19
store_28,2015-08-04,462.88
store_28,2015-08-05,423.735
store_28,2015-08-06,434.92
store_28,2015-08-07,451.17
store_28,2015-08-08,459.52
store_28,2015-08-09,0.0
store_28,2015-08-10,413.815
store_28,2015-08-11,372.02
store_28,2015-08-12,385.655
store_28,2015-08-13,414.005
store_28,2015-08-14,423.38
store_28,2015-08-15,444.86
store_28,2015-08-16,0.0
store_28,2015-08-17,533.155
store_28,2015-08-18,471.55
store_28,2015-08-19,443.025
store_28,2015-08-20,459.075
store_28,2015-08-21,479.765
store_28,2015-08-22,444.74
store_28,2015-08-23,0.0
store_28,2015-08-24,393.305
store_28,2015-08-25,342.85
store_28,2015-08-26,361.89
store_28,2015-08-27,399.33
store_28,2015-08-28,435.935
store_28,2015-08-29,452.745
store_28,2015-08-30,0.0
store_280,2015-07-20,770.965
store_280,2015-07-21,699.18
store_280,2015-07-22,768.835
store_280,2015-07-23,793.82
store_280,2015-07-24,724.75
store_280,2015-07-25,654.575
store_280,2015-07-26,0.0
store_280,2015-07-27,973.75
store_280,2015-07-28,898.59
store_280,2015-07-29,941.96
store_280,2015-07-30,977.5
store_280,2015-07-31,866.955
store_280,2015-08-01,674.635
store_280,2015-08-02,0.0
store_280,2015-08-03,1081.03
store_280,2015-08-04,913.26
store_280,2015-08-05,877.985
store_280,2015-08-06,865.255
store_280,2015-08-07,814.765
store_280,2015-08-08,662.025
store_280,2015-08-09,0.0
store_280,2015-08-10,811.575
store_280,2015-08-11,753.565
store_280,2015-08-12,740.685
store_280,2015-08-13,771.745
store_280,2015-08-14,782.73
store_280,2015-08-15,673.02
store_280,2015-08-16,0.0
store_280,2015-08-17,1068.96
store_280,2015-08-18,956.65
store_280,2015-08-19,901.325
store_280,2015-08-20,888.855
store_280,2015-08-21,856.635
store_280,2015-08-22,665.115
store_280,2015-08-23,0.0
store_280,2015-08-24,801.035
store_280,2015-08-25,708.99
store_280,2015-08-26,709.19
store_280,2015-08-27,771.18
store_280,2015-08-28,777.81
store_280,2015-08-29,683.22
store_280,2015-08-30,0.0
store_281,2015-07-20,686.93
store_281,2015-07-21,617.72
store_281,2015-07-22,604.995
store_281,2015-07-23,609.615
store_281,2015-07-24,603.43
store_281,2015-07-25,843.82
store_281,2015-07-26,0.0
store_281,2015-07-27,815.51
store_281,2015-07-28,749.75
store_281,2015-07-29,770.885
store_281,2015-07-30,778.535
store_281,2015-07-31,760.865
store_281,2015-08-01,840.315
store_281,2015-08-02,0.0
store_281,2015-08-03,885.51
store_281,2015-08-04,778.64
store_281,2015-08-05,725.81
store_281,2015-08-06,716.375
store_281,2015-08-07,709.625
store_281,2015-08-08,798.94
store_281,2015-08-09,0.0
store_281,2015-08-10,709.045
store_281,2015-08-11,656.045
store_281,2015-08-12,645.915
store_281,2015-08-13,639.45
store_281,2015-08-14,660.39
store_281,2015-08-15,774.5
store_281,2015-08-16,0.0
store_281,2015-08-17,871.105
store_281,2015-08-18,793.86
store_281,2015-08-19,750.75
store_281,2015-08-20,761.92
store_281,2015-08-21,752.81
store_281,2015-08-22,773.87
store_281,2015-08-23,0.0
store_281,2015-08-24,762.695
store_281,2015-08-25,679.42
store_281,2015-08-26,645.595
store_281,2015-08-27,652.415
store_281,2015-08-28,675.465
store_281,2015-08-29,750.765
store_281,2015-08-30,0.0
store_282,2015-07-20,1049.035
store_282,2015-07-21,1016.28
store_282,2015-07-22,972.53
store_282,2015-07-23,1053.675
store_282,2015-07-24,1061.73
store_282,2015-07-25,732.04
store_282,2015-07-26,0.0
store_282,2015-07-27,1432.125
store_282,2015-07-28,1340.735
store_282,2015-07-29,1255.34
store_282,2015-07-30,1268.5
store_282,2015-07-31,1191.865
store_282,2015-08-01,750.6
store_282,2015-08-02,0.0
store_282,2015-08-03,1479.205
store_282,2015-08-04,1307.555
store_282,2015-08-05,1231.605
store_282,2015-08-06,1225.76
store_282,2015-08-07,1157.57
store_282,2015-08-08,758.13
store_282,2015-08-09,0.0
store_282,2015-08-10,1128.375
store_282,2015-08-11,1065.82
store_282,2015-08-12,1059.36
store_282,2015-08-13,1089.695
store_282,2015-08-14,1071.96
store_282,2015-08-15,763.785
store_282,2015-08-16,0.0
store_282,2015-08-17,1379.44
store_282,2015-08-18,1270.875
store_282,2015-08-19,1195.7
store_282,2015-08-20,1196.45
store_282,2015-08-21,1178.62
store_282,2015-08-22,792.54
store_282,2015-08-23,0.0
store_282,2015-08-24,1069.92
store_282,2015-08-25,976.145
store_282,2015-08-26,999.14
store_282,2015-08-27,1025.175
store_282,2015-08-28,1047.79
store_282,2015-08-29,809.99
store_282,2015-08-30,0.0
store_283,2015-07-20,467.785
store_283,2015-07-21,407.045
store_283,2015-07-22,407.685
store_283,2015-07-23,393.745
store_283,2015-07-24,422.695
store_283,2015-07-25,473.71
store_283,2015-07-26,0.0
store_283,2015-07-27,609.8
store_283,2015-07-28,505.23
store_283,2015-07-29,498.305
store_283,2015-07-30,488.755
store_283,2015-07-31,475.715
store_283,2015-08-01,489.975
store_283,2015-08-02,0.0
store_283,2015-08-03,661.31
store_283,2015-08-04,526.145
store_283,2015-08-05,488.03
store_283,2015-08-06,482.945
store_283,2015-08-07,471.5
store_283,2015-08-08,465.845
store_283,2015-08-09,0.0
store_283,2015-08-10,502.505
store_283,2015-08-11,448.59
store_283,2015-08-12,429.735
store_283,2015-08-13,444.52
store_283,2015-08-14,454.765
store_283,2015-08-15,464.685
store_283,2015-08-16,0.0
store_283,2015-08-17,664.81
store_283,2015-08-18,560.37
store_283,2015-08-19,533.225
store_283,2015-08-20,523.18
store_283,2015-08-21,519.855
store_283,2015-08-22,491.28
store_283,2015-08-23,0.0
store_283,2015-08-24,488.725
store_283,2015-08-25,438.095
store_283,2015-08-26,446.375
store_283,2015-08-27,446.94
store_283,2015-08-28,468.055
store_283,2015-08-29,468.735
store_283,2015-08-30,0.0
store_284,2015-07-20,897.215
store_284,2015-07-21,841.625
store_284,2015-07-22,834.495
store_284,2015-07-23,842.525
store_284,2015-07-24,834.905
store_284,2015-07-25,547.925
store_284,2015-07-26,0.0
store_284,2015-07-27,1111.52
store_284,2015-07-28,1041.17
store_284,2015-07-29,1003.235
store_284,2015-07-30,1018.64
store_284,2015-07-31,979.87
store_284,2015-08-01,603.68
store_284,2015-08-02,0.0
store_284,2015-08-03,1133.185
store_284,2015-08-04,1029.25
store_284,2015-08-05,962.265
store_284,2015-08-06,934.875
store_284,2015-08-07,893.5
store_284,2015-08-08,572.305
store_284,2015-08-09,0.0
store_284,2015-08-10,854.86
store_284,2015-08-11,845.755
store_284,2015-08-12,847.25
store_284,2015-08-13,839.95
store_284,2015-08-14,868.145
store_284,2015-08-15,586.09
store_284,2015-08-16,0.0
store_284,2015-08-17,1135.325
store_284,2015-08-18,1030.075
store_284,2015-08-19,973.57
store_284,2015-08-20,976.915
store_284,2015-08-21,960.55
store_284,2015-08-22,591.395
store_284,2015-08-23,0.0
store_284,2015-08-24,894.65
store_284,2015-08-25,824.855
store_284,2015-08-26,841.795
store_284,2015-08-27,854.74
store_284,2015-08-28,833.63
store_284,2015-08-29,568.405
store_284,2015-08-30,0.0
store_285,2015-07-20,602.23
store_285,2015-07-21,526.905
store_285,2015-07-22,556.48
store_285,2015-07-23,556.455
store_285,2015-07-24,585.625
store_285,2015-07-25,582.365
store_285,2015-07-26,0.0
store_285,2015-07-27,833.07
store_285,2015-07-28,688.74
store_285,2015-07-29,689.875
store_285,2015-07-30,693.705
store_285,2015-07-31,689.615
store_285,2015-08-01,608.73
store_285,2015-08-02,0.0
store_285,2015-08-03,879.49
store_285,2015-08-04,706.875
store_285,2015-08-05,666.49
store_285,2015-08-06,662.825
store_285,2015-08-07,645.835
store_285,2015-08-08,593.34
store_285,2015-08-09,0.0
store_285,2015-08-10,640.35
store_285,2015-08-11,581.595
store_285,2015-08-12,579.835
store_285,2015-08-13,597.735
store_285,2015-08-14,608.385
store_285,2015-08-15,588.225
store_285,2015-08-16,0.0
store_285,2015-08-17,873.925
store_285,2015-08-18,719.83
store_285,2015-08-19,695.645
store_285,2015-08-20,699.97
store_285,2015-08-21,709.22
store_285,2015-08-22,605.32
store_285,2015-08-23,0.0
store_285,2015-08-24,630.765
store_285,2015-08-25,571.5
store_285,2015-08-26,579.22
store_285,2015-08-27,600.055
store_285,2015-08-28,632.56
store_285,2015-08-29,597.8
store_285,2015-08-30,0.0
store_286,2015-07-20,645.15
store_286,2015-07-21,584.115
store_286,2015-07-22,606.2
store_286,2015-07-23,659.62
store_286,2015-07-24,692.8
store_286,2015-07-25,408.57
store_286,2015-07-26,0.0
store_286,2015-07-27,793.69
store_286,2015-07-28,722.98
store_286,2015-07-29,750.705
store_286,2015-07-30,779.31
store_286,2015-07-31,802.835
store_286,2015-08-01,431.38
store_286,2015-08-02,0.0
store_286,2015-08-03,861.38
store_286,2015-08-04,729.855
store_286,2015-08-05,703.345
store_286,2015-08-06,721.65
store_286,2015-08-07,746.42
store_286,2015-08-08,431.135
store_286,2015-08-09,0.0
store_286,2015-08-10,689.885
store_286,2015-08-11,622.115
store_286,2015-08-12,612.65
store_286,2015-08-13,641.94
store_286,2015-08-14,670.535
store_286,2015-08-15,428.485
store_286,2015-08-16,0.0
store_286,2015-08-17,902.52
store_286,2015-08-18,744.85
store_286,2015-08-19,703.995
store_286,2015-08-20,731.37
store_286,2015-08-21,740.9
store_286,2015-08-22,424.48
store_286,2015-08-23,0.0
store_286,2015-08-24,732.405
store_286,2015-08-25,663.31
store_286,2015-08-26,627.075
store_286,2015-08-27,647.015
store_286,2015-08-28,677.915
store_286,2015-08-29,431.005
store_286,2015-08-30,0.0
store_287,2015-07-20,1382.145
store_287,2015-07-21,1410.835
store_287,2015-07-22,1387.975
store_287,2015-07-23,1477.655
store_287,2015-07-24,1325.835
store_287,2015-07-25,1467.55
store_287,2015-07-26,0.0
store_287,2015-07-27,1704.945
store_287,2015-07-28,1627.375
store_287,2015-07-29,1600.695
store_287,2015-07-30,1642.205
store_287,2015-07-31,1503.18
store_287,2015-08-01,1511.78
store_287,2015-08-02,0.0
store_287,2015-08-03,1770.6
store_287,2015-08-04,1645.385
store_287,2015-08-05,1555.625
store_287,2015-08-06,1521.955
store_287,2015-08-07,1504.36
store_287,2015-08-08,1446.185
store_287,2015-08-09,0.0
store_287,2015-08-10,1370.605
store_287,2015-08-11,1412.495
store_287,2015-08-12,1356.185
store_287,2015-08-13,1404.33
store_287,2015-08-14,1418.025
store_287,2015-08-15,1411.14
store_287,2015-08-16,0.0
store_287,2015-08-17,1728.22
store_287,2015-08-18,1627.1
store_287,2015-08-19,1537.78
store_287,2015-08-20,1599.155
store_287,2015-08-21,1492.84
store_287,2015-08-22,1428.955
store_287,2015-08-23,0.0
store_287,2015-08-24,1375.95
store_287,2015-08-25,1311.87
store_287,2015-08-26,1321.865
store_287,2015-08-27,1419.53
store_287,2015-08-28,1426.39
store_287,2015-08-29,1442.585
store_287,2015-08-30,0.0
store_288,2015-07-20,664.58
store_288,2015-07-21,601.995
store_288,2015-07-22,568.51
store_288,2015-07-23,581.93
store_288,2015-07-24,573.625
store_288,2015-07-25,829.75
store_288,2015-07-26,0.0
store_288,2015-07-27,797.195
store_288,2015-07-28,719.5
store_288,2015-07-29,697.525
store_288,2015-07-30,706.33
store_288,2015-07-31,694.625
store_288,2015-08-01,845.51
store_288,2015-08-02,0.0
store_288,2015-08-03,879.155
store_288,2015-08-04,740.185
store_288,2015-08-05,683.625
store_288,2015-08-06,675.0
store_288,2015-08-07,641.875
store_288,2015-08-08,826.22
store_288,2015-08-09,0.0
store_288,2015-08-10,715.88
store_288,2015-08-11,660.175
store_288,2015-08-12,633.905
store_288,2015-08-13,634.14
store_288,2015-08-14,628.09
store_288,2015-08-15,814.9
store_288,2015-08-16,0.0
store_288,2015-08-17,861.51
store_288,2015-08-18,777.91
store_288,2015-08-19,737.88
store_288,2015-08-20,731.755
store_288,2015-08-21,701.46
store_288,2015-08-22,793.63
store_288,2015-08-23,0.0
store_288,2015-08-24,799.075
store_288,2015-08-25,725.68
store_288,2015-08-26,680.295
store_288,2015-08-27,670.45
store_288,2015-08-28,678.695
store_288,2015-08-29,805.165
store_288,2015-08-30,0.0
store_289,2015-07-20,1428.045
store_289,2015-07-21,1345.775
store_289,2015-07-22,1360.15
store_289,2015-07-23,1408.895
store_289,2015-07-24,1394.275
store_289,2015-07-25,1582.81
store_289,2015-07-26,0.0
store_289,2015-07-27,1808.365
store_289,2015-07-28,1728.165
store_289,2015-07-29,1723.475
store_289,2015-07-30,1731.01
store_289,2015-07-31,1608.99
store_289,2015-08-01,1583.375
store_289,2015-08-02,0.0
store_289,2015-08-03,1801.185
store_289,2015-08-04,1664.95
store_289,2015-08-05,1534.1
store_289,2015-08-06,1525.755
store_289,2015-08-07,1503.04
store_289,2015-08-08,1549.85
store_289,2015-08-09,0.0
store_289,2015-08-10,1562.195
store_289,2015-08-11,1452.855
store_289,2015-08-12,1407.03
store_289,2015-08-13,1415.52
store_289,2015-08-14,1457.59
store_289,2015-08-15,1548.08
store_289,2015-08-16,0.0
store_289,2015-08-17,1832.165
store_289,2015-08-18,1710.31
store_289,2015-08-19,1624.135
store_289,2015-08-20,1591.38
store_289,2015-08-21,1512.525
store_289,2015-08-22,1483.86
store_289,2015-08-23,0.0
store_289,2015-08-24,1452.47
store_289,2015-08-25,1448.76
store_289,2015-08-26,1483.185
store_289,2015-08-27,1492.7
store_289,2015-08-28,1485.185
store_289,2015-08-29,1468.76
store_289,2015-08-30,0.0
store_29,2015-07-20,866.26
store_29,2015-07-21,799.365
store_29,2015-07-22,831.95
store_29,2015-07-23,826.655
store_29,2015-07-24,791.79
store_29,2015-07-25,677.565
store_29,2015-07-26,0.0
store_29,2015-07-27,1073.005
store_29,2015-07-28,976.49
store_29,2015-07-29,975.92
store_29,2015-07-30,994.715
store_29,2015-07-31,950.46
store_29,2015-08-01,702.045
store_29,2015-08-02,0.0
store_29,2015-08-03,1152.935
store_29,2015-08-04,994.645
store_29,2015-08-05,943.65
store_29,2015-08-06,928.615
store_29,2015-08-07,916.46
store_29,2015-08-08,691.575
store_29,2015-08-09,0.0
store_29,2015-08-10,877.305
store_29,2015-08-11,819.17
store_29,2015-08-12,787.03
store_29,2015-08-13,815.9
store_29,2015-08-14,863.34
store_29,2015-08-15,688.945
store_29,2015-08-16,0.0
store_29,2015-08-17,1132.2
store_29,2015-08-18,1037.405
store_29,2015-08-19,931.66
store_29,2015-08-20,925.445
store_29,2015-08-21,921.22
store_29,2015-08-22,706.78
store_29,2015-08-23,0.0
store_29,2015-08-24,905.335
store_29,2015-08-25,849.51
store_29,2015-08-26,783.28
store_29,2015-08-27,794.54
store_29,2015-08-28,834.45
store_29,2015-08-29,705.405
store_29,2015-08-30,0.0
store_290,2015-07-20,677.385
store_290,2015-07-21,623.015
store_290,2015-07-22,603.3
store_290,2015-07-23,620.48
store_290,2015-07-24,649.9
store_290,2015-07-25,587.22
store_290,2015-07-26,0.0
store_290,2015-07-27,872.15
store_290,2015-07-28,762.175
store_290,2015-07-29,751.66
store_290,2015-07-30,771.595
store_290,2015-07-31,760.075
store_290,2015-08-01,623.675
store_290,2015-08-02,0.0
store_290,2015-08-03,924.1
store_290,2015-08-04,783.825
store_290,2015-08-05,720.1
store_290,2015-08-06,719.1
store_290,2015-08-07,704.88
store_290,2015-08-08,614.765
store_290,2015-08-09,0.0
store_290,2015-08-10,684.775
store_290,2015-08-11,637.015
store_290,2015-08-12,638.97
store_290,2015-08-13,655.735
store_290,2015-08-14,672.525
store_290,2015-08-15,636.24
store_290,2015-08-16,0.0
store_290,2015-08-17,901.605
store_290,2015-08-18,776.505
store_290,2015-08-19,732.92
store_290,2015-08-20,744.79
store_290,2015-08-21,746.525
store_290,2015-08-22,660.405
store_290,2015-08-23,0.0
store_290,2015-08-24,663.415
store_290,2015-08-25,603.24
store_290,2015-08-26,591.795
store_290,2015-08-27,632.37
store_290,2015-08-28,669.79
store_290,2015-08-29,658.335
store_290,2015-08-30,0.0
store_291,2015-07-20,444.505
store_291,2015-07-21,385.965
store_291,2015-07-22,381.155
store_291,2015-07-23,426.245
store_291,2015-07-24,383.485
store_291,2015-07-25,293.505
store_291,2015-07-26,0.0
store_291,2015-07-27,586.26
store_291,2015-07-28,528.28
store_291,2015-07-29,504.465
store_291,2015-07-30,520.705
store_291,2015-07-31,472.07
store_291,2015-08-01,295.19
store_291,2015-08-02,0.0
store_291,2015-08-03,621.44
store_291,2015-08-04,524.37
store_291,2015-08-05,485.955
store_291,2015-08-06,486.65
store_291,2015-08-07,474.16
store_291,2015-08-08,288.985
store_291,2015-08-09,0.0
store_291,2015-08-10,469.035
store_291,2015-08-11,438.27
store_291,2015-08-12,420.62
store_291,2015-08-13,443.875
store_291,2015-08-14,440.7
store_291,2015-08-15,265.79
store_291,2015-08-16,0.0
store_291,2015-08-17,628.755
store_291,2015-08-18,548.21
store_291,2015-08-19,502.34
store_291,2015-08-20,492.37
store_291,2015-08-21,495.5
store_291,2015-08-22,285.835
store_291,2015-08-23,0.0
store_291,2015-08-24,438.67
store_291,2015-08-25,421.085
store_291,2015-08-26,423.56
store_291,2015-08-27,438.92
store_291,2015-08-28,465.805
store_291,2015-08-29,286.54
store_291,2015-08-30,0.0
store_292,2015-07-20,857.62
store_292,2015-07-21,796.515
store_292,2015-07-22,763.595
store_292,2015-07-23,775.975
store_292,2015-07-24,760.475
store_292,2015-07-25,888.8
store_292,2015-07-26,0.0
store_292,2015-07-27,1068.725
store_292,2015-07-28,1013.32
store_292,2015-07-29,955.64
store_292,2015-07-30,980.805
store_292,2015-07-31,937.725
store_292,2015-08-01,918.77
store_292,2015-08-02,0.0
store_292,2015-08-03,1130.825
store_292,2015-08-04,994.075
store_292,2015-08-05,940.865
store_292,2015-08-06,929.545
store_292,2015-08-07,879.265
store_292,2015-08-08,858.305
store_292,2015-08-09,0.0
store_292,2015-08-10,866.835
store_292,2015-08-11,822.82
store_292,2015-08-12,802.535
store_292,2015-08-13,812.27
store_292,2015-08-14,821.07
store_292,2015-08-15,832.29
store_292,2015-08-16,0.0
store_292,2015-08-17,1132.13
store_292,2015-08-18,1030.79
store_292,2015-08-19,954.9
store_292,2015-08-20,949.635
store_292,2015-08-21,909.845
store_292,2015-08-22,828.785
store_292,2015-08-23,0.0
store_292,2015-08-24,870.475
store_292,2015-08-25,802.375
store_292,2015-08-26,772.345
store_292,2015-08-27,807.415
store_292,2015-08-28,828.285
store_292,2015-08-29,838.045
store_292,2015-08-30,0.0
store_293,2015-07-20,522.29
store_293,2015-07-21,432.14
store_293,2015-07-22,469.995
store_293,2015-07-23,486.005
store_293,2015-07-24,484.965
store_293,2015-07-25,483.99
store_293,2015-07-26,0.0
store_293,2015-07-27,654.76
store_293,2015-07-28,559.54
store_293,2015-07-29,537.85
store_293,2015-07-30,551.78
store_293,2015-07-31,564.235
store_293,2015-08-01,497.79
store_293,2015-08-02,0.0
store_293,2015-08-03,683.195
store_293,2015-08-04,541.945
store_293,2015-08-05,532.66
store_293,2015-08-06,533.745
store_293,2015-08-07,523.25
store_293,2015-08-08,490.705
store_293,2015-08-09,0.0
store_293,2015-08-10,529.45
store_293,2015-08-11,487.625
store_293,2015-08-12,485.225
store_293,2015-08-13,498.99
store_293,2015-08-14,504.12
store_293,2015-08-15,516.79
store_293,2015-08-16,0.0
store_293,2015-08-17,664.445
store_293,2015-08-18,577.625
store_293,2015-08-19,561.84
store_293,2015-08-20,573.51
store_293,2015-08-21,585.83
store_293,2015-08-22,509.49
store_293,2015-08-23,0.0
store_293,2015-08-24,518.205
store_293,2015-08-25,456.825
store_293,2015-08-26,455.79
store_293,2015-08-27,482.03
store_293,2015-08-28,518.04
store_293,2015-08-29,501.175
store_293,2015-08-30,0.0
store_294,2015-07-20,691.705
store_294,2015-07-21,601.105
store_294,2015-07-22,589.675
store_294,2015-07-23,650.725
store_294,2015-07-24,721.07
store_294,2015-07-25,787.45
store_294,2015-07-26,0.0
store_294,2015-07-27,849.8
store_294,2015-07-28,733.595
store_294,2015-07-29,706.705
store_294,2015-07-30,739.25
store_294,2015-07-31,791.51
store_294,2015-08-01,819.21
store_294,2015-08-02,0.0
store_294,2015-08-03,909.345
store_294,2015-08-04,762.905
store_294,2015-08-05,711.8
store_294,2015-08-06,713.81
store_294,2015-08-07,757.075
store_294,2015-08-08,820.265
store_294,2015-08-09,0.0
store_294,2015-08-10,739.82
store_294,2015-08-11,678.58
store_294,2015-08-12,635.31
store_294,2015-08-13,647.065
store_294,2015-08-14,689.36
store_294,2015-08-15,772.675
store_294,2015-08-16,0.0
store_294,2015-08-17,906.055
store_294,2015-08-18,783.235
store_294,2015-08-19,744.285
store_294,2015-08-20,761.995
store_294,2015-08-21,772.02
store_294,2015-08-22,780.7
store_294,2015-08-23,0.0
store_294,2015-08-24,750.17
store_294,2015-08-25,681.675
store_294,2015-08-26,653.65
store_294,2015-08-27,652.645
store_294,2015-08-28,664.04
store_294,2015-08-29,744.38
store_294,2015-08-30,0.0
store_295,2015-07-20,477.715
store_295,2015-07-21,432.82
store_295,2015-07-22,426.83
store_295,2015-07-23,477.265
store_295,2015-07-24,465.77
store_295,2015-07-25,322.125
store_295,2015-07-26,0.0
store_295,2015-07-27,605.175
store_295,2015-07-28,531.495
store_295,2015-07-29,523.74
store_295,2015-07-30,548.915
store_295,2015-07-31,532.355
store_295,2015-08-01,323.155
store_295,2015-08-02,0.0
store_295,2015-08-03,647.41
store_295,2015-08-04,540.965
store_295,2015-08-05,500.165
store_295,2015-08-06,513.955
store_295,2015-08-07,509.355
store_295,2015-08-08,322.475
store_295,2015-08-09,0.0
store_295,2015-08-10,509.45
store_295,2015-08-11,470.35
store_295,2015-08-12,452.42
store_295,2015-08-13,464.315
store_295,2015-08-14,481.83
store_295,2015-08-15,319.005
store_295,2015-08-16,0.0
store_295,2015-08-17,642.98
store_295,2015-08-18,553.055
store_295,2015-08-19,528.945
store_295,2015-08-20,526.74
store_295,2015-08-21,532.095
store_295,2015-08-22,314.11
store_295,2015-08-23,0.0
store_295,2015-08-24,511.505
store_295,2015-08-25,456.93
store_295,2015-08-26,447.07
store_295,2015-08-27,454.59
store_295,2015-08-28,475.605
store_295,2015-08-29,308.24
store_295,2015-08-30,0.0
store_296,2015-07-20,600.565
store_296,2015-07-21,527.63
store_296,2015-07-22,542.035
store_296,2015-07-23,573.22
store_296,2015-07-24,639.495
store_296,2015-07-25,636.65
store_296,2015-07-26,0.0
store_296,2015-07-27,758.52
store_296,2015-07-28,649.12
store_296,2015-07-29,655.35
store_296,2015-07-30,673.13
store_296,2015-07-31,705.36
store_296,2015-08-01,652.245
store_296,2015-08-02,0.0
store_296,2015-08-03,797.505
store_296,2015-08-04,665.06
store_296,2015-08-05,622.315
store_296,2015-08-06,634.28
store_296,2015-08-07,657.115
store_296,2015-08-08,670.64
store_296,2015-08-09,0.0
store_296,2015-08-10,618.385
store_296,2015-08-11,563.39
store_296,2015-08-12,544.12
store_296,2015-08-13,556.255
store_296,2015-08-14,581.68
store_296,2015-08-15,636.325
store_296,2015-08-16,0.0
store_296,2015-08-17,829.7
store_296,2015-08-18,706.66
store_296,2015-08-19,679.785
store_296,2015-08-20,687.225
store_296,2015-08-21,684.565
store_296,2015-08-22,626.695
store_296,2015-08-23,0.0
store_296,2015-08-24,608.02
store_296,2015-08-25,524.195
store_296,2015-08-26,538.875
store_296,2015-08-27,558.07
store_296,2015-08-28,574.88
store_296,2015-08-29,630.8
store_296,2015-08-30,0.0
store_297,2015-07-20,409.31
store_297,2015-07-21,358.82
store_297,2015-07-22,366.8
store_297,2015-07-23,346.205
store_297,2015-07-24,368.25
store_297,2015-07-25,361.85
store_297,2015-07-26,0.0
store_297,2015-07-27,507.455
store_297,2015-07-28,455.895
store_297,2015-07-29,444.88
store_297,2015-07-30,440.915
store_297,2015-07-31,435.05
store_297,2015-08-01,370.175
store_297,2015-08-02,0.0
store_297,2015-08-03,538.43
store_297,2015-08-04,456.14
store_297,2015-08-05,430.655
store_297,2015-08-06,423.815
store_297,2015-08-07,422.49
store_297,2015-08-08,364.085
store_297,2015-08-09,0.0
store_297,2015-08-10,459.21
store_297,2015-08-11,418.46
store_297,2015-08-12,404.52
store_297,2015-08-13,417.45
store_297,2015-08-14,423.67
store_297,2015-08-15,354.175
store_297,2015-08-16,0.0
store_297,2015-08-17,533.175
store_297,2015-08-18,473.205
store_297,2015-08-19,462.38
store_297,2015-08-20,476.195
store_297,2015-08-21,472.825
store_297,2015-08-22,358.005
store_297,2015-08-23,0.0
store_297,2015-08-24,459.63
store_297,2015-08-25,418.57
store_297,2015-08-26,418.655
store_297,2015-08-27,418.875
store_297,2015-08-28,433.52
store_297,2015-08-29,350.67
store_297,2015-08-30,0.0
store_298,2015-07-20,522.51
store_298,2015-07-21,456.255
store_298,2015-07-22,467.305
store_298,2015-07-23,459.965
store_298,2015-07-24,497.21
store_298,2015-07-25,523.95
store_298,2015-07-26,0.0
store_298,2015-07-27,664.51
store_298,2015-07-28,577.25
store_298,2015-07-29,546.45
store_298,2015-07-30,558.325
store_298,2015-07-31,577.22
store_298,2015-08-01,528.155
store_298,2015-08-02,0.0
store_298,2015-08-03,694.535
store_298,2015-08-04,582.78
store_298,2015-08-05,546.585
store_298,2015-08-06,545.555
store_298,2015-08-07,555.54
store_298,2015-08-08,536.625
store_298,2015-08-09,0.0
store_298,2015-08-10,513.885
store_298,2015-08-11,464.86
store_298,2015-08-12,467.43
store_298,2015-08-13,490.92
store_298,2015-08-14,521.03
store_298,2015-08-15,534.605
store_298,2015-08-16,0.0
store_298,2015-08-17,692.76
store_298,2015-08-18,579.755
store_298,2015-08-19,557.2
store_298,2015-08-20,562.96
store_298,2015-08-21,586.385
store_298,2015-08-22,525.155
store_298,2015-08-23,0.0
store_298,2015-08-24,515.525
store_298,2015-08-25,443.835
store_298,2015-08-26,458.515
store_298,2015-08-27,492.505
store_298,2015-08-28,529.12
store_298,2015-08-29,536.555
store_298,2015-08-30,0.0
store_299,2015-07-20,673.905
store_299,2015-07-21,609.15
store_299,2015-07-22,621.85
store_299,2015-07-23,655.89
store_299,2015-07-24,671.475
store_299,2015-07-25,760.54
store_299,2015-07-26,0.0
store_299,2015-07-27,894.34
store_299,2015-07-28,810.175
store_299,2015-07-29,798.43
store_299,2015-07-30,818.025
store_299,2015-07-31,828.08
store_299,2015-08-01,781.345
store_299,2015-08-02,0.0
store_299,2015-08-03,942.725
store_299,2015-08-04,787.895
store_299,2015-08-05,739.92
store_299,2015-08-06,744.59
store_299,2015-08-07,754.385
store_299,2015-08-08,773.43
store_299,2015-08-09,0.0
store_299,2015-08-10,698.545
store_299,2015-08-11,626.325
store_299,2015-08-12,622.505
store_299,2015-08-13,647.14
store_299,2015-08-14,672.9
store_299,2015-08-15,738.13
store_299,2015-08-16,0.0
store_299,2015-08-17,931.445
store_299,2015-08-18,813.725
store_299,2015-08-19,793.74
store_299,2015-08-20,792.1
store_299,2015-08-21,801.8
store_299,2015-08-22,749.6
store_299,2015-08-23,0.0
store_299,2015-08-24,710.74
store_299,2015-08-25,630.775
store_299,2015-08-26,624.355
store_299,2015-08-27,662.83
store_299,2015-08-28,731.025
store_299,2015-08-29,742.255
store_299,2015-08-30,0.0
store_3,2015-07-20,993.08
store_3,2015-07-21,963.375
store_3,2015-07-22,882.27
store_3,2015-07-23,998.9
store_3,2015-07-24,959.905
store_3,2015-07-25,719.64
store_3,2015-07-26,0.0
store_3,2015-07-27,1164.965
store_3,2015-07-28,1090.275
store_3,2015-07-29,1023.265
store_3,2015-07-30,1086.385
store_3,2015-07-31,1063.685
store_3,2015-08-01,764.345
store_3,2015-08-02,0.0
store_3,2015-08-03,1203.34
store_3,2015-08-04,1088.92
store_3,2015-08-05,993.335
store_3,2015-08-06,1030.945
store_3,2015-08-07,1017.26
store_3,2015-08-08,749.32
store_3,2015-08-09,0.0
store_3,2015-08-10,953.225
store_3,2015-08-11,908.2
store_3,2015-08-12,875.205
store_3,2015-08-13,914.485
store_3,2015-08-14,959.85
store_3,2015-08-15,770.305
store_3,2015-08-16,0.0
store_3,2015-08-17,1229.77
store_3,2015-08-18,1142.77
store_3,2015-08-19,1035.61
store_3,2015-08-20,1045.09
store_3,2015-08-21,1064.38
store_3,2015-08-22,792.51
store_3,2015-08-23,0.0
store_3,2015-08-24,948.765
store_3,2015-08-25,910.785
store_3,2015-08-26,876.25
store_3,2015-08-27,894.985
store_3,2015-08-28,941.265
store_3,2015-08-29,759.455
store_3,2015-08-30,0.0
store_30,2015-07-20,363.79
store_30,2015-07-21,326.265
store_30,2015-07-22,331.22
store_30,2015-07-23,340.61
store_30,2015-07-24,349.415
store_30,2015-07-25,268.615
store_30,2015-07-26,0.0
store_30,2015-07-27,445.95
store_30,2015-07-28,396.615
store_30,2015-07-29,395.78
store_30,2015-07-30,409.09
store_30,2015-07-31,401.455
store_30,2015-08-01,279.24
store_30,2015-08-02,0.0
store_30,2015-08-03,486.35
store_30,2015-08-04,408.655
store_30,2015-08-05,366.69
store_30,2015-08-06,376.23
store_30,2015-08-07,370.55
store_30,2015-08-08,268.41
store_30,2015-08-09,0.0
store_30,2015-08-10,422.245
store_30,2015-08-11,381.26
store_30,2015-08-12,353.735
store_30,2015-08-13,353.275
store_30,2015-08-14,348.09
store_30,2015-08-15,283.34
store_30,2015-08-16,0.0
store_30,2015-08-17,491.235
store_30,2015-08-18,422.8
store_30,2015-08-19,404.82
store_30,2015-08-20,410.145
store_30,2015-08-21,404.22
store_30,2015-08-22,262.205
store_30,2015-08-23,0.0
store_30,2015-08-24,410.4
store_30,2015-08-25,378.765
store_30,2015-08-26,360.155
store_30,2015-08-27,369.705
store_30,2015-08-28,365.11
store_30,2015-08-29,271.51
store_30,2015-08-30,0.0
store_300,2015-07-20,386.975
store_300,2015-07-21,326.54
store_300,2015-07-22,368.705
store_300,2015-07-23,385.035
store_300,2015-07-24,398.685
store_300,2015-07-25,394.33
store_300,2015-07-26,0.0
store_300,2015-07-27,561.84
store_300,2015-07-28,450.325
store_300,2015-07-29,441.825
store_300,2015-07-30,449.345
store_300,2015-07-31,465.76
store_300,2015-08-01,412.565
store_300,2015-08-02,0.0
store_300,2015-08-03,602.63
store_300,2015-08-04,469.65
store_300,2015-08-05,431.855
store_300,2015-08-06,447.995
store_300,2015-08-07,455.945
store_300,2015-08-08,411.125
store_300,2015-08-09,0.0
store_300,2015-08-10,446.57
store_300,2015-08-11,384.79
store_300,2015-08-12,385.105
store_300,2015-08-13,406.765
store_300,2015-08-14,425.665
store_300,2015-08-15,412.515
store_300,2015-08-16,0.0
store_300,2015-08-17,604.615
store_300,2015-08-18,491.08
store_300,2015-08-19,467.96
store_300,2015-08-20,475.67
store_300,2015-08-21,489.155
store_300,2015-08-22,420.98
store_300,2015-08-23,0.0
store_300,2015-08-24,428.185
store_300,2015-08-25,380.315
store_300,2015-08-26,392.325
store_300,2015-08-27,404.535
store_300,2015-08-28,424.625
store_300,2015-08-29,437.075
store_300,2015-08-30,0.0
store_301,2015-07-20,1008.105
store_301,2015-07-21,931.975
store_301,2015-07-22,943.575
store_301,2015-07-23,950.395
store_301,2015-07-24,955.385
store_301,2015-07-25,782.32
store_301,2015-07-26,0.0
store_301,2015-07-27,1225.06
store_301,2015-07-28,1148.245
store_301,2015-07-29,1110.05
store_301,2015-07-30,1108.495
store_301,2015-07-31,1086.41
store_301,2015-08-01,823.02
store_301,2015-08-02,0.0
store_301,2015-08-03,1225.535
store_301,2015-08-04,1109.55
store_301,2015-08-05,1064.195
store_301,2015-08-06,1023.25
store_301,2015-08-07,1023.16
store_301,2015-08-08,817.68
store_301,2015-08-09,0.0
store_301,2015-08-10,1058.93
store_301,2015-08-11,1003.175
store_301,2015-08-12,938.53
store_301,2015-08-13,930.89
store_301,2015-08-14,961.0
store_301,2015-08-15,832.505
store_301,2015-08-16,0.0
store_301,2015-08-17,1197.93
store_301,2015-08-18,1101.355
store_301,2015-08-19,1053.895
store_301,2015-08-20,1056.25
store_301,2015-08-21,1062.015
store_301,2015-08-22,849.275
store_301,2015-08-23,0.0
store_301,2015-08-24,949.935
store_301,2015-08-25,896.905
store_301,2015-08-26,880.18
store_301,2015-08-27,898.535
store_301,2015-08-28,922.055
store_301,2015-08-29,826.81
store_301,2015-08-30,0.0
store_302,2015-07-20,716.265
store_302,2015-07-21,656.03
store_302,2015-07-22,645.81
store_302,2015-07-23,659.75
store_302,2015-07-24,693.75
store_302,2015-07-25,706.035
store_302,2015-07-26,0.0
store_302,2015-07-27,913.025
store_302,2015-07-28,801.51
store_302,2015-07-29,777.67
store_302,2015-07-30,796.26
store_302,2015-07-31,803.445
store_302,2015-08-01,714.33
store_302,2015-08-02,0.0
store_302,2015-08-03,990.245
store_302,2015-08-04,819.67
store_302,2015-08-05,768.285
store_302,2015-08-06,742.155
store_302,2015-08-07,724.23
store_302,2015-08-08,698.63
store_302,2015-08-09,0.0
store_302,2015-08-10,761.145
store_302,2015-08-11,682.445
store_302,2015-08-12,655.31
store_302,2015-08-13,656.895
store_302,2015-08-14,661.93
store_302,2015-08-15,707.47
store_302,2015-08-16,0.0
store_302,2015-08-17,1001.705
store_302,2015-08-18,876.12
store_302,2015-08-19,838.44
store_302,2015-08-20,786.35
store_302,2015-08-21,765.61
store_302,2015-08-22,710.99
store_302,2015-08-23,0.0
store_302,2015-08-24,741.625
store_302,2015-08-25,650.71
store_302,2015-08-26,682.85
store_302,2015-08-27,669.655
store_302,2015-08-28,681.965
store_302,2015-08-29,716.47
store_302,2015-08-30,0.0
store_303,2015-07-20,1280.895
store_303,2015-07-21,1204.62
store_303,2015-07-22,1269.96
store_303,2015-07-23,1339.69
store_303,2015-07-24,1318.95
store_303,2015-07-25,1289.295
store_303,2015-07-26,0.0
store_303,2015-07-27,1646.785
store_303,2015-07-28,1497.365
store_303,2015-07-29,1507.715
store_303,2015-07-30,1569.195
store_303,2015-07-31,1479.255
store_303,2015-08-01,1315.925
store_303,2015-08-02,0.0
store_303,2015-08-03,1702.25
store_303,2015-08-04,1464.16
store_303,2015-08-05,1447.285
store_303,2015-08-06,1453.145
store_303,2015-08-07,1461.19
store_303,2015-08-08,1317.475
store_303,2015-08-09,0.0
store_303,2015-08-10,1416.49
store_303,2015-08-11,1289.48
store_303,2015-08-12,1226.9
store_303,2015-08-13,1286.26
store_303,2015-08-14,1332.735
store_303,2015-08-15,1304.53
store_303,2015-08-16,0.0
store_303,2015-08-17,1701.25
store_303,2015-08-18,1537.515
store_303,2015-08-19,1425.7
store_303,2015-08-20,1380.4
store_303,2015-08-21,1421.465
store_303,2015-08-22,1280.505
store_303,2015-08-23,0.0
store_303,2015-08-24,1295.405
store_303,2015-08-25,1200.915
store_303,2015-08-26,1205.72
store_303,2015-08-27,1188.635
store_303,2015-08-28,1214.265
store_303,2015-08-29,1270.65
store_303,2015-08-30,0.0
store_304,2015-07-20,885.135
store_304,2015-07-21,818.455
store_304,2015-07-22,808.405
store_304,2015-07-23,852.67
store_304,2015-07-24,828.945
store_304,2015-07-25,846.34
store_304,2015-07-26,0.0
store_304,2015-07-27,1099.225
store_304,2015-07-28,995.905
store_304,2015-07-29,957.42
store_304,2015-07-30,991.405
store_304,2015-07-31,970.9
store_304,2015-08-01,839.755
store_304,2015-08-02,0.0
store_304,2015-08-03,1199.265
store_304,2015-08-04,991.205
store_304,2015-08-05,944.385
store_304,2015-08-06,933.84
store_304,2015-08-07,912.11
store_304,2015-08-08,836.085
store_304,2015-08-09,0.0
store_304,2015-08-10,963.745
store_304,2015-08-11,849.21
store_304,2015-08-12,836.885
store_304,2015-08-13,840.035
store_304,2015-08-14,872.46
store_304,2015-08-15,845.255
store_304,2015-08-16,0.0
store_304,2015-08-17,1235.99
store_304,2015-08-18,1048.505
store_304,2015-08-19,966.71
store_304,2015-08-20,982.755
store_304,2015-08-21,987.475
store_304,2015-08-22,844.745
store_304,2015-08-23,0.0
store_304,2015-08-24,980.115
store_304,2015-08-25,861.75
store_304,2015-08-26,831.7
store_304,2015-08-27,858.71
store_304,2015-08-28,859.11
store_304,2015-08-29,840.455
store_304,2015-08-30,0.0
store_305,2015-07-20,576.28
store_305,2015-07-21,548.21
store_305,2015-07-22,531.515
store_305,2015-07-23,532.42
store_305,2015-07-24,500.965
store_305,2015-07-25,445.89
store_305,2015-07-26,0.0
store_305,2015-07-27,754.995
store_305,2015-07-28,682.395
store_305,2015-07-29,643.025
store_305,2015-07-30,651.23
store_305,2015-07-31,611.11
store_305,2015-08-01,464.95
store_305,2015-08-02,0.0
store_305,2015-08-03,779.975
store_305,2015-08-04,674.31
store_305,2015-08-05,612.435
store_305,2015-08-06,606.08
store_305,2015-08-07,574.48
store_305,2015-08-08,477.73
store_305,2015-08-09,0.0
store_305,2015-08-10,586.25
store_305,2015-08-11,547.875
store_305,2015-08-12,533.065
store_305,2015-08-13,524.065
store_305,2015-08-14,515.76
store_305,2015-08-15,456.155
store_305,2015-08-16,0.0
store_305,2015-08-17,772.335
store_305,2015-08-18,677.76
store_305,2015-08-19,632.79
store_305,2015-08-20,610.965
store_305,2015-08-21,599.595
store_305,2015-08-22,473.155
store_305,2015-08-23,0.0
store_305,2015-08-24,574.485
store_305,2015-08-25,516.84
store_305,2015-08-26,527.135
store_305,2015-08-27,522.345
store_305,2015-08-28,521.035
store_305,2015-08-29,455.945
store_305,2015-08-30,0.0
store_306,2015-07-20,757.21
store_306,2015-07-21,694.42
store_306,2015-07-22,710.56
store_306,2015-07-23,697.38
store_306,2015-07-24,679.755
store_306,2015-07-25,506.7
store_306,2015-07-26,0.0
store_306,2015-07-27,940.52
store_306,2015-07-28,840.23
store_306,2015-07-29,835.645
store_306,2015-07-30,829.115
store_306,2015-07-31,782.275
store_306,2015-08-01,511.2
store_306,2015-08-02,0.0
store_306,2015-08-03,985.45
store_306,2015-08-04,836.145
store_306,2015-08-05,809.455
store_306,2015-08-06,779.08
store_306,2015-08-07,742.64
store_306,2015-08-08,498.38
store_306,2015-08-09,0.0
store_306,2015-08-10,738.82
store_306,2015-08-11,685.355
store_306,2015-08-12,682.335
store_306,2015-08-13,703.665
store_306,2015-08-14,735.465
store_306,2015-08-15,484.005
store_306,2015-08-16,0.0
store_306,2015-08-17,969.575
store_306,2015-08-18,830.765
store_306,2015-08-19,788.18
store_306,2015-08-20,784.315
store_306,2015-08-21,783.86
store_306,2015-08-22,473.985
store_306,2015-08-23,0.0
store_306,2015-08-24,746.53
store_306,2015-08-25,652.165
store_306,2015-08-26,654.44
store_306,2015-08-27,680.81
store_306,2015-08-28,689.235
store_306,2015-08-29,459.15
store_306,2015-08-30,0.0
store_307,2015-07-20,605.575
store_307,2015-07-21,546.13
store_307,2015-07-22,544.345
store_307,2015-07-23,567.765
store_307,2015-07-24,582.075
store_307,2015-07-25,584.955
store_307,2015-07-26,0.0
store_307,2015-07-27,789.525
store_307,2015-07-28,703.98
store_307,2015-07-29,691.525
store_307,2015-07-30,702.625
store_307,2015-07-31,689.03
store_307,2015-08-01,572.385
store_307,2015-08-02,0.0
store_307,2015-08-03,835.585
store_307,2015-08-04,694.675
store_307,2015-08-05,645.255
store_307,2015-08-06,647.95
store_307,2015-08-07,635.05
store_307,2015-08-08,592.345
store_307,2015-08-09,0.0
store_307,2015-08-10,664.42
store_307,2015-08-11,602.1
store_307,2015-08-12,574.85
store_307,2015-08-13,596.65
store_307,2015-08-14,612.695
store_307,2015-08-15,560.93
store_307,2015-08-16,0.0
store_307,2015-08-17,861.46
store_307,2015-08-18,735.68
store_307,2015-08-19,678.02
store_307,2015-08-20,690.22
store_307,2015-08-21,695.945
store_307,2015-08-22,569.475
store_307,2015-08-23,0.0
store_307,2015-08-24,737.56
store_307,2015-08-25,667.09
store_307,2015-08-26,620.19
store_307,2015-08-27,612.525
store_307,2015-08-28,629.355
store_307,2015-08-29,565.58
store_307,2015-08-30,0.0
store_308,2015-07-20,640.14
store_308,2015-07-21,590.725
store_308,2015-07-22,545.485
store_308,2015-07-23,576.52
store_308,2015-07-24,621.335
store_308,2015-07-25,529.7
store_308,2015-07-26,0.0
store_308,2015-07-27,793.3
store_308,2015-07-28,719.19
store_308,2015-07-29,699.725
store_308,2015-07-30,714.38
store_308,2015-07-31,725.39
store_308,2015-08-01,563.13
store_308,2015-08-02,0.0
store_308,2015-08-03,842.885
store_308,2015-08-04,713.61
store_308,2015-08-05,659.57
store_308,2015-08-06,652.41
store_308,2015-08-07,668.455
store_308,2015-08-08,569.47
store_308,2015-08-09,0.0
store_308,2015-08-10,686.605
store_308,2015-08-11,626.15
store_308,2015-08-12,599.9
store_308,2015-08-13,587.235
store_308,2015-08-14,607.475
store_308,2015-08-15,556.67
store_308,2015-08-16,0.0
store_308,2015-08-17,871.96
store_308,2015-08-18,741.565
store_308,2015-08-19,696.65
store_308,2015-08-20,690.81
store_308,2015-08-21,683.895
store_308,2015-08-22,556.1
store_308,2015-08-23,0.0
store_308,2015-08-24,722.4
store_308,2015-08-25,656.495
store_308,2015-08-26,622.54
store_308,2015-08-27,608.98
store_308,2015-08-28,619.94
store_308,2015-08-29,543.015
store_308,2015-08-30,0.0
store_309,2015-07-20,472.83
store_309,2015-07-21,435.43
store_309,2015-07-22,434.895
store_309,2015-07-23,454.175
store_309,2015-07-24,471.02
store_309,2015-07-25,339.3
store_309,2015-07-26,0.0
store_309,2015-07-27,674.665
store_309,2015-07-28,585.36
store_309,2015-07-29,547.68
store_309,2015-07-30,560.465
store_309,2015-07-31,563.515
store_309,2015-08-01,367.07
store_309,2015-08-02,0.0
store_309,2015-08-03,695.15
store_309,2015-08-04,564.095
store_309,2015-08-05,525.065
store_309,2015-08-06,532.045
store_309,2015-08-07,512.215
store_309,2015-08-08,348.735
store_309,2015-08-09,0.0
store_309,2015-08-10,519.24
store_309,2015-08-11,486.165
store_309,2015-08-12,492.22
store_309,2015-08-13,487.68
store_309,2015-08-14,491.885
store_309,2015-08-15,347.345
store_309,2015-08-16,0.0
store_309,2015-08-17,674.205
store_309,2015-08-18,595.09
store_309,2015-08-19,553.19
store_309,2015-08-20,560.985
store_309,2015-08-21,548.025
store_309,2015-08-22,351.515
store_309,2015-08-23,0.0
store_309,2015-08-24,501.425
store_309,2015-08-25,459.175
store_309,2015-08-26,487.43
store_309,2015-08-27,497.91
store_309,2015-08-28,501.26
store_309,2015-08-29,340.325
store_309,2015-08-30,0.0
store_31,2015-07-20,550.925
store_31,2015-07-21,491.645
store_31,2015-07-22,485.945
store_31,2015-07-23,474.285
store_31,2015-07-24,531.3
store_31,2015-07-25,546.7
store_31,2015-07-26,0.0
store_31,2015-07-27,716.175
store_31,2015-07-28,600.97
store_31,2015-07-29,564.275
store_31,2015-07-30,583.57
store_31,2015-07-31,614.095
store_31,2015-08-01,557.58
store_31,2015-08-02,0.0
store_31,2015-08-03,767.42
store_31,2015-08-04,627.415
store_31,2015-08-05,571.7
store_31,2015-08-06,562.92
store_31,2015-08-07,562.555
store_31,2015-08-08,535.24
store_31,2015-08-09,0.0
store_31,2015-08-10,593.025
store_31,2015-08-11,539.855
store_31,2015-08-12,532.125
store_31,2015-08-13,539.985
store_31,2015-08-14,554.63
store_31,2015-08-15,539.895
store_31,2015-08-16,0.0
store_31,2015-08-17,777.91
store_31,2015-08-18,675.27
store_31,2015-08-19,657.775
store_31,2015-08-20,662.32
store_31,2015-08-21,651.8
store_31,2015-08-22,561.61
store_31,2015-08-23,0.0
store_31,2015-08-24,585.4
store_31,2015-08-25,534.025
store_31,2015-08-26,555.25
store_31,2015-08-27,569.705
store_31,2015-08-28,579.895
store_31,2015-08-29,550.205
store_31,2015-08-30,0.0
store_310,2015-07-20,692.595
store_310,2015-07-21,631.24
store_310,2015-07-22,689.045
store_310,2015-07-23,686.305
store_310,2015-07-24,703.015
store_310,2015-07-25,461.22
store_310,2015-07-26,0.0
store_310,2015-07-27,875.8
store_310,2015-07-28,781.45
store_310,2015-07-29,776.05
store_310,2015-07-30,804.96
store_310,2015-07-31,806.085
store_310,2015-08-01,478.575
store_310,2015-08-02,0.0
store_310,2015-08-03,914.89
store_310,2015-08-04,781.845
store_310,2015-08-05,741.58
store_310,2015-08-06,746.64
store_310,2015-08-07,751.315
store_310,2015-08-08,471.33
store_310,2015-08-09,0.0
store_310,2015-08-10,700.715
store_310,2015-08-11,647.375
store_310,2015-08-12,644.385
store_310,2015-08-13,661.675
store_310,2015-08-14,693.27
store_310,2015-08-15,469.395
store_310,2015-08-16,0.0
store_310,2015-08-17,909.435
store_310,2015-08-18,784.75
store_310,2015-08-19,735.885
store_310,2015-08-20,752.225
store_310,2015-08-21,762.875
store_310,2015-08-22,488.35
store_310,2015-08-23,0.0
store_310,2015-08-24,723.025
store_310,2015-08-25,658.08
store_310,2015-08-26,632.38
store_310,2015-08-27,662.23
store_310,2015-08-28,680.075
store_310,2015-08-29,473.045
store_310,2015-08-30,0.0
store_311,2015-07-20,750.42
store_311,2015-07-21,681.975
store_311,2015-07-22,682.325
store_311,2015-07-23,717.7
store_311,2015-07-24,710.71
store_311,2015-07-25,730.775
store_311,2015-07-26,0.0
store_311,2015-07-27,840.355
store_311,2015-07-28,759.945
store_311,2015-07-29,766.48
store_311,2015-07-30,777.27
store_311,2015-07-31,768.38
store_311,2015-08-01,732.395
store_311,2015-08-02,0.0
store_311,2015-08-03,888.455
store_311,2015-08-04,799.16
store_311,2015-08-05,752.22
store_311,2015-08-06,764.38
store_311,2015-08-07,760.305
store_311,2015-08-08,729.295
store_311,2015-08-09,0.0
store_311,2015-08-10,787.3
store_311,2015-08-11,728.21
store_311,2015-08-12,697.7
store_311,2015-08-13,705.815
store_311,2015-08-14,732.735
store_311,2015-08-15,713.735
store_311,2015-08-16,0.0
store_311,2015-08-17,858.88
store_311,2015-08-18,800.12
store_311,2015-08-19,763.2
store_311,2015-08-20,780.86
store_311,2015-08-21,772.835
store_311,2015-08-22,713.62
store_311,2015-08-23,0.0
store_311,2015-08-24,770.05
store_311,2015-08-25,682.075
store_311,2015-08-26,655.99
store_311,2015-08-27,670.075
store_311,2015-08-28,686.065
store_311,2015-08-29,708.785
store_311,2015-08-30,0.0
store_312,2015-07-20,633.025
store_312,2015-07-21,563.175
store_312,2015-07-22,550.79
store_312,2015-07-23,586.21
store_312,2015-07-24,667.79
store_312,2015-07-25,697.995
store_312,2015-07-26,0.0
store_312,2015-07-27,800.73
store_312,2015-07-28,687.795
store_312,2015-07-29,687.3
store_312,2015-07-30,727.325
store_312,2015-07-31,764.835
store_312,2015-08-01,739.29
store_312,2015-08-02,0.0
store_312,2015-08-03,848.83
store_312,2015-08-04,689.605
store_312,2015-08-05,655.15
store_312,2015-08-06,665.575
store_312,2015-08-07,716.605
store_312,2015-08-08,694.255
store_312,2015-08-09,0.0
store_312,2015-08-10,617.025
store_312,2015-08-11,565.49
store_312,2015-08-12,562.315
store_312,2015-08-13,591.785
store_312,2015-08-14,661.475
store_312,2015-08-15,705.49
store_312,2015-08-16,0.0
store_312,2015-08-17,844.89
store_312,2015-08-18,711.28
store_312,2015-08-19,675.72
store_312,2015-08-20,688.59
store_312,2015-08-21,732.19
store_312,2015-08-22,677.47
store_312,2015-08-23,0.0
store_312,2015-08-24,709.925
store_312,2015-08-25,625.345
store_312,2015-08-26,615.44
store_312,2015-08-27,607.26
store_312,2015-08-28,688.4
store_312,2015-08-29,675.305
store_312,2015-08-30,0.0
store_313,2015-07-20,617.195
store_313,2015-07-21,571.81
store_313,2015-07-22,607.83
store_313,2015-07-23,661.12
store_313,2015-07-24,616.985
store_313,2015-07-25,545.895
store_313,2015-07-26,0.0
store_313,2015-07-27,842.53
store_313,2015-07-28,832.225
store_313,2015-07-29,781.845
store_313,2015-07-30,802.285
store_313,2015-07-31,734.555
store_313,2015-08-01,608.25
store_313,2015-08-02,0.0
store_313,2015-08-03,945.505
store_313,2015-08-04,757.61
store_313,2015-08-05,727.095
store_313,2015-08-06,752.63
store_313,2015-08-07,723.12
store_313,2015-08-08,597.965
store_313,2015-08-09,0.0
store_313,2015-08-10,723.13
store_313,2015-08-11,675.19
store_313,2015-08-12,636.0
store_313,2015-08-13,653.225
store_313,2015-08-14,663.765
store_313,2015-08-15,625.575
store_313,2015-08-16,0.0
store_313,2015-08-17,949.545
store_313,2015-08-18,827.09
store_313,2015-08-19,765.285
store_313,2015-08-20,739.735
store_313,2015-08-21,741.965
store_313,2015-08-22,596.785
store_313,2015-08-23,0.0
store_313,2015-08-24,705.62
store_313,2015-08-25,634.42
store_313,2015-08-26,617.05
store_313,2015-08-27,637.965
store_313,2015-08-28,650.635
store_313,2015-08-29,623.175
store_313,2015-08-30,0.0
store_314,2015-07-20,660.385
store_314,2015-07-21,609.365
store_314,2015-07-22,628.58
store_314,2015-07-23,642.13
store_314,2015-07-24,633.955
store_314,2015-07-25,393.49
store_314,2015-07-26,0.0
store_314,2015-07-27,835.115
store_314,2015-07-28,776.65
store_314,2015-07-29,749.18
store_314,2015-07-30,774.025
store_314,2015-07-31,758.535
store_314,2015-08-01,435.175
store_314,2015-08-02,0.0
store_314,2015-08-03,857.27
store_314,2015-08-04,715.965
store_314,2015-08-05,693.045
store_314,2015-08-06,731.885
store_314,2015-08-07,712.775
store_314,2015-08-08,446.995
store_314,2015-08-09,0.0
store_314,2015-08-10,711.47
store_314,2015-08-11,636.045
store_314,2015-08-12,609.24
store_314,2015-08-13,631.085
store_314,2015-08-14,654.265
store_314,2015-08-15,438.33
store_314,2015-08-16,0.0
store_314,2015-08-17,884.675
store_314,2015-08-18,774.075
store_314,2015-08-19,710.35
store_314,2015-08-20,725.77
store_314,2015-08-21,733.315
store_314,2015-08-22,438.14
store_314,2015-08-23,0.0
store_314,2015-08-24,701.44
store_314,2015-08-25,645.91
store_314,2015-08-26,624.245
store_314,2015-08-27,636.29
store_314,2015-08-28,654.225
store_314,2015-08-29,436.885
store_314,2015-08-30,0.0
store_315,2015-07-20,502.995
store_315,2015-07-21,445.425
store_315,2015-07-22,451.435
store_315,2015-07-23,464.32
store_315,2015-07-24,505.65
store_315,2015-07-25,568.475
store_315,2015-07-26,0.0
store_315,2015-07-27,642.71
store_315,2015-07-28,537.735
store_315,2015-07-29,548.06
store_315,2015-07-30,557.15
store_315,2015-07-31,592.82
store_315,2015-08-01,582.06
store_315,2015-08-02,0.0
store_315,2015-08-03,720.21
store_315,2015-08-04,580.67
store_315,2015-08-05,535.37
store_315,2015-08-06,526.665
store_315,2015-08-07,551.18
store_315,2015-08-08,570.63
store_315,2015-08-09,0.0
store_315,2015-08-10,553.58
store_315,2015-08-11,497.485
store_315,2015-08-12,476.1
store_315,2015-08-13,477.29
store_315,2015-08-14,493.61
store_315,2015-08-15,556.7
store_315,2015-08-16,0.0
store_315,2015-08-17,734.135
store_315,2015-08-18,632.31
store_315,2015-08-19,601.705
store_315,2015-08-20,580.74
store_315,2015-08-21,578.355
store_315,2015-08-22,561.095
store_315,2015-08-23,0.0
store_315,2015-08-24,583.54
store_315,2015-08-25,489.45
store_315,2015-08-26,483.395
store_315,2015-08-27,500.92
store_315,2015-08-28,508.65
store_315,2015-08-29,547.27
store_315,2015-08-30,0.0
store_316,2015-07-20,468.93
store_316,2015-07-21,431.385
store_316,2015-07-22,431.705
store_316,2015-07-23,436.64
store_316,2015-07-24,468.965
store_316,2015-07-25,355.53
store_316,2015-07-26,0.0
store_316,2015-07-27,586.72
store_316,2015-07-28,491.43
store_316,2015-07-29,490.95
store_316,2015-07-30,511.19
store_316,2015-07-31,535.255
store_316,2015-08-01,358.92
store_316,2015-08-02,0.0
store_316,2015-08-03,639.18
store_316,2015-08-04,522.63
store_316,2015-08-05,491.455
store_316,2015-08-06,496.46
store_316,2015-08-07,507.035
store_316,2015-08-08,350.07
store_316,2015-08-09,0.0
store_316,2015-08-10,510.595
store_316,2015-08-11,445.485
store_316,2015-08-12,442.36
store_316,2015-08-13,458.635
store_316,2015-08-14,479.735
store_316,2015-08-15,355.0
store_316,2015-08-16,0.0
store_316,2015-08-17,627.61
store_316,2015-08-18,560.25
store_316,2015-08-19,543.14
store_316,2015-08-20,537.02
store_316,2015-08-21,542.965
store_316,2015-08-22,362.745
store_316,2015-08-23,0.0
store_316,2015-08-24,500.205
store_316,2015-08-25,438.055
store_316,2015-08-26,449.985
store_316,2015-08-27,456.53
store_316,2015-08-28,481.885
store_316,2015-08-29,345.89
store_316,2015-08-30,0.0
store_317,2015-07-20,417.195
store_317,2015-07-21,361.3
store_317,2015-07-22,368.275
store_317,2015-07-23,419.0
store_317,2015-07-24,439.465
store_317,2015-07-25,430.64
store_317,2015-07-26,0.0
store_317,2015-07-27,523.48
store_317,2015-07-28,458.825
store_317,2015-07-29,451.455
store_317,2015-07-30,473.725
store_317,2015-07-31,503.92
store_317,2015-08-01,436.895
store_317,2015-08-02,0.0
store_317,2015-08-03,537.105
store_317,2015-08-04,448.975
store_317,2015-08-05,425.765
store_317,2015-08-06,460.735
store_317,2015-08-07,485.55
store_317,2015-08-08,445.07
store_317,2015-08-09,0.0
store_317,2015-08-10,428.545
store_317,2015-08-11,371.415
store_317,2015-08-12,385.72
store_317,2015-08-13,420.405
store_317,2015-08-14,435.895
store_317,2015-08-15,434.485
store_317,2015-08-16,0.0
store_317,2015-08-17,520.16
store_317,2015-08-18,447.835
store_317,2015-08-19,438.645
store_317,2015-08-20,466.01
store_317,2015-08-21,497.86
store_317,2015-08-22,438.155
store_317,2015-08-23,0.0
store_317,2015-08-24,404.31
store_317,2015-08-25,359.28
store_317,2015-08-26,400.025
store_317,2015-08-27,420.435
store_317,2015-08-28,442.655
store_317,2015-08-29,440.33
store_317,2015-08-30,0.0
store_318,2015-07-20,917.185
store_318,2015-07-21,835.325
store_318,2015-07-22,839.67
store_318,2015-07-23,868.575
store_318,2015-07-24,880.125
store_318,2015-07-25,740.21
store_318,2015-07-26,264.995
store_318,2015-07-27,1087.02
store_318,2015-07-28,971.725
store_318,2015-07-29,950.175
store_318,2015-07-30,957.915
store_318,2015-07-31,934.36
store_318,2015-08-01,766.88
store_318,2015-08-02,290.795
store_318,2015-08-03,1119.025
store_318,2015-08-04,970.03
store_318,2015-08-05,943.135
store_318,2015-08-06,907.335
store_318,2015-08-07,894.74
store_318,2015-08-08,780.505
store_318,2015-08-09,281.2
store_318,2015-08-10,954.525
store_318,2015-08-11,839.835
store_318,2015-08-12,855.845
store_318,2015-08-13,857.045
store_318,2015-08-14,881.08
store_318,2015-08-15,776.46
store_318,2015-08-16,296.315
store_318,2015-08-17,1097.645
store_318,2015-08-18,966.19
store_318,2015-08-19,947.875
store_318,2015-08-20,932.695
store_318,2015-08-21,895.905
store_318,2015-08-22,800.4
store_318,2015-08-23,307.125
store_318,2015-08-24,910.805
store_318,2015-08-25,828.66
store_318,2015-08-26,820.03
store_318,2015-08-27,837.57
store_318,2015-08-28,847.395
store_318,2015-08-29,778.415
store_318,2015-08-30,323.385
store_319,2015-07-20,871.625
store_319,2015-07-21,789.34
store_319,2015-07-22,794.53
store_319,2015-07-23,818.45
store_319,2015-07-24,833.735
store_319,2015-07-25,863.36
store_319,2015-07-26,0.0
store_319,2015-07-27,1087.965
store_319,2015-07-28,966.06
store_319,2015-07-29,956.43
store_319,2015-07-30,952.87
store_319,2015-07-31,943.73
store_319,2015-08-01,868.475
store_319,2015-08-02,0.0
store_319,2015-08-03,1171.895
store_319,2015-08-04,959.965
store_319,2015-08-05,922.02
store_319,2015-08-06,927.885
store_319,2015-08-07,918.175
store_319,2015-08-08,878.305
store_319,2015-08-09,0.0
store_319,2015-08-10,920.21
store_319,2015-08-11,825.115
store_319,2015-08-12,798.395
store_319,2015-08-13,838.53
store_319,2015-08-14,900.26
store_319,2015-08-15,867.205
store_319,2015-08-16,0.0
store_319,2015-08-17,1153.175
store_319,2015-08-18,994.855
store_319,2015-08-19,983.18
store_319,2015-08-20,1000.835
store_319,2015-08-21,990.005
store_319,2015-08-22,877.635
store_319,2015-08-23,0.0
store_319,2015-08-24,916.52
store_319,2015-08-25,821.665
store_319,2015-08-26,806.88
store_319,2015-08-27,865.515
store_319,2015-08-28,897.45
store_319,2015-08-29,861.245
store_319,2015-08-30,0.0
store_32,2015-07-20,312.055
store_32,2015-07-21,297.27
store_32,2015-07-22,310.985
store_32,2015-07-23,331.68
store_32,2015-07-24,340.505
store_32,2015-07-25,337.19
store_32,2015-07-26,0.0
store_32,2015-07-27,505.495
store_32,2015-07-28,417.21
store_32,2015-07-29,392.55
store_32,2015-07-30,405.135
store_32,2015-07-31,415.035
store_32,2015-08-01,352.145
store_32,2015-08-02,0.0
store_32,2015-08-03,516.34
store_32,2015-08-04,414.04
store_32,2015-08-05,384.71
store_32,2015-08-06,392.16
store_32,2015-08-07,396.605
store_32,2015-08-08,353.12
store_32,2015-08-09,0.0
store_32,2015-08-10,378.89
store_32,2015-08-11,338.515
store_32,2015-08-12,330.93
store_32,2015-08-13,344.415
store_32,2015-08-14,354.23
store_32,2015-08-15,343.18
store_32,2015-08-16,0.0
store_32,2015-08-17,558.23
store_32,2015-08-18,453.44
store_32,2015-08-19,435.285
store_32,2015-08-20,439.45
store_32,2015-08-21,437.57
store_32,2015-08-22,353.06
store_32,2015-08-23,0.0
store_32,2015-08-24,378.54
store_32,2015-08-25,331.18
store_32,2015-08-26,330.61
store_32,2015-08-27,338.87
store_32,2015-08-28,357.795
store_32,2015-08-29,344.155
store_32,2015-08-30,0.0
store_320,2015-07-20,877.565
store_320,2015-07-21,794.805
store_320,2015-07-22,773.62
store_320,2015-07-23,822.47
store_320,2015-07-24,845.2
store_320,2015-07-25,744.79
store_320,2015-07-26,0.0
store_320,2015-07-27,1080.025
store_320,2015-07-28,961.11
store_320,2015-07-29,951.78
store_320,2015-07-30,988.97
store_320,2015-07-31,1002.965
store_320,2015-08-01,786.965
store_320,2015-08-02,0.0
store_320,2015-08-03,1138.815
store_320,2015-08-04,970.295
store_320,2015-08-05,918.305
store_320,2015-08-06,930.615
store_320,2015-08-07,916.1
store_320,2015-08-08,757.61
store_320,2015-08-09,0.0
store_320,2015-08-10,929.76
store_320,2015-08-11,849.545
store_320,2015-08-12,813.55
store_320,2015-08-13,820.615
store_320,2015-08-14,885.63
store_320,2015-08-15,750.75
store_320,2015-08-16,0.0
store_320,2015-08-17,1133.63
store_320,2015-08-18,1036.17
store_320,2015-08-19,985.965
store_320,2015-08-20,977.74
store_320,2015-08-21,968.165
store_320,2015-08-22,763.4
store_320,2015-08-23,0.0
store_320,2015-08-24,909.085
store_320,2015-08-25,840.42
store_320,2015-08-26,810.975
store_320,2015-08-27,852.8
store_320,2015-08-28,844.505
store_320,2015-08-29,748.905
store_320,2015-08-30,0.0
store_321,2015-07-20,699.805
store_321,2015-07-21,611.545
store_321,2015-07-22,612.8
store_321,2015-07-23,745.855
store_321,2015-07-24,793.37
store_321,2015-07-25,707.08
store_321,2015-07-26,0.0
store_321,2015-07-27,924.78
store_321,2015-07-28,800.965
store_321,2015-07-29,765.75
store_321,2015-07-30,828.69
store_321,2015-07-31,873.835
store_321,2015-08-01,760.285
store_321,2015-08-02,0.0
store_321,2015-08-03,975.225
store_321,2015-08-04,793.365
store_321,2015-08-05,735.11
store_321,2015-08-06,777.295
store_321,2015-08-07,824.17
store_321,2015-08-08,727.76
store_321,2015-08-09,0.0
store_321,2015-08-10,766.035
store_321,2015-08-11,672.38
store_321,2015-08-12,646.525
store_321,2015-08-13,663.705
store_321,2015-08-14,743.25
store_321,2015-08-15,710.49
store_321,2015-08-16,0.0
store_321,2015-08-17,973.365
store_321,2015-08-18,816.745
store_321,2015-08-19,750.815
store_321,2015-08-20,791.25
store_321,2015-08-21,839.12
store_321,2015-08-22,726.19
store_321,2015-08-23,0.0
store_321,2015-08-24,753.44
store_321,2015-08-25,668.955
store_321,2015-08-26,643.175
store_321,2015-08-27,670.88
store_321,2015-08-28,730.89
store_321,2015-08-29,707.605
store_321,2015-08-30,0.0
store_322,2015-07-20,1224.385
store_322,2015-07-21,1199.19
store_322,2015-07-22,1166.5
store_322,2015-07-23,1138.6
store_322,2015-07-24,1123.895
store_322,2015-07-25,1150.73
store_322,2015-07-26,1079.865
store_322,2015-07-27,1215.55
store_322,2015-07-28,1248.595
store_322,2015-07-29,1196.75
store_322,2015-07-30,1229.01
store_322,2015-07-31,1243.56
store_322,2015-08-01,1130.52
store_322,2015-08-02,1096.3
store_322,2015-08-03,1264.405
store_322,2015-08-04,1223.81
store_322,2015-08-05,1194.435
store_322,2015-08-06,1180.625
store_322,2015-08-07,1147.725
store_322,2015-08-08,1093.375
store_322,2015-08-09,1049.725
store_322,2015-08-10,1235.28
store_322,2015-08-11,1220.67
store_322,2015-08-12,1198.585
store_322,2015-08-13,1190.885
store_322,2015-08-14,1171.03
store_322,2015-08-15,1076.53
store_322,2015-08-16,1024.325
store_322,2015-08-17,1229.845
store_322,2015-08-18,1201.74
store_322,2015-08-19,1197.855
store_322,2015-08-20,1200.655
store_322,2015-08-21,1177.09
store_322,2015-08-22,1072.975
store_322,2015-08-23,975.43
store_322,2015-08-24,1090.79
store_322,2015-08-25,1049.365
store_322,2015-08-26,1086.815
store_322,2015-08-27,1147.485
store_322,2015-08-28,1150.785
store_322,2015-08-29,1076.095
store_322,2015-08-30,1006.59
store_323,2015-07-20,612.78
store_323,2015-07-21,554.965
store_323,2015-07-22,535.8
store_323,2015-07-23,568.605
store_323,2015-07-24,593.32
store_323,2015-07-25,497.25
store_323,2015-07-26,0.0
store_323,2015-07-27,728.96
store_323,2015-07-28,644.705
store_323,2015-07-29,636.2
store_323,2015-07-30,654.085
store_323,2015-07-31,643.32
store_323,2015-08-01,508.305
store_323,2015-08-02,0.0
store_323,2015-08-03,784.015
store_323,2015-08-04,651.17
store_323,2015-08-05,613.16
store_323,2015-08-06,620.335
store_323,2015-08-07,644.02
store_323,2015-08-08,511.115
store_323,2015-08-09,0.0
store_323,2015-08-10,649.28
store_323,2015-08-11,579.22
store_323,2015-08-12,564.095
store_323,2015-08-13,577.81
store_323,2015-08-14,597.59
store_323,2015-08-15,491.58
store_323,2015-08-16,0.0
store_323,2015-08-17,799.03
store_323,2015-08-18,701.555
store_323,2015-08-19,665.225
store_323,2015-08-20,663.925
store_323,2015-08-21,644.31
store_323,2015-08-22,500.795
store_323,2015-08-23,0.0
store_323,2015-08-24,647.035
store_323,2015-08-25,586.45
store_323,2015-08-26,567.565
store_323,2015-08-27,593.22
store_323,2015-08-28,601.865
store_323,2015-08-29,495.705
store_323,2015-08-30,0.0
store_324,2015-07-20,1202.14
store_324,2015-07-21,1114.59
store_324,2015-07-22,1056.36
store_324,2015-07-23,1073.085
store_324,2015-07-24,1054.8
store_324,2015-07-25,1066.43
store_324,2015-07-26,0.0
store_324,2015-07-27,1377.385
store_324,2015-07-28,1286.675
store_324,2015-07-29,1216.845
store_324,2015-07-30,1211.365
store_324,2015-07-31,1197.985
store_324,2015-08-01,1074.88
store_324,2015-08-02,0.0
store_324,2015-08-03,1447.54
store_324,2015-08-04,1298.55
store_324,2015-08-05,1214.865
store_324,2015-08-06,1216.525
store_324,2015-08-07,1186.995
store_324,2015-08-08,1054.59
store_324,2015-08-09,0.0
store_324,2015-08-10,1209.7
store_324,2015-08-11,1133.835
store_324,2015-08-12,1068.015
store_324,2015-08-13,1111.72
store_324,2015-08-14,1100.71
store_324,2015-08-15,1079.22
store_324,2015-08-16,0.0
store_324,2015-08-17,1384.26
store_324,2015-08-18,1264.29
store_324,2015-08-19,1201.41
store_324,2015-08-20,1204.2
store_324,2015-08-21,1179.97
store_324,2015-08-22,1038.475
store_324,2015-08-23,0.0
store_324,2015-08-24,1156.38
store_324,2015-08-25,1066.165
store_324,2015-08-26,1041.21
store_324,2015-08-27,1065.525
store_324,2015-08-28,1049.575
store_324,2015-08-29,1035.18
store_324,2015-08-30,0.0
store_325,2015-07-20,951.75
store_325,2015-07-21,899.525
store_325,2015-07-22,863.14
store_325,2015-07-23,867.985
store_325,2015-07-24,923.715
store_325,2015-07-25,712.905
store_325,2015-07-26,0.0
store_325,2015-07-27,1204.0
store_325,2015-07-28,1100.68
store_325,2015-07-29,1029.735
store_325,2015-07-30,1028.855
store_325,2015-07-31,1051.895
store_325,2015-08-01,735.21
store_325,2015-08-02,0.0
store_325,2015-08-03,1282.315
store_325,2015-08-04,1075.935
store_325,2015-08-05,985.885
store_325,2015-08-06,993.615
store_325,2015-08-07,1011.34
store_325,2015-08-08,772.365
store_325,2015-08-09,0.0
store_325,2015-08-10,1002.975
store_325,2015-08-11,920.125
store_325,2015-08-12,878.515
store_325,2015-08-13,891.255
store_325,2015-08-14,928.005
store_325,2015-08-15,756.67
store_325,2015-08-16,0.0
store_325,2015-08-17,1246.82
store_325,2015-08-18,1094.235
store_325,2015-08-19,1025.71
store_325,2015-08-20,1025.135
store_325,2015-08-21,1022.88
store_325,2015-08-22,782.305
store_325,2015-08-23,0.0
store_325,2015-08-24,974.865
store_325,2015-08-25,912.61
store_325,2015-08-26,857.685
store_325,2015-08-27,868.75
store_325,2015-08-28,929.27
store_325,2015-08-29,769.48
store_325,2015-08-30,0.0
store_326,2015-07-20,774.83
store_326,2015-07-21,758.395
store_326,2015-07-22,789.605
store_326,2015-07-23,831.69
store_326,2015-07-24,825.375
store_326,2015-07-25,595.05
store_326,2015-07-26,0.0
store_326,2015-07-27,977.485
store_326,2015-07-28,928.47
store_326,2015-07-29,941.125
store_326,2015-07-30,984.895
store_326,2015-07-31,968.36
store_326,2015-08-01,596.57
store_326,2015-08-02,0.0
store_326,2015-08-03,1040.27
store_326,2015-08-04,923.895
store_326,2015-08-05,867.075
store_326,2015-08-06,869.97
store_326,2015-08-07,867.71
store_326,2015-08-08,576.06
store_326,2015-08-09,0.0
store_326,2015-08-10,831.69
store_326,2015-08-11,782.79
store_326,2015-08-12,769.37
store_326,2015-08-13,793.855
store_326,2015-08-14,822.17
store_326,2015-08-15,568.595
store_326,2015-08-16,0.0
store_326,2015-08-17,1078.25
store_326,2015-08-18,955.52
store_326,2015-08-19,896.025
store_326,2015-08-20,919.605
store_326,2015-08-21,916.92
store_326,2015-08-22,570.715
store_326,2015-08-23,0.0
store_326,2015-08-24,799.505
store_326,2015-08-25,751.945
store_326,2015-08-26,725.11
store_326,2015-08-27,763.99
store_326,2015-08-28,815.055
store_326,2015-08-29,559.485
store_326,2015-08-30,0.0
store_327,2015-07-20,733.06
store_327,2015-07-21,703.06
store_327,2015-07-22,671.795
store_327,2015-07-23,710.9
store_327,2015-07-24,797.525
store_327,2015-07-25,492.82
store_327,2015-07-26,0.0
store_327,2015-07-27,907.985
store_327,2015-07-28,883.945
store_327,2015-07-29,854.965
store_327,2015-07-30,934.43
store_327,2015-07-31,957.76
store_327,2015-08-01,529.92
store_327,2015-08-02,0.0
store_327,2015-08-03,979.205
store_327,2015-08-04,832.68
store_327,2015-08-05,793.09
store_327,2015-08-06,805.85
store_327,2015-08-07,840.905
store_327,2015-08-08,523.405
store_327,2015-08-09,0.0
store_327,2015-08-10,772.145
store_327,2015-08-11,709.23
store_327,2015-08-12,677.615
store_327,2015-08-13,697.81
store_327,2015-08-14,786.95
store_327,2015-08-15,507.725
store_327,2015-08-16,0.0
store_327,2015-08-17,1022.16
store_327,2015-08-18,870.935
store_327,2015-08-19,800.11
store_327,2015-08-20,809.95
store_327,2015-08-21,850.095
store_327,2015-08-22,535.765
store_327,2015-08-23,0.0
store_327,2015-08-24,759.31
store_327,2015-08-25,683.48
store_327,2015-08-26,686.085
store_327,2015-08-27,699.895
store_327,2015-08-28,744.425
store_327,2015-08-29,532.955
store_327,2015-08-30,0.0
store_328,2015-07-20,583.245
store_328,2015-07-21,546.58
store_328,2015-07-22,547.27
store_328,2015-07-23,544.94
store_328,2015-07-24,541.67
store_328,2015-07-25,476.61
store_328,2015-07-26,0.0
store_328,2015-07-27,735.965
store_328,2015-07-28,684.345
store_328,2015-07-29,662.325
store_328,2015-07-30,676.145
store_328,2015-07-31,646.43
store_328,2015-08-01,496.665
store_328,2015-08-02,0.0
store_328,2015-08-03,763.31
store_328,2015-08-04,668.085
store_328,2015-08-05,615.585
store_328,2015-08-06,637.385
store_328,2015-08-07,601.425
store_328,2015-08-08,502.91
store_328,2015-08-09,0.0
store_328,2015-08-10,595.185
store_328,2015-08-11,556.01
store_328,2015-08-12,530.33
store_328,2015-08-13,543.19
store_328,2015-08-14,535.9
store_328,2015-08-15,460.43
store_328,2015-08-16,0.0
store_328,2015-08-17,761.795
store_328,2015-08-18,690.5
store_328,2015-08-19,635.005
store_328,2015-08-20,632.75
store_328,2015-08-21,610.93
store_328,2015-08-22,472.585
store_328,2015-08-23,0.0
store_328,2015-08-24,583.85
store_328,2015-08-25,521.615
store_328,2015-08-26,517.735
store_328,2015-08-27,527.29
store_328,2015-08-28,526.93
store_328,2015-08-29,467.785
store_328,2015-08-30,0.0
store_329,2015-07-20,593.1
store_329,2015-07-21,552.155
store_329,2015-07-22,517.255
store_329,2015-07-23,540.585
store_329,2015-07-24,530.91
store_329,2015-07-25,344.91
store_329,2015-07-26,0.0
store_329,2015-07-27,742.315
store_329,2015-07-28,673.38
store_329,2015-07-29,630.43
store_329,2015-07-30,660.7
store_329,2015-07-31,622.285
store_329,2015-08-01,365.765
store_329,2015-08-02,0.0
store_329,2015-08-03,751.92
store_329,2015-08-04,662.365
store_329,2015-08-05,607.635
store_329,2015-08-06,630.28
store_329,2015-08-07,597.03
store_329,2015-08-08,359.795
store_329,2015-08-09,0.0
store_329,2015-08-10,588.51
store_329,2015-08-11,555.62
store_329,2015-08-12,539.415
store_329,2015-08-13,539.875
store_329,2015-08-14,535.215
store_329,2015-08-15,361.1
store_329,2015-08-16,0.0
store_329,2015-08-17,717.69
store_329,2015-08-18,671.17
store_329,2015-08-19,631.03
store_329,2015-08-20,638.93
store_329,2015-08-21,626.77
store_329,2015-08-22,369.54
store_329,2015-08-23,0.0
store_329,2015-08-24,578.69
store_329,2015-08-25,506.77
store_329,2015-08-26,511.98
store_329,2015-08-27,528.775
store_329,2015-08-28,540.145
store_329,2015-08-29,369.04
store_329,2015-08-30,0.0
store_33,2015-07-20,578.52
store_33,2015-07-21,538.28
store_33,2015-07-22,541.13
store_33,2015-07-23,572.275
store_33,2015-07-24,600.61
store_33,2015-07-25,368.92
store_33,2015-07-26,0.0
store_33,2015-07-27,725.85
store_33,2015-07-28,645.27
store_33,2015-07-29,645.395
store_33,2015-07-30,653.85
store_33,2015-07-31,654.99
store_33,2015-08-01,382.4
store_33,2015-08-02,0.0
store_33,2015-08-03,781.37
store_33,2015-08-04,646.12
store_33,2015-08-05,610.665
store_33,2015-08-06,626.805
store_33,2015-08-07,644.99
store_33,2015-08-08,390.855
store_33,2015-08-09,0.0
store_33,2015-08-10,616.705
store_33,2015-08-11,567.065
store_33,2015-08-12,542.47
store_33,2015-08-13,561.435
store_33,2015-08-14,593.31
store_33,2015-08-15,373.455
store_33,2015-08-16,0.0
store_33,2015-08-17,771.39
store_33,2015-08-18,666.025
store_33,2015-08-19,624.795
store_33,2015-08-20,653.41
store_33,2015-08-21,634.495
store_33,2015-08-22,376.37
store_33,2015-08-23,0.0
store_33,2015-08-24,627.94
store_33,2015-08-25,568.52
store_33,2015-08-26,568.59
store_33,2015-08-27,587.53
store_33,2015-08-28,599.895
store_33,2015-08-29,384.355
store_33,2015-08-30,0.0
store_330,2015-07-20,828.075
store_330,2015-07-21,726.855
store_330,2015-07-22,726.605
store_330,2015-07-23,724.295
store_330,2015-07-24,668.095
store_330,2015-07-25,574.645
store_330,2015-07-26,0.0
store_330,2015-07-27,1100.6
store_330,2015-07-28,990.375
store_330,2015-07-29,949.655
store_330,2015-07-30,955.625
store_330,2015-07-31,841.03
store_330,2015-08-01,602.77
store_330,2015-08-02,0.0
store_330,2015-08-03,1060.425
store_330,2015-08-04,912.805
store_330,2015-08-05,879.005
store_330,2015-08-06,851.59
store_330,2015-08-07,785.62
store_330,2015-08-08,573.105
store_330,2015-08-09,0.0
store_330,2015-08-10,789.78
store_330,2015-08-11,768.3
store_330,2015-08-12,751.56
store_330,2015-08-13,771.095
store_330,2015-08-14,755.785
store_330,2015-08-15,573.265
store_330,2015-08-16,0.0
store_330,2015-08-17,1054.55
store_330,2015-08-18,958.595
store_330,2015-08-19,918.985
store_330,2015-08-20,901.66
store_330,2015-08-21,873.485
store_330,2015-08-22,580.91
store_330,2015-08-23,0.0
store_330,2015-08-24,780.025
store_330,2015-08-25,737.68
store_330,2015-08-26,725.145
store_330,2015-08-27,766.92
store_330,2015-08-28,771.62
store_330,2015-08-29,585.25
store_330,2015-08-30,0.0
store_331,2015-07-20,211.83
store_331,2015-07-21,206.135
store_331,2015-07-22,191.465
store_331,2015-07-23,198.09
store_331,2015-07-24,193.34
store_331,2015-07-25,143.285
store_331,2015-07-26,0.0
store_331,2015-07-27,365.33
store_331,2015-07-28,312.37
store_331,2015-07-29,281.91
store_331,2015-07-30,285.08
store_331,2015-07-31,274.425
store_331,2015-08-01,147.025
store_331,2015-08-02,0.0
store_331,2015-08-03,335.295
store_331,2015-08-04,301.45
store_331,2015-08-05,286.52
store_331,2015-08-06,279.665
store_331,2015-08-07,267.355
store_331,2015-08-08,143.87
store_331,2015-08-09,0.0
store_331,2015-08-10,208.345
store_331,2015-08-11,208.775
store_331,2015-08-12,220.755
store_331,2015-08-13,222.7
store_331,2015-08-14,232.42
store_331,2015-08-15,141.08
store_331,2015-08-16,0.0
store_331,2015-08-17,353.835
store_331,2015-08-18,309.24
store_331,2015-08-19,292.67
store_331,2015-08-20,286.565
store_331,2015-08-21,281.71
store_331,2015-08-22,142.66
store_331,2015-08-23,0.0
store_331,2015-08-24,207.965
store_331,2015-08-25,191.175
store_331,2015-08-26,199.74
store_331,2015-08-27,206.605
store_331,2015-08-28,213.99
store_331,2015-08-29,138.58
store_331,2015-08-30,0.0
store_332,2015-07-20,891.14
store_332,2015-07-21,827.41
store_332,2015-07-22,810.22
store_332,2015-07-23,874.125
store_332,2015-07-24,881.0
store_332,2015-07-25,743.32
store_332,2015-07-26,0.0
store_332,2015-07-27,1059.06
store_332,2015-07-28,1021.11
store_332,2015-07-29,986.615
store_332,2015-07-30,1073.265
store_332,2015-07-31,1028.23
store_332,2015-08-01,797.09
store_332,2015-08-02,0.0
store_332,2015-08-03,1126.95
store_332,2015-08-04,958.075
store_332,2015-08-05,912.17
store_332,2015-08-06,940.895
store_332,2015-08-07,909.21
store_332,2015-08-08,781.075
store_332,2015-08-09,0.0
store_332,2015-08-10,898.54
store_332,2015-08-11,831.98
store_332,2015-08-12,802.995
store_332,2015-08-13,808.3
store_332,2015-08-14,843.07
store_332,2015-08-15,795.72
store_332,2015-08-16,0.0
store_332,2015-08-17,1100.825
store_332,2015-08-18,1001.935
store_332,2015-08-19,960.51
store_332,2015-08-20,939.135
store_332,2015-08-21,926.12
store_332,2015-08-22,779.49
store_332,2015-08-23,0.0
store_332,2015-08-24,917.795
store_332,2015-08-25,820.59
store_332,2015-08-26,795.495
store_332,2015-08-27,831.755
store_332,2015-08-28,845.415
store_332,2015-08-29,795.24
store_332,2015-08-30,0.0
store_333,2015-07-20,410.175
store_333,2015-07-21,345.885
store_333,2015-07-22,359.575
store_333,2015-07-23,347.145
store_333,2015-07-24,378.255
store_333,2015-07-25,346.445
store_333,2015-07-26,0.0
store_333,2015-07-27,518.675
store_333,2015-07-28,446.62
store_333,2015-07-29,437.03
store_333,2015-07-30,431.59
store_333,2015-07-31,442.405
store_333,2015-08-01,358.055
store_333,2015-08-02,0.0
store_333,2015-08-03,553.82
store_333,2015-08-04,454.06
store_333,2015-08-05,429.705
store_333,2015-08-06,422.905
store_333,2015-08-07,417.745
store_333,2015-08-08,348.335
store_333,2015-08-09,0.0
store_333,2015-08-10,419.695
store_333,2015-08-11,383.65
store_333,2015-08-12,378.145
store_333,2015-08-13,394.94
store_333,2015-08-14,408.67
store_333,2015-08-15,342.01
store_333,2015-08-16,0.0
store_333,2015-08-17,551.08
store_333,2015-08-18,472.735
store_333,2015-08-19,456.355
store_333,2015-08-20,474.625
store_333,2015-08-21,488.835
store_333,2015-08-22,356.925
store_333,2015-08-23,0.0
store_333,2015-08-24,410.94
store_333,2015-08-25,372.525
store_333,2015-08-26,392.015
store_333,2015-08-27,413.625
store_333,2015-08-28,433.765
store_333,2015-08-29,350.95
store_333,2015-08-30,0.0
store_334,2015-07-20,536.945
store_334,2015-07-21,497.0
store_334,2015-07-22,491.78
store_334,2015-07-23,504.5
store_334,2015-07-24,554.255
store_334,2015-07-25,390.025
store_334,2015-07-26,0.0
store_334,2015-07-27,646.04
store_334,2015-07-28,576.065
store_334,2015-07-29,566.195
store_334,2015-07-30,584.14
store_334,2015-07-31,619.43
store_334,2015-08-01,402.51
store_334,2015-08-02,0.0
store_334,2015-08-03,709.59
store_334,2015-08-04,597.235
store_334,2015-08-05,547.98
store_334,2015-08-06,552.81
store_334,2015-08-07,577.345
store_334,2015-08-08,391.37
store_334,2015-08-09,0.0
store_334,2015-08-10,565.0
store_334,2015-08-11,519.715
store_334,2015-08-12,493.24
store_334,2015-08-13,501.495
store_334,2015-08-14,519.265
store_334,2015-08-15,387.6
store_334,2015-08-16,0.0
store_334,2015-08-17,693.13
store_334,2015-08-18,620.97
store_334,2015-08-19,578.755
store_334,2015-08-20,586.26
store_334,2015-08-21,600.29
store_334,2015-08-22,405.515
store_334,2015-08-23,0.0
store_334,2015-08-24,570.28
store_334,2015-08-25,508.3
store_334,2015-08-26,494.83
store_334,2015-08-27,511.02
store_334,2015-08-28,529.3
store_334,2015-08-29,385.43
store_334,2015-08-30,0.0
store_335,2015-07-20,379.875
store_335,2015-07-21,325.13
store_335,2015-07-22,363.545
store_335,2015-07-23,371.48
store_335,2015-07-24,388.02
store_335,2015-07-25,417.945
store_335,2015-07-26,0.0
store_335,2015-07-27,493.055
store_335,2015-07-28,453.835
store_335,2015-07-29,437.315
store_335,2015-07-30,450.99
store_335,2015-07-31,467.15
store_335,2015-08-01,440.49
store_335,2015-08-02,0.0
store_335,2015-08-03,535.365
store_335,2015-08-04,442.975
store_335,2015-08-05,414.69
store_335,2015-08-06,427.195
store_335,2015-08-07,438.235
store_335,2015-08-08,432.79
store_335,2015-08-09,0.0
store_335,2015-08-10,446.135
store_335,2015-08-11,392.23
store_335,2015-08-12,376.975
store_335,2015-08-13,390.41
store_335,2015-08-14,423.445
store_335,2015-08-15,447.15
store_335,2015-08-16,0.0
store_335,2015-08-17,596.87
store_335,2015-08-18,501.105
store_335,2015-08-19,491.52
store_335,2015-08-20,469.845
store_335,2015-08-21,484.54
store_335,2015-08-22,450.865
store_335,2015-08-23,0.0
store_335,2015-08-24,418.37
store_335,2015-08-25,376.2
store_335,2015-08-26,392.56
store_335,2015-08-27,408.63
store_335,2015-08-28,421.13
store_335,2015-08-29,430.995
store_335,2015-08-30,0.0
store_336,2015-07-20,1016.705
store_336,2015-07-21,994.56
store_336,2015-07-22,934.915
store_336,2015-07-23,937.32
store_336,2015-07-24,936.275
store_336,2015-07-25,766.03
store_336,2015-07-26,0.0
store_336,2015-07-27,1196.715
store_336,2015-07-28,1150.765
store_336,2015-07-29,1090.935
store_336,2015-07-30,1116.95
store_336,2015-07-31,1062.225
store_336,2015-08-01,812.125
store_336,2015-08-02,0.0
store_336,2015-08-03,1266.145
store_336,2015-08-04,1149.72
store_336,2015-08-05,1081.25
store_336,2015-08-06,1045.005
store_336,2015-08-07,1007.995
store_336,2015-08-08,812.39
store_336,2015-08-09,0.0
store_336,2015-08-10,1062.41
store_336,2015-08-11,998.525
store_336,2015-08-12,944.31
store_336,2015-08-13,942.51
store_336,2015-08-14,943.02
store_336,2015-08-15,834.675
store_336,2015-08-16,0.0
store_336,2015-08-17,1226.23
store_336,2015-08-18,1133.435
store_336,2015-08-19,1072.815
store_336,2015-08-20,1074.465
store_336,2015-08-21,1063.58
store_336,2015-08-22,854.27
store_336,2015-08-23,0.0
store_336,2015-08-24,989.09
store_336,2015-08-25,906.93
store_336,2015-08-26,886.17
store_336,2015-08-27,912.54
store_336,2015-08-28,925.565
store_336,2015-08-29,843.73
store_336,2015-08-30,0.0
store_337,2015-07-20,661.835
store_337,2015-07-21,603.01
store_337,2015-07-22,611.2
store_337,2015-07-23,620.205
store_337,2015-07-24,596.025
store_337,2015-07-25,403.35
store_337,2015-07-26,0.0
store_337,2015-07-27,856.195
store_337,2015-07-28,774.185
store_337,2015-07-29,756.21
store_337,2015-07-30,767.355
store_337,2015-07-31,745.06
store_337,2015-08-01,432.39
store_337,2015-08-02,0.0
store_337,2015-08-03,871.895
store_337,2015-08-04,726.335
store_337,2015-08-05,704.84
store_337,2015-08-06,706.925
store_337,2015-08-07,696.4
store_337,2015-08-08,424.285
store_337,2015-08-09,0.0
store_337,2015-08-10,675.305
store_337,2015-08-11,617.35
store_337,2015-08-12,589.685
store_337,2015-08-13,611.56
store_337,2015-08-14,641.825
store_337,2015-08-15,426.88
store_337,2015-08-16,0.0
store_337,2015-08-17,881.03
store_337,2015-08-18,769.39
store_337,2015-08-19,699.555
store_337,2015-08-20,724.055
store_337,2015-08-21,730.945
store_337,2015-08-22,429.375
store_337,2015-08-23,0.0
store_337,2015-08-24,684.49
store_337,2015-08-25,656.095
store_337,2015-08-26,612.555
store_337,2015-08-27,631.325
store_337,2015-08-28,658.99
store_337,2015-08-29,429.12
store_337,2015-08-30,0.0
store_338,2015-07-20,571.405
store_338,2015-07-21,518.895
store_338,2015-07-22,525.075
store_338,2015-07-23,541.45
store_338,2015-07-24,580.86
store_338,2015-07-25,927.51
store_338,2015-07-26,0.0
store_338,2015-07-27,736.24
store_338,2015-07-28,647.26
store_338,2015-07-29,620.6
store_338,2015-07-30,643.715
store_338,2015-07-31,660.015
store_338,2015-08-01,931.73
store_338,2015-08-02,0.0
store_338,2015-08-03,779.055
store_338,2015-08-04,690.4
store_338,2015-08-05,624.395
store_338,2015-08-06,614.32
store_338,2015-08-07,631.14
store_338,2015-08-08,906.955
store_338,2015-08-09,0.0
store_338,2015-08-10,647.76
store_338,2015-08-11,593.635
store_338,2015-08-12,584.13
store_338,2015-08-13,569.855
store_338,2015-08-14,572.225
store_338,2015-08-15,869.535
store_338,2015-08-16,0.0
store_338,2015-08-17,815.86
store_338,2015-08-18,721.015
store_338,2015-08-19,688.015
store_338,2015-08-20,675.27
store_338,2015-08-21,660.79
store_338,2015-08-22,871.165
store_338,2015-08-23,0.0
store_338,2015-08-24,692.775
store_338,2015-08-25,614.28
store_338,2015-08-26,582.985
store_338,2015-08-27,573.7
store_338,2015-08-28,586.965
store_338,2015-08-29,870.85
store_338,2015-08-30,0.0
store_339,2015-07-20,616.585
store_339,2015-07-21,569.8
store_339,2015-07-22,566.75
store_339,2015-07-23,591.205
store_339,2015-07-24,594.87
store_339,2015-07-25,489.56
store_339,2015-07-26,0.0
store_339,2015-07-27,781.88
store_339,2015-07-28,694.435
store_339,2015-07-29,671.335
store_339,2015-07-30,699.29
store_339,2015-07-31,683.34
store_339,2015-08-01,530.21
store_339,2015-08-02,0.0
store_339,2015-08-03,796.125
store_339,2015-08-04,679.03
store_339,2015-08-05,638.76
store_339,2015-08-06,635.775
store_339,2015-08-07,626.01
store_339,2015-08-08,538.075
store_339,2015-08-09,0.0
store_339,2015-08-10,611.52
store_339,2015-08-11,547.48
store_339,2015-08-12,536.175
store_339,2015-08-13,544.205
store_339,2015-08-14,561.06
store_339,2015-08-15,534.935
store_339,2015-08-16,0.0
store_339,2015-08-17,794.15
store_339,2015-08-18,680.045
store_339,2015-08-19,644.625
store_339,2015-08-20,640.72
store_339,2015-08-21,651.71
store_339,2015-08-22,576.95
store_339,2015-08-23,0.0
store_339,2015-08-24,620.945
store_339,2015-08-25,546.395
store_339,2015-08-26,540.61
store_339,2015-08-27,558.34
store_339,2015-08-28,588.695
store_339,2015-08-29,556.235
store_339,2015-08-30,0.0
store_34,2015-07-20,537.205
store_34,2015-07-21,475.025
store_34,2015-07-22,463.775
store_34,2015-07-23,497.79
store_34,2015-07-24,567.945
store_34,2015-07-25,586.315
store_34,2015-07-26,0.0
store_34,2015-07-27,722.535
store_34,2015-07-28,591.89
store_34,2015-07-29,575.88
store_34,2015-07-30,595.465
store_34,2015-07-31,641.67
store_34,2015-08-01,634.285
store_34,2015-08-02,0.0
store_34,2015-08-03,749.655
store_34,2015-08-04,601.88
store_34,2015-08-05,548.45
store_34,2015-08-06,563.885
store_34,2015-08-07,599.48
store_34,2015-08-08,616.555
store_34,2015-08-09,0.0
store_34,2015-08-10,555.115
store_34,2015-08-11,498.03
store_34,2015-08-12,490.44
store_34,2015-08-13,509.555
store_34,2015-08-14,547.11
store_34,2015-08-15,593.465
store_34,2015-08-16,0.0
store_34,2015-08-17,768.895
store_34,2015-08-18,641.09
store_34,2015-08-19,609.74
store_34,2015-08-20,601.395
store_34,2015-08-21,633.62
store_34,2015-08-22,606.925
store_34,2015-08-23,0.0
store_34,2015-08-24,551.705
store_34,2015-08-25,487.24
store_34,2015-08-26,497.745
store_34,2015-08-27,504.445
store_34,2015-08-28,553.345
store_34,2015-08-29,584.52
store_34,2015-08-30,0.0
store_340,2015-07-20,548.715
store_340,2015-07-21,507.015
store_340,2015-07-22,570.325
store_340,2015-07-23,541.395
store_340,2015-07-24,489.15
store_340,2015-07-25,530.87
store_340,2015-07-26,0.0
store_340,2015-07-27,737.37
store_340,2015-07-28,629.645
store_340,2015-07-29,668.465
store_340,2015-07-30,679.3
store_340,2015-07-31,610.39
store_340,2015-08-01,553.735
store_340,2015-08-02,0.0
store_340,2015-08-03,847.44
store_340,2015-08-04,708.35
store_340,2015-08-05,652.69
store_340,2015-08-06,630.465
store_340,2015-08-07,577.555
store_340,2015-08-08,538.62
store_340,2015-08-09,0.0
store_340,2015-08-10,656.15
store_340,2015-08-11,603.765
store_340,2015-08-12,577.455
store_340,2015-08-13,551.725
store_340,2015-08-14,553.33
store_340,2015-08-15,534.8
store_340,2015-08-16,0.0
store_340,2015-08-17,879.195
store_340,2015-08-18,772.975
store_340,2015-08-19,715.575
store_340,2015-08-20,672.3
store_340,2015-08-21,652.41
store_340,2015-08-22,551.96
store_340,2015-08-23,0.0
store_340,2015-08-24,622.81
store_340,2015-08-25,594.26
store_340,2015-08-26,588.49
store_340,2015-08-27,558.595
store_340,2015-08-28,578.725
store_340,2015-08-29,534.615
store_340,2015-08-30,0.0
store_341,2015-07-20,439.52
store_341,2015-07-21,406.95
store_341,2015-07-22,406.845
store_341,2015-07-23,416.12
store_341,2015-07-24,417.865
store_341,2015-07-25,378.54
store_341,2015-07-26,0.0
store_341,2015-07-27,549.995
store_341,2015-07-28,505.945
store_341,2015-07-29,492.29
store_341,2015-07-30,508.225
store_341,2015-07-31,490.77
store_341,2015-08-01,372.86
store_341,2015-08-02,0.0
store_341,2015-08-03,600.745
store_341,2015-08-04,512.815
store_341,2015-08-05,470.675
store_341,2015-08-06,477.925
store_341,2015-08-07,474.845
store_341,2015-08-08,367.41
store_341,2015-08-09,0.0
store_341,2015-08-10,474.67
store_341,2015-08-11,432.75
store_341,2015-08-12,413.595
store_341,2015-08-13,427.13
store_341,2015-08-14,430.08
store_341,2015-08-15,362.05
store_341,2015-08-16,0.0
store_341,2015-08-17,581.37
store_341,2015-08-18,505.57
store_341,2015-08-19,474.485
store_341,2015-08-20,494.45
store_341,2015-08-21,501.5
store_341,2015-08-22,361.535
store_341,2015-08-23,0.0
store_341,2015-08-24,458.26
store_341,2015-08-25,414.355
store_341,2015-08-26,411.38
store_341,2015-08-27,426.46
store_341,2015-08-28,447.82
store_341,2015-08-29,356.61
store_341,2015-08-30,0.0
store_342,2015-07-20,464.49
store_342,2015-07-21,512.89
store_342,2015-07-22,564.565
store_342,2015-07-23,597.63
store_342,2015-07-24,623.62
store_342,2015-07-25,453.825
store_342,2015-07-26,0.0
store_342,2015-07-27,598.955
store_342,2015-07-28,588.15
store_342,2015-07-29,630.285
store_342,2015-07-30,683.19
store_342,2015-07-31,699.485
store_342,2015-08-01,482.005
store_342,2015-08-02,0.0
store_342,2015-08-03,639.865
store_342,2015-08-04,564.345
store_342,2015-08-05,552.965
store_342,2015-08-06,615.27
store_342,2015-08-07,652.18
store_342,2015-08-08,471.715
store_342,2015-08-09,0.0
store_342,2015-08-10,500.09
store_342,2015-08-11,458.445
store_342,2015-08-12,462.495
store_342,2015-08-13,514.65
store_342,2015-08-14,565.1
store_342,2015-08-15,490.985
store_342,2015-08-16,0.0
store_342,2015-08-17,666.73
store_342,2015-08-18,576.955
store_342,2015-08-19,546.77
store_342,2015-08-20,584.12
store_342,2015-08-21,640.32
store_342,2015-08-22,492.39
store_342,2015-08-23,0.0
store_342,2015-08-24,544.96
store_342,2015-08-25,488.095
store_342,2015-08-26,479.68
store_342,2015-08-27,513.17
store_342,2015-08-28,565.81
store_342,2015-08-29,494.28
store_342,2015-08-30,0.0
store_343,2015-07-20,3100.875
store_343,2015-07-21,2961.195
store_343,2015-07-22,2909.64
store_343,2015-07-23,2927.78
store_343,2015-07-24,3188.83
store_343,2015-07-25,2539.885
store_343,2015-07-26,3186.125
store_343,2015-07-27,3283.89
store_343,2015-07-28,3176.97
store_343,2015-07-29,3198.545
store_343,2015-07-30,3298.035
store_343,2015-07-31,3420.415
store_343,2015-08-01,2747.69
store_343,2015-08-02,3141.285
store_343,2015-08-03,3228.97
store_343,2015-08-04,3145.365
store_343,2015-08-05,3124.05
store_343,2015-08-06,3101.805
store_343,2015-08-07,3320.005
store_343,2015-08-08,2646.295
store_343,2015-08-09,3112.24
store_343,2015-08-10,3056.835
store_343,2015-08-11,2997.34
store_343,2015-08-12,3079.035
store_343,2015-08-13,3095.63
store_343,2015-08-14,3280.38
store_343,2015-08-15,2688.745
store_343,2015-08-16,3138.065
store_343,2015-08-17,3241.475
store_343,2015-08-18,3161.795
store_343,2015-08-19,3165.215
store_343,2015-08-20,3221.025
store_343,2015-08-21,3419.29
store_343,2015-08-22,2811.8
store_343,2015-08-23,3225.635
store_343,2015-08-24,3091.395
store_343,2015-08-25,3013.84
store_343,2015-08-26,2979.93
store_343,2015-08-27,3026.145
store_343,2015-08-28,3246.765
store_343,2015-08-29,2744.49
store_343,2015-08-30,3244.51
store_344,2015-07-20,482.89
store_344,2015-07-21,463.94
store_344,2015-07-22,442.195
store_344,2015-07-23,472.515
store_344,2015-07-24,464.05
store_344,2015-07-25,486.895
store_344,2015-07-26,0.0
store_344,2015-07-27,556.68
store_344,2015-07-28,552.585
store_344,2015-07-29,540.075
store_344,2015-07-30,557.47
store_344,2015-07-31,520.76
store_344,2015-08-01,506.69
store_344,2015-08-02,0.0
store_344,2015-08-03,576.785
store_344,2015-08-04,537.445
store_344,2015-08-05,497.81
store_344,2015-08-06,510.015
store_344,2015-08-07,496.96
store_344,2015-08-08,479.465
store_344,2015-08-09,0.0
store_344,2015-08-10,493.07
store_344,2015-08-11,458.625
store_344,2015-08-12,431.085
store_344,2015-08-13,445.275
store_344,2015-08-14,463.225
store_344,2015-08-15,469.365
store_344,2015-08-16,0.0
store_344,2015-08-17,621.695
store_344,2015-08-18,549.005
store_344,2015-08-19,511.575
store_344,2015-08-20,522.81
store_344,2015-08-21,533.03
store_344,2015-08-22,491.305
store_344,2015-08-23,0.0
store_344,2015-08-24,496.76
store_344,2015-08-25,448.69
store_344,2015-08-26,445.22
store_344,2015-08-27,455.805
store_344,2015-08-28,483.57
store_344,2015-08-29,463.935
store_344,2015-08-30,0.0
store_345,2015-07-20,437.6
store_345,2015-07-21,407.13
store_345,2015-07-22,411.125
store_345,2015-07-23,443.38
store_345,2015-07-24,490.755
store_345,2015-07-25,517.305
store_345,2015-07-26,0.0
store_345,2015-07-27,590.71
store_345,2015-07-28,495.685
store_345,2015-07-29,492.74
store_345,2015-07-30,514.95
store_345,2015-07-31,544.365
store_345,2015-08-01,540.23
store_345,2015-08-02,0.0
store_345,2015-08-03,621.595
store_345,2015-08-04,518.42
store_345,2015-08-05,490.56
store_345,2015-08-06,501.535
store_345,2015-08-07,529.585
store_345,2015-08-08,540.405
store_345,2015-08-09,0.0
store_345,2015-08-10,474.84
store_345,2015-08-11,435.24
store_345,2015-08-12,430.155
store_345,2015-08-13,449.705
store_345,2015-08-14,484.63
store_345,2015-08-15,526.63
store_345,2015-08-16,0.0
store_345,2015-08-17,628.2
store_345,2015-08-18,531.58
store_345,2015-08-19,493.54
store_345,2015-08-20,510.07
store_345,2015-08-21,531.73
store_345,2015-08-22,531.34
store_345,2015-08-23,0.0
store_345,2015-08-24,499.88
store_345,2015-08-25,444.65
store_345,2015-08-26,435.99
store_345,2015-08-27,445.92
store_345,2015-08-28,498.58
store_345,2015-08-29,517.815
store_345,2015-08-30,0.0
store_346,2015-07-20,647.91
store_346,2015-07-21,605.58
store_346,2015-07-22,668.225
store_346,2015-07-23,650.66
store_346,2015-07-24,662.525
store_346,2015-07-25,625.735
store_346,2015-07-26,0.0
store_346,2015-07-27,880.525
store_346,2015-07-28,798.585
store_346,2015-07-29,800.08
store_346,2015-07-30,839.78
store_346,2015-07-31,767.585
store_346,2015-08-01,671.05
store_346,2015-08-02,0.0
store_346,2015-08-03,921.865
store_346,2015-08-04,794.06
store_346,2015-08-05,755.93
store_346,2015-08-06,754.03
store_346,2015-08-07,730.265
store_346,2015-08-08,649.205
store_346,2015-08-09,0.0
store_346,2015-08-10,720.675
store_346,2015-08-11,683.95
store_346,2015-08-12,668.81
store_346,2015-08-13,664.99
store_346,2015-08-14,666.195
store_346,2015-08-15,651.0
store_346,2015-08-16,0.0
store_346,2015-08-17,947.9
store_346,2015-08-18,824.72
store_346,2015-08-19,772.945
store_346,2015-08-20,766.53
store_346,2015-08-21,735.835
store_346,2015-08-22,642.625
store_346,2015-08-23,0.0
store_346,2015-08-24,684.94
store_346,2015-08-25,617.67
store_346,2015-08-26,636.05
store_346,2015-08-27,651.645
store_346,2015-08-28,667.89
store_346,2015-08-29,662.03
store_346,2015-08-30,0.0
store_347,2015-07-20,557.035
store_347,2015-07-21,523.325
store_347,2015-07-22,505.17
store_347,2015-07-23,521.945
store_347,2015-07-24,560.01
store_347,2015-07-25,414.81
store_347,2015-07-26,0.0
store_347,2015-07-27,710.64
store_347,2015-07-28,655.27
store_347,2015-07-29,638.075
store_347,2015-07-30,693.68
store_347,2015-07-31,693.395
store_347,2015-08-01,426.585
store_347,2015-08-02,0.0
store_347,2015-08-03,759.655
store_347,2015-08-04,645.08
store_347,2015-08-05,597.36
store_347,2015-08-06,617.225
store_347,2015-08-07,617.6
store_347,2015-08-08,411.835
store_347,2015-08-09,0.0
store_347,2015-08-10,587.95
store_347,2015-08-11,542.015
store_347,2015-08-12,534.735
store_347,2015-08-13,535.75
store_347,2015-08-14,552.4
store_347,2015-08-15,398.09
store_347,2015-08-16,0.0
store_347,2015-08-17,749.995
store_347,2015-08-18,645.74
store_347,2015-08-19,609.91
store_347,2015-08-20,615.47
store_347,2015-08-21,622.05
store_347,2015-08-22,394.975
store_347,2015-08-23,0.0
store_347,2015-08-24,570.335
store_347,2015-08-25,527.105
store_347,2015-08-26,512.7
store_347,2015-08-27,542.3
store_347,2015-08-28,574.345
store_347,2015-08-29,391.885
store_347,2015-08-30,0.0
store_348,2015-07-20,568.7
store_348,2015-07-21,523.68
store_348,2015-07-22,532.43
store_348,2015-07-23,546.66
store_348,2015-07-24,535.8
store_348,2015-07-25,405.8
store_348,2015-07-26,0.0
store_348,2015-07-27,730.89
store_348,2015-07-28,659.355
store_348,2015-07-29,639.3
store_348,2015-07-30,656.02
store_348,2015-07-31,622.3
store_348,2015-08-01,416.215
store_348,2015-08-02,0.0
store_348,2015-08-03,754.275
store_348,2015-08-04,657.13
store_348,2015-08-05,610.04
store_348,2015-08-06,606.015
store_348,2015-08-07,572.845
store_348,2015-08-08,409.08
store_348,2015-08-09,0.0
store_348,2015-08-10,595.535
store_348,2015-08-11,546.37
store_348,2015-08-12,527.465
store_348,2015-08-13,529.2
store_348,2015-08-14,541.7
store_348,2015-08-15,404.0
store_348,2015-08-16,0.0
store_348,2015-08-17,736.14
store_348,2015-08-18,676.595
store_348,2015-08-19,634.115
store_348,2015-08-20,609.28
store_348,2015-08-21,605.22
store_348,2015-08-22,407.67
store_348,2015-08-23,0.0
store_348,2015-08-24,609.765
store_348,2015-08-25,548.525
store_348,2015-08-26,531.825
store_348,2015-08-27,543.635
store_348,2015-08-28,549.95
store_348,2015-08-29,407.05
store_348,2015-08-30,0.0
store_349,2015-07-20,397.11
store_349,2015-07-21,354.34
store_349,2015-07-22,361.61
store_349,2015-07-23,379.47
store_349,2015-07-24,410.8
store_349,2015-07-25,482.49
store_349,2015-07-26,0.0
store_349,2015-07-27,498.81
store_349,2015-07-28,436.59
store_349,2015-07-29,436.715
store_349,2015-07-30,459.46
store_349,2015-07-31,475.295
store_349,2015-08-01,470.25
store_349,2015-08-02,0.0
store_349,2015-08-03,502.875
store_349,2015-08-04,436.59
store_349,2015-08-05,416.52
store_349,2015-08-06,425.185
store_349,2015-08-07,442.65
store_349,2015-08-08,473.095
store_349,2015-08-09,0.0
store_349,2015-08-10,421.745
store_349,2015-08-11,368.835
store_349,2015-08-12,365.615
store_349,2015-08-13,386.84
store_349,2015-08-14,431.195
store_349,2015-08-15,479.095
store_349,2015-08-16,0.0
store_349,2015-08-17,545.41
store_349,2015-08-18,456.935
store_349,2015-08-19,445.055
store_349,2015-08-20,472.815
store_349,2015-08-21,496.765
store_349,2015-08-22,466.71
store_349,2015-08-23,0.0
store_349,2015-08-24,443.52
store_349,2015-08-25,387.635
store_349,2015-08-26,390.085
store_349,2015-08-27,409.51
store_349,2015-08-28,435.755
store_349,2015-08-29,492.825
store_349,2015-08-30,0.0
store_35,2015-07-20,605.985
store_35,2015-07-21,554.595
store_35,2015-07-22,535.175
store_35,2015-07-23,519.64
store_35,2015-07-24,521.115
store_35,2015-07-25,629.31
store_35,2015-07-26,0.0
store_35,2015-07-27,776.55
store_35,2015-07-28,687.665
store_35,2015-07-29,653.155
store_35,2015-07-30,637.08
store_35,2015-07-31,603.61
store_35,2015-08-01,615.68
store_35,2015-08-02,0.0
store_35,2015-08-03,805.77
store_35,2015-08-04,686.165
store_35,2015-08-05,624.8
store_35,2015-08-06,612.575
store_35,2015-08-07,583.545
store_35,2015-08-08,604.085
store_35,2015-08-09,0.0
store_35,2015-08-10,668.14
store_35,2015-08-11,609.44
store_35,2015-08-12,579.955
store_35,2015-08-13,564.335
store_35,2015-08-14,547.775
store_35,2015-08-15,574.64
store_35,2015-08-16,0.0
store_35,2015-08-17,838.185
store_35,2015-08-18,734.075
store_35,2015-08-19,702.98
store_35,2015-08-20,668.31
store_35,2015-08-21,658.675
store_35,2015-08-22,576.06
store_35,2015-08-23,0.0
store_35,2015-08-24,675.02
store_35,2015-08-25,623.585
store_35,2015-08-26,619.335
store_35,2015-08-27,602.96
store_35,2015-08-28,579.21
store_35,2015-08-29,556.305
store_35,2015-08-30,0.0
store_350,2015-07-20,542.555
store_350,2015-07-21,511.92
store_350,2015-07-22,532.57
store_350,2015-07-23,520.635
store_350,2015-07-24,529.345
store_350,2015-07-25,414.48
store_350,2015-07-26,0.0
store_350,2015-07-27,747.07
store_350,2015-07-28,692.03
store_350,2015-07-29,684.675
store_350,2015-07-30,648.65
store_350,2015-07-31,621.52
store_350,2015-08-01,414.575
store_350,2015-08-02,0.0
store_350,2015-08-03,858.395
store_350,2015-08-04,711.445
store_350,2015-08-05,642.95
store_350,2015-08-06,618.2
store_350,2015-08-07,583.325
store_350,2015-08-08,428.03
store_350,2015-08-09,0.0
store_350,2015-08-10,644.65
store_350,2015-08-11,595.86
store_350,2015-08-12,574.45
store_350,2015-08-13,558.77
store_350,2015-08-14,558.51
store_350,2015-08-15,415.78
store_350,2015-08-16,0.0
store_350,2015-08-17,858.625
store_350,2015-08-18,736.885
store_350,2015-08-19,664.665
store_350,2015-08-20,662.57
store_350,2015-08-21,654.21
store_350,2015-08-22,409.535
store_350,2015-08-23,0.0
store_350,2015-08-24,592.045
store_350,2015-08-25,543.385
store_350,2015-08-26,553.82
store_350,2015-08-27,569.47
store_350,2015-08-28,586.47
store_350,2015-08-29,428.16
store_350,2015-08-30,0.0
store_351,2015-07-20,499.865
store_351,2015-07-21,429.2
store_351,2015-07-22,450.99
store_351,2015-07-23,490.34
store_351,2015-07-24,506.88
store_351,2015-07-25,485.535
store_351,2015-07-26,0.0
store_351,2015-07-27,655.42
store_351,2015-07-28,554.175
store_351,2015-07-29,553.055
store_351,2015-07-30,576.775
store_351,2015-07-31,591.615
store_351,2015-08-01,516.635
store_351,2015-08-02,0.0
store_351,2015-08-03,682.595
store_351,2015-08-04,540.195
store_351,2015-08-05,527.84
store_351,2015-08-06,555.525
store_351,2015-08-07,559.405
store_351,2015-08-08,488.46
store_351,2015-08-09,0.0
store_351,2015-08-10,515.485
store_351,2015-08-11,466.215
store_351,2015-08-12,467.25
store_351,2015-08-13,499.71
store_351,2015-08-14,516.835
store_351,2015-08-15,501.04
store_351,2015-08-16,0.0
store_351,2015-08-17,661.43
store_351,2015-08-18,564.275
store_351,2015-08-19,545.255
store_351,2015-08-20,565.99
store_351,2015-08-21,589.65
store_351,2015-08-22,517.52
store_351,2015-08-23,0.0
store_351,2015-08-24,520.18
store_351,2015-08-25,448.705
store_351,2015-08-26,477.94
store_351,2015-08-27,492.84
store_351,2015-08-28,520.34
store_351,2015-08-29,509.15
store_351,2015-08-30,0.0
store_352,2015-07-20,636.695
store_352,2015-07-21,587.335
store_352,2015-07-22,587.555
store_352,2015-07-23,594.995
store_352,2015-07-24,627.315
store_352,2015-07-25,614.84
store_352,2015-07-26,0.0
store_352,2015-07-27,859.11
store_352,2015-07-28,727.35
store_352,2015-07-29,709.83
store_352,2015-07-30,718.485
store_352,2015-07-31,732.395
store_352,2015-08-01,656.585
store_352,2015-08-02,0.0
store_352,2015-08-03,865.525
store_352,2015-08-04,713.915
store_352,2015-08-05,679.19
store_352,2015-08-06,666.505
store_352,2015-08-07,679.035
store_352,2015-08-08,643.78
store_352,2015-08-09,0.0
store_352,2015-08-10,669.505
store_352,2015-08-11,596.96
store_352,2015-08-12,604.45
store_352,2015-08-13,612.2
store_352,2015-08-14,642.01
store_352,2015-08-15,646.21
store_352,2015-08-16,0.0
store_352,2015-08-17,882.09
store_352,2015-08-18,754.055
store_352,2015-08-19,716.075
store_352,2015-08-20,733.815
store_352,2015-08-21,733.37
store_352,2015-08-22,642.035
store_352,2015-08-23,0.0
store_352,2015-08-24,634.935
store_352,2015-08-25,569.77
store_352,2015-08-26,567.15
store_352,2015-08-27,591.065
store_352,2015-08-28,639.715
store_352,2015-08-29,628.99
store_352,2015-08-30,0.0
store_353,2015-07-20,563.52
store_353,2015-07-21,512.49
store_353,2015-07-22,486.515
store_353,2015-07-23,494.27
store_353,2015-07-24,521.695
store_353,2015-07-25,488.24
store_353,2015-07-26,0.0
store_353,2015-07-27,727.245
store_353,2015-07-28,637.665
store_353,2015-07-29,615.2
store_353,2015-07-30,612.1
store_353,2015-07-31,621.165
store_353,2015-08-01,524.22
store_353,2015-08-02,0.0
store_353,2015-08-03,775.805
store_353,2015-08-04,644.53
store_353,2015-08-05,582.305
store_353,2015-08-06,585.065
store_353,2015-08-07,589.21
store_353,2015-08-08,511.715
store_353,2015-08-09,0.0
store_353,2015-08-10,652.975
store_353,2015-08-11,582.905
store_353,2015-08-12,554.84
store_353,2015-08-13,558.91
store_353,2015-08-14,558.595
store_353,2015-08-15,490.98
store_353,2015-08-16,0.0
store_353,2015-08-17,790.72
store_353,2015-08-18,695.41
store_353,2015-08-19,652.335
store_353,2015-08-20,647.955
store_353,2015-08-21,634.83
store_353,2015-08-22,491.75
store_353,2015-08-23,0.0
store_353,2015-08-24,625.415
store_353,2015-08-25,563.13
store_353,2015-08-26,557.645
store_353,2015-08-27,576.14
store_353,2015-08-28,573.655
store_353,2015-08-29,496.115
store_353,2015-08-30,0.0
store_354,2015-07-20,1142.365
store_354,2015-07-21,1053.26
store_354,2015-07-22,956.235
store_354,2015-07-23,972.58
store_354,2015-07-24,953.24
store_354,2015-07-25,981.99
store_354,2015-07-26,710.295
store_354,2015-07-27,1338.635
store_354,2015-07-28,1211.425
store_354,2015-07-29,1115.945
store_354,2015-07-30,1134.99
store_354,2015-07-31,1117.21
store_354,2015-08-01,1050.59
store_354,2015-08-02,815.005
store_354,2015-08-03,1323.765
store_354,2015-08-04,1219.145
store_354,2015-08-05,1095.78
store_354,2015-08-06,1080.325
store_354,2015-08-07,1050.865
store_354,2015-08-08,998.81
store_354,2015-08-09,773.48
store_354,2015-08-10,1147.24
store_354,2015-08-11,1085.13
store_354,2015-08-12,1014.01
store_354,2015-08-13,1033.04
store_354,2015-08-14,1025.805
store_354,2015-08-15,1016.305
store_354,2015-08-16,821.555
store_354,2015-08-17,1222.69
store_354,2015-08-18,1139.25
store_354,2015-08-19,1096.115
store_354,2015-08-20,1131.04
store_354,2015-08-21,1116.9
store_354,2015-08-22,1033.14
store_354,2015-08-23,814.54
store_354,2015-08-24,1192.085
store_354,2015-08-25,1090.725
store_354,2015-08-26,1060.275
store_354,2015-08-27,1068.21
store_354,2015-08-28,1069.045
store_354,2015-08-29,1026.63
store_354,2015-08-30,832.335
store_355,2015-07-20,807.44
store_355,2015-07-21,736.895
store_355,2015-07-22,716.235
store_355,2015-07-23,745.85
store_355,2015-07-24,724.83
store_355,2015-07-25,770.8
store_355,2015-07-26,0.0
store_355,2015-07-27,1065.97
store_355,2015-07-28,944.925
store_355,2015-07-29,912.35
store_355,2015-07-30,897.415
store_355,2015-07-31,875.955
store_355,2015-08-01,795.125
store_355,2015-08-02,0.0
store_355,2015-08-03,1129.75
store_355,2015-08-04,951.875
store_355,2015-08-05,884.37
store_355,2015-08-06,875.96
store_355,2015-08-07,859.275
store_355,2015-08-08,793.12
store_355,2015-08-09,0.0
store_355,2015-08-10,882.795
store_355,2015-08-11,818.44
store_355,2015-08-12,786.145
store_355,2015-08-13,813.955
store_355,2015-08-14,831.82
store_355,2015-08-15,792.335
store_355,2015-08-16,0.0
store_355,2015-08-17,1114.325
store_355,2015-08-18,987.875
store_355,2015-08-19,971.485
store_355,2015-08-20,945.82
store_355,2015-08-21,931.1
store_355,2015-08-22,772.855
store_355,2015-08-23,0.0
store_355,2015-08-24,915.55
store_355,2015-08-25,821.15
store_355,2015-08-26,811.875
store_355,2015-08-27,843.085
store_355,2015-08-28,864.1
store_355,2015-08-29,771.225
store_355,2015-08-30,0.0
store_356,2015-07-20,1374.27
store_356,2015-07-21,1413.95
store_356,2015-07-22,1370.04
store_356,2015-07-23,1386.885
store_356,2015-07-24,1380.355
store_356,2015-07-25,1247.77
store_356,2015-07-26,0.0
store_356,2015-07-27,1653.23
store_356,2015-07-28,1629.385
store_356,2015-07-29,1598.48
store_356,2015-07-30,1572.74
store_356,2015-07-31,1486.675
store_356,2015-08-01,1228.405
store_356,2015-08-02,0.0
store_356,2015-08-03,1759.695
store_356,2015-08-04,1609.81
store_356,2015-08-05,1525.79
store_356,2015-08-06,1512.655
store_356,2015-08-07,1487.925
store_356,2015-08-08,1273.565
store_356,2015-08-09,0.0
store_356,2015-08-10,1501.335
store_356,2015-08-11,1427.445
store_356,2015-08-12,1372.235
store_356,2015-08-13,1397.005
store_356,2015-08-14,1381.825
store_356,2015-08-15,1237.47
store_356,2015-08-16,0.0
store_356,2015-08-17,1775.415
store_356,2015-08-18,1635.385
store_356,2015-08-19,1540.73
store_356,2015-08-20,1545.455
store_356,2015-08-21,1498.745
store_356,2015-08-22,1282.03
store_356,2015-08-23,0.0
store_356,2015-08-24,1406.805
store_356,2015-08-25,1323.55
store_356,2015-08-26,1273.14
store_356,2015-08-27,1359.43
store_356,2015-08-28,1365.24
store_356,2015-08-29,1266.835
store_356,2015-08-30,0.0
store_357,2015-07-20,549.325
store_357,2015-07-21,497.3
store_357,2015-07-22,524.825
store_357,2015-07-23,550.385
store_357,2015-07-24,528.42
store_357,2015-07-25,290.295
store_357,2015-07-26,0.0
store_357,2015-07-27,685.69
store_357,2015-07-28,642.25
store_357,2015-07-29,639.56
store_357,2015-07-30,667.425
store_357,2015-07-31,632.95
store_357,2015-08-01,294.045
store_357,2015-08-02,0.0
store_357,2015-08-03,703.01
store_357,2015-08-04,601.9
store_357,2015-08-05,562.215
store_357,2015-08-06,610.785
store_357,2015-08-07,587.295
store_357,2015-08-08,290.01
store_357,2015-08-09,0.0
store_357,2015-08-10,533.73
store_357,2015-08-11,510.02
store_357,2015-08-12,496.49
store_357,2015-08-13,527.25
store_357,2015-08-14,535.76
store_357,2015-08-15,289.985
store_357,2015-08-16,0.0
store_357,2015-08-17,686.9
store_357,2015-08-18,598.445
store_357,2015-08-19,572.645
store_357,2015-08-20,612.165
store_357,2015-08-21,603.89
store_357,2015-08-22,291.865
store_357,2015-08-23,0.0
store_357,2015-08-24,496.88
store_357,2015-08-25,472.05
store_357,2015-08-26,475.16
store_357,2015-08-27,508.785
store_357,2015-08-28,521.2
store_357,2015-08-29,287.82
store_357,2015-08-30,0.0
store_358,2015-07-20,716.205
store_358,2015-07-21,661.27
store_358,2015-07-22,705.29
store_358,2015-07-23,716.63
store_358,2015-07-24,718.435
store_358,2015-07-25,545.17
store_358,2015-07-26,0.0
store_358,2015-07-27,913.67
store_358,2015-07-28,913.18
store_358,2015-07-29,861.65
store_358,2015-07-30,911.3
store_358,2015-07-31,829.695
store_358,2015-08-01,567.54
store_358,2015-08-02,0.0
store_358,2015-08-03,1006.25
store_358,2015-08-04,856.685
store_358,2015-08-05,820.97
store_358,2015-08-06,804.225
store_358,2015-08-07,780.055
store_358,2015-08-08,561.99
store_358,2015-08-09,0.0
store_358,2015-08-10,766.52
store_358,2015-08-11,699.305
store_358,2015-08-12,692.705
store_358,2015-08-13,689.2
store_358,2015-08-14,702.795
store_358,2015-08-15,568.89
store_358,2015-08-16,0.0
store_358,2015-08-17,1011.435
store_358,2015-08-18,886.56
store_358,2015-08-19,830.58
store_358,2015-08-20,816.125
store_358,2015-08-21,787.06
store_358,2015-08-22,594.96
store_358,2015-08-23,0.0
store_358,2015-08-24,754.05
store_358,2015-08-25,689.04
store_358,2015-08-26,676.385
store_358,2015-08-27,691.47
store_358,2015-08-28,726.325
store_358,2015-08-29,588.21
store_358,2015-08-30,0.0
store_359,2015-07-20,414.23
store_359,2015-07-21,355.005
store_359,2015-07-22,371.615
store_359,2015-07-23,382.47
store_359,2015-07-24,406.755
store_359,2015-07-25,444.3
store_359,2015-07-26,0.0
store_359,2015-07-27,552.76
store_359,2015-07-28,482.11
store_359,2015-07-29,470.15
store_359,2015-07-30,450.74
store_359,2015-07-31,474.635
store_359,2015-08-01,435.395
store_359,2015-08-02,0.0
store_359,2015-08-03,583.33
store_359,2015-08-04,486.92
store_359,2015-08-05,448.47
store_359,2015-08-06,451.875
store_359,2015-08-07,459.68
store_359,2015-08-08,432.795
store_359,2015-08-09,0.0
store_359,2015-08-10,427.265
store_359,2015-08-11,384.79
store_359,2015-08-12,382.715
store_359,2015-08-13,400.915
store_359,2015-08-14,416.795
store_359,2015-08-15,423.145
store_359,2015-08-16,0.0
store_359,2015-08-17,543.84
store_359,2015-08-18,484.92
store_359,2015-08-19,459.0
store_359,2015-08-20,450.14
store_359,2015-08-21,470.34
store_359,2015-08-22,436.98
store_359,2015-08-23,0.0
store_359,2015-08-24,404.435
store_359,2015-08-25,369.195
store_359,2015-08-26,382.37
store_359,2015-08-27,393.355
store_359,2015-08-28,415.775
store_359,2015-08-29,432.135
store_359,2015-08-30,0.0
store_36,2015-07-20,642.65
store_36,2015-07-21,614.815
store_36,2015-07-22,620.68
store_36,2015-07-23,630.325
store_36,2015-07-24,662.02
store_36,2015-07-25,382.69
store_36,2015-07-26,0.0
store_36,2015-07-27,805.865
store_36,2015-07-28,745.045
store_36,2015-07-29,768.685
store_36,2015-07-30,771.895
store_36,2015-07-31,769.04
store_36,2015-08-01,401.97
store_36,2015-08-02,0.0
store_36,2015-08-03,850.07
store_36,2015-08-04,744.345
store_36,2015-08-05,714.04
store_36,2015-08-06,712.48
store_36,2015-08-07,710.845
store_36,2015-08-08,405.325
store_36,2015-08-09,0.0
store_36,2015-08-10,691.615
store_36,2015-08-11,615.66
store_36,2015-08-12,607.755
store_36,2015-08-13,621.35
store_36,2015-08-14,643.42
store_36,2015-08-15,404.3
store_36,2015-08-16,0.0
store_36,2015-08-17,873.41
store_36,2015-08-18,751.31
store_36,2015-08-19,702.66
store_36,2015-08-20,708.76
store_36,2015-08-21,716.08
store_36,2015-08-22,426.645
store_36,2015-08-23,0.0
store_36,2015-08-24,689.98
store_36,2015-08-25,619.92
store_36,2015-08-26,592.57
store_36,2015-08-27,617.82
store_36,2015-08-28,651.085
store_36,2015-08-29,412.73
store_36,2015-08-30,0.0
store_360,2015-07-20,709.46
store_360,2015-07-21,681.7
store_360,2015-07-22,653.635
store_360,2015-07-23,684.02
store_360,2015-07-24,724.685
store_360,2015-07-25,620.245
store_360,2015-07-26,0.0
store_360,2015-07-27,907.135
store_360,2015-07-28,854.9
store_360,2015-07-29,841.185
store_360,2015-07-30,901.165
store_360,2015-07-31,868.625
store_360,2015-08-01,651.045
store_360,2015-08-02,0.0
store_360,2015-08-03,966.985
store_360,2015-08-04,816.795
store_360,2015-08-05,755.64
store_360,2015-08-06,774.565
store_360,2015-08-07,771.105
store_360,2015-08-08,664.485
store_360,2015-08-09,0.0
store_360,2015-08-10,724.565
store_360,2015-08-11,653.155
store_360,2015-08-12,657.88
store_360,2015-08-13,667.91
store_360,2015-08-14,686.585
store_360,2015-08-15,642.235
store_360,2015-08-16,0.0
store_360,2015-08-17,943.235
store_360,2015-08-18,834.665
store_360,2015-08-19,762.4
store_360,2015-08-20,762.585
store_360,2015-08-21,755.28
store_360,2015-08-22,655.435
store_360,2015-08-23,0.0
store_360,2015-08-24,728.995
store_360,2015-08-25,642.4
store_360,2015-08-26,632.14
store_360,2015-08-27,655.58
store_360,2015-08-28,677.875
store_360,2015-08-29,655.21
store_360,2015-08-30,0.0
store_361,2015-07-20,2183.485
store_361,2015-07-21,2084.43
store_361,2015-07-22,2102.015
store_361,2015-07-23,2106.31
store_361,2015-07-24,2099.42
store_361,2015-07-25,2605.47
store_361,2015-07-26,0.0
store_361,2015-07-27,2530.2
store_361,2015-07-28,2357.11
store_361,2015-07-29,2397.89
store_361,2015-07-30,2375.17
store_361,2015-07-31,2322.015
store_361,2015-08-01,2670.97
store_361,2015-08-02,0.0
store_361,2015-08-03,2701.99
store_361,2015-08-04,2568.635
store_361,2015-08-05,2382.59
store_361,2015-08-06,2400.845
store_361,2015-08-07,2372.45
store_361,2015-08-08,2696.205
store_361,2015-08-09,0.0
store_361,2015-08-10,2306.49
store_361,2015-08-11,2213.48
store_361,2015-08-12,2243.115
store_361,2015-08-13,2236.62
store_361,2015-08-14,2213.145
store_361,2015-08-15,2678.85
store_361,2015-08-16,0.0
store_361,2015-08-17,2685.505
store_361,2015-08-18,2552.815
store_361,2015-08-19,2429.17
store_361,2015-08-20,2378.425
store_361,2015-08-21,2352.74
store_361,2015-08-22,2646.81
store_361,2015-08-23,0.0
store_361,2015-08-24,2182.61
store_361,2015-08-25,2138.69
store_361,2015-08-26,2139.485
store_361,2015-08-27,2161.045
store_361,2015-08-28,2221.61
store_361,2015-08-29,2648.49
store_361,2015-08-30,0.0
store_362,2015-07-20,638.1
store_362,2015-07-21,591.935
store_362,2015-07-22,601.865
store_362,2015-07-23,619.865
store_362,2015-07-24,666.175
store_362,2015-07-25,508.47
store_362,2015-07-26,0.0
store_362,2015-07-27,798.325
store_362,2015-07-28,682.515
store_362,2015-07-29,689.88
store_362,2015-07-30,730.88
store_362,2015-07-31,754.985
store_362,2015-08-01,525.71
store_362,2015-08-02,0.0
store_362,2015-08-03,843.83
store_362,2015-08-04,703.14
store_362,2015-08-05,667.505
store_362,2015-08-06,681.095
store_362,2015-08-07,724.815
store_362,2015-08-08,530.44
store_362,2015-08-09,0.0
store_362,2015-08-10,618.53
store_362,2015-08-11,568.435
store_362,2015-08-12,574.295
store_362,2015-08-13,605.645
store_362,2015-08-14,690.735
store_362,2015-08-15,525.915
store_362,2015-08-16,0.0
store_362,2015-08-17,851.495
store_362,2015-08-18,732.51
store_362,2015-08-19,699.445
store_362,2015-08-20,715.52
store_362,2015-08-21,761.98
store_362,2015-08-22,519.895
store_362,2015-08-23,0.0
store_362,2015-08-24,643.66
store_362,2015-08-25,580.855
store_362,2015-08-26,592.355
store_362,2015-08-27,619.97
store_362,2015-08-28,671.885
store_362,2015-08-29,526.725
store_362,2015-08-30,0.0
store_363,2015-07-20,506.09
store_363,2015-07-21,503.445
store_363,2015-07-22,497.65
store_363,2015-07-23,507.165
store_363,2015-07-24,470.07
store_363,2015-07-25,336.395
store_363,2015-07-26,0.0
store_363,2015-07-27,638.64
store_363,2015-07-28,625.27
store_363,2015-07-29,599.71
store_363,2015-07-30,610.45
store_363,2015-07-31,568.67
store_363,2015-08-01,345.22
store_363,2015-08-02,0.0
store_363,2015-08-03,725.595
store_363,2015-08-04,635.57
store_363,2015-08-05,584.08
store_363,2015-08-06,577.23
store_363,2015-08-07,546.125
store_363,2015-08-08,341.625
store_363,2015-08-09,0.0
store_363,2015-08-10,552.695
store_363,2015-08-11,524.625
store_363,2015-08-12,517.345
store_363,2015-08-13,520.085
store_363,2015-08-14,511.565
store_363,2015-08-15,335.625
store_363,2015-08-16,0.0
store_363,2015-08-17,747.72
store_363,2015-08-18,653.76
store_363,2015-08-19,621.165
store_363,2015-08-20,602.15
store_363,2015-08-21,576.695
store_363,2015-08-22,338.055
store_363,2015-08-23,0.0
store_363,2015-08-24,556.575
store_363,2015-08-25,506.96
store_363,2015-08-26,503.01
store_363,2015-08-27,502.75
store_363,2015-08-28,510.545
store_363,2015-08-29,329.69
store_363,2015-08-30,0.0
store_364,2015-07-20,368.3
store_364,2015-07-21,303.325
store_364,2015-07-22,317.285
store_364,2015-07-23,356.5
store_364,2015-07-24,404.975
store_364,2015-07-25,449.505
store_364,2015-07-26,0.0
store_364,2015-07-27,482.255
store_364,2015-07-28,382.46
store_364,2015-07-29,374.85
store_364,2015-07-30,400.24
store_364,2015-07-31,432.84
store_364,2015-08-01,460.65
store_364,2015-08-02,0.0
store_364,2015-08-03,516.175
store_364,2015-08-04,421.69
store_364,2015-08-05,387.88
store_364,2015-08-06,395.275
store_364,2015-08-07,432.27
store_364,2015-08-08,449.9
store_364,2015-08-09,0.0
store_364,2015-08-10,390.95
store_364,2015-08-11,354.205
store_364,2015-08-12,355.85
store_364,2015-08-13,365.18
store_364,2015-08-14,403.625
store_364,2015-08-15,452.345
store_364,2015-08-16,0.0
store_364,2015-08-17,549.035
store_364,2015-08-18,447.29
store_364,2015-08-19,427.12
store_364,2015-08-20,441.34
store_364,2015-08-21,455.825
store_364,2015-08-22,463.435
store_364,2015-08-23,0.0
store_364,2015-08-24,396.615
store_364,2015-08-25,349.97
store_364,2015-08-26,364.505
store_364,2015-08-27,377.67
store_364,2015-08-28,405.94
store_364,2015-08-29,451.58
store_364,2015-08-30,0.0
store_365,2015-07-20,496.385
store_365,2015-07-21,449.495
store_365,2015-07-22,434.49
store_365,2015-07-23,446.5
store_365,2015-07-24,506.385
store_365,2015-07-25,347.98
store_365,2015-07-26,0.0
store_365,2015-07-27,630.05
store_365,2015-07-28,559.495
store_365,2015-07-29,522.365
store_365,2015-07-30,527.045
store_365,2015-07-31,563.555
store_365,2015-08-01,361.08
store_365,2015-08-02,0.0
store_365,2015-08-03,676.315
store_365,2015-08-04,548.615
store_365,2015-08-05,506.265
store_365,2015-08-06,503.17
store_365,2015-08-07,525.99
store_365,2015-08-08,345.48
store_365,2015-08-09,0.0
store_365,2015-08-10,522.99
store_365,2015-08-11,483.2
store_365,2015-08-12,468.88
store_365,2015-08-13,474.0
store_365,2015-08-14,497.975
store_365,2015-08-15,346.035
store_365,2015-08-16,0.0
store_365,2015-08-17,665.52
store_365,2015-08-18,567.26
store_365,2015-08-19,530.54
store_365,2015-08-20,529.585
store_365,2015-08-21,540.395
store_365,2015-08-22,349.895
store_365,2015-08-23,0.0
store_365,2015-08-24,520.225
store_365,2015-08-25,470.455
store_365,2015-08-26,470.22
store_365,2015-08-27,465.17
store_365,2015-08-28,491.145
store_365,2015-08-29,338.575
store_365,2015-08-30,0.0
store_366,2015-07-20,464.69
store_366,2015-07-21,401.81
store_366,2015-07-22,417.15
store_366,2015-07-23,583.685
store_366,2015-07-24,524.61
store_366,2015-07-25,305.155
store_366,2015-07-26,0.0
store_366,2015-07-27,580.56
store_366,2015-07-28,542.965
store_366,2015-07-29,525.675
store_366,2015-07-30,604.015
store_366,2015-07-31,576.86
store_366,2015-08-01,310.195
store_366,2015-08-02,0.0
store_366,2015-08-03,627.91
store_366,2015-08-04,528.945
store_366,2015-08-05,488.61
store_366,2015-08-06,562.83
store_366,2015-08-07,554.665
store_366,2015-08-08,306.205
store_366,2015-08-09,0.0
store_366,2015-08-10,505.46
store_366,2015-08-11,465.955
store_366,2015-08-12,442.13
store_366,2015-08-13,480.475
store_366,2015-08-14,498.395
store_366,2015-08-15,291.46
store_366,2015-08-16,0.0
store_366,2015-08-17,633.415
store_366,2015-08-18,544.555
store_366,2015-08-19,524.45
store_366,2015-08-20,552.7
store_366,2015-08-21,571.87
store_366,2015-08-22,303.675
store_366,2015-08-23,0.0
store_366,2015-08-24,539.285
store_366,2015-08-25,485.14
store_366,2015-08-26,460.895
store_366,2015-08-27,469.555
store_366,2015-08-28,503.35
store_366,2015-08-29,290.595
store_366,2015-08-30,0.0
store_367,2015-07-20,1238.99
store_367,2015-07-21,1152.395
store_367,2015-07-22,1103.415
store_367,2015-07-23,1437.14
store_367,2015-07-24,1154.555
store_367,2015-07-25,999.14
store_367,2015-07-26,0.0
store_367,2015-07-27,1467.78
store_367,2015-07-28,1337.64
store_367,2015-07-29,1264.255
store_367,2015-07-30,1552.03
store_367,2015-07-31,1162.855
store_367,2015-08-01,1022.305
store_367,2015-08-02,0.0
store_367,2015-08-03,1569.335
store_367,2015-08-04,1386.515
store_367,2015-08-05,1254.34
store_367,2015-08-06,1545.69
store_367,2015-08-07,1182.965
store_367,2015-08-08,1012.99
store_367,2015-08-09,0.0
store_367,2015-08-10,1218.02
store_367,2015-08-11,1211.95
store_367,2015-08-12,1187.16
store_367,2015-08-13,1436.885
store_367,2015-08-14,1199.995
store_367,2015-08-15,1034.57
store_367,2015-08-16,0.0
store_367,2015-08-17,1464.605
store_367,2015-08-18,1330.875
store_367,2015-08-19,1247.715
store_367,2015-08-20,1507.85
store_367,2015-08-21,1179.895
store_367,2015-08-22,1007.395
store_367,2015-08-23,0.0
store_367,2015-08-24,1220.85
store_367,2015-08-25,1151.965
store_367,2015-08-26,1091.185
store_367,2015-08-27,1323.495
store_367,2015-08-28,1195.49
store_367,2015-08-29,1042.335
store_367,2015-08-30,0.0
store_368,2015-07-20,715.525
store_368,2015-07-21,665.795
store_368,2015-07-22,644.85
store_368,2015-07-23,648.605
store_368,2015-07-24,659.955
store_368,2015-07-25,685.93
store_368,2015-07-26,0.0
store_368,2015-07-27,855.3
store_368,2015-07-28,822.755
store_368,2015-07-29,774.185
store_368,2015-07-30,790.46
store_368,2015-07-31,778.305
store_368,2015-08-01,716.24
store_368,2015-08-02,0.0
store_368,2015-08-03,916.655
store_368,2015-08-04,824.755
store_368,2015-08-05,767.305
store_368,2015-08-06,744.175
store_368,2015-08-07,741.975
store_368,2015-08-08,703.205
store_368,2015-08-09,0.0
store_368,2015-08-10,753.475
store_368,2015-08-11,696.565
store_368,2015-08-12,687.365
store_368,2015-08-13,685.765
store_368,2015-08-14,691.805
store_368,2015-08-15,697.26
store_368,2015-08-16,0.0
store_368,2015-08-17,924.57
store_368,2015-08-18,848.73
store_368,2015-08-19,781.55
store_368,2015-08-20,762.565
store_368,2015-08-21,757.915
store_368,2015-08-22,691.0
store_368,2015-08-23,0.0
store_368,2015-08-24,701.96
store_368,2015-08-25,630.88
store_368,2015-08-26,638.57
store_368,2015-08-27,643.595
store_368,2015-08-28,665.85
store_368,2015-08-29,686.08
store_368,2015-08-30,0.0
store_369,2015-07-20,639.38
store_369,2015-07-21,562.155
store_369,2015-07-22,558.66
store_369,2015-07-23,592.335
store_369,2015-07-24,619.415
store_369,2015-07-25,615.1
store_369,2015-07-26,0.0
store_369,2015-07-27,783.9
store_369,2015-07-28,684.605
store_369,2015-07-29,670.155
store_369,2015-07-30,682.76
store_369,2015-07-31,713.165
store_369,2015-08-01,650.85
store_369,2015-08-02,0.0
store_369,2015-08-03,830.62
store_369,2015-08-04,691.92
store_369,2015-08-05,658.36
store_369,2015-08-06,670.135
store_369,2015-08-07,677.195
store_369,2015-08-08,653.34
store_369,2015-08-09,0.0
store_369,2015-08-10,614.955
store_369,2015-08-11,573.605
store_369,2015-08-12,564.025
store_369,2015-08-13,610.89
store_369,2015-08-14,642.435
store_369,2015-08-15,631.14
store_369,2015-08-16,0.0
store_369,2015-08-17,847.895
store_369,2015-08-18,721.47
store_369,2015-08-19,686.955
store_369,2015-08-20,705.825
store_369,2015-08-21,706.325
store_369,2015-08-22,642.44
store_369,2015-08-23,0.0
store_369,2015-08-24,637.57
store_369,2015-08-25,581.0
store_369,2015-08-26,591.885
store_369,2015-08-27,626.835
store_369,2015-08-28,668.825
store_369,2015-08-29,649.635
store_369,2015-08-30,0.0
store_37,2015-07-20,571.9
store_37,2015-07-21,514.89
store_37,2015-07-22,528.275
store_37,2015-07-23,580.48
store_37,2015-07-24,605.785
store_37,2015-07-25,663.41
store_37,2015-07-26,0.0
store_37,2015-07-27,748.515
store_37,2015-07-28,645.865
store_37,2015-07-29,644.565
store_37,2015-07-30,673.785
store_37,2015-07-31,707.915
store_37,2015-08-01,672.85
store_37,2015-08-02,0.0
store_37,2015-08-03,778.06
store_37,2015-08-04,644.86
store_37,2015-08-05,608.425
store_37,2015-08-06,639.415
store_37,2015-08-07,645.91
store_37,2015-08-08,667.595
store_37,2015-08-09,0.0
store_37,2015-08-10,618.17
store_37,2015-08-11,560.62
store_37,2015-08-12,546.405
store_37,2015-08-13,554.105
store_37,2015-08-14,575.285
store_37,2015-08-15,648.15
store_37,2015-08-16,0.0
store_37,2015-08-17,795.87
store_37,2015-08-18,685.53
store_37,2015-08-19,662.33
store_37,2015-08-20,667.71
store_37,2015-08-21,676.985
store_37,2015-08-22,650.68
store_37,2015-08-23,0.0
store_37,2015-08-24,620.79
store_37,2015-08-25,551.045
store_37,2015-08-26,552.48
store_37,2015-08-27,571.555
store_37,2015-08-28,590.64
store_37,2015-08-29,627.71
store_37,2015-08-30,0.0
store_370,2015-07-20,352.07
store_370,2015-07-21,320.885
store_370,2015-07-22,320.955
store_370,2015-07-23,323.915
store_370,2015-07-24,365.37
store_370,2015-07-25,404.59
store_370,2015-07-26,0.0
store_370,2015-07-27,460.12
store_370,2015-07-28,400.665
store_370,2015-07-29,386.9
store_370,2015-07-30,392.71
store_370,2015-07-31,431.135
store_370,2015-08-01,427.135
store_370,2015-08-02,0.0
store_370,2015-08-03,472.47
store_370,2015-08-04,408.365
store_370,2015-08-05,371.125
store_370,2015-08-06,383.32
store_370,2015-08-07,395.16
store_370,2015-08-08,421.56
store_370,2015-08-09,0.0
store_370,2015-08-10,375.135
store_370,2015-08-11,340.63
store_370,2015-08-12,319.93
store_370,2015-08-13,336.94
store_370,2015-08-14,366.455
store_370,2015-08-15,406.805
store_370,2015-08-16,0.0
store_370,2015-08-17,464.955
store_370,2015-08-18,388.72
store_370,2015-08-19,384.665
store_370,2015-08-20,393.29
store_370,2015-08-21,418.96
store_370,2015-08-22,416.765
store_370,2015-08-23,0.0
store_370,2015-08-24,370.72
store_370,2015-08-25,319.965
store_370,2015-08-26,315.985
store_370,2015-08-27,334.705
store_370,2015-08-28,361.955
store_370,2015-08-29,407.88
store_370,2015-08-30,0.0
store_371,2015-07-20,586.87
store_371,2015-07-21,539.105
store_371,2015-07-22,558.805
store_371,2015-07-23,557.9
store_371,2015-07-24,574.335
store_371,2015-07-25,427.03
store_371,2015-07-26,0.0
store_371,2015-07-27,755.085
store_371,2015-07-28,667.44
store_371,2015-07-29,650.245
store_371,2015-07-30,667.83
store_371,2015-07-31,668.415
store_371,2015-08-01,447.08
store_371,2015-08-02,0.0
store_371,2015-08-03,777.1
store_371,2015-08-04,656.81
store_371,2015-08-05,617.485
store_371,2015-08-06,633.0
store_371,2015-08-07,606.1
store_371,2015-08-08,442.89
store_371,2015-08-09,0.0
store_371,2015-08-10,599.175
store_371,2015-08-11,544.13
store_371,2015-08-12,540.795
store_371,2015-08-13,557.47
store_371,2015-08-14,537.15
store_371,2015-08-15,423.1
store_371,2015-08-16,0.0
store_371,2015-08-17,790.905
store_371,2015-08-18,684.985
store_371,2015-08-19,633.565
store_371,2015-08-20,637.455
store_371,2015-08-21,625.315
store_371,2015-08-22,436.32
store_371,2015-08-23,0.0
store_371,2015-08-24,587.47
store_371,2015-08-25,535.23
store_371,2015-08-26,534.585
store_371,2015-08-27,551.1
store_371,2015-08-28,560.795
store_371,2015-08-29,436.42
store_371,2015-08-30,0.0
store_372,2015-07-20,921.665
store_372,2015-07-21,870.985
store_372,2015-07-22,887.65
store_372,2015-07-23,919.15
store_372,2015-07-24,909.13
store_372,2015-07-25,863.16
store_372,2015-07-26,0.0
store_372,2015-07-27,1128.94
store_372,2015-07-28,1096.255
store_372,2015-07-29,1071.775
store_372,2015-07-30,1084.68
store_372,2015-07-31,1113.91
store_372,2015-08-01,886.245
store_372,2015-08-02,0.0
store_372,2015-08-03,1226.695
store_372,2015-08-04,1079.34
store_372,2015-08-05,1025.57
store_372,2015-08-06,1020.18
store_372,2015-08-07,1025.265
store_372,2015-08-08,889.62
store_372,2015-08-09,0.0
store_372,2015-08-10,967.065
store_372,2015-08-11,920.335
store_372,2015-08-12,917.965
store_372,2015-08-13,918.525
store_372,2015-08-14,939.14
store_372,2015-08-15,884.94
store_372,2015-08-16,0.0
store_372,2015-08-17,1218.86
store_372,2015-08-18,1095.92
store_372,2015-08-19,1050.48
store_372,2015-08-20,1047.685
store_372,2015-08-21,1074.325
store_372,2015-08-22,860.51
store_372,2015-08-23,0.0
store_372,2015-08-24,946.455
store_372,2015-08-25,904.89
store_372,2015-08-26,894.03
store_372,2015-08-27,937.765
store_372,2015-08-28,951.34
store_372,2015-08-29,839.66
store_372,2015-08-30,0.0
store_373,2015-07-20,476.33
store_373,2015-07-21,416.35
store_373,2015-07-22,424.54
store_373,2015-07-23,457.65
store_373,2015-07-24,494.65
store_373,2015-07-25,527.395
store_373,2015-07-26,0.0
store_373,2015-07-27,683.205
store_373,2015-07-28,570.045
store_373,2015-07-29,537.355
store_373,2015-07-30,560.475
store_373,2015-07-31,583.79
store_373,2015-08-01,532.335
store_373,2015-08-02,0.0
store_373,2015-08-03,692.17
store_373,2015-08-04,554.07
store_373,2015-08-05,520.945
store_373,2015-08-06,543.955
store_373,2015-08-07,553.505
store_373,2015-08-08,529.995
store_373,2015-08-09,0.0
store_373,2015-08-10,508.355
store_373,2015-08-11,461.67
store_373,2015-08-12,451.66
store_373,2015-08-13,472.54
store_373,2015-08-14,493.375
store_373,2015-08-15,516.735
store_373,2015-08-16,0.0
store_373,2015-08-17,678.23
store_373,2015-08-18,569.765
store_373,2015-08-19,539.175
store_373,2015-08-20,551.945
store_373,2015-08-21,578.005
store_373,2015-08-22,520.495
store_373,2015-08-23,0.0
store_373,2015-08-24,488.955
store_373,2015-08-25,445.93
store_373,2015-08-26,450.865
store_373,2015-08-27,471.84
store_373,2015-08-28,506.44
store_373,2015-08-29,515.75
store_373,2015-08-30,0.0
store_374,2015-07-20,460.28
store_374,2015-07-21,425.24
store_374,2015-07-22,408.165
store_374,2015-07-23,427.035
store_374,2015-07-24,467.77
store_374,2015-07-25,346.13
store_374,2015-07-26,0.0
store_374,2015-07-27,622.92
store_374,2015-07-28,533.8
store_374,2015-07-29,529.525
store_374,2015-07-30,534.095
store_374,2015-07-31,529.86
store_374,2015-08-01,376.68
store_374,2015-08-02,0.0
store_374,2015-08-03,676.2
store_374,2015-08-04,547.63
store_374,2015-08-05,499.055
store_374,2015-08-06,494.575
store_374,2015-08-07,515.525
store_374,2015-08-08,358.435
store_374,2015-08-09,0.0
store_374,2015-08-10,525.035
store_374,2015-08-11,491.26
store_374,2015-08-12,464.06
store_374,2015-08-13,465.985
store_374,2015-08-14,480.51
store_374,2015-08-15,358.6
store_374,2015-08-16,0.0
store_374,2015-08-17,679.14
store_374,2015-08-18,588.83
store_374,2015-08-19,544.88
store_374,2015-08-20,558.965
store_374,2015-08-21,540.725
store_374,2015-08-22,366.365
store_374,2015-08-23,0.0
store_374,2015-08-24,505.97
store_374,2015-08-25,464.055
store_374,2015-08-26,456.005
store_374,2015-08-27,479.91
store_374,2015-08-28,498.1
store_374,2015-08-29,357.365
store_374,2015-08-30,0.0
store_375,2015-07-20,1084.76
store_375,2015-07-21,1033.085
store_375,2015-07-22,1048.15
store_375,2015-07-23,1113.89
store_375,2015-07-24,1077.48
store_375,2015-07-25,1043.215
store_375,2015-07-26,0.0
store_375,2015-07-27,1415.34
store_375,2015-07-28,1293.595
store_375,2015-07-29,1258.615
store_375,2015-07-30,1283.395
store_375,2015-07-31,1172.775
store_375,2015-08-01,1060.185
store_375,2015-08-02,0.0
store_375,2015-08-03,1449.83
store_375,2015-08-04,1275.365
store_375,2015-08-05,1193.41
store_375,2015-08-06,1180.17
store_375,2015-08-07,1177.76
store_375,2015-08-08,1063.845
store_375,2015-08-09,0.0
store_375,2015-08-10,1130.155
store_375,2015-08-11,1075.73
store_375,2015-08-12,1076.83
store_375,2015-08-13,1084.765
store_375,2015-08-14,1090.945
store_375,2015-08-15,1030.915
store_375,2015-08-16,0.0
store_375,2015-08-17,1425.45
store_375,2015-08-18,1284.88
store_375,2015-08-19,1224.66
store_375,2015-08-20,1200.535
store_375,2015-08-21,1188.455
store_375,2015-08-22,1069.925
store_375,2015-08-23,0.0
store_375,2015-08-24,1074.765
store_375,2015-08-25,1022.72
store_375,2015-08-26,1025.575
store_375,2015-08-27,1052.0
store_375,2015-08-28,1065.895
store_375,2015-08-29,1039.605
store_375,2015-08-30,0.0
store_376,2015-07-20,727.31
store_376,2015-07-21,682.745
store_376,2015-07-22,672.98
store_376,2015-07-23,678.39
store_376,2015-07-24,719.15
store_376,2015-07-25,542.81
store_376,2015-07-26,0.0
store_376,2015-07-27,922.935
store_376,2015-07-28,830.135
store_376,2015-07-29,841.09
store_376,2015-07-30,852.81
store_376,2015-07-31,876.97
store_376,2015-08-01,597.355
store_376,2015-08-02,0.0
store_376,2015-08-03,974.72
store_376,2015-08-04,819.945
store_376,2015-08-05,790.325
store_376,2015-08-06,771.775
store_376,2015-08-07,784.515
store_376,2015-08-08,561.61
store_376,2015-08-09,0.0
store_376,2015-08-10,773.92
store_376,2015-08-11,708.96
store_376,2015-08-12,683.145
store_376,2015-08-13,708.21
store_376,2015-08-14,743.475
store_376,2015-08-15,564.58
store_376,2015-08-16,0.0
store_376,2015-08-17,1017.12
store_376,2015-08-18,875.725
store_376,2015-08-19,806.69
store_376,2015-08-20,802.565
store_376,2015-08-21,806.54
store_376,2015-08-22,569.775
store_376,2015-08-23,0.0
store_376,2015-08-24,765.35
store_376,2015-08-25,689.1
store_376,2015-08-26,688.58
store_376,2015-08-27,680.695
store_376,2015-08-28,718.205
store_376,2015-08-29,550.755
store_376,2015-08-30,0.0
store_377,2015-07-20,559.065
store_377,2015-07-21,500.935
store_377,2015-07-22,493.295
store_377,2015-07-23,503.735
store_377,2015-07-24,505.41
store_377,2015-07-25,537.025
store_377,2015-07-26,0.0
store_377,2015-07-27,705.29
store_377,2015-07-28,609.275
store_377,2015-07-29,600.095
store_377,2015-07-30,612.635
store_377,2015-07-31,602.445
store_377,2015-08-01,558.955
store_377,2015-08-02,0.0
store_377,2015-08-03,742.895
store_377,2015-08-04,607.23
store_377,2015-08-05,576.005
store_377,2015-08-06,570.28
store_377,2015-08-07,567.885
store_377,2015-08-08,554.03
store_377,2015-08-09,0.0
store_377,2015-08-10,567.11
store_377,2015-08-11,519.63
store_377,2015-08-12,506.655
store_377,2015-08-13,529.545
store_377,2015-08-14,553.94
store_377,2015-08-15,548.625
store_377,2015-08-16,0.0
store_377,2015-08-17,758.91
store_377,2015-08-18,622.73
store_377,2015-08-19,608.315
store_377,2015-08-20,603.735
store_377,2015-08-21,614.355
store_377,2015-08-22,552.935
store_377,2015-08-23,0.0
store_377,2015-08-24,545.82
store_377,2015-08-25,494.84
store_377,2015-08-26,506.38
store_377,2015-08-27,515.59
store_377,2015-08-28,549.33
store_377,2015-08-29,550.975
store_377,2015-08-30,0.0
store_378,2015-07-20,674.145
store_378,2015-07-21,634.35
store_378,2015-07-22,707.205
store_378,2015-07-23,682.39
store_378,2015-07-24,686.26
store_378,2015-07-25,646.94
store_378,2015-07-26,0.0
store_378,2015-07-27,858.16
store_378,2015-07-28,856.645
store_378,2015-07-29,865.88
store_378,2015-07-30,856.735
store_378,2015-07-31,825.935
store_378,2015-08-01,658.645
store_378,2015-08-02,0.0
store_378,2015-08-03,885.99
store_378,2015-08-04,788.155
store_378,2015-08-05,773.71
store_378,2015-08-06,778.57
store_378,2015-08-07,766.495
store_378,2015-08-08,677.505
store_378,2015-08-09,0.0
store_378,2015-08-10,738.605
store_378,2015-08-11,697.07
store_378,2015-08-12,678.65
store_378,2015-08-13,684.72
store_378,2015-08-14,687.965
store_378,2015-08-15,652.755
store_378,2015-08-16,0.0
store_378,2015-08-17,923.99
store_378,2015-08-18,825.255
store_378,2015-08-19,778.85
store_378,2015-08-20,789.57
store_378,2015-08-21,796.135
store_378,2015-08-22,651.125
store_378,2015-08-23,0.0
store_378,2015-08-24,727.925
store_378,2015-08-25,661.315
store_378,2015-08-26,658.99
store_378,2015-08-27,686.995
store_378,2015-08-28,712.62
store_378,2015-08-29,634.255
store_378,2015-08-30,0.0
store_379,2015-07-20,436.97
store_379,2015-07-21,377.88
store_379,2015-07-22,384.765
store_379,2015-07-23,430.055
store_379,2015-07-24,443.55
store_379,2015-07-25,273.14
store_379,2015-07-26,0.0
store_379,2015-07-27,540.745
store_379,2015-07-28,456.58
store_379,2015-07-29,450.295
store_379,2015-07-30,484.735
store_379,2015-07-31,476.2
store_379,2015-08-01,272.63
store_379,2015-08-02,0.0
store_379,2015-08-03,567.085
store_379,2015-08-04,472.325
store_379,2015-08-05,452.485
store_379,2015-08-06,463.145
store_379,2015-08-07,466.415
store_379,2015-08-08,274.085
store_379,2015-08-09,0.0
store_379,2015-08-10,488.09
store_379,2015-08-11,441.405
store_379,2015-08-12,425.895
store_379,2015-08-13,439.43
store_379,2015-08-14,454.19
store_379,2015-08-15,269.2
store_379,2015-08-16,0.0
store_379,2015-08-17,579.34
store_379,2015-08-18,516.22
store_379,2015-08-19,486.585
store_379,2015-08-20,487.045
store_379,2015-08-21,489.985
store_379,2015-08-22,287.445
store_379,2015-08-23,0.0
store_379,2015-08-24,448.665
store_379,2015-08-25,418.06
store_379,2015-08-26,409.595
store_379,2015-08-27,427.235
store_379,2015-08-28,445.56
store_379,2015-08-29,267.485
store_379,2015-08-30,0.0
store_38,2015-07-20,715.28
store_38,2015-07-21,650.19
store_38,2015-07-22,664.28
store_38,2015-07-23,744.845
store_38,2015-07-24,800.04
store_38,2015-07-25,779.355
store_38,2015-07-26,0.0
store_38,2015-07-27,1005.105
store_38,2015-07-28,883.95
store_38,2015-07-29,865.82
store_38,2015-07-30,925.645
store_38,2015-07-31,892.885
store_38,2015-08-01,787.77
store_38,2015-08-02,0.0
store_38,2015-08-03,1030.805
store_38,2015-08-04,841.175
store_38,2015-08-05,786.16
store_38,2015-08-06,840.845
store_38,2015-08-07,857.215
store_38,2015-08-08,798.06
store_38,2015-08-09,0.0
store_38,2015-08-10,817.9
store_38,2015-08-11,724.615
store_38,2015-08-12,697.475
store_38,2015-08-13,724.44
store_38,2015-08-14,775.05
store_38,2015-08-15,785.97
store_38,2015-08-16,0.0
store_38,2015-08-17,1087.01
store_38,2015-08-18,909.87
store_38,2015-08-19,859.33
store_38,2015-08-20,860.91
store_38,2015-08-21,917.245
store_38,2015-08-22,785.53
store_38,2015-08-23,0.0
store_38,2015-08-24,801.585
store_38,2015-08-25,752.065
store_38,2015-08-26,721.315
store_38,2015-08-27,716.735
store_38,2015-08-28,788.365
store_38,2015-08-29,797.585
store_38,2015-08-30,0.0
store_380,2015-07-20,675.045
store_380,2015-07-21,633.705
store_380,2015-07-22,648.465
store_380,2015-07-23,668.905
store_380,2015-07-24,715.91
store_380,2015-07-25,482.425
store_380,2015-07-26,0.0
store_380,2015-07-27,869.775
store_380,2015-07-28,815.03
store_380,2015-07-29,839.67
store_380,2015-07-30,856.94
store_380,2015-07-31,889.28
store_380,2015-08-01,523.44
store_380,2015-08-02,0.0
store_380,2015-08-03,924.105
store_380,2015-08-04,790.465
store_380,2015-08-05,750.785
store_380,2015-08-06,775.19
store_380,2015-08-07,788.79
store_380,2015-08-08,493.315
store_380,2015-08-09,0.0
store_380,2015-08-10,738.005
store_380,2015-08-11,683.16
store_380,2015-08-12,657.495
store_380,2015-08-13,666.955
store_380,2015-08-14,698.575
store_380,2015-08-15,469.225
store_380,2015-08-16,0.0
store_380,2015-08-17,943.055
store_380,2015-08-18,819.79
store_380,2015-08-19,757.825
store_380,2015-08-20,769.915
store_380,2015-08-21,775.46
store_380,2015-08-22,481.49
store_380,2015-08-23,0.0
store_380,2015-08-24,734.39
store_380,2015-08-25,644.375
store_380,2015-08-26,635.475
store_380,2015-08-27,650.875
store_380,2015-08-28,669.13
store_380,2015-08-29,466.275
store_380,2015-08-30,0.0
store_381,2015-07-20,638.125
store_381,2015-07-21,585.905
store_381,2015-07-22,562.7
store_381,2015-07-23,636.865
store_381,2015-07-24,609.24
store_381,2015-07-25,416.235
store_381,2015-07-26,0.0
store_381,2015-07-27,786.91
store_381,2015-07-28,688.16
store_381,2015-07-29,671.795
store_381,2015-07-30,721.705
store_381,2015-07-31,707.915
store_381,2015-08-01,427.2
store_381,2015-08-02,0.0
store_381,2015-08-03,856.955
store_381,2015-08-04,722.89
store_381,2015-08-05,670.01
store_381,2015-08-06,674.17
store_381,2015-08-07,661.4
store_381,2015-08-08,425.93
store_381,2015-08-09,0.0
store_381,2015-08-10,655.54
store_381,2015-08-11,596.125
store_381,2015-08-12,595.16
store_381,2015-08-13,603.235
store_381,2015-08-14,615.31
store_381,2015-08-15,415.34
store_381,2015-08-16,0.0
store_381,2015-08-17,873.535
store_381,2015-08-18,744.49
store_381,2015-08-19,698.04
store_381,2015-08-20,684.8
store_381,2015-08-21,691.165
store_381,2015-08-22,417.115
store_381,2015-08-23,0.0
store_381,2015-08-24,645.035
store_381,2015-08-25,593.885
store_381,2015-08-26,586.925
store_381,2015-08-27,600.525
store_381,2015-08-28,620.02
store_381,2015-08-29,424.585
store_381,2015-08-30,0.0
store_382,2015-07-20,564.545
store_382,2015-07-21,514.715
store_382,2015-07-22,491.27
store_382,2015-07-23,525.115
store_382,2015-07-24,515.965
store_382,2015-07-25,444.33
store_382,2015-07-26,0.0
store_382,2015-07-27,693.395
store_382,2015-07-28,648.805
store_382,2015-07-29,625.45
store_382,2015-07-30,625.355
store_382,2015-07-31,589.97
store_382,2015-08-01,457.48
store_382,2015-08-02,0.0
store_382,2015-08-03,748.565
store_382,2015-08-04,642.53
store_382,2015-08-05,585.22
store_382,2015-08-06,589.0
store_382,2015-08-07,576.125
store_382,2015-08-08,457.72
store_382,2015-08-09,0.0
store_382,2015-08-10,576.205
store_382,2015-08-11,541.33
store_382,2015-08-12,516.49
store_382,2015-08-13,525.37
store_382,2015-08-14,540.855
store_382,2015-08-15,458.57
store_382,2015-08-16,0.0
store_382,2015-08-17,752.37
store_382,2015-08-18,666.415
store_382,2015-08-19,603.835
store_382,2015-08-20,608.62
store_382,2015-08-21,603.15
store_382,2015-08-22,470.89
store_382,2015-08-23,0.0
store_382,2015-08-24,589.555
store_382,2015-08-25,547.08
store_382,2015-08-26,525.97
store_382,2015-08-27,546.17
store_382,2015-08-28,550.36
store_382,2015-08-29,473.945
store_382,2015-08-30,0.0
store_383,2015-07-20,690.27
store_383,2015-07-21,603.37
store_383,2015-07-22,594.405
store_383,2015-07-23,611.155
store_383,2015-07-24,591.115
store_383,2015-07-25,674.485
store_383,2015-07-26,0.0
store_383,2015-07-27,805.035
store_383,2015-07-28,711.495
store_383,2015-07-29,696.91
store_383,2015-07-30,725.395
store_383,2015-07-31,694.245
store_383,2015-08-01,680.32
store_383,2015-08-02,0.0
store_383,2015-08-03,875.935
store_383,2015-08-04,731.645
store_383,2015-08-05,687.56
store_383,2015-08-06,685.23
store_383,2015-08-07,656.845
store_383,2015-08-08,668.585
store_383,2015-08-09,0.0
store_383,2015-08-10,675.615
store_383,2015-08-11,618.745
store_383,2015-08-12,604.35
store_383,2015-08-13,615.21
store_383,2015-08-14,638.01
store_383,2015-08-15,676.825
store_383,2015-08-16,0.0
store_383,2015-08-17,861.49
store_383,2015-08-18,760.0
store_383,2015-08-19,726.28
store_383,2015-08-20,728.465
store_383,2015-08-21,687.845
store_383,2015-08-22,665.03
store_383,2015-08-23,0.0
store_383,2015-08-24,669.29
store_383,2015-08-25,586.39
store_383,2015-08-26,589.17
store_383,2015-08-27,626.96
store_383,2015-08-28,655.89
store_383,2015-08-29,665.91
store_383,2015-08-30,0.0
store_384,2015-07-20,723.09
store_384,2015-07-21,684.33
store_384,2015-07-22,675.32
store_384,2015-07-23,640.995
store_384,2015-07-24,667.18
store_384,2015-07-25,451.77
store_384,2015-07-26,0.0
store_384,2015-07-27,902.345
store_384,2015-07-28,834.285
store_384,2015-07-29,813.075
store_384,2015-07-30,812.795
store_384,2015-07-31,784.145
store_384,2015-08-01,466.6
store_384,2015-08-02,0.0
store_384,2015-08-03,948.12
store_384,2015-08-04,807.87
store_384,2015-08-05,771.775
store_384,2015-08-06,737.41
store_384,2015-08-07,743.16
store_384,2015-08-08,467.965
store_384,2015-08-09,0.0
store_384,2015-08-10,714.51
store_384,2015-08-11,658.695
store_384,2015-08-12,658.37
store_384,2015-08-13,659.31
store_384,2015-08-14,675.85
store_384,2015-08-15,471.015
store_384,2015-08-16,0.0
store_384,2015-08-17,931.85
store_384,2015-08-18,813.325
store_384,2015-08-19,787.475
store_384,2015-08-20,782.835
store_384,2015-08-21,773.94
store_384,2015-08-22,503.07
store_384,2015-08-23,0.0
store_384,2015-08-24,728.92
store_384,2015-08-25,635.62
store_384,2015-08-26,641.06
store_384,2015-08-27,661.08
store_384,2015-08-28,671.2
store_384,2015-08-29,485.765
store_384,2015-08-30,0.0
store_385,2015-07-20,636.85
store_385,2015-07-21,572.595
store_385,2015-07-22,556.595
store_385,2015-07-23,571.28
store_385,2015-07-24,605.94
store_385,2015-07-25,511.48
store_385,2015-07-26,0.0
store_385,2015-07-27,804.61
store_385,2015-07-28,697.395
store_385,2015-07-29,671.335
store_385,2015-07-30,726.37
store_385,2015-07-31,734.985
store_385,2015-08-01,562.435
store_385,2015-08-02,0.0
store_385,2015-08-03,845.61
store_385,2015-08-04,707.205
store_385,2015-08-05,660.525
store_385,2015-08-06,665.36
store_385,2015-08-07,669.215
store_385,2015-08-08,566.99
store_385,2015-08-09,0.0
store_385,2015-08-10,612.985
store_385,2015-08-11,565.145
store_385,2015-08-12,563.61
store_385,2015-08-13,576.495
store_385,2015-08-14,620.36
store_385,2015-08-15,572.53
store_385,2015-08-16,0.0
store_385,2015-08-17,829.235
store_385,2015-08-18,706.785
store_385,2015-08-19,669.24
store_385,2015-08-20,680.775
store_385,2015-08-21,696.26
store_385,2015-08-22,600.985
store_385,2015-08-23,0.0
store_385,2015-08-24,610.53
store_385,2015-08-25,532.53
store_385,2015-08-26,537.245
store_385,2015-08-27,572.08
store_385,2015-08-28,612.47
store_385,2015-08-29,579.245
store_385,2015-08-30,0.0
store_386,2015-07-20,912.545
store_386,2015-07-21,809.83
store_386,2015-07-22,791.59
store_386,2015-07-23,834.24
store_386,2015-07-24,889.08
store_386,2015-07-25,920.06
store_386,2015-07-26,0.0
store_386,2015-07-27,1095.05
store_386,2015-07-28,1002.695
store_386,2015-07-29,948.865
store_386,2015-07-30,976.295
store_386,2015-07-31,963.135
store_386,2015-08-01,881.315
store_386,2015-08-02,0.0
store_386,2015-08-03,1166.44
store_386,2015-08-04,987.31
store_386,2015-08-05,934.84
store_386,2015-08-06,918.68
store_386,2015-08-07,904.38
store_386,2015-08-08,874.145
store_386,2015-08-09,0.0
store_386,2015-08-10,947.455
store_386,2015-08-11,841.535
store_386,2015-08-12,816.325
store_386,2015-08-13,838.68
store_386,2015-08-14,882.01
store_386,2015-08-15,860.85
store_386,2015-08-16,0.0
store_386,2015-08-17,1155.46
store_386,2015-08-18,1035.04
store_386,2015-08-19,958.57
store_386,2015-08-20,955.54
store_386,2015-08-21,947.835
store_386,2015-08-22,829.06
store_386,2015-08-23,0.0
store_386,2015-08-24,883.815
store_386,2015-08-25,814.45
store_386,2015-08-26,789.985
store_386,2015-08-27,842.28
store_386,2015-08-28,863.615
store_386,2015-08-29,832.145
store_386,2015-08-30,0.0
store_387,2015-07-20,427.69
store_387,2015-07-21,394.075
store_387,2015-07-22,407.755
store_387,2015-07-23,410.955
store_387,2015-07-24,432.62
store_387,2015-07-25,275.805
store_387,2015-07-26,0.0
store_387,2015-07-27,515.57
store_387,2015-07-28,466.4
store_387,2015-07-29,461.39
store_387,2015-07-30,472.47
store_387,2015-07-31,502.64
store_387,2015-08-01,286.895
store_387,2015-08-02,0.0
store_387,2015-08-03,538.335
store_387,2015-08-04,472.895
store_387,2015-08-05,449.53
store_387,2015-08-06,462.13
store_387,2015-08-07,472.275
store_387,2015-08-08,279.765
store_387,2015-08-09,0.0
store_387,2015-08-10,494.385
store_387,2015-08-11,445.52
store_387,2015-08-12,449.02
store_387,2015-08-13,461.025
store_387,2015-08-14,461.945
store_387,2015-08-15,280.66
store_387,2015-08-16,0.0
store_387,2015-08-17,538.29
store_387,2015-08-18,493.635
store_387,2015-08-19,473.08
store_387,2015-08-20,486.47
store_387,2015-08-21,505.355
store_387,2015-08-22,287.28
store_387,2015-08-23,0.0
store_387,2015-08-24,436.25
store_387,2015-08-25,417.34
store_387,2015-08-26,416.685
store_387,2015-08-27,434.31
store_387,2015-08-28,484.835
store_387,2015-08-29,282.68
store_387,2015-08-30,0.0
store_388,2015-07-20,821.52
store_388,2015-07-21,732.13
store_388,2015-07-22,728.93
store_388,2015-07-23,728.085
store_388,2015-07-24,778.81
store_388,2015-07-25,795.775
store_388,2015-07-26,0.0
store_388,2015-07-27,1079.075
store_388,2015-07-28,927.755
store_388,2015-07-29,895.41
store_388,2015-07-30,901.175
store_388,2015-07-31,906.91
store_388,2015-08-01,808.905
store_388,2015-08-02,0.0
store_388,2015-08-03,1124.295
store_388,2015-08-04,922.745
store_388,2015-08-05,878.575
store_388,2015-08-06,869.665
store_388,2015-08-07,865.86
store_388,2015-08-08,830.835
store_388,2015-08-09,0.0
store_388,2015-08-10,869.855
store_388,2015-08-11,783.125
store_388,2015-08-12,770.065
store_388,2015-08-13,799.88
store_388,2015-08-14,827.275
store_388,2015-08-15,827.845
store_388,2015-08-16,0.0
store_388,2015-08-17,1104.275
store_388,2015-08-18,946.895
store_388,2015-08-19,888.025
store_388,2015-08-20,913.79
store_388,2015-08-21,911.515
store_388,2015-08-22,841.245
store_388,2015-08-23,0.0
store_388,2015-08-24,875.375
store_388,2015-08-25,774.23
store_388,2015-08-26,754.43
store_388,2015-08-27,775.025
store_388,2015-08-28,839.17
store_388,2015-08-29,857.465
store_388,2015-08-30,0.0
store_389,2015-07-20,430.155
store_389,2015-07-21,390.615
store_389,2015-07-22,394.175
store_389,2015-07-23,411.125
store_389,2015-07-24,394.76
store_389,2015-07-25,275.565
store_389,2015-07-26,0.0
store_389,2015-07-27,550.08
store_389,2015-07-28,488.98
store_389,2015-07-29,483.49
store_389,2015-07-30,522.285
store_389,2015-07-31,490.42
store_389,2015-08-01,297.045
store_389,2015-08-02,0.0
store_389,2015-08-03,558.125
store_389,2015-08-04,489.62
store_389,2015-08-05,463.355
store_389,2015-08-06,468.09
store_389,2015-08-07,474.0
store_389,2015-08-08,277.19
store_389,2015-08-09,0.0
store_389,2015-08-10,480.9
store_389,2015-08-11,445.145
store_389,2015-08-12,426.635
store_389,2015-08-13,437.51
store_389,2015-08-14,443.67
store_389,2015-08-15,270.785
store_389,2015-08-16,0.0
store_389,2015-08-17,562.385
store_389,2015-08-18,513.87
store_389,2015-08-19,486.97
store_389,2015-08-20,478.355
store_389,2015-08-21,465.505
store_389,2015-08-22,272.66
store_389,2015-08-23,0.0
store_389,2015-08-24,452.43
store_389,2015-08-25,416.805
store_389,2015-08-26,413.125
store_389,2015-08-27,429.775
store_389,2015-08-28,434.625
store_389,2015-08-29,260.59
store_389,2015-08-30,0.0
store_39,2015-07-20,498.28
store_39,2015-07-21,425.77
store_39,2015-07-22,448.555
store_39,2015-07-23,475.565
store_39,2015-07-24,503.52
store_39,2015-07-25,574.225
store_39,2015-07-26,0.0
store_39,2015-07-27,651.475
store_39,2015-07-28,554.75
store_39,2015-07-29,544.43
store_39,2015-07-30,563.075
store_39,2015-07-31,577.05
store_39,2015-08-01,578.0
store_39,2015-08-02,0.0
store_39,2015-08-03,683.81
store_39,2015-08-04,546.805
store_39,2015-08-05,529.705
store_39,2015-08-06,539.625
store_39,2015-08-07,548.69
store_39,2015-08-08,560.37
store_39,2015-08-09,0.0
store_39,2015-08-10,518.28
store_39,2015-08-11,470.87
store_39,2015-08-12,469.405
store_39,2015-08-13,481.0
store_39,2015-08-14,491.77
store_39,2015-08-15,536.845
store_39,2015-08-16,0.0
store_39,2015-08-17,654.225
store_39,2015-08-18,556.08
store_39,2015-08-19,542.75
store_39,2015-08-20,548.42
store_39,2015-08-21,566.155
store_39,2015-08-22,548.285
store_39,2015-08-23,0.0
store_39,2015-08-24,485.515
store_39,2015-08-25,437.09
store_39,2015-08-26,460.43
store_39,2015-08-27,473.275
store_39,2015-08-28,502.545
store_39,2015-08-29,538.6
store_39,2015-08-30,0.0
store_390,2015-07-20,385.795
store_390,2015-07-21,353.42
store_390,2015-07-22,372.07
store_390,2015-07-23,385.92
store_390,2015-07-24,393.82
store_390,2015-07-25,383.755
store_390,2015-07-26,0.0
store_390,2015-07-27,507.985
store_390,2015-07-28,454.59
store_390,2015-07-29,437.01
store_390,2015-07-30,447.61
store_390,2015-07-31,451.395
store_390,2015-08-01,384.6
store_390,2015-08-02,0.0
store_390,2015-08-03,531.66
store_390,2015-08-04,448.25
store_390,2015-08-05,418.5
store_390,2015-08-06,427.615
store_390,2015-08-07,442.3
store_390,2015-08-08,394.135
store_390,2015-08-09,0.0
store_390,2015-08-10,454.655
store_390,2015-08-11,416.68
store_390,2015-08-12,401.16
store_390,2015-08-13,424.665
store_390,2015-08-14,438.04
store_390,2015-08-15,408.415
store_390,2015-08-16,0.0
store_390,2015-08-17,579.42
store_390,2015-08-18,500.1
store_390,2015-08-19,488.445
store_390,2015-08-20,467.725
store_390,2015-08-21,476.005
store_390,2015-08-22,422.065
store_390,2015-08-23,0.0
store_390,2015-08-24,432.9
store_390,2015-08-25,397.95
store_390,2015-08-26,412.105
store_390,2015-08-27,415.455
store_390,2015-08-28,436.41
store_390,2015-08-29,440.915
store_390,2015-08-30,0.0
store_391,2015-07-20,878.92
store_391,2015-07-21,885.34
store_391,2015-07-22,831.165
store_391,2015-07-23,853.225
store_391,2015-07-24,907.43
store_391,2015-07-25,769.315
store_391,2015-07-26,0.0
store_391,2015-07-27,1106.505
store_391,2015-07-28,1056.385
store_391,2015-07-29,1011.1
store_391,2015-07-30,1021.12
store_391,2015-07-31,1038.785
store_391,2015-08-01,784.805
store_391,2015-08-02,0.0
store_391,2015-08-03,1203.06
store_391,2015-08-04,1023.48
store_391,2015-08-05,958.34
store_391,2015-08-06,949.515
store_391,2015-08-07,968.285
store_391,2015-08-08,759.95
store_391,2015-08-09,0.0
store_391,2015-08-10,922.145
store_391,2015-08-11,869.115
store_391,2015-08-12,848.455
store_391,2015-08-13,821.64
store_391,2015-08-14,867.075
store_391,2015-08-15,785.4
store_391,2015-08-16,0.0
store_391,2015-08-17,1176.43
store_391,2015-08-18,1062.15
store_391,2015-08-19,983.61
store_391,2015-08-20,960.95
store_391,2015-08-21,955.085
store_391,2015-08-22,788.45
store_391,2015-08-23,0.0
store_391,2015-08-24,910.365
store_391,2015-08-25,839.51
store_391,2015-08-26,836.78
store_391,2015-08-27,834.405
store_391,2015-08-28,850.34
store_391,2015-08-29,816.19
store_391,2015-08-30,0.0
store_392,2015-07-20,1167.27
store_392,2015-07-21,1085.71
store_392,2015-07-22,1063.665
store_392,2015-07-23,1078.695
store_392,2015-07-24,1077.76
store_392,2015-07-25,1187.095
store_392,2015-07-26,0.0
store_392,2015-07-27,1530.205
store_392,2015-07-28,1389.72
store_392,2015-07-29,1284.66
store_392,2015-07-30,1295.21
store_392,2015-07-31,1221.345
store_392,2015-08-01,1169.845
store_392,2015-08-02,0.0
store_392,2015-08-03,1592.89
store_392,2015-08-04,1431.05
store_392,2015-08-05,1281.85
store_392,2015-08-06,1254.485
store_392,2015-08-07,1202.2
store_392,2015-08-08,1179.53
store_392,2015-08-09,0.0
store_392,2015-08-10,1191.865
store_392,2015-08-11,1117.575
store_392,2015-08-12,1089.255
store_392,2015-08-13,1116.94
store_392,2015-08-14,1129.495
store_392,2015-08-15,1159.445
store_392,2015-08-16,0.0
store_392,2015-08-17,1480.765
store_392,2015-08-18,1373.14
store_392,2015-08-19,1321.01
store_392,2015-08-20,1291.87
store_392,2015-08-21,1250.87
store_392,2015-08-22,1173.425
store_392,2015-08-23,0.0
store_392,2015-08-24,1145.24
store_392,2015-08-25,1051.175
store_392,2015-08-26,1048.5
store_392,2015-08-27,1051.905
store_392,2015-08-28,1058.595
store_392,2015-08-29,1148.74
store_392,2015-08-30,0.0
store_393,2015-07-20,645.74
store_393,2015-07-21,587.92
store_393,2015-07-22,573.36
store_393,2015-07-23,602.815
store_393,2015-07-24,683.25
store_393,2015-07-25,537.105
store_393,2015-07-26,0.0
store_393,2015-07-27,871.125
store_393,2015-07-28,737.105
store_393,2015-07-29,689.32
store_393,2015-07-30,727.865
store_393,2015-07-31,758.54
store_393,2015-08-01,559.84
store_393,2015-08-02,0.0
store_393,2015-08-03,908.69
store_393,2015-08-04,743.27
store_393,2015-08-05,683.925
store_393,2015-08-06,687.315
store_393,2015-08-07,731.325
store_393,2015-08-08,556.51
store_393,2015-08-09,0.0
store_393,2015-08-10,718.34
store_393,2015-08-11,641.08
store_393,2015-08-12,610.245
store_393,2015-08-13,626.67
store_393,2015-08-14,679.805
store_393,2015-08-15,543.295
store_393,2015-08-16,0.0
store_393,2015-08-17,925.04
store_393,2015-08-18,773.515
store_393,2015-08-19,703.335
store_393,2015-08-20,701.02
store_393,2015-08-21,731.625
store_393,2015-08-22,560.9
store_393,2015-08-23,0.0
store_393,2015-08-24,709.12
store_393,2015-08-25,654.195
store_393,2015-08-26,620.46
store_393,2015-08-27,636.95
store_393,2015-08-28,653.99
store_393,2015-08-29,556.81
store_393,2015-08-30,0.0
store_394,2015-07-20,802.675
store_394,2015-07-21,753.8
store_394,2015-07-22,734.62
store_394,2015-07-23,733.74
store_394,2015-07-24,780.735
store_394,2015-07-25,793.15
store_394,2015-07-26,0.0
store_394,2015-07-27,997.675
store_394,2015-07-28,951.3
store_394,2015-07-29,892.785
store_394,2015-07-30,888.535
store_394,2015-07-31,895.955
store_394,2015-08-01,835.335
store_394,2015-08-02,0.0
store_394,2015-08-03,1054.88
store_394,2015-08-04,928.545
store_394,2015-08-05,857.575
store_394,2015-08-06,825.74
store_394,2015-08-07,836.45
store_394,2015-08-08,817.83
store_394,2015-08-09,0.0
store_394,2015-08-10,851.79
store_394,2015-08-11,799.425
store_394,2015-08-12,754.74
store_394,2015-08-13,759.755
store_394,2015-08-14,791.03
store_394,2015-08-15,829.2
store_394,2015-08-16,0.0
store_394,2015-08-17,1101.325
store_394,2015-08-18,974.465
store_394,2015-08-19,886.5
store_394,2015-08-20,874.435
store_394,2015-08-21,863.995
store_394,2015-08-22,841.505
store_394,2015-08-23,0.0
store_394,2015-08-24,862.485
store_394,2015-08-25,758.41
store_394,2015-08-26,766.38
store_394,2015-08-27,769.015
store_394,2015-08-28,765.895
store_394,2015-08-29,788.86
store_394,2015-08-30,0.0
store_395,2015-07-20,426.54
store_395,2015-07-21,390.725
store_395,2015-07-22,397.435
store_395,2015-07-23,435.755
store_395,2015-07-24,466.94
store_395,2015-07-25,362.535
store_395,2015-07-26,0.0
store_395,2015-07-27,536.785
store_395,2015-07-28,486.57
store_395,2015-07-29,476.235
store_395,2015-07-30,513.32
store_395,2015-07-31,522.86
store_395,2015-08-01,394.325
store_395,2015-08-02,0.0
store_395,2015-08-03,569.52
store_395,2015-08-04,493.795
store_395,2015-08-05,467.395
store_395,2015-08-06,480.605
store_395,2015-08-07,500.23
store_395,2015-08-08,377.135
store_395,2015-08-09,0.0
store_395,2015-08-10,435.13
store_395,2015-08-11,405.0
store_395,2015-08-12,404.305
store_395,2015-08-13,423.995
store_395,2015-08-14,455.685
store_395,2015-08-15,378.75
store_395,2015-08-16,0.0
store_395,2015-08-17,555.94
store_395,2015-08-18,485.77
store_395,2015-08-19,473.485
store_395,2015-08-20,490.43
store_395,2015-08-21,514.62
store_395,2015-08-22,383.86
store_395,2015-08-23,0.0
store_395,2015-08-24,435.53
store_395,2015-08-25,395.285
store_395,2015-08-26,392.17
store_395,2015-08-27,422.49
store_395,2015-08-28,458.545
store_395,2015-08-29,386.37
store_395,2015-08-30,0.0
store_396,2015-07-20,590.555
store_396,2015-07-21,544.01
store_396,2015-07-22,568.67
store_396,2015-07-23,592.83
store_396,2015-07-24,611.49
store_396,2015-07-25,636.99
store_396,2015-07-26,0.0
store_396,2015-07-27,944.03
store_396,2015-07-28,758.775
store_396,2015-07-29,727.6
store_396,2015-07-30,725.23
store_396,2015-07-31,711.95
store_396,2015-08-01,652.74
store_396,2015-08-02,0.0
store_396,2015-08-03,967.56
store_396,2015-08-04,741.525
store_396,2015-08-05,693.72
store_396,2015-08-06,678.32
store_396,2015-08-07,665.94
store_396,2015-08-08,667.585
store_396,2015-08-09,0.0
store_396,2015-08-10,656.265
store_396,2015-08-11,605.815
store_396,2015-08-12,602.045
store_396,2015-08-13,599.41
store_396,2015-08-14,636.04
store_396,2015-08-15,653.16
store_396,2015-08-16,0.0
store_396,2015-08-17,944.99
store_396,2015-08-18,768.11
store_396,2015-08-19,723.25
store_396,2015-08-20,710.1
store_396,2015-08-21,721.295
store_396,2015-08-22,659.47
store_396,2015-08-23,0.0
store_396,2015-08-24,655.115
store_396,2015-08-25,585.32
store_396,2015-08-26,595.77
store_396,2015-08-27,617.95
store_396,2015-08-28,673.55
store_396,2015-08-29,675.135
store_396,2015-08-30,0.0
store_397,2015-07-20,360.045
store_397,2015-07-21,328.395
store_397,2015-07-22,328.875
store_397,2015-07-23,344.7
store_397,2015-07-24,356.38
store_397,2015-07-25,350.825
store_397,2015-07-26,0.0
store_397,2015-07-27,463.05
store_397,2015-07-28,416.195
store_397,2015-07-29,403.355
store_397,2015-07-30,394.695
store_397,2015-07-31,403.82
store_397,2015-08-01,357.385
store_397,2015-08-02,0.0
store_397,2015-08-03,496.615
store_397,2015-08-04,417.335
store_397,2015-08-05,383.745
store_397,2015-08-06,394.155
store_397,2015-08-07,393.615
store_397,2015-08-08,364.76
store_397,2015-08-09,0.0
store_397,2015-08-10,375.04
store_397,2015-08-11,334.745
store_397,2015-08-12,332.395
store_397,2015-08-13,336.65
store_397,2015-08-14,351.985
store_397,2015-08-15,351.58
store_397,2015-08-16,0.0
store_397,2015-08-17,494.375
store_397,2015-08-18,425.805
store_397,2015-08-19,403.025
store_397,2015-08-20,407.685
store_397,2015-08-21,407.435
store_397,2015-08-22,359.48
store_397,2015-08-23,0.0
store_397,2015-08-24,360.07
store_397,2015-08-25,324.765
store_397,2015-08-26,337.55
store_397,2015-08-27,335.8
store_397,2015-08-28,348.29
store_397,2015-08-29,347.825
store_397,2015-08-30,0.0
store_398,2015-07-20,616.58
store_398,2015-07-21,569.8
store_398,2015-07-22,589.29
store_398,2015-07-23,626.405
store_398,2015-07-24,609.165
store_398,2015-07-25,465.56
store_398,2015-07-26,0.0
store_398,2015-07-27,791.05
store_398,2015-07-28,725.82
store_398,2015-07-29,741.585
store_398,2015-07-30,738.54
store_398,2015-07-31,714.385
store_398,2015-08-01,496.71
store_398,2015-08-02,0.0
store_398,2015-08-03,849.7
store_398,2015-08-04,728.34
store_398,2015-08-05,711.16
store_398,2015-08-06,704.37
store_398,2015-08-07,677.105
store_398,2015-08-08,479.915
store_398,2015-08-09,0.0
store_398,2015-08-10,629.155
store_398,2015-08-11,584.45
store_398,2015-08-12,598.745
store_398,2015-08-13,623.265
store_398,2015-08-14,638.01
store_398,2015-08-15,496.35
store_398,2015-08-16,0.0
store_398,2015-08-17,872.725
store_398,2015-08-18,751.97
store_398,2015-08-19,728.695
store_398,2015-08-20,742.155
store_398,2015-08-21,742.95
store_398,2015-08-22,517.8
store_398,2015-08-23,0.0
store_398,2015-08-24,706.185
store_398,2015-08-25,627.305
store_398,2015-08-26,616.565
store_398,2015-08-27,652.78
store_398,2015-08-28,674.38
store_398,2015-08-29,516.2
store_398,2015-08-30,0.0
store_399,2015-07-20,562.055
store_399,2015-07-21,492.66
store_399,2015-07-22,517.54
store_399,2015-07-23,539.745
store_399,2015-07-24,528.925
store_399,2015-07-25,394.48
store_399,2015-07-26,0.0
store_399,2015-07-27,766.555
store_399,2015-07-28,658.375
store_399,2015-07-29,644.875
store_399,2015-07-30,669.72
store_399,2015-07-31,651.635
store_399,2015-08-01,409.575
store_399,2015-08-02,0.0
store_399,2015-08-03,768.305
store_399,2015-08-04,639.66
store_399,2015-08-05,603.455
store_399,2015-08-06,638.615
store_399,2015-08-07,609.61
store_399,2015-08-08,417.685
store_399,2015-08-09,0.0
store_399,2015-08-10,542.365
store_399,2015-08-11,515.805
store_399,2015-08-12,507.555
store_399,2015-08-13,548.08
store_399,2015-08-14,554.48
store_399,2015-08-15,421.805
store_399,2015-08-16,0.0
store_399,2015-08-17,738.52
store_399,2015-08-18,674.51
store_399,2015-08-19,636.155
store_399,2015-08-20,639.36
store_399,2015-08-21,645.065
store_399,2015-08-22,439.805
store_399,2015-08-23,0.0
store_399,2015-08-24,558.375
store_399,2015-08-25,512.22
store_399,2015-08-26,503.37
store_399,2015-08-27,537.48
store_399,2015-08-28,559.62
store_399,2015-08-29,423.08
store_399,2015-08-30,0.0
store_4,2015-07-20,668.93
store_4,2015-07-21,626.9
store_4,2015-07-22,625.93
store_4,2015-07-23,715.805
store_4,2015-07-24,666.415
store_4,2015-07-25,432.485
store_4,2015-07-26,0.0
store_4,2015-07-27,876.59
store_4,2015-07-28,806.22
store_4,2015-07-29,794.195
store_4,2015-07-30,837.445
store_4,2015-07-31,761.775
store_4,2015-08-01,440.1
store_4,2015-08-02,0.0
store_4,2015-08-03,910.81
store_4,2015-08-04,785.125
store_4,2015-08-05,722.55
store_4,2015-08-06,775.715
store_4,2015-08-07,748.53
store_4,2015-08-08,444.445
store_4,2015-08-09,0.0
store_4,2015-08-10,687.73
store_4,2015-08-11,637.16
store_4,2015-08-12,635.095
store_4,2015-08-13,678.6
store_4,2015-08-14,713.985
store_4,2015-08-15,446.315
store_4,2015-08-16,0.0
store_4,2015-08-17,908.305
store_4,2015-08-18,793.235
store_4,2015-08-19,731.025
store_4,2015-08-20,764.725
store_4,2015-08-21,780.8
store_4,2015-08-22,446.015
store_4,2015-08-23,0.0
store_4,2015-08-24,686.495
store_4,2015-08-25,625.52
store_4,2015-08-26,601.255
store_4,2015-08-27,638.075
store_4,2015-08-28,671.33
store_4,2015-08-29,440.545
store_4,2015-08-30,0.0
store_40,2015-07-20,758.115
store_40,2015-07-21,706.3
store_40,2015-07-22,718.695
store_40,2015-07-23,753.945
store_40,2015-07-24,721.66
store_40,2015-07-25,563.84
store_40,2015-07-26,0.0
store_40,2015-07-27,1008.625
store_40,2015-07-28,934.615
store_40,2015-07-29,889.61
store_40,2015-07-30,904.535
store_40,2015-07-31,863.445
store_40,2015-08-01,595.42
store_40,2015-08-02,0.0
store_40,2015-08-03,1069.885
store_40,2015-08-04,911.415
store_40,2015-08-05,867.0
store_40,2015-08-06,835.775
store_40,2015-08-07,809.035
store_40,2015-08-08,577.255
store_40,2015-08-09,0.0
store_40,2015-08-10,757.275
store_40,2015-08-11,728.675
store_40,2015-08-12,746.02
store_40,2015-08-13,759.065
store_40,2015-08-14,753.6
store_40,2015-08-15,569.24
store_40,2015-08-16,0.0
store_40,2015-08-17,1062.625
store_40,2015-08-18,935.49
store_40,2015-08-19,900.395
store_40,2015-08-20,896.295
store_40,2015-08-21,869.165
store_40,2015-08-22,570.465
store_40,2015-08-23,0.0
store_40,2015-08-24,758.27
store_40,2015-08-25,686.705
store_40,2015-08-26,743.385
store_40,2015-08-27,767.88
store_40,2015-08-28,751.555
store_40,2015-08-29,558.69
store_40,2015-08-30,0.0
store_400,2015-07-20,589.105
store_400,2015-07-21,574.57
store_400,2015-07-22,594.115
store_400,2015-07-23,612.26
store_400,2015-07-24,608.035
store_400,2015-07-25,433.02
store_400,2015-07-26,0.0
store_400,2015-07-27,775.49
store_400,2015-07-28,726.78
store_400,2015-07-29,724.385
store_400,2015-07-30,714.345
store_400,2015-07-31,703.44
store_400,2015-08-01,442.37
store_400,2015-08-02,0.0
store_400,2015-08-03,802.89
store_400,2015-08-04,690.53
store_400,2015-08-05,663.49
store_400,2015-08-06,668.595
store_400,2015-08-07,662.665
store_400,2015-08-08,447.545
store_400,2015-08-09,0.0
store_400,2015-08-10,609.835
store_400,2015-08-11,546.04
store_400,2015-08-12,557.3
store_400,2015-08-13,564.09
store_400,2015-08-14,584.785
store_400,2015-08-15,437.435
store_400,2015-08-16,0.0
store_400,2015-08-17,795.015
store_400,2015-08-18,680.665
store_400,2015-08-19,656.97
store_400,2015-08-20,666.275
store_400,2015-08-21,676.435
store_400,2015-08-22,438.7
store_400,2015-08-23,0.0
store_400,2015-08-24,613.45
store_400,2015-08-25,554.115
store_400,2015-08-26,547.565
store_400,2015-08-27,574.49
store_400,2015-08-28,589.87
store_400,2015-08-29,440.035
store_400,2015-08-30,0.0
store_401,2015-07-20,564.62
store_401,2015-07-21,512.69
store_401,2015-07-22,513.945
store_401,2015-07-23,523.575
store_401,2015-07-24,546.18
store_401,2015-07-25,590.37
store_401,2015-07-26,0.0
store_401,2015-07-27,708.23
store_401,2015-07-28,618.26
store_401,2015-07-29,616.055
store_401,2015-07-30,598.915
store_401,2015-07-31,617.665
store_401,2015-08-01,594.215
store_401,2015-08-02,0.0
store_401,2015-08-03,735.92
store_401,2015-08-04,619.97
store_401,2015-08-05,596.96
store_401,2015-08-06,594.605
store_401,2015-08-07,591.855
store_401,2015-08-08,591.185
store_401,2015-08-09,0.0
store_401,2015-08-10,557.045
store_401,2015-08-11,498.135
store_401,2015-08-12,512.805
store_401,2015-08-13,534.11
store_401,2015-08-14,538.87
store_401,2015-08-15,573.36
store_401,2015-08-16,0.0
store_401,2015-08-17,750.75
store_401,2015-08-18,632.76
store_401,2015-08-19,613.785
store_401,2015-08-20,608.82
store_401,2015-08-21,611.72
store_401,2015-08-22,600.725
store_401,2015-08-23,0.0
store_401,2015-08-24,542.785
store_401,2015-08-25,487.315
store_401,2015-08-26,490.9
store_401,2015-08-27,514.46
store_401,2015-08-28,536.775
store_401,2015-08-29,559.48
store_401,2015-08-30,0.0
store_402,2015-07-20,626.665
store_402,2015-07-21,591.715
store_402,2015-07-22,627.595
store_402,2015-07-23,630.83
store_402,2015-07-24,629.255
store_402,2015-07-25,610.03
store_402,2015-07-26,0.0
store_402,2015-07-27,911.585
store_402,2015-07-28,799.47
store_402,2015-07-29,772.01
store_402,2015-07-30,799.91
store_402,2015-07-31,780.99
store_402,2015-08-01,673.845
store_402,2015-08-02,0.0
store_402,2015-08-03,957.09
store_402,2015-08-04,773.195
store_402,2015-08-05,754.435
store_402,2015-08-06,739.66
store_402,2015-08-07,717.78
store_402,2015-08-08,650.305
store_402,2015-08-09,0.0
store_402,2015-08-10,705.14
store_402,2015-08-11,640.605
store_402,2015-08-12,637.775
store_402,2015-08-13,656.72
store_402,2015-08-14,664.01
store_402,2015-08-15,656.965
store_402,2015-08-16,0.0
store_402,2015-08-17,933.11
store_402,2015-08-18,794.315
store_402,2015-08-19,752.905
store_402,2015-08-20,741.52
store_402,2015-08-21,738.52
store_402,2015-08-22,653.255
store_402,2015-08-23,0.0
store_402,2015-08-24,686.43
store_402,2015-08-25,610.0
store_402,2015-08-26,613.46
store_402,2015-08-27,635.61
store_402,2015-08-28,663.195
store_402,2015-08-29,666.935
store_402,2015-08-30,0.0
store_403,2015-07-20,755.245
store_403,2015-07-21,694.63
store_403,2015-07-22,734.825
store_403,2015-07-23,697.7
store_403,2015-07-24,722.425
store_403,2015-07-25,829.025
store_403,2015-07-26,0.0
store_403,2015-07-27,943.035
store_403,2015-07-28,888.565
store_403,2015-07-29,863.86
store_403,2015-07-30,823.1
store_403,2015-07-31,790.28
store_403,2015-08-01,856.255
store_403,2015-08-02,0.0
store_403,2015-08-03,1000.245
store_403,2015-08-04,854.62
store_403,2015-08-05,817.625
store_403,2015-08-06,780.085
store_403,2015-08-07,759.9
store_403,2015-08-08,808.725
store_403,2015-08-09,0.0
store_403,2015-08-10,837.805
store_403,2015-08-11,770.68
store_403,2015-08-12,724.205
store_403,2015-08-13,703.305
store_403,2015-08-14,722.66
store_403,2015-08-15,781.195
store_403,2015-08-16,0.0
store_403,2015-08-17,1033.375
store_403,2015-08-18,893.695
store_403,2015-08-19,849.555
store_403,2015-08-20,841.245
store_403,2015-08-21,802.02
store_403,2015-08-22,786.27
store_403,2015-08-23,0.0
store_403,2015-08-24,771.525
store_403,2015-08-25,721.58
store_403,2015-08-26,725.125
store_403,2015-08-27,715.375
store_403,2015-08-28,723.76
store_403,2015-08-29,729.09
store_403,2015-08-30,0.0
store_404,2015-07-20,1034.88
store_404,2015-07-21,1023.16
store_404,2015-07-22,1066.96
store_404,2015-07-23,1146.51
store_404,2015-07-24,1162.84
store_404,2015-07-25,857.445
store_404,2015-07-26,0.0
store_404,2015-07-27,1503.05
store_404,2015-07-28,1407.08
store_404,2015-07-29,1312.41
store_404,2015-07-30,1351.99
store_404,2015-07-31,1311.495
store_404,2015-08-01,872.065
store_404,2015-08-02,0.0
store_404,2015-08-03,1534.545
store_404,2015-08-04,1348.37
store_404,2015-08-05,1285.68
store_404,2015-08-06,1269.645
store_404,2015-08-07,1225.025
store_404,2015-08-08,859.27
store_404,2015-08-09,0.0
store_404,2015-08-10,1176.565
store_404,2015-08-11,1107.87
store_404,2015-08-12,1082.665
store_404,2015-08-13,1092.815
store_404,2015-08-14,1111.935
store_404,2015-08-15,822.675
store_404,2015-08-16,0.0
store_404,2015-08-17,1431.16
store_404,2015-08-18,1348.765
store_404,2015-08-19,1295.31
store_404,2015-08-20,1264.615
store_404,2015-08-21,1225.085
store_404,2015-08-22,854.385
store_404,2015-08-23,0.0
store_404,2015-08-24,1100.095
store_404,2015-08-25,1031.28
store_404,2015-08-26,1061.29
store_404,2015-08-27,1069.67
store_404,2015-08-28,1081.605
store_404,2015-08-29,798.935
store_404,2015-08-30,0.0
store_405,2015-07-20,585.755
store_405,2015-07-21,525.74
store_405,2015-07-22,545.635
store_405,2015-07-23,562.845
store_405,2015-07-24,573.525
store_405,2015-07-25,712.99
store_405,2015-07-26,0.0
store_405,2015-07-27,856.79
store_405,2015-07-28,717.865
store_405,2015-07-29,675.825
store_405,2015-07-30,698.59
store_405,2015-07-31,696.52
store_405,2015-08-01,755.26
store_405,2015-08-02,0.0
store_405,2015-08-03,867.67
store_405,2015-08-04,715.2
store_405,2015-08-05,658.32
store_405,2015-08-06,653.18
store_405,2015-08-07,633.3
store_405,2015-08-08,736.445
store_405,2015-08-09,0.0
store_405,2015-08-10,668.81
store_405,2015-08-11,608.73
store_405,2015-08-12,587.635
store_405,2015-08-13,588.53
store_405,2015-08-14,584.565
store_405,2015-08-15,713.09
store_405,2015-08-16,0.0
store_405,2015-08-17,880.435
store_405,2015-08-18,777.545
store_405,2015-08-19,727.535
store_405,2015-08-20,692.16
store_405,2015-08-21,695.91
store_405,2015-08-22,706.955
store_405,2015-08-23,0.0
store_405,2015-08-24,647.465
store_405,2015-08-25,590.22
store_405,2015-08-26,578.91
store_405,2015-08-27,588.255
store_405,2015-08-28,608.91
store_405,2015-08-29,689.13
store_405,2015-08-30,0.0
store_406,2015-07-20,711.725
store_406,2015-07-21,628.005
store_406,2015-07-22,673.0
store_406,2015-07-23,662.195
store_406,2015-07-24,715.32
store_406,2015-07-25,700.005
store_406,2015-07-26,0.0
store_406,2015-07-27,973.93
store_406,2015-07-28,829.59
store_406,2015-07-29,832.785
store_406,2015-07-30,798.4
store_406,2015-07-31,839.21
store_406,2015-08-01,718.8
store_406,2015-08-02,0.0
store_406,2015-08-03,992.2
store_406,2015-08-04,832.36
store_406,2015-08-05,789.815
store_406,2015-08-06,745.0
store_406,2015-08-07,772.43
store_406,2015-08-08,722.355
store_406,2015-08-09,0.0
store_406,2015-08-10,724.51
store_406,2015-08-11,665.77
store_406,2015-08-12,655.25
store_406,2015-08-13,659.23
store_406,2015-08-14,702.51
store_406,2015-08-15,715.67
store_406,2015-08-16,0.0
store_406,2015-08-17,969.295
store_406,2015-08-18,799.81
store_406,2015-08-19,776.88
store_406,2015-08-20,782.875
store_406,2015-08-21,802.665
store_406,2015-08-22,721.03
store_406,2015-08-23,0.0
store_406,2015-08-24,747.91
store_406,2015-08-25,664.35
store_406,2015-08-26,647.835
store_406,2015-08-27,671.885
store_406,2015-08-28,723.655
store_406,2015-08-29,726.095
store_406,2015-08-30,0.0
store_407,2015-07-20,621.095
store_407,2015-07-21,552.32
store_407,2015-07-22,544.95
store_407,2015-07-23,588.73
store_407,2015-07-24,614.925
store_407,2015-07-25,581.36
store_407,2015-07-26,0.0
store_407,2015-07-27,745.74
store_407,2015-07-28,653.29
store_407,2015-07-29,629.345
store_407,2015-07-30,668.49
store_407,2015-07-31,714.365
store_407,2015-08-01,596.81
store_407,2015-08-02,0.0
store_407,2015-08-03,812.165
store_407,2015-08-04,678.28
store_407,2015-08-05,635.23
store_407,2015-08-06,637.19
store_407,2015-08-07,657.105
store_407,2015-08-08,587.045
store_407,2015-08-09,0.0
store_407,2015-08-10,631.16
store_407,2015-08-11,559.24
store_407,2015-08-12,555.095
store_407,2015-08-13,571.52
store_407,2015-08-14,616.505
store_407,2015-08-15,585.555
store_407,2015-08-16,0.0
store_407,2015-08-17,784.345
store_407,2015-08-18,680.61
store_407,2015-08-19,653.725
store_407,2015-08-20,673.125
store_407,2015-08-21,693.75
store_407,2015-08-22,604.88
store_407,2015-08-23,0.0
store_407,2015-08-24,614.515
store_407,2015-08-25,529.33
store_407,2015-08-26,551.67
store_407,2015-08-27,587.24
store_407,2015-08-28,616.25
store_407,2015-08-29,586.99
store_407,2015-08-30,0.0
store_408,2015-07-20,892.79
store_408,2015-07-21,820.275
store_408,2015-07-22,846.035
store_408,2015-07-23,841.68
store_408,2015-07-24,951.22
store_408,2015-07-25,614.495
store_408,2015-07-26,0.0
store_408,2015-07-27,1072.275
store_408,2015-07-28,990.82
store_408,2015-07-29,988.245
store_408,2015-07-30,992.985
store_408,2015-07-31,1023.09
store_408,2015-08-01,639.49
store_408,2015-08-02,0.0
store_408,2015-08-03,1131.815
store_408,2015-08-04,988.51
store_408,2015-08-05,953.635
store_408,2015-08-06,938.595
store_408,2015-08-07,982.035
store_408,2015-08-08,636.93
store_408,2015-08-09,0.0
store_408,2015-08-10,907.245
store_408,2015-08-11,825.91
store_408,2015-08-12,847.98
store_408,2015-08-13,843.745
store_408,2015-08-14,887.335
store_408,2015-08-15,630.1
store_408,2015-08-16,0.0
store_408,2015-08-17,1115.915
store_408,2015-08-18,1015.68
store_408,2015-08-19,977.4
store_408,2015-08-20,976.5
store_408,2015-08-21,970.02
store_408,2015-08-22,640.375
store_408,2015-08-23,0.0
store_408,2015-08-24,899.045
store_408,2015-08-25,832.69
store_408,2015-08-26,839.85
store_408,2015-08-27,858.845
store_408,2015-08-28,852.975
store_408,2015-08-29,629.38
store_408,2015-08-30,0.0
store_409,2015-07-20,353.875
store_409,2015-07-21,311.165
store_409,2015-07-22,310.48
store_409,2015-07-23,591.775
store_409,2015-07-24,361.57
store_409,2015-07-25,222.605
store_409,2015-07-26,0.0
store_409,2015-07-27,443.53
store_409,2015-07-28,400.89
store_409,2015-07-29,386.05
store_409,2015-07-30,651.77
store_409,2015-07-31,472.705
store_409,2015-08-01,253.81
store_409,2015-08-02,0.0
store_409,2015-08-03,478.34
store_409,2015-08-04,406.385
store_409,2015-08-05,366.68
store_409,2015-08-06,638.085
store_409,2015-08-07,503.005
store_409,2015-08-08,262.995
store_409,2015-08-09,0.0
store_409,2015-08-10,423.745
store_409,2015-08-11,378.735
store_409,2015-08-12,355.31
store_409,2015-08-13,535.35
store_409,2015-08-14,493.745
store_409,2015-08-15,263.845
store_409,2015-08-16,0.0
store_409,2015-08-17,507.95
store_409,2015-08-18,428.78
store_409,2015-08-19,421.135
store_409,2015-08-20,634.165
store_409,2015-08-21,568.57
store_409,2015-08-22,274.14
store_409,2015-08-23,0.0
store_409,2015-08-24,426.71
store_409,2015-08-25,360.215
store_409,2015-08-26,371.53
store_409,2015-08-27,523.515
store_409,2015-08-28,513.48
store_409,2015-08-29,280.895
store_409,2015-08-30,0.0
store_41,2015-07-20,1127.435
store_41,2015-07-21,1025.95
store_41,2015-07-22,1053.935
store_41,2015-07-23,1055.27
store_41,2015-07-24,1039.995
store_41,2015-07-25,1170.615
store_41,2015-07-26,0.0
store_41,2015-07-27,1336.01
store_41,2015-07-28,1240.37
store_41,2015-07-29,1207.425
store_41,2015-07-30,1223.12
store_41,2015-07-31,1161.39
store_41,2015-08-01,1163.455
store_41,2015-08-02,0.0
store_41,2015-08-03,1409.83
store_41,2015-08-04,1255.705
store_41,2015-08-05,1193.975
store_41,2015-08-06,1205.895
store_41,2015-08-07,1193.735
store_41,2015-08-08,1169.295
store_41,2015-08-09,0.0
store_41,2015-08-10,1146.375
store_41,2015-08-11,1065.795
store_41,2015-08-12,1046.46
store_41,2015-08-13,1056.29
store_41,2015-08-14,1062.4
store_41,2015-08-15,1126.49
store_41,2015-08-16,0.0
store_41,2015-08-17,1380.585
store_41,2015-08-18,1282.17
store_41,2015-08-19,1202.665
store_41,2015-08-20,1167.16
store_41,2015-08-21,1131.76
store_41,2015-08-22,1108.87
store_41,2015-08-23,0.0
store_41,2015-08-24,1108.345
store_41,2015-08-25,973.975
store_41,2015-08-26,980.5
store_41,2015-08-27,1005.38
store_41,2015-08-28,1038.795
store_41,2015-08-29,1093.12
store_41,2015-08-30,0.0
store_410,2015-07-20,2128.015
store_410,2015-07-21,2085.11
store_410,2015-07-22,2094.455
store_410,2015-07-23,2106.0
store_410,2015-07-24,2134.885
store_410,2015-07-25,1685.93
store_410,2015-07-26,2416.275
store_410,2015-07-27,2310.44
store_410,2015-07-28,2179.025
store_410,2015-07-29,2193.235
store_410,2015-07-30,2251.14
store_410,2015-07-31,2317.145
store_410,2015-08-01,1749.29
store_410,2015-08-02,2412.785
store_410,2015-08-03,2187.55
store_410,2015-08-04,2165.21
store_410,2015-08-05,2195.72
store_410,2015-08-06,2186.79
store_410,2015-08-07,2189.865
store_410,2015-08-08,1694.385
store_410,2015-08-09,2393.08
store_410,2015-08-10,2261.49
store_410,2015-08-11,2185.715
store_410,2015-08-12,2250.855
store_410,2015-08-13,2230.235
store_410,2015-08-14,2225.99
store_410,2015-08-15,1712.795
store_410,2015-08-16,2404.845
store_410,2015-08-17,2213.755
store_410,2015-08-18,2176.88
store_410,2015-08-19,2215.035
store_410,2015-08-20,2217.58
store_410,2015-08-21,2231.855
store_410,2015-08-22,1695.695
store_410,2015-08-23,2416.575
store_410,2015-08-24,2200.93
store_410,2015-08-25,2210.53
store_410,2015-08-26,2246.19
store_410,2015-08-27,2250.44
store_410,2015-08-28,2257.255
store_410,2015-08-29,1714.285
store_410,2015-08-30,2416.31
store_411,2015-07-20,781.605
store_411,2015-07-21,696.94
store_411,2015-07-22,712.02
store_411,2015-07-23,737.88
store_411,2015-07-24,746.41
store_411,2015-07-25,645.43
store_411,2015-07-26,0.0
store_411,2015-07-27,987.855
store_411,2015-07-28,877.225
store_411,2015-07-29,862.78
store_411,2015-07-30,865.24
store_411,2015-07-31,842.685
store_411,2015-08-01,674.365
store_411,2015-08-02,0.0
store_411,2015-08-03,1068.235
store_411,2015-08-04,877.795
store_411,2015-08-05,842.275
store_411,2015-08-06,834.23
store_411,2015-08-07,810.79
store_411,2015-08-08,704.55
store_411,2015-08-09,0.0
store_411,2015-08-10,780.835
store_411,2015-08-11,718.24
store_411,2015-08-12,718.875
store_411,2015-08-13,729.325
store_411,2015-08-14,755.59
store_411,2015-08-15,708.0
store_411,2015-08-16,0.0
store_411,2015-08-17,1069.175
store_411,2015-08-18,926.86
store_411,2015-08-19,883.75
store_411,2015-08-20,868.995
store_411,2015-08-21,864.465
store_411,2015-08-22,737.785
store_411,2015-08-23,0.0
store_411,2015-08-24,782.035
store_411,2015-08-25,698.585
store_411,2015-08-26,726.395
store_411,2015-08-27,713.65
store_411,2015-08-28,769.965
store_411,2015-08-29,731.785
store_411,2015-08-30,0.0
store_412,2015-07-20,686.71
store_412,2015-07-21,638.405
store_412,2015-07-22,643.99
store_412,2015-07-23,637.56
store_412,2015-07-24,660.28
store_412,2015-07-25,727.215
store_412,2015-07-26,0.0
store_412,2015-07-27,844.22
store_412,2015-07-28,787.655
store_412,2015-07-29,763.12
store_412,2015-07-30,763.34
store_412,2015-07-31,761.72
store_412,2015-08-01,709.825
store_412,2015-08-02,0.0
store_412,2015-08-03,919.145
store_412,2015-08-04,791.26
store_412,2015-08-05,744.69
store_412,2015-08-06,720.69
store_412,2015-08-07,701.945
store_412,2015-08-08,698.685
store_412,2015-08-09,0.0
store_412,2015-08-10,710.32
store_412,2015-08-11,644.635
store_412,2015-08-12,642.34
store_412,2015-08-13,643.12
store_412,2015-08-14,646.735
store_412,2015-08-15,704.17
store_412,2015-08-16,0.0
store_412,2015-08-17,928.83
store_412,2015-08-18,828.725
store_412,2015-08-19,774.885
store_412,2015-08-20,760.24
store_412,2015-08-21,761.59
store_412,2015-08-22,694.355
store_412,2015-08-23,0.0
store_412,2015-08-24,670.68
store_412,2015-08-25,612.445
store_412,2015-08-26,624.425
store_412,2015-08-27,633.5
store_412,2015-08-28,673.36
store_412,2015-08-29,721.365
store_412,2015-08-30,0.0
store_413,2015-07-20,498.315
store_413,2015-07-21,475.32
store_413,2015-07-22,474.725
store_413,2015-07-23,509.595
store_413,2015-07-24,534.185
store_413,2015-07-25,431.945
store_413,2015-07-26,0.0
store_413,2015-07-27,618.92
store_413,2015-07-28,592.145
store_413,2015-07-29,558.675
store_413,2015-07-30,564.645
store_413,2015-07-31,582.135
store_413,2015-08-01,426.94
store_413,2015-08-02,0.0
store_413,2015-08-03,673.51
store_413,2015-08-04,571.82
store_413,2015-08-05,535.74
store_413,2015-08-06,544.725
store_413,2015-08-07,557.89
store_413,2015-08-08,427.865
store_413,2015-08-09,0.0
store_413,2015-08-10,554.075
store_413,2015-08-11,523.6
store_413,2015-08-12,485.605
store_413,2015-08-13,484.0
store_413,2015-08-14,495.95
store_413,2015-08-15,423.63
store_413,2015-08-16,0.0
store_413,2015-08-17,667.345
store_413,2015-08-18,608.8
store_413,2015-08-19,557.995
store_413,2015-08-20,544.105
store_413,2015-08-21,547.79
store_413,2015-08-22,433.85
store_413,2015-08-23,0.0
store_413,2015-08-24,550.28
store_413,2015-08-25,517.47
store_413,2015-08-26,488.545
store_413,2015-08-27,482.2
store_413,2015-08-28,480.735
store_413,2015-08-29,442.55
store_413,2015-08-30,0.0
store_414,2015-07-20,448.76
store_414,2015-07-21,403.395
store_414,2015-07-22,401.49
store_414,2015-07-23,454.605
store_414,2015-07-24,486.935
store_414,2015-07-25,267.53
store_414,2015-07-26,0.0
store_414,2015-07-27,598.76
store_414,2015-07-28,553.065
store_414,2015-07-29,546.8
store_414,2015-07-30,560.515
store_414,2015-07-31,562.275
store_414,2015-08-01,276.31
store_414,2015-08-02,0.0
store_414,2015-08-03,648.615
store_414,2015-08-04,524.795
store_414,2015-08-05,486.9
store_414,2015-08-06,514.515
store_414,2015-08-07,523.84
store_414,2015-08-08,277.825
store_414,2015-08-09,0.0
store_414,2015-08-10,512.965
store_414,2015-08-11,492.295
store_414,2015-08-12,467.73
store_414,2015-08-13,468.365
store_414,2015-08-14,476.92
store_414,2015-08-15,265.16
store_414,2015-08-16,0.0
store_414,2015-08-17,667.785
store_414,2015-08-18,558.475
store_414,2015-08-19,516.165
store_414,2015-08-20,533.1
store_414,2015-08-21,541.36
store_414,2015-08-22,277.47
store_414,2015-08-23,0.0
store_414,2015-08-24,490.34
store_414,2015-08-25,467.835
store_414,2015-08-26,452.415
store_414,2015-08-27,469.16
store_414,2015-08-28,475.225
store_414,2015-08-29,258.125
store_414,2015-08-30,0.0
store_415,2015-07-20,647.565
store_415,2015-07-21,591.085
store_415,2015-07-22,590.705
store_415,2015-07-23,630.565
store_415,2015-07-24,638.345
store_415,2015-07-25,640.18
store_415,2015-07-26,0.0
store_415,2015-07-27,880.59
store_415,2015-07-28,768.835
store_415,2015-07-29,757.255
store_415,2015-07-30,752.945
store_415,2015-07-31,747.95
store_415,2015-08-01,672.575
store_415,2015-08-02,0.0
store_415,2015-08-03,913.235
store_415,2015-08-04,749.315
store_415,2015-08-05,690.72
store_415,2015-08-06,700.435
store_415,2015-08-07,702.905
store_415,2015-08-08,654.98
store_415,2015-08-09,0.0
store_415,2015-08-10,644.055
store_415,2015-08-11,606.8
store_415,2015-08-12,573.51
store_415,2015-08-13,588.255
store_415,2015-08-14,648.54
store_415,2015-08-15,674.62
store_415,2015-08-16,0.0
store_415,2015-08-17,905.575
store_415,2015-08-18,770.765
store_415,2015-08-19,714.03
store_415,2015-08-20,708.565
store_415,2015-08-21,719.21
store_415,2015-08-22,680.375
store_415,2015-08-23,0.0
store_415,2015-08-24,637.455
store_415,2015-08-25,572.53
store_415,2015-08-26,582.475
store_415,2015-08-27,592.595
store_415,2015-08-28,633.34
store_415,2015-08-29,670.17
store_415,2015-08-30,0.0
store_416,2015-07-20,641.425
store_416,2015-07-21,599.93
store_416,2015-07-22,616.775
store_416,2015-07-23,621.925
store_416,2015-07-24,665.79
store_416,2015-07-25,517.0
store_416,2015-07-26,0.0
store_416,2015-07-27,888.78
store_416,2015-07-28,760.89
store_416,2015-07-29,745.5
store_416,2015-07-30,762.24
store_416,2015-07-31,789.3
store_416,2015-08-01,540.46
store_416,2015-08-02,0.0
store_416,2015-08-03,930.45
store_416,2015-08-04,772.205
store_416,2015-08-05,728.225
store_416,2015-08-06,716.16
store_416,2015-08-07,744.75
store_416,2015-08-08,533.725
store_416,2015-08-09,0.0
store_416,2015-08-10,667.595
store_416,2015-08-11,626.03
store_416,2015-08-12,615.43
store_416,2015-08-13,635.2
store_416,2015-08-14,673.08
store_416,2015-08-15,540.75
store_416,2015-08-16,0.0
store_416,2015-08-17,918.82
store_416,2015-08-18,759.92
store_416,2015-08-19,735.0
store_416,2015-08-20,760.355
store_416,2015-08-21,765.62
store_416,2015-08-22,544.97
store_416,2015-08-23,0.0
store_416,2015-08-24,650.885
store_416,2015-08-25,578.8
store_416,2015-08-26,592.615
store_416,2015-08-27,630.985
store_416,2015-08-28,666.13
store_416,2015-08-29,544.98
store_416,2015-08-30,0.0
store_417,2015-07-20,672.7
store_417,2015-07-21,615.11
store_417,2015-07-22,665.23
store_417,2015-07-23,678.385
store_417,2015-07-24,655.615
store_417,2015-07-25,594.795
store_417,2015-07-26,0.0
store_417,2015-07-27,899.345
store_417,2015-07-28,853.88
store_417,2015-07-29,851.595
store_417,2015-07-30,825.655
store_417,2015-07-31,760.375
store_417,2015-08-01,631.53
store_417,2015-08-02,0.0
store_417,2015-08-03,976.46
store_417,2015-08-04,815.16
store_417,2015-08-05,772.145
store_417,2015-08-06,767.085
store_417,2015-08-07,742.62
store_417,2015-08-08,605.88
store_417,2015-08-09,0.0
store_417,2015-08-10,766.185
store_417,2015-08-11,713.76
store_417,2015-08-12,672.075
store_417,2015-08-13,659.085
store_417,2015-08-14,664.135
store_417,2015-08-15,614.375
store_417,2015-08-16,0.0
store_417,2015-08-17,1018.29
store_417,2015-08-18,887.095
store_417,2015-08-19,813.395
store_417,2015-08-20,796.965
store_417,2015-08-21,771.025
store_417,2015-08-22,640.56
store_417,2015-08-23,0.0
store_417,2015-08-24,756.595
store_417,2015-08-25,691.73
store_417,2015-08-26,680.98
store_417,2015-08-27,675.08
store_417,2015-08-28,701.28
store_417,2015-08-29,626.57
store_417,2015-08-30,0.0
store_418,2015-07-20,544.81
store_418,2015-07-21,476.755
store_418,2015-07-22,456.18
store_418,2015-07-23,486.425
store_418,2015-07-24,524.72
store_418,2015-07-25,567.23
store_418,2015-07-26,0.0
store_418,2015-07-27,756.235
store_418,2015-07-28,636.09
store_418,2015-07-29,619.875
store_418,2015-07-30,648.495
store_418,2015-07-31,629.26
store_418,2015-08-01,610.9
store_418,2015-08-02,0.0
store_418,2015-08-03,780.265
store_418,2015-08-04,618.175
store_418,2015-08-05,572.225
store_418,2015-08-06,569.945
store_418,2015-08-07,565.75
store_418,2015-08-08,567.655
store_418,2015-08-09,0.0
store_418,2015-08-10,579.035
store_418,2015-08-11,518.575
store_418,2015-08-12,523.635
store_418,2015-08-13,531.02
store_418,2015-08-14,543.395
store_418,2015-08-15,579.935
store_418,2015-08-16,0.0
store_418,2015-08-17,775.45
store_418,2015-08-18,625.455
store_418,2015-08-19,602.935
store_418,2015-08-20,609.28
store_418,2015-08-21,614.615
store_418,2015-08-22,572.78
store_418,2015-08-23,0.0
store_418,2015-08-24,617.87
store_418,2015-08-25,536.405
store_418,2015-08-26,529.735
store_418,2015-08-27,547.02
store_418,2015-08-28,569.05
store_418,2015-08-29,574.545
store_418,2015-08-30,0.0
store_419,2015-07-20,796.22
store_419,2015-07-21,695.68
store_419,2015-07-22,643.315
store_419,2015-07-23,659.07
store_419,2015-07-24,624.24
store_419,2015-07-25,419.995
store_419,2015-07-26,0.0
store_419,2015-07-27,876.61
store_419,2015-07-28,863.355
store_419,2015-07-29,793.58
store_419,2015-07-30,813.18
store_419,2015-07-31,730.64
store_419,2015-08-01,432.555
store_419,2015-08-02,0.0
store_419,2015-08-03,939.755
store_419,2015-08-04,860.19
store_419,2015-08-05,788.085
store_419,2015-08-06,750.275
store_419,2015-08-07,712.545
store_419,2015-08-08,423.625
store_419,2015-08-09,0.0
store_419,2015-08-10,709.825
store_419,2015-08-11,672.97
store_419,2015-08-12,656.765
store_419,2015-08-13,644.12
store_419,2015-08-14,636.3
store_419,2015-08-15,441.7
store_419,2015-08-16,0.0
store_419,2015-08-17,930.65
store_419,2015-08-18,849.835
store_419,2015-08-19,784.45
store_419,2015-08-20,769.795
store_419,2015-08-21,744.945
store_419,2015-08-22,445.84
store_419,2015-08-23,0.0
store_419,2015-08-24,720.215
store_419,2015-08-25,633.62
store_419,2015-08-26,631.24
store_419,2015-08-27,644.3
store_419,2015-08-28,651.525
store_419,2015-08-29,456.815
store_419,2015-08-30,0.0
store_42,2015-07-20,1123.59
store_42,2015-07-21,1035.915
store_42,2015-07-22,1053.225
store_42,2015-07-23,1113.63
store_42,2015-07-24,1117.73
store_42,2015-07-25,1044.45
store_42,2015-07-26,0.0
store_42,2015-07-27,1326.03
store_42,2015-07-28,1231.77
store_42,2015-07-29,1174.735
store_42,2015-07-30,1244.58
store_42,2015-07-31,1204.825
store_42,2015-08-01,1041.71
store_42,2015-08-02,0.0
store_42,2015-08-03,1423.705
store_42,2015-08-04,1258.24
store_42,2015-08-05,1182.74
store_42,2015-08-06,1172.35
store_42,2015-08-07,1163.015
store_42,2015-08-08,1058.31
store_42,2015-08-09,0.0
store_42,2015-08-10,1155.12
store_42,2015-08-11,1088.25
store_42,2015-08-12,1058.575
store_42,2015-08-13,1072.7
store_42,2015-08-14,1084.86
store_42,2015-08-15,1039.895
store_42,2015-08-16,0.0
store_42,2015-08-17,1357.8
store_42,2015-08-18,1257.08
store_42,2015-08-19,1195.545
store_42,2015-08-20,1171.22
store_42,2015-08-21,1186.48
store_42,2015-08-22,1040.605
store_42,2015-08-23,0.0
store_42,2015-08-24,1117.05
store_42,2015-08-25,1044.07
store_42,2015-08-26,1011.25
store_42,2015-08-27,1044.67
store_42,2015-08-28,1086.31
store_42,2015-08-29,1048.335
store_42,2015-08-30,0.0
store_420,2015-07-20,414.135
store_420,2015-07-21,384.1
store_420,2015-07-22,403.75
store_420,2015-07-23,409.885
store_420,2015-07-24,418.695
store_420,2015-07-25,370.175
store_420,2015-07-26,0.0
store_420,2015-07-27,696.61
store_420,2015-07-28,575.385
store_420,2015-07-29,543.045
store_420,2015-07-30,519.065
store_420,2015-07-31,516.4
store_420,2015-08-01,369.16
store_420,2015-08-02,0.0
store_420,2015-08-03,738.775
store_420,2015-08-04,581.295
store_420,2015-08-05,522.16
store_420,2015-08-06,512.215
store_420,2015-08-07,491.685
store_420,2015-08-08,360.82
store_420,2015-08-09,0.0
store_420,2015-08-10,439.085
store_420,2015-08-11,426.745
store_420,2015-08-12,434.45
store_420,2015-08-13,452.415
store_420,2015-08-14,456.89
store_420,2015-08-15,363.51
store_420,2015-08-16,0.0
store_420,2015-08-17,704.36
store_420,2015-08-18,581.21
store_420,2015-08-19,561.99
store_420,2015-08-20,537.02
store_420,2015-08-21,538.57
store_420,2015-08-22,371.755
store_420,2015-08-23,0.0
store_420,2015-08-24,428.6
store_420,2015-08-25,391.945
store_420,2015-08-26,415.415
store_420,2015-08-27,440.335
store_420,2015-08-28,480.445
store_420,2015-08-29,363.095
store_420,2015-08-30,0.0
store_421,2015-07-20,431.47
store_421,2015-07-21,413.89
store_421,2015-07-22,402.86
store_421,2015-07-23,455.95
store_421,2015-07-24,443.03
store_421,2015-07-25,252.22
store_421,2015-07-26,0.0
store_421,2015-07-27,695.91
store_421,2015-07-28,577.795
store_421,2015-07-29,564.635
store_421,2015-07-30,560.815
store_421,2015-07-31,531.875
store_421,2015-08-01,263.535
store_421,2015-08-02,0.0
store_421,2015-08-03,717.66
store_421,2015-08-04,568.315
store_421,2015-08-05,510.59
store_421,2015-08-06,527.505
store_421,2015-08-07,505.49
store_421,2015-08-08,269.29
store_421,2015-08-09,0.0
store_421,2015-08-10,521.82
store_421,2015-08-11,491.19
store_421,2015-08-12,471.39
store_421,2015-08-13,466.945
store_421,2015-08-14,474.985
store_421,2015-08-15,259.885
store_421,2015-08-16,0.0
store_421,2015-08-17,752.815
store_421,2015-08-18,638.9
store_421,2015-08-19,581.59
store_421,2015-08-20,558.495
store_421,2015-08-21,552.94
store_421,2015-08-22,283.425
store_421,2015-08-23,0.0
store_421,2015-08-24,501.64
store_421,2015-08-25,459.965
store_421,2015-08-26,457.235
store_421,2015-08-27,472.035
store_421,2015-08-28,469.25
store_421,2015-08-29,275.405
store_421,2015-08-30,0.0
store_422,2015-07-20,937.8
store_422,2015-07-21,915.185
store_422,2015-07-22,895.695
store_422,2015-07-23,903.24
store_422,2015-07-24,926.765
store_422,2015-07-25,819.89
store_422,2015-07-26,0.0
store_422,2015-07-27,1209.985
store_422,2015-07-28,1150.61
store_422,2015-07-29,1122.175
store_422,2015-07-30,1150.595
store_422,2015-07-31,1088.185
store_422,2015-08-01,812.76
store_422,2015-08-02,0.0
store_422,2015-08-03,1250.04
store_422,2015-08-04,1113.08
store_422,2015-08-05,1038.65
store_422,2015-08-06,1055.075
store_422,2015-08-07,1010.735
store_422,2015-08-08,834.11
store_422,2015-08-09,0.0
store_422,2015-08-10,1042.135
store_422,2015-08-11,983.28
store_422,2015-08-12,947.28
store_422,2015-08-13,946.47
store_422,2015-08-14,969.03
store_422,2015-08-15,840.565
store_422,2015-08-16,0.0
store_422,2015-08-17,1222.08
store_422,2015-08-18,1121.69
store_422,2015-08-19,1063.445
store_422,2015-08-20,1085.6
store_422,2015-08-21,1099.25
store_422,2015-08-22,838.225
store_422,2015-08-23,0.0
store_422,2015-08-24,999.96
store_422,2015-08-25,919.31
store_422,2015-08-26,885.56
store_422,2015-08-27,921.765
store_422,2015-08-28,970.045
store_422,2015-08-29,826.15
store_422,2015-08-30,0.0
store_423,2015-07-20,887.29
store_423,2015-07-21,773.525
store_423,2015-07-22,828.77
store_423,2015-07-23,854.055
store_423,2015-07-24,908.435
store_423,2015-07-25,909.505
store_423,2015-07-26,0.0
store_423,2015-07-27,1139.47
store_423,2015-07-28,986.49
store_423,2015-07-29,988.84
store_423,2015-07-30,1036.515
store_423,2015-07-31,1040.595
store_423,2015-08-01,927.47
store_423,2015-08-02,0.0
store_423,2015-08-03,1254.19
store_423,2015-08-04,1015.47
store_423,2015-08-05,962.09
store_423,2015-08-06,956.855
store_423,2015-08-07,978.41
store_423,2015-08-08,930.665
store_423,2015-08-09,0.0
store_423,2015-08-10,946.865
store_423,2015-08-11,850.81
store_423,2015-08-12,844.96
store_423,2015-08-13,845.89
store_423,2015-08-14,875.83
store_423,2015-08-15,904.355
store_423,2015-08-16,0.0
store_423,2015-08-17,1233.4
store_423,2015-08-18,1052.145
store_423,2015-08-19,977.625
store_423,2015-08-20,1029.42
store_423,2015-08-21,1012.595
store_423,2015-08-22,916.155
store_423,2015-08-23,0.0
store_423,2015-08-24,963.115
store_423,2015-08-25,831.57
store_423,2015-08-26,838.29
store_423,2015-08-27,891.105
store_423,2015-08-28,923.77
store_423,2015-08-29,892.49
store_423,2015-08-30,0.0
store_424,2015-07-20,812.31
store_424,2015-07-21,759.895
store_424,2015-07-22,795.27
store_424,2015-07-23,817.61
store_424,2015-07-24,847.15
store_424,2015-07-25,839.18
store_424,2015-07-26,0.0
store_424,2015-07-27,1012.295
store_424,2015-07-28,941.47
store_424,2015-07-29,946.935
store_424,2015-07-30,968.125
store_424,2015-07-31,944.9
store_424,2015-08-01,826.835
store_424,2015-08-02,0.0
store_424,2015-08-03,1084.945
store_424,2015-08-04,973.935
store_424,2015-08-05,897.83
store_424,2015-08-06,890.675
store_424,2015-08-07,902.585
store_424,2015-08-08,832.785
store_424,2015-08-09,0.0
store_424,2015-08-10,881.175
store_424,2015-08-11,812.545
store_424,2015-08-12,745.7
store_424,2015-08-13,775.135
store_424,2015-08-14,789.835
store_424,2015-08-15,800.715
store_424,2015-08-16,0.0
store_424,2015-08-17,1119.69
store_424,2015-08-18,1015.75
store_424,2015-08-19,948.935
store_424,2015-08-20,943.325
store_424,2015-08-21,929.865
store_424,2015-08-22,816.305
store_424,2015-08-23,0.0
store_424,2015-08-24,875.715
store_424,2015-08-25,763.475
store_424,2015-08-26,741.115
store_424,2015-08-27,773.71
store_424,2015-08-28,793.3
store_424,2015-08-29,796.85
store_424,2015-08-30,0.0
store_425,2015-07-20,543.46
store_425,2015-07-21,522.38
store_425,2015-07-22,523.705
store_425,2015-07-23,545.075
store_425,2015-07-24,543.145
store_425,2015-07-25,311.045
store_425,2015-07-26,0.0
store_425,2015-07-27,642.29
store_425,2015-07-28,588.685
store_425,2015-07-29,566.39
store_425,2015-07-30,628.345
store_425,2015-07-31,628.105
store_425,2015-08-01,306.765
store_425,2015-08-02,0.0
store_425,2015-08-03,656.045
store_425,2015-08-04,607.205
store_425,2015-08-05,547.74
store_425,2015-08-06,568.15
store_425,2015-08-07,564.015
store_425,2015-08-08,302.52
store_425,2015-08-09,0.0
store_425,2015-08-10,519.145
store_425,2015-08-11,500.245
store_425,2015-08-12,485.22
store_425,2015-08-13,494.865
store_425,2015-08-14,504.27
store_425,2015-08-15,291.545
store_425,2015-08-16,0.0
store_425,2015-08-17,660.75
store_425,2015-08-18,592.15
store_425,2015-08-19,549.635
store_425,2015-08-20,549.845
store_425,2015-08-21,553.655
store_425,2015-08-22,301.145
store_425,2015-08-23,0.0
store_425,2015-08-24,501.37
store_425,2015-08-25,469.41
store_425,2015-08-26,458.125
store_425,2015-08-27,488.55
store_425,2015-08-28,491.49
store_425,2015-08-29,286.09
store_425,2015-08-30,0.0
store_426,2015-07-20,325.985
store_426,2015-07-21,306.94
store_426,2015-07-22,306.74
store_426,2015-07-23,318.035
store_426,2015-07-24,315.285
store_426,2015-07-25,233.285
store_426,2015-07-26,0.0
store_426,2015-07-27,434.05
store_426,2015-07-28,406.23
store_426,2015-07-29,377.285
store_426,2015-07-30,370.035
store_426,2015-07-31,376.715
store_426,2015-08-01,233.125
store_426,2015-08-02,0.0
store_426,2015-08-03,467.435
store_426,2015-08-04,403.46
store_426,2015-08-05,363.91
store_426,2015-08-06,376.19
store_426,2015-08-07,379.04
store_426,2015-08-08,234.525
store_426,2015-08-09,0.0
store_426,2015-08-10,375.675
store_426,2015-08-11,335.22
store_426,2015-08-12,338.24
store_426,2015-08-13,347.805
store_426,2015-08-14,354.045
store_426,2015-08-15,230.805
store_426,2015-08-16,0.0
store_426,2015-08-17,457.565
store_426,2015-08-18,399.675
store_426,2015-08-19,373.64
store_426,2015-08-20,389.28
store_426,2015-08-21,392.84
store_426,2015-08-22,236.33
store_426,2015-08-23,0.0
store_426,2015-08-24,355.94
store_426,2015-08-25,310.65
store_426,2015-08-26,311.745
store_426,2015-08-27,330.38
store_426,2015-08-28,328.08
store_426,2015-08-29,232.42
store_426,2015-08-30,0.0
store_427,2015-07-20,874.97
store_427,2015-07-21,805.365
store_427,2015-07-22,777.04
store_427,2015-07-23,825.445
store_427,2015-07-24,837.935
store_427,2015-07-25,536.675
store_427,2015-07-26,0.0
store_427,2015-07-27,1067.51
store_427,2015-07-28,973.64
store_427,2015-07-29,950.36
store_427,2015-07-30,981.78
store_427,2015-07-31,968.575
store_427,2015-08-01,593.705
store_427,2015-08-02,0.0
store_427,2015-08-03,1107.495
store_427,2015-08-04,954.715
store_427,2015-08-05,889.675
store_427,2015-08-06,903.345
store_427,2015-08-07,904.64
store_427,2015-08-08,572.135
store_427,2015-08-09,0.0
store_427,2015-08-10,865.815
store_427,2015-08-11,813.365
store_427,2015-08-12,771.735
store_427,2015-08-13,792.405
store_427,2015-08-14,826.595
store_427,2015-08-15,560.905
store_427,2015-08-16,0.0
store_427,2015-08-17,1137.565
store_427,2015-08-18,995.635
store_427,2015-08-19,930.985
store_427,2015-08-20,926.87
store_427,2015-08-21,931.71
store_427,2015-08-22,577.975
store_427,2015-08-23,0.0
store_427,2015-08-24,905.85
store_427,2015-08-25,836.515
store_427,2015-08-26,808.14
store_427,2015-08-27,811.67
store_427,2015-08-28,851.905
store_427,2015-08-29,582.56
store_427,2015-08-30,0.0
store_428,2015-07-20,778.375
store_428,2015-07-21,819.03
store_428,2015-07-22,760.14
store_428,2015-07-23,790.045
store_428,2015-07-24,833.12
store_428,2015-07-25,543.28
store_428,2015-07-26,0.0
store_428,2015-07-27,936.765
store_428,2015-07-28,927.8
store_428,2015-07-29,885.01
store_428,2015-07-30,934.595
store_428,2015-07-31,940.48
store_428,2015-08-01,558.705
store_428,2015-08-02,0.0
store_428,2015-08-03,1000.96
store_428,2015-08-04,904.46
store_428,2015-08-05,860.505
store_428,2015-08-06,869.375
store_428,2015-08-07,886.745
store_428,2015-08-08,580.835
store_428,2015-08-09,0.0
store_428,2015-08-10,783.71
store_428,2015-08-11,746.55
store_428,2015-08-12,734.82
store_428,2015-08-13,789.705
store_428,2015-08-14,817.795
store_428,2015-08-15,567.25
store_428,2015-08-16,0.0
store_428,2015-08-17,1027.015
store_428,2015-08-18,921.475
store_428,2015-08-19,858.535
store_428,2015-08-20,870.365
store_428,2015-08-21,882.405
store_428,2015-08-22,582.09
store_428,2015-08-23,0.0
store_428,2015-08-24,804.14
store_428,2015-08-25,718.265
store_428,2015-08-26,703.275
store_428,2015-08-27,754.97
store_428,2015-08-28,787.645
store_428,2015-08-29,566.14
store_428,2015-08-30,0.0
store_429,2015-07-20,1038.72
store_429,2015-07-21,933.145
store_429,2015-07-22,1040.045
store_429,2015-07-23,1019.78
store_429,2015-07-24,967.4
store_429,2015-07-25,1040.525
store_429,2015-07-26,0.0
store_429,2015-07-27,1246.49
store_429,2015-07-28,1196.52
store_429,2015-07-29,1278.745
store_429,2015-07-30,1232.59
store_429,2015-07-31,1178.225
store_429,2015-08-01,1036.805
store_429,2015-08-02,0.0
store_429,2015-08-03,1411.295
store_429,2015-08-04,1235.585
store_429,2015-08-05,1181.48
store_429,2015-08-06,1175.52
store_429,2015-08-07,1147.815
store_429,2015-08-08,1047.11
store_429,2015-08-09,0.0
store_429,2015-08-10,1180.395
store_429,2015-08-11,1090.53
store_429,2015-08-12,1040.95
store_429,2015-08-13,1027.51
store_429,2015-08-14,1031.235
store_429,2015-08-15,1035.93
store_429,2015-08-16,0.0
store_429,2015-08-17,1337.325
store_429,2015-08-18,1232.225
store_429,2015-08-19,1185.935
store_429,2015-08-20,1164.675
store_429,2015-08-21,1133.22
store_429,2015-08-22,1030.115
store_429,2015-08-23,0.0
store_429,2015-08-24,1099.02
store_429,2015-08-25,1013.41
store_429,2015-08-26,996.28
store_429,2015-08-27,1011.34
store_429,2015-08-28,1050.52
store_429,2015-08-29,1048.82
store_429,2015-08-30,0.0
store_43,2015-07-20,669.08
store_43,2015-07-21,572.425
store_43,2015-07-22,565.17
store_43,2015-07-23,591.61
store_43,2015-07-24,609.01
store_43,2015-07-25,561.845
store_43,2015-07-26,0.0
store_43,2015-07-27,829.675
store_43,2015-07-28,712.435
store_43,2015-07-29,695.135
store_43,2015-07-30,703.445
store_43,2015-07-31,690.445
store_43,2015-08-01,607.16
store_43,2015-08-02,0.0
store_43,2015-08-03,867.61
store_43,2015-08-04,718.4
store_43,2015-08-05,680.14
store_43,2015-08-06,668.62
store_43,2015-08-07,656.02
store_43,2015-08-08,602.115
store_43,2015-08-09,0.0
store_43,2015-08-10,641.65
store_43,2015-08-11,584.13
store_43,2015-08-12,592.44
store_43,2015-08-13,606.575
store_43,2015-08-14,633.66
store_43,2015-08-15,605.845
store_43,2015-08-16,0.0
store_43,2015-08-17,858.98
store_43,2015-08-18,729.575
store_43,2015-08-19,714.24
store_43,2015-08-20,718.215
store_43,2015-08-21,699.67
store_43,2015-08-22,627.18
store_43,2015-08-23,0.0
store_43,2015-08-24,681.985
store_43,2015-08-25,599.305
store_43,2015-08-26,589.005
store_43,2015-08-27,618.08
store_43,2015-08-28,648.75
store_43,2015-08-29,612.74
store_43,2015-08-30,0.0
store_430,2015-07-20,327.06
store_430,2015-07-21,303.305
store_430,2015-07-22,315.48
store_430,2015-07-23,307.58
store_430,2015-07-24,364.175
store_430,2015-07-25,381.19
store_430,2015-07-26,0.0
store_430,2015-07-27,425.685
store_430,2015-07-28,357.045
store_430,2015-07-29,357.175
store_430,2015-07-30,364.075
store_430,2015-07-31,402.965
store_430,2015-08-01,387.875
store_430,2015-08-02,0.0
store_430,2015-08-03,444.05
store_430,2015-08-04,382.075
store_430,2015-08-05,366.02
store_430,2015-08-06,367.395
store_430,2015-08-07,392.595
store_430,2015-08-08,399.26
store_430,2015-08-09,0.0
store_430,2015-08-10,336.96
store_430,2015-08-11,305.655
store_430,2015-08-12,307.855
store_430,2015-08-13,318.465
store_430,2015-08-14,372.85
store_430,2015-08-15,395.045
store_430,2015-08-16,0.0
store_430,2015-08-17,433.2
store_430,2015-08-18,376.62
store_430,2015-08-19,366.94
store_430,2015-08-20,375.52
store_430,2015-08-21,405.48
store_430,2015-08-22,412.995
store_430,2015-08-23,0.0
store_430,2015-08-24,339.075
store_430,2015-08-25,295.44
store_430,2015-08-26,303.565
store_430,2015-08-27,318.09
store_430,2015-08-28,380.67
store_430,2015-08-29,412.485
store_430,2015-08-30,0.0
store_431,2015-07-20,501.285
store_431,2015-07-21,453.585
store_431,2015-07-22,450.03
store_431,2015-07-23,456.835
store_431,2015-07-24,459.63
store_431,2015-07-25,410.29
store_431,2015-07-26,0.0
store_431,2015-07-27,752.91
store_431,2015-07-28,634.525
store_431,2015-07-29,612.36
store_431,2015-07-30,608.8
store_431,2015-07-31,584.73
store_431,2015-08-01,415.845
store_431,2015-08-02,0.0
store_431,2015-08-03,817.33
store_431,2015-08-04,638.52
store_431,2015-08-05,582.51
store_431,2015-08-06,570.195
store_431,2015-08-07,554.255
store_431,2015-08-08,430.08
store_431,2015-08-09,0.0
store_431,2015-08-10,569.425
store_431,2015-08-11,525.25
store_431,2015-08-12,528.495
store_431,2015-08-13,536.36
store_431,2015-08-14,533.795
store_431,2015-08-15,428.04
store_431,2015-08-16,0.0
store_431,2015-08-17,786.905
store_431,2015-08-18,670.695
store_431,2015-08-19,635.8
store_431,2015-08-20,611.035
store_431,2015-08-21,588.265
store_431,2015-08-22,441.97
store_431,2015-08-23,0.0
store_431,2015-08-24,553.63
store_431,2015-08-25,484.78
store_431,2015-08-26,505.295
store_431,2015-08-27,529.955
store_431,2015-08-28,551.005
store_431,2015-08-29,436.22
store_431,2015-08-30,0.0
store_432,2015-07-20,807.17
store_432,2015-07-21,742.855
store_432,2015-07-22,750.56
store_432,2015-07-23,746.18
store_432,2015-07-24,769.29
store_432,2015-07-25,595.35
store_432,2015-07-26,0.0
store_432,2015-07-27,998.39
store_432,2015-07-28,913.375
store_432,2015-07-29,913.535
store_432,2015-07-30,913.22
store_432,2015-07-31,922.09
store_432,2015-08-01,628.11
store_432,2015-08-02,0.0
store_432,2015-08-03,1043.11
store_432,2015-08-04,917.285
store_432,2015-08-05,875.76
store_432,2015-08-06,850.605
store_432,2015-08-07,830.175
store_432,2015-08-08,595.375
store_432,2015-08-09,0.0
store_432,2015-08-10,809.84
store_432,2015-08-11,766.865
store_432,2015-08-12,738.775
store_432,2015-08-13,744.485
store_432,2015-08-14,762.23
store_432,2015-08-15,599.965
store_432,2015-08-16,0.0
store_432,2015-08-17,1072.375
store_432,2015-08-18,960.235
store_432,2015-08-19,914.085
store_432,2015-08-20,892.63
store_432,2015-08-21,891.865
store_432,2015-08-22,594.525
store_432,2015-08-23,0.0
store_432,2015-08-24,797.505
store_432,2015-08-25,728.24
store_432,2015-08-26,727.675
store_432,2015-08-27,745.97
store_432,2015-08-28,764.305
store_432,2015-08-29,585.605
store_432,2015-08-30,0.0
store_433,2015-07-20,648.58
store_433,2015-07-21,596.645
store_433,2015-07-22,628.88
store_433,2015-07-23,620.455
store_433,2015-07-24,640.155
store_433,2015-07-25,621.79
store_433,2015-07-26,0.0
store_433,2015-07-27,865.66
store_433,2015-07-28,742.145
store_433,2015-07-29,749.395
store_433,2015-07-30,749.63
store_433,2015-07-31,751.125
store_433,2015-08-01,651.92
store_433,2015-08-02,0.0
store_433,2015-08-03,906.89
store_433,2015-08-04,757.25
store_433,2015-08-05,727.68
store_433,2015-08-06,724.745
store_433,2015-08-07,693.4
store_433,2015-08-08,644.98
store_433,2015-08-09,0.0
store_433,2015-08-10,711.925
store_433,2015-08-11,650.87
store_433,2015-08-12,624.935
store_433,2015-08-13,643.28
store_433,2015-08-14,655.835
store_433,2015-08-15,641.515
store_433,2015-08-16,0.0
store_433,2015-08-17,914.81
store_433,2015-08-18,795.945
store_433,2015-08-19,772.4
store_433,2015-08-20,758.595
store_433,2015-08-21,751.645
store_433,2015-08-22,662.715
store_433,2015-08-23,0.0
store_433,2015-08-24,706.57
store_433,2015-08-25,626.51
store_433,2015-08-26,619.675
store_433,2015-08-27,633.83
store_433,2015-08-28,654.085
store_433,2015-08-29,640.655
store_433,2015-08-30,0.0
store_434,2015-07-20,691.845
store_434,2015-07-21,622.18
store_434,2015-07-22,613.955
store_434,2015-07-23,652.69
store_434,2015-07-24,718.885
store_434,2015-07-25,736.585
store_434,2015-07-26,0.0
store_434,2015-07-27,806.895
store_434,2015-07-28,723.145
store_434,2015-07-29,724.26
store_434,2015-07-30,742.695
store_434,2015-07-31,807.81
store_434,2015-08-01,745.365
store_434,2015-08-02,0.0
store_434,2015-08-03,881.61
store_434,2015-08-04,754.855
store_434,2015-08-05,710.005
store_434,2015-08-06,707.7
store_434,2015-08-07,746.075
store_434,2015-08-08,755.945
store_434,2015-08-09,0.0
store_434,2015-08-10,780.345
store_434,2015-08-11,698.075
store_434,2015-08-12,649.335
store_434,2015-08-13,652.515
store_434,2015-08-14,677.855
store_434,2015-08-15,713.87
store_434,2015-08-16,0.0
store_434,2015-08-17,875.545
store_434,2015-08-18,789.78
store_434,2015-08-19,749.21
store_434,2015-08-20,750.09
store_434,2015-08-21,777.765
store_434,2015-08-22,730.23
store_434,2015-08-23,0.0
store_434,2015-08-24,736.135
store_434,2015-08-25,648.975
store_434,2015-08-26,635.415
store_434,2015-08-27,650.785
store_434,2015-08-28,672.85
store_434,2015-08-29,727.685
store_434,2015-08-30,0.0
store_435,2015-07-20,1048.125
store_435,2015-07-21,1005.54
store_435,2015-07-22,1011.68
store_435,2015-07-23,1037.27
store_435,2015-07-24,1058.28
store_435,2015-07-25,1114.265
store_435,2015-07-26,0.0
store_435,2015-07-27,1366.69
store_435,2015-07-28,1267.84
store_435,2015-07-29,1246.105
store_435,2015-07-30,1295.085
store_435,2015-07-31,1243.09
store_435,2015-08-01,1103.47
store_435,2015-08-02,0.0
store_435,2015-08-03,1481.33
store_435,2015-08-04,1295.97
store_435,2015-08-05,1210.37
store_435,2015-08-06,1199.405
store_435,2015-08-07,1182.535
store_435,2015-08-08,1085.965
store_435,2015-08-09,0.0
store_435,2015-08-10,1140.27
store_435,2015-08-11,1071.61
store_435,2015-08-12,1038.47
store_435,2015-08-13,1056.64
store_435,2015-08-14,1067.575
store_435,2015-08-15,1110.72
store_435,2015-08-16,0.0
store_435,2015-08-17,1410.605
store_435,2015-08-18,1292.13
store_435,2015-08-19,1239.355
store_435,2015-08-20,1233.57
store_435,2015-08-21,1145.78
store_435,2015-08-22,1105.915
store_435,2015-08-23,0.0
store_435,2015-08-24,1019.5
store_435,2015-08-25,968.435
store_435,2015-08-26,980.205
store_435,2015-08-27,995.715
store_435,2015-08-28,1048.195
store_435,2015-08-29,1104.63
store_435,2015-08-30,0.0
store_436,2015-07-20,634.605
store_436,2015-07-21,551.765
store_436,2015-07-22,549.65
store_436,2015-07-23,566.545
store_436,2015-07-24,578.375
store_436,2015-07-25,646.3
store_436,2015-07-26,0.0
store_436,2015-07-27,800.145
store_436,2015-07-28,693.095
store_436,2015-07-29,679.36
store_436,2015-07-30,689.015
store_436,2015-07-31,688.385
store_436,2015-08-01,659.845
store_436,2015-08-02,0.0
store_436,2015-08-03,856.3
store_436,2015-08-04,694.59
store_436,2015-08-05,649.4
store_436,2015-08-06,646.85
store_436,2015-08-07,638.32
store_436,2015-08-08,641.84
store_436,2015-08-09,0.0
store_436,2015-08-10,616.675
store_436,2015-08-11,564.495
store_436,2015-08-12,561.075
store_436,2015-08-13,588.2
store_436,2015-08-14,600.785
store_436,2015-08-15,645.865
store_436,2015-08-16,0.0
store_436,2015-08-17,850.015
store_436,2015-08-18,735.26
store_436,2015-08-19,693.12
store_436,2015-08-20,687.55
store_436,2015-08-21,694.31
store_436,2015-08-22,634.205
store_436,2015-08-23,0.0
store_436,2015-08-24,621.92
store_436,2015-08-25,583.045
store_436,2015-08-26,574.715
store_436,2015-08-27,593.185
store_436,2015-08-28,620.6
store_436,2015-08-29,616.805
store_436,2015-08-30,0.0
store_437,2015-07-20,572.395
store_437,2015-07-21,541.94
store_437,2015-07-22,549.27
store_437,2015-07-23,597.79
store_437,2015-07-24,633.495
store_437,2015-07-25,508.05
store_437,2015-07-26,0.0
store_437,2015-07-27,749.005
store_437,2015-07-28,656.675
store_437,2015-07-29,645.795
store_437,2015-07-30,674.65
store_437,2015-07-31,711.74
store_437,2015-08-01,548.47
store_437,2015-08-02,0.0
store_437,2015-08-03,770.995
store_437,2015-08-04,651.295
store_437,2015-08-05,618.975
store_437,2015-08-06,644.475
store_437,2015-08-07,671.545
store_437,2015-08-08,557.71
store_437,2015-08-09,0.0
store_437,2015-08-10,590.66
store_437,2015-08-11,538.975
store_437,2015-08-12,535.75
store_437,2015-08-13,570.47
store_437,2015-08-14,610.955
store_437,2015-08-15,568.865
store_437,2015-08-16,0.0
store_437,2015-08-17,771.72
store_437,2015-08-18,663.715
store_437,2015-08-19,634.515
store_437,2015-08-20,661.33
store_437,2015-08-21,695.575
store_437,2015-08-22,574.86
store_437,2015-08-23,0.0
store_437,2015-08-24,714.9
store_437,2015-08-25,613.455
store_437,2015-08-26,580.86
store_437,2015-08-27,590.24
store_437,2015-08-28,620.54
store_437,2015-08-29,580.24
store_437,2015-08-30,0.0
store_438,2015-07-20,572.945
store_438,2015-07-21,508.305
store_438,2015-07-22,527.58
store_438,2015-07-23,579.115
store_438,2015-07-24,607.645
store_438,2015-07-25,534.8
store_438,2015-07-26,0.0
store_438,2015-07-27,732.4
store_438,2015-07-28,622.905
store_438,2015-07-29,628.79
store_438,2015-07-30,675.26
store_438,2015-07-31,728.385
store_438,2015-08-01,571.26
store_438,2015-08-02,0.0
store_438,2015-08-03,764.035
store_438,2015-08-04,635.4
store_438,2015-08-05,601.87
store_438,2015-08-06,637.24
store_438,2015-08-07,654.51
store_438,2015-08-08,562.905
store_438,2015-08-09,0.0
store_438,2015-08-10,583.29
store_438,2015-08-11,537.64
store_438,2015-08-12,548.115
store_438,2015-08-13,574.635
store_438,2015-08-14,621.725
store_438,2015-08-15,568.27
store_438,2015-08-16,0.0
store_438,2015-08-17,751.2
store_438,2015-08-18,632.38
store_438,2015-08-19,621.585
store_438,2015-08-20,648.065
store_438,2015-08-21,661.56
store_438,2015-08-22,584.345
store_438,2015-08-23,0.0
store_438,2015-08-24,596.86
store_438,2015-08-25,515.615
store_438,2015-08-26,536.415
store_438,2015-08-27,574.49
store_438,2015-08-28,601.58
store_438,2015-08-29,570.07
store_438,2015-08-30,0.0
store_439,2015-07-20,455.955
store_439,2015-07-21,403.33
store_439,2015-07-22,419.04
store_439,2015-07-23,434.94
store_439,2015-07-24,461.27
store_439,2015-07-25,295.47
store_439,2015-07-26,0.0
store_439,2015-07-27,580.36
store_439,2015-07-28,522.745
store_439,2015-07-29,522.31
store_439,2015-07-30,513.215
store_439,2015-07-31,513.755
store_439,2015-08-01,289.64
store_439,2015-08-02,0.0
store_439,2015-08-03,613.17
store_439,2015-08-04,517.035
store_439,2015-08-05,491.49
store_439,2015-08-06,490.0
store_439,2015-08-07,506.225
store_439,2015-08-08,292.11
store_439,2015-08-09,0.0
store_439,2015-08-10,456.06
store_439,2015-08-11,437.6
store_439,2015-08-12,423.945
store_439,2015-08-13,445.295
store_439,2015-08-14,456.355
store_439,2015-08-15,280.835
store_439,2015-08-16,0.0
store_439,2015-08-17,595.78
store_439,2015-08-18,517.945
store_439,2015-08-19,496.19
store_439,2015-08-20,504.37
store_439,2015-08-21,518.085
store_439,2015-08-22,290.76
store_439,2015-08-23,0.0
store_439,2015-08-24,448.815
store_439,2015-08-25,415.34
store_439,2015-08-26,412.51
store_439,2015-08-27,433.25
store_439,2015-08-28,461.54
store_439,2015-08-29,286.455
store_439,2015-08-30,0.0
store_44,2015-07-20,691.51
store_44,2015-07-21,611.885
store_44,2015-07-22,588.5
store_44,2015-07-23,615.895
store_44,2015-07-24,640.915
store_44,2015-07-25,504.51
store_44,2015-07-26,0.0
store_44,2015-07-27,887.045
store_44,2015-07-28,777.33
store_44,2015-07-29,735.655
store_44,2015-07-30,723.34
store_44,2015-07-31,733.725
store_44,2015-08-01,517.26
store_44,2015-08-02,0.0
store_44,2015-08-03,933.875
store_44,2015-08-04,810.505
store_44,2015-08-05,718.535
store_44,2015-08-06,712.99
store_44,2015-08-07,701.94
store_44,2015-08-08,518.87
store_44,2015-08-09,0.0
store_44,2015-08-10,700.41
store_44,2015-08-11,651.575
store_44,2015-08-12,610.985
store_44,2015-08-13,606.765
store_44,2015-08-14,626.075
store_44,2015-08-15,516.055
store_44,2015-08-16,0.0
store_44,2015-08-17,949.96
store_44,2015-08-18,830.545
store_44,2015-08-19,781.99
store_44,2015-08-20,757.43
store_44,2015-08-21,761.51
store_44,2015-08-22,529.08
store_44,2015-08-23,0.0
store_44,2015-08-24,708.085
store_44,2015-08-25,620.41
store_44,2015-08-26,611.885
store_44,2015-08-27,634.37
store_44,2015-08-28,655.115
store_44,2015-08-29,508.975
store_44,2015-08-30,0.0
store_440,2015-07-20,412.98
store_440,2015-07-21,370.95
store_440,2015-07-22,384.625
store_440,2015-07-23,420.525
store_440,2015-07-24,452.685
store_440,2015-07-25,465.285
store_440,2015-07-26,0.0
store_440,2015-07-27,536.505
store_440,2015-07-28,457.055
store_440,2015-07-29,452.615
store_440,2015-07-30,482.58
store_440,2015-07-31,508.78
store_440,2015-08-01,478.305
store_440,2015-08-02,0.0
store_440,2015-08-03,577.13
store_440,2015-08-04,477.77
store_440,2015-08-05,450.99
store_440,2015-08-06,470.56
store_440,2015-08-07,492.755
store_440,2015-08-08,461.405
store_440,2015-08-09,0.0
store_440,2015-08-10,468.24
store_440,2015-08-11,416.95
store_440,2015-08-12,436.705
store_440,2015-08-13,471.5
store_440,2015-08-14,498.415
store_440,2015-08-15,469.025
store_440,2015-08-16,0.0
store_440,2015-08-17,584.5
store_440,2015-08-18,507.815
store_440,2015-08-19,501.89
store_440,2015-08-20,527.51
store_440,2015-08-21,539.205
store_440,2015-08-22,483.27
store_440,2015-08-23,0.0
store_440,2015-08-24,457.22
store_440,2015-08-25,410.085
store_440,2015-08-26,422.07
store_440,2015-08-27,456.82
store_440,2015-08-28,491.83
store_440,2015-08-29,462.755
store_440,2015-08-30,0.0
store_441,2015-07-20,917.08
store_441,2015-07-21,899.615
store_441,2015-07-22,870.27
store_441,2015-07-23,876.705
store_441,2015-07-24,937.1
store_441,2015-07-25,834.975
store_441,2015-07-26,0.0
store_441,2015-07-27,1188.56
store_441,2015-07-28,1132.825
store_441,2015-07-29,1065.085
store_441,2015-07-30,1065.63
store_441,2015-07-31,1072.695
store_441,2015-08-01,865.27
store_441,2015-08-02,0.0
store_441,2015-08-03,1240.62
store_441,2015-08-04,1062.22
store_441,2015-08-05,991.185
store_441,2015-08-06,1011.65
store_441,2015-08-07,1001.55
store_441,2015-08-08,856.735
store_441,2015-08-09,0.0
store_441,2015-08-10,1037.725
store_441,2015-08-11,954.315
store_441,2015-08-12,886.86
store_441,2015-08-13,914.76
store_441,2015-08-14,938.985
store_441,2015-08-15,847.925
store_441,2015-08-16,0.0
store_441,2015-08-17,1244.225
store_441,2015-08-18,1078.55
store_441,2015-08-19,1018.03
store_441,2015-08-20,1043.645
store_441,2015-08-21,1032.275
store_441,2015-08-22,877.45
store_441,2015-08-23,0.0
store_441,2015-08-24,974.515
store_441,2015-08-25,905.28
store_441,2015-08-26,884.185
store_441,2015-08-27,929.03
store_441,2015-08-28,942.885
store_441,2015-08-29,872.81
store_441,2015-08-30,0.0
store_442,2015-07-20,841.035
store_442,2015-07-21,772.315
store_442,2015-07-22,793.655
store_442,2015-07-23,826.515
store_442,2015-07-24,830.84
store_442,2015-07-25,723.325
store_442,2015-07-26,0.0
store_442,2015-07-27,1055.515
store_442,2015-07-28,935.26
store_442,2015-07-29,924.87
store_442,2015-07-30,924.36
store_442,2015-07-31,920.82
store_442,2015-08-01,737.745
store_442,2015-08-02,0.0
store_442,2015-08-03,1119.28
store_442,2015-08-04,964.745
store_442,2015-08-05,913.335
store_442,2015-08-06,918.74
store_442,2015-08-07,915.08
store_442,2015-08-08,740.76
store_442,2015-08-09,0.0
store_442,2015-08-10,873.35
store_442,2015-08-11,818.035
store_442,2015-08-12,798.185
store_442,2015-08-13,845.26
store_442,2015-08-14,879.55
store_442,2015-08-15,758.005
store_442,2015-08-16,0.0
store_442,2015-08-17,1122.68
store_442,2015-08-18,991.865
store_442,2015-08-19,967.545
store_442,2015-08-20,967.89
store_442,2015-08-21,969.9
store_442,2015-08-22,778.635
store_442,2015-08-23,0.0
store_442,2015-08-24,888.52
store_442,2015-08-25,790.6
store_442,2015-08-26,792.78
store_442,2015-08-27,832.545
store_442,2015-08-28,862.12
store_442,2015-08-29,767.13
store_442,2015-08-30,0.0
store_443,2015-07-20,1161.79
store_443,2015-07-21,1028.795
store_443,2015-07-22,913.965
store_443,2015-07-23,989.965
store_443,2015-07-24,922.9
store_443,2015-07-25,832.305
store_443,2015-07-26,592.03
store_443,2015-07-27,1368.555
store_443,2015-07-28,1182.18
store_443,2015-07-29,1040.98
store_443,2015-07-30,1077.42
store_443,2015-07-31,1023.275
store_443,2015-08-01,875.22
store_443,2015-08-02,618.38
store_443,2015-08-03,1360.52
store_443,2015-08-04,1209.81
store_443,2015-08-05,1104.8
store_443,2015-08-06,1068.335
store_443,2015-08-07,986.17
store_443,2015-08-08,851.895
store_443,2015-08-09,662.42
store_443,2015-08-10,1247.905
store_443,2015-08-11,1145.255
store_443,2015-08-12,1064.86
store_443,2015-08-13,994.1
store_443,2015-08-14,929.585
store_443,2015-08-15,807.83
store_443,2015-08-16,681.27
store_443,2015-08-17,1381.92
store_443,2015-08-18,1221.665
store_443,2015-08-19,1141.69
store_443,2015-08-20,1112.255
store_443,2015-08-21,1059.08
store_443,2015-08-22,865.88
store_443,2015-08-23,660.45
store_443,2015-08-24,1263.63
store_443,2015-08-25,1145.815
store_443,2015-08-26,1090.965
store_443,2015-08-27,1028.12
store_443,2015-08-28,992.41
store_443,2015-08-29,823.235
store_443,2015-08-30,644.86
store_444,2015-07-20,3281.815
store_444,2015-07-21,3214.24
store_444,2015-07-22,3227.365
store_444,2015-07-23,3287.13
store_444,2015-07-24,3600.01
store_444,2015-07-25,3341.46
store_444,2015-07-26,3177.955
store_444,2015-07-27,3321.15
store_444,2015-07-28,3267.39
store_444,2015-07-29,3307.73
store_444,2015-07-30,3357.165
store_444,2015-07-31,3750.445
store_444,2015-08-01,3454.67
store_444,2015-08-02,3269.915
store_444,2015-08-03,3391.225
store_444,2015-08-04,3419.68
store_444,2015-08-05,3502.61
store_444,2015-08-06,3584.415
store_444,2015-08-07,3903.685
store_444,2015-08-08,3349.86
store_444,2015-08-09,3206.595
store_444,2015-08-10,3261.335
store_444,2015-08-11,3201.915
store_444,2015-08-12,3190.22
store_444,2015-08-13,3310.13
store_444,2015-08-14,3627.115
store_444,2015-08-15,3399.755
store_444,2015-08-16,3245.895
store_444,2015-08-17,3423.675
store_444,2015-08-18,3428.32
store_444,2015-08-19,3440.85
store_444,2015-08-20,3520.54
store_444,2015-08-21,3793.92
store_444,2015-08-22,3395.735
store_444,2015-08-23,3219.72
store_444,2015-08-24,3343.76
store_444,2015-08-25,3233.4
store_444,2015-08-26,3247.505
store_444,2015-08-27,3251.05
store_444,2015-08-28,3697.265
store_444,2015-08-29,3398.735
store_444,2015-08-30,3262.425
store_445,2015-07-20,430.385
store_445,2015-07-21,411.86
store_445,2015-07-22,414.76
store_445,2015-07-23,433.265
store_445,2015-07-24,447.225
store_445,2015-07-25,269.48
store_445,2015-07-26,0.0
store_445,2015-07-27,604.79
store_445,2015-07-28,558.125
store_445,2015-07-29,536.78
store_445,2015-07-30,537.735
store_445,2015-07-31,536.765
store_445,2015-08-01,283.515
store_445,2015-08-02,0.0
store_445,2015-08-03,655.22
store_445,2015-08-04,536.51
store_445,2015-08-05,505.22
store_445,2015-08-06,508.78
store_445,2015-08-07,507.555
store_445,2015-08-08,280.905
store_445,2015-08-09,0.0
store_445,2015-08-10,501.085
store_445,2015-08-11,462.455
store_445,2015-08-12,438.335
store_445,2015-08-13,455.435
store_445,2015-08-14,462.515
store_445,2015-08-15,272.465
store_445,2015-08-16,0.0
store_445,2015-08-17,648.785
store_445,2015-08-18,553.88
store_445,2015-08-19,513.025
store_445,2015-08-20,524.92
store_445,2015-08-21,533.015
store_445,2015-08-22,286.035
store_445,2015-08-23,0.0
store_445,2015-08-24,499.63
store_445,2015-08-25,444.445
store_445,2015-08-26,434.735
store_445,2015-08-27,447.835
store_445,2015-08-28,483.21
store_445,2015-08-29,274.94
store_445,2015-08-30,0.0
store_446,2015-07-20,758.395
store_446,2015-07-21,723.815
store_446,2015-07-22,695.67
store_446,2015-07-23,746.7
store_446,2015-07-24,730.685
store_446,2015-07-25,602.98
store_446,2015-07-26,0.0
store_446,2015-07-27,979.99
store_446,2015-07-28,927.555
store_446,2015-07-29,946.115
store_446,2015-07-30,1009.51
store_446,2015-07-31,917.01
store_446,2015-08-01,644.91
store_446,2015-08-02,0.0
store_446,2015-08-03,1098.44
store_446,2015-08-04,929.98
store_446,2015-08-05,845.84
store_446,2015-08-06,870.315
store_446,2015-08-07,826.055
store_446,2015-08-08,635.615
store_446,2015-08-09,0.0
store_446,2015-08-10,820.4
store_446,2015-08-11,771.485
store_446,2015-08-12,743.75
store_446,2015-08-13,768.48
store_446,2015-08-14,770.755
store_446,2015-08-15,652.545
store_446,2015-08-16,0.0
store_446,2015-08-17,1102.785
store_446,2015-08-18,963.555
store_446,2015-08-19,877.15
store_446,2015-08-20,877.7
store_446,2015-08-21,839.22
store_446,2015-08-22,667.885
store_446,2015-08-23,0.0
store_446,2015-08-24,838.83
store_446,2015-08-25,737.005
store_446,2015-08-26,720.88
store_446,2015-08-27,761.9
store_446,2015-08-28,737.71
store_446,2015-08-29,666.465
store_446,2015-08-30,0.0
store_447,2015-07-20,630.97
store_447,2015-07-21,574.805
store_447,2015-07-22,576.685
store_447,2015-07-23,610.71
store_447,2015-07-24,622.505
store_447,2015-07-25,652.37
store_447,2015-07-26,0.0
store_447,2015-07-27,831.685
store_447,2015-07-28,711.845
store_447,2015-07-29,711.27
store_447,2015-07-30,742.38
store_447,2015-07-31,728.45
store_447,2015-08-01,666.955
store_447,2015-08-02,0.0
store_447,2015-08-03,873.55
store_447,2015-08-04,713.89
store_447,2015-08-05,676.615
store_447,2015-08-06,684.71
store_447,2015-08-07,682.52
store_447,2015-08-08,650.7
store_447,2015-08-09,0.0
store_447,2015-08-10,672.535
store_447,2015-08-11,599.805
store_447,2015-08-12,598.225
store_447,2015-08-13,619.54
store_447,2015-08-14,649.685
store_447,2015-08-15,666.9
store_447,2015-08-16,0.0
store_447,2015-08-17,849.88
store_447,2015-08-18,750.905
store_447,2015-08-19,717.09
store_447,2015-08-20,740.52
store_447,2015-08-21,753.525
store_447,2015-08-22,684.4
store_447,2015-08-23,0.0
store_447,2015-08-24,668.5
store_447,2015-08-25,592.24
store_447,2015-08-26,588.175
store_447,2015-08-27,643.305
store_447,2015-08-28,670.87
store_447,2015-08-29,664.805
store_447,2015-08-30,0.0
store_448,2015-07-20,525.985
store_448,2015-07-21,476.505
store_448,2015-07-22,494.695
store_448,2015-07-23,486.465
store_448,2015-07-24,496.495
store_448,2015-07-25,556.825
store_448,2015-07-26,0.0
store_448,2015-07-27,694.655
store_448,2015-07-28,602.22
store_448,2015-07-29,589.8
store_448,2015-07-30,568.14
store_448,2015-07-31,592.01
store_448,2015-08-01,562.64
store_448,2015-08-02,0.0
store_448,2015-08-03,733.65
store_448,2015-08-04,605.095
store_448,2015-08-05,571.84
store_448,2015-08-06,554.795
store_448,2015-08-07,558.325
store_448,2015-08-08,565.5
store_448,2015-08-09,0.0
store_448,2015-08-10,547.865
store_448,2015-08-11,494.335
store_448,2015-08-12,495.55
store_448,2015-08-13,513.81
store_448,2015-08-14,532.23
store_448,2015-08-15,570.41
store_448,2015-08-16,0.0
store_448,2015-08-17,729.52
store_448,2015-08-18,613.07
store_448,2015-08-19,584.605
store_448,2015-08-20,611.845
store_448,2015-08-21,596.765
store_448,2015-08-22,568.695
store_448,2015-08-23,0.0
store_448,2015-08-24,510.72
store_448,2015-08-25,460.575
store_448,2015-08-26,473.175
store_448,2015-08-27,505.405
store_448,2015-08-28,522.08
store_448,2015-08-29,561.945
store_448,2015-08-30,0.0
store_449,2015-07-20,839.74
store_449,2015-07-21,848.375
store_449,2015-07-22,826.29
store_449,2015-07-23,889.43
store_449,2015-07-24,914.54
store_449,2015-07-25,900.74
store_449,2015-07-26,0.0
store_449,2015-07-27,1057.145
store_449,2015-07-28,1009.565
store_449,2015-07-29,982.795
store_449,2015-07-30,1032.58
store_449,2015-07-31,1059.275
store_449,2015-08-01,935.99
store_449,2015-08-02,0.0
store_449,2015-08-03,1114.48
store_449,2015-08-04,985.35
store_449,2015-08-05,928.73
store_449,2015-08-06,944.415
store_449,2015-08-07,964.665
store_449,2015-08-08,923.765
store_449,2015-08-09,0.0
store_449,2015-08-10,899.745
store_449,2015-08-11,824.295
store_449,2015-08-12,785.265
store_449,2015-08-13,808.13
store_449,2015-08-14,844.275
store_449,2015-08-15,904.905
store_449,2015-08-16,0.0
store_449,2015-08-17,1126.975
store_449,2015-08-18,1001.67
store_449,2015-08-19,940.18
store_449,2015-08-20,916.305
store_449,2015-08-21,931.88
store_449,2015-08-22,884.24
store_449,2015-08-23,0.0
store_449,2015-08-24,875.21
store_449,2015-08-25,794.515
store_449,2015-08-26,784.115
store_449,2015-08-27,820.09
store_449,2015-08-28,851.6
store_449,2015-08-29,886.66
store_449,2015-08-30,0.0
store_45,2015-07-20,507.785
store_45,2015-07-21,478.475
store_45,2015-07-22,474.775
store_45,2015-07-23,476.14
store_45,2015-07-24,446.025
store_45,2015-07-25,276.79
store_45,2015-07-26,0.0
store_45,2015-07-27,615.78
store_45,2015-07-28,575.445
store_45,2015-07-29,531.585
store_45,2015-07-30,532.835
store_45,2015-07-31,510.975
store_45,2015-08-01,267.6
store_45,2015-08-02,0.0
store_45,2015-08-03,666.65
store_45,2015-08-04,562.725
store_45,2015-08-05,520.845
store_45,2015-08-06,521.155
store_45,2015-08-07,508.015
store_45,2015-08-08,284.165
store_45,2015-08-09,0.0
store_45,2015-08-10,497.64
store_45,2015-08-11,463.395
store_45,2015-08-12,450.33
store_45,2015-08-13,464.775
store_45,2015-08-14,472.65
store_45,2015-08-15,266.635
store_45,2015-08-16,0.0
store_45,2015-08-17,647.89
store_45,2015-08-18,567.855
store_45,2015-08-19,529.47
store_45,2015-08-20,526.895
store_45,2015-08-21,529.34
store_45,2015-08-22,276.27
store_45,2015-08-23,0.0
store_45,2015-08-24,513.835
store_45,2015-08-25,468.035
store_45,2015-08-26,443.84
store_45,2015-08-27,454.36
store_45,2015-08-28,475.015
store_45,2015-08-29,261.925
store_45,2015-08-30,0.0
store_450,2015-07-20,814.195
store_450,2015-07-21,733.76
store_450,2015-07-22,682.525
store_450,2015-07-23,720.155
store_450,2015-07-24,734.25
store_450,2015-07-25,779.875
store_450,2015-07-26,0.0
store_450,2015-07-27,1004.265
store_450,2015-07-28,875.855
store_450,2015-07-29,859.15
store_450,2015-07-30,882.19
store_450,2015-07-31,868.155
store_450,2015-08-01,797.91
store_450,2015-08-02,0.0
store_450,2015-08-03,1034.295
store_450,2015-08-04,896.605
store_450,2015-08-05,839.05
store_450,2015-08-06,825.595
store_450,2015-08-07,817.015
store_450,2015-08-08,791.925
store_450,2015-08-09,0.0
store_450,2015-08-10,811.375
store_450,2015-08-11,722.295
store_450,2015-08-12,719.705
store_450,2015-08-13,738.085
store_450,2015-08-14,779.235
store_450,2015-08-15,798.96
store_450,2015-08-16,0.0
store_450,2015-08-17,1062.65
store_450,2015-08-18,909.7
store_450,2015-08-19,867.235
store_450,2015-08-20,860.915
store_450,2015-08-21,857.145
store_450,2015-08-22,807.395
store_450,2015-08-23,0.0
store_450,2015-08-24,772.47
store_450,2015-08-25,679.705
store_450,2015-08-26,708.59
store_450,2015-08-27,719.355
store_450,2015-08-28,761.085
store_450,2015-08-29,792.63
store_450,2015-08-30,0.0
store_451,2015-07-20,535.42
store_451,2015-07-21,479.875
store_451,2015-07-22,494.23
store_451,2015-07-23,504.82
store_451,2015-07-24,535.505
store_451,2015-07-25,547.365
store_451,2015-07-26,0.0
store_451,2015-07-27,716.695
store_451,2015-07-28,595.65
store_451,2015-07-29,584.165
store_451,2015-07-30,601.695
store_451,2015-07-31,610.37
store_451,2015-08-01,560.355
store_451,2015-08-02,0.0
store_451,2015-08-03,748.86
store_451,2015-08-04,602.33
store_451,2015-08-05,572.065
store_451,2015-08-06,558.165
store_451,2015-08-07,566.21
store_451,2015-08-08,573.55
store_451,2015-08-09,0.0
store_451,2015-08-10,561.395
store_451,2015-08-11,497.465
store_451,2015-08-12,495.265
store_451,2015-08-13,508.01
store_451,2015-08-14,527.68
store_451,2015-08-15,571.785
store_451,2015-08-16,0.0
store_451,2015-08-17,762.005
store_451,2015-08-18,641.43
store_451,2015-08-19,607.665
store_451,2015-08-20,592.525
store_451,2015-08-21,614.025
store_451,2015-08-22,573.625
store_451,2015-08-23,0.0
store_451,2015-08-24,534.38
store_451,2015-08-25,487.675
store_451,2015-08-26,495.32
store_451,2015-08-27,497.42
store_451,2015-08-28,521.345
store_451,2015-08-29,559.975
store_451,2015-08-30,0.0
store_452,2015-07-20,412.995
store_452,2015-07-21,373.69
store_452,2015-07-22,382.455
store_452,2015-07-23,413.22
store_452,2015-07-24,421.37
store_452,2015-07-25,431.85
store_452,2015-07-26,0.0
store_452,2015-07-27,611.095
store_452,2015-07-28,501.545
store_452,2015-07-29,497.805
store_452,2015-07-30,495.42
store_452,2015-07-31,500.18
store_452,2015-08-01,446.455
store_452,2015-08-02,0.0
store_452,2015-08-03,626.895
store_452,2015-08-04,498.365
store_452,2015-08-05,468.625
store_452,2015-08-06,480.71
store_452,2015-08-07,473.19
store_452,2015-08-08,451.55
store_452,2015-08-09,0.0
store_452,2015-08-10,457.535
store_452,2015-08-11,392.53
store_452,2015-08-12,400.005
store_452,2015-08-13,422.57
store_452,2015-08-14,429.445
store_452,2015-08-15,440.745
store_452,2015-08-16,0.0
store_452,2015-08-17,625.5
store_452,2015-08-18,521.42
store_452,2015-08-19,504.995
store_452,2015-08-20,501.705
store_452,2015-08-21,499.525
store_452,2015-08-22,446.405
store_452,2015-08-23,0.0
store_452,2015-08-24,440.68
store_452,2015-08-25,392.215
store_452,2015-08-26,400.005
store_452,2015-08-27,424.085
store_452,2015-08-28,442.99
store_452,2015-08-29,435.54
store_452,2015-08-30,0.0
store_453,2015-07-20,583.045
store_453,2015-07-21,535.57
store_453,2015-07-22,540.775
store_453,2015-07-23,557.125
store_453,2015-07-24,591.81
store_453,2015-07-25,294.735
store_453,2015-07-26,0.0
store_453,2015-07-27,703.04
store_453,2015-07-28,632.565
store_453,2015-07-29,621.04
store_453,2015-07-30,652.895
store_453,2015-07-31,666.425
store_453,2015-08-01,297.065
store_453,2015-08-02,0.0
store_453,2015-08-03,747.5
store_453,2015-08-04,630.835
store_453,2015-08-05,606.08
store_453,2015-08-06,611.585
store_453,2015-08-07,634.6
store_453,2015-08-08,296.185
store_453,2015-08-09,0.0
store_453,2015-08-10,537.215
store_453,2015-08-11,508.945
store_453,2015-08-12,520.38
store_453,2015-08-13,533.96
store_453,2015-08-14,554.555
store_453,2015-08-15,296.97
store_453,2015-08-16,0.0
store_453,2015-08-17,711.15
store_453,2015-08-18,629.325
store_453,2015-08-19,604.515
store_453,2015-08-20,611.16
store_453,2015-08-21,635.19
store_453,2015-08-22,298.025
store_453,2015-08-23,0.0
store_453,2015-08-24,520.76
store_453,2015-08-25,479.775
store_453,2015-08-26,481.185
store_453,2015-08-27,506.235
store_453,2015-08-28,555.18
store_453,2015-08-29,300.05
store_453,2015-08-30,0.0
store_454,2015-07-20,486.935
store_454,2015-07-21,459.105
store_454,2015-07-22,451.99
store_454,2015-07-23,475.6
store_454,2015-07-24,479.245
store_454,2015-07-25,520.735
store_454,2015-07-26,0.0
store_454,2015-07-27,585.52
store_454,2015-07-28,545.08
store_454,2015-07-29,549.785
store_454,2015-07-30,563.325
store_454,2015-07-31,562.34
store_454,2015-08-01,520.625
store_454,2015-08-02,0.0
store_454,2015-08-03,610.28
store_454,2015-08-04,539.725
store_454,2015-08-05,500.72
store_454,2015-08-06,517.56
store_454,2015-08-07,520.555
store_454,2015-08-08,509.02
store_454,2015-08-09,0.0
store_454,2015-08-10,519.535
store_454,2015-08-11,479.845
store_454,2015-08-12,454.95
store_454,2015-08-13,467.395
store_454,2015-08-14,482.655
store_454,2015-08-15,517.135
store_454,2015-08-16,0.0
store_454,2015-08-17,638.84
store_454,2015-08-18,569.23
store_454,2015-08-19,522.085
store_454,2015-08-20,539.585
store_454,2015-08-21,529.345
store_454,2015-08-22,494.585
store_454,2015-08-23,0.0
store_454,2015-08-24,519.75
store_454,2015-08-25,472.92
store_454,2015-08-26,457.25
store_454,2015-08-27,474.14
store_454,2015-08-28,477.8
store_454,2015-08-29,489.025
store_454,2015-08-30,0.0
store_455,2015-07-20,424.33
store_455,2015-07-21,396.03
store_455,2015-07-22,364.885
store_455,2015-07-23,365.995
store_455,2015-07-24,351.4
store_455,2015-07-25,265.58
store_455,2015-07-26,0.0
store_455,2015-07-27,585.265
store_455,2015-07-28,514.21
store_455,2015-07-29,485.81
store_455,2015-07-30,488.015
store_455,2015-07-31,449.425
store_455,2015-08-01,262.585
store_455,2015-08-02,0.0
store_455,2015-08-03,594.79
store_455,2015-08-04,509.145
store_455,2015-08-05,462.135
store_455,2015-08-06,466.22
store_455,2015-08-07,446.98
store_455,2015-08-08,261.335
store_455,2015-08-09,0.0
store_455,2015-08-10,460.69
store_455,2015-08-11,430.31
store_455,2015-08-12,415.9
store_455,2015-08-13,425.735
store_455,2015-08-14,429.325
store_455,2015-08-15,260.54
store_455,2015-08-16,0.0
store_455,2015-08-17,599.67
store_455,2015-08-18,511.755
store_455,2015-08-19,481.5
store_455,2015-08-20,470.61
store_455,2015-08-21,465.765
store_455,2015-08-22,259.85
store_455,2015-08-23,0.0
store_455,2015-08-24,445.28
store_455,2015-08-25,415.435
store_455,2015-08-26,413.9
store_455,2015-08-27,421.765
store_455,2015-08-28,438.4
store_455,2015-08-29,258.595
store_455,2015-08-30,0.0
store_456,2015-07-20,719.53
store_456,2015-07-21,618.095
store_456,2015-07-22,617.71
store_456,2015-07-23,620.315
store_456,2015-07-24,618.24
store_456,2015-07-25,554.555
store_456,2015-07-26,0.0
store_456,2015-07-27,910.445
store_456,2015-07-28,773.6
store_456,2015-07-29,747.64
store_456,2015-07-30,761.665
store_456,2015-07-31,747.56
store_456,2015-08-01,591.575
store_456,2015-08-02,0.0
store_456,2015-08-03,959.04
store_456,2015-08-04,786.415
store_456,2015-08-05,749.34
store_456,2015-08-06,731.19
store_456,2015-08-07,692.955
store_456,2015-08-08,576.005
store_456,2015-08-09,0.0
store_456,2015-08-10,677.97
store_456,2015-08-11,633.52
store_456,2015-08-12,623.77
store_456,2015-08-13,644.415
store_456,2015-08-14,659.165
store_456,2015-08-15,579.175
store_456,2015-08-16,0.0
store_456,2015-08-17,926.26
store_456,2015-08-18,796.905
store_456,2015-08-19,760.26
store_456,2015-08-20,747.165
store_456,2015-08-21,759.04
store_456,2015-08-22,591.305
store_456,2015-08-23,0.0
store_456,2015-08-24,680.495
store_456,2015-08-25,604.81
store_456,2015-08-26,628.935
store_456,2015-08-27,659.175
store_456,2015-08-28,680.92
store_456,2015-08-29,596.36
store_456,2015-08-30,0.0
store_457,2015-07-20,2106.58
store_457,2015-07-21,1901.785
store_457,2015-07-22,1961.485
store_457,2015-07-23,2056.24
store_457,2015-07-24,2119.365
store_457,2015-07-25,2581.15
store_457,2015-07-26,0.0
store_457,2015-07-27,2552.18
store_457,2015-07-28,2395.69
store_457,2015-07-29,2366.91
store_457,2015-07-30,2382.865
store_457,2015-07-31,2318.41
store_457,2015-08-01,2665.605
store_457,2015-08-02,0.0
store_457,2015-08-03,2636.715
store_457,2015-08-04,2318.33
store_457,2015-08-05,2224.3
store_457,2015-08-06,2186.73
store_457,2015-08-07,2203.265
store_457,2015-08-08,2565.435
store_457,2015-08-09,0.0
store_457,2015-08-10,2254.635
store_457,2015-08-11,2187.8
store_457,2015-08-12,2117.62
store_457,2015-08-13,2146.62
store_457,2015-08-14,2173.75
store_457,2015-08-15,2664.48
store_457,2015-08-16,0.0
store_457,2015-08-17,2583.445
store_457,2015-08-18,2373.57
store_457,2015-08-19,2309.975
store_457,2015-08-20,2301.145
store_457,2015-08-21,2319.095
store_457,2015-08-22,2574.225
store_457,2015-08-23,0.0
store_457,2015-08-24,2082.59
store_457,2015-08-25,1988.845
store_457,2015-08-26,1910.67
store_457,2015-08-27,2025.42
store_457,2015-08-28,2071.21
store_457,2015-08-29,2622.48
store_457,2015-08-30,0.0
store_458,2015-07-20,590.39
store_458,2015-07-21,545.06
store_458,2015-07-22,532.485
store_458,2015-07-23,534.05
store_458,2015-07-24,551.68
store_458,2015-07-25,476.36
store_458,2015-07-26,0.0
store_458,2015-07-27,757.58
store_458,2015-07-28,658.255
store_458,2015-07-29,630.22
store_458,2015-07-30,629.645
store_458,2015-07-31,633.97
store_458,2015-08-01,511.075
store_458,2015-08-02,0.0
store_458,2015-08-03,791.945
store_458,2015-08-04,664.485
store_458,2015-08-05,613.825
store_458,2015-08-06,608.31
store_458,2015-08-07,593.78
store_458,2015-08-08,489.66
store_458,2015-08-09,0.0
store_458,2015-08-10,641.4
store_458,2015-08-11,569.265
store_458,2015-08-12,567.925
store_458,2015-08-13,569.405
store_458,2015-08-14,565.155
store_458,2015-08-15,476.38
store_458,2015-08-16,0.0
store_458,2015-08-17,811.03
store_458,2015-08-18,696.795
store_458,2015-08-19,664.52
store_458,2015-08-20,659.565
store_458,2015-08-21,664.17
store_458,2015-08-22,505.165
store_458,2015-08-23,0.0
store_458,2015-08-24,654.985
store_458,2015-08-25,587.295
store_458,2015-08-26,560.87
store_458,2015-08-27,571.63
store_458,2015-08-28,588.46
store_458,2015-08-29,480.955
store_458,2015-08-30,0.0
store_459,2015-07-20,669.8
store_459,2015-07-21,608.21
store_459,2015-07-22,628.005
store_459,2015-07-23,635.135
store_459,2015-07-24,614.855
store_459,2015-07-25,393.79
store_459,2015-07-26,0.0
store_459,2015-07-27,788.87
store_459,2015-07-28,717.05
store_459,2015-07-29,725.575
store_459,2015-07-30,737.885
store_459,2015-07-31,711.955
store_459,2015-08-01,401.87
store_459,2015-08-02,0.0
store_459,2015-08-03,831.67
store_459,2015-08-04,735.69
store_459,2015-08-05,697.575
store_459,2015-08-06,710.615
store_459,2015-08-07,694.56
store_459,2015-08-08,400.2
store_459,2015-08-09,0.0
store_459,2015-08-10,667.44
store_459,2015-08-11,613.985
store_459,2015-08-12,596.755
store_459,2015-08-13,631.42
store_459,2015-08-14,649.3
store_459,2015-08-15,404.34
store_459,2015-08-16,0.0
store_459,2015-08-17,826.765
store_459,2015-08-18,723.8
store_459,2015-08-19,691.88
store_459,2015-08-20,692.995
store_459,2015-08-21,697.5
store_459,2015-08-22,414.775
store_459,2015-08-23,0.0
store_459,2015-08-24,615.075
store_459,2015-08-25,564.78
store_459,2015-08-26,567.43
store_459,2015-08-27,599.73
store_459,2015-08-28,630.94
store_459,2015-08-29,406.86
store_459,2015-08-30,0.0
store_46,2015-07-20,732.77
store_46,2015-07-21,699.46
store_46,2015-07-22,663.625
store_46,2015-07-23,677.545
store_46,2015-07-24,683.585
store_46,2015-07-25,587.435
store_46,2015-07-26,0.0
store_46,2015-07-27,948.32
store_46,2015-07-28,892.69
store_46,2015-07-29,845.02
store_46,2015-07-30,897.005
store_46,2015-07-31,825.73
store_46,2015-08-01,625.385
store_46,2015-08-02,0.0
store_46,2015-08-03,997.145
store_46,2015-08-04,860.115
store_46,2015-08-05,804.42
store_46,2015-08-06,782.115
store_46,2015-08-07,756.63
store_46,2015-08-08,600.965
store_46,2015-08-09,0.0
store_46,2015-08-10,750.51
store_46,2015-08-11,694.77
store_46,2015-08-12,694.935
store_46,2015-08-13,691.885
store_46,2015-08-14,704.28
store_46,2015-08-15,593.0
store_46,2015-08-16,0.0
store_46,2015-08-17,995.74
store_46,2015-08-18,886.13
store_46,2015-08-19,825.64
store_46,2015-08-20,825.055
store_46,2015-08-21,807.64
store_46,2015-08-22,598.915
store_46,2015-08-23,0.0
store_46,2015-08-24,735.185
store_46,2015-08-25,680.74
store_46,2015-08-26,694.815
store_46,2015-08-27,717.54
store_46,2015-08-28,732.74
store_46,2015-08-29,593.805
store_46,2015-08-30,0.0
store_460,2015-07-20,664.525
store_460,2015-07-21,611.725
store_460,2015-07-22,646.625
store_460,2015-07-23,667.095
store_460,2015-07-24,671.155
store_460,2015-07-25,526.885
store_460,2015-07-26,0.0
store_460,2015-07-27,874.35
store_460,2015-07-28,824.735
store_460,2015-07-29,813.255
store_460,2015-07-30,807.97
store_460,2015-07-31,750.76
store_460,2015-08-01,540.015
store_460,2015-08-02,0.0
store_460,2015-08-03,897.485
store_460,2015-08-04,791.58
store_460,2015-08-05,741.99
store_460,2015-08-06,741.745
store_460,2015-08-07,724.265
store_460,2015-08-08,536.51
store_460,2015-08-09,0.0
store_460,2015-08-10,703.345
store_460,2015-08-11,663.04
store_460,2015-08-12,668.35
store_460,2015-08-13,659.51
store_460,2015-08-14,681.535
store_460,2015-08-15,545.405
store_460,2015-08-16,0.0
store_460,2015-08-17,895.425
store_460,2015-08-18,818.37
store_460,2015-08-19,776.615
store_460,2015-08-20,764.755
store_460,2015-08-21,742.135
store_460,2015-08-22,555.78
store_460,2015-08-23,0.0
store_460,2015-08-24,709.94
store_460,2015-08-25,632.925
store_460,2015-08-26,633.01
store_460,2015-08-27,649.305
store_460,2015-08-28,663.205
store_460,2015-08-29,563.715
store_460,2015-08-30,0.0
store_461,2015-07-20,385.395
store_461,2015-07-21,333.935
store_461,2015-07-22,346.04
store_461,2015-07-23,367.885
store_461,2015-07-24,389.145
store_461,2015-07-25,412.34
store_461,2015-07-26,0.0
store_461,2015-07-27,517.57
store_461,2015-07-28,430.435
store_461,2015-07-29,409.875
store_461,2015-07-30,427.095
store_461,2015-07-31,440.305
store_461,2015-08-01,426.58
store_461,2015-08-02,0.0
store_461,2015-08-03,537.63
store_461,2015-08-04,440.66
store_461,2015-08-05,401.72
store_461,2015-08-06,408.445
store_461,2015-08-07,417.595
store_461,2015-08-08,426.47
store_461,2015-08-09,0.0
store_461,2015-08-10,413.93
store_461,2015-08-11,374.31
store_461,2015-08-12,373.495
store_461,2015-08-13,388.97
store_461,2015-08-14,405.86
store_461,2015-08-15,423.53
store_461,2015-08-16,0.0
store_461,2015-08-17,550.77
store_461,2015-08-18,477.17
store_461,2015-08-19,448.82
store_461,2015-08-20,449.91
store_461,2015-08-21,450.61
store_461,2015-08-22,428.925
store_461,2015-08-23,0.0
store_461,2015-08-24,403.42
store_461,2015-08-25,358.38
store_461,2015-08-26,382.84
store_461,2015-08-27,398.495
store_461,2015-08-28,413.095
store_461,2015-08-29,427.63
store_461,2015-08-30,0.0
store_462,2015-07-20,542.04
store_462,2015-07-21,478.415
store_462,2015-07-22,490.085
store_462,2015-07-23,523.185
store_462,2015-07-24,554.205
store_462,2015-07-25,544.105
store_462,2015-07-26,0.0
store_462,2015-07-27,706.925
store_462,2015-07-28,606.8
store_462,2015-07-29,600.49
store_462,2015-07-30,627.205
store_462,2015-07-31,632.18
store_462,2015-08-01,575.53
store_462,2015-08-02,0.0
store_462,2015-08-03,756.67
store_462,2015-08-04,633.01
store_462,2015-08-05,586.545
store_462,2015-08-06,593.935
store_462,2015-08-07,600.0
store_462,2015-08-08,561.665
store_462,2015-08-09,0.0
store_462,2015-08-10,610.355
store_462,2015-08-11,547.93
store_462,2015-08-12,565.01
store_462,2015-08-13,582.585
store_462,2015-08-14,587.975
store_462,2015-08-15,581.655
store_462,2015-08-16,0.0
store_462,2015-08-17,745.105
store_462,2015-08-18,623.425
store_462,2015-08-19,622.33
store_462,2015-08-20,635.02
store_462,2015-08-21,641.07
store_462,2015-08-22,592.44
store_462,2015-08-23,0.0
store_462,2015-08-24,636.425
store_462,2015-08-25,544.115
store_462,2015-08-26,546.625
store_462,2015-08-27,582.92
store_462,2015-08-28,634.385
store_462,2015-08-29,598.7
store_462,2015-08-30,0.0
store_463,2015-07-20,410.965
store_463,2015-07-21,392.43
store_463,2015-07-22,400.97
store_463,2015-07-23,435.425
store_463,2015-07-24,466.865
store_463,2015-07-25,229.185
store_463,2015-07-26,0.0
store_463,2015-07-27,507.86
store_463,2015-07-28,462.425
store_463,2015-07-29,452.28
store_463,2015-07-30,490.555
store_463,2015-07-31,518.645
store_463,2015-08-01,242.655
store_463,2015-08-02,0.0
store_463,2015-08-03,535.385
store_463,2015-08-04,465.27
store_463,2015-08-05,444.565
store_463,2015-08-06,483.06
store_463,2015-08-07,501.945
store_463,2015-08-08,250.64
store_463,2015-08-09,0.0
store_463,2015-08-10,448.1
store_463,2015-08-11,406.02
store_463,2015-08-12,412.285
store_463,2015-08-13,437.585
store_463,2015-08-14,473.115
store_463,2015-08-15,252.805
store_463,2015-08-16,0.0
store_463,2015-08-17,533.355
store_463,2015-08-18,483.645
store_463,2015-08-19,465.535
store_463,2015-08-20,485.86
store_463,2015-08-21,513.72
store_463,2015-08-22,271.26
store_463,2015-08-23,0.0
store_463,2015-08-24,439.62
store_463,2015-08-25,407.21
store_463,2015-08-26,414.755
store_463,2015-08-27,429.29
store_463,2015-08-28,462.945
store_463,2015-08-29,251.185
store_463,2015-08-30,0.0
store_464,2015-07-20,731.455
store_464,2015-07-21,666.85
store_464,2015-07-22,626.08
store_464,2015-07-23,666.765
store_464,2015-07-24,658.395
store_464,2015-07-25,514.86
store_464,2015-07-26,0.0
store_464,2015-07-27,926.67
store_464,2015-07-28,808.04
store_464,2015-07-29,776.075
store_464,2015-07-30,788.41
store_464,2015-07-31,795.135
store_464,2015-08-01,546.775
store_464,2015-08-02,0.0
store_464,2015-08-03,926.565
store_464,2015-08-04,803.505
store_464,2015-08-05,736.22
store_464,2015-08-06,745.855
store_464,2015-08-07,745.305
store_464,2015-08-08,506.895
store_464,2015-08-09,0.0
store_464,2015-08-10,744.985
store_464,2015-08-11,691.085
store_464,2015-08-12,661.55
store_464,2015-08-13,674.44
store_464,2015-08-14,688.64
store_464,2015-08-15,506.69
store_464,2015-08-16,0.0
store_464,2015-08-17,947.595
store_464,2015-08-18,813.82
store_464,2015-08-19,758.505
store_464,2015-08-20,803.345
store_464,2015-08-21,765.525
store_464,2015-08-22,527.03
store_464,2015-08-23,0.0
store_464,2015-08-24,744.695
store_464,2015-08-25,659.21
store_464,2015-08-26,640.855
store_464,2015-08-27,679.815
store_464,2015-08-28,697.46
store_464,2015-08-29,522.85
store_464,2015-08-30,0.0
store_465,2015-07-20,606.29
store_465,2015-07-21,566.965
store_465,2015-07-22,543.705
store_465,2015-07-23,575.2
store_465,2015-07-24,640.865
store_465,2015-07-25,367.125
store_465,2015-07-26,0.0
store_465,2015-07-27,811.01
store_465,2015-07-28,686.65
store_465,2015-07-29,662.135
store_465,2015-07-30,672.455
store_465,2015-07-31,718.98
store_465,2015-08-01,387.455
store_465,2015-08-02,0.0
store_465,2015-08-03,831.91
store_465,2015-08-04,712.54
store_465,2015-08-05,654.05
store_465,2015-08-06,660.12
store_465,2015-08-07,671.685
store_465,2015-08-08,392.04
store_465,2015-08-09,0.0
store_465,2015-08-10,641.955
store_465,2015-08-11,586.37
store_465,2015-08-12,565.535
store_465,2015-08-13,596.215
store_465,2015-08-14,620.82
store_465,2015-08-15,391.62
store_465,2015-08-16,0.0
store_465,2015-08-17,844.375
store_465,2015-08-18,713.97
store_465,2015-08-19,671.735
store_465,2015-08-20,680.4
store_465,2015-08-21,678.12
store_465,2015-08-22,394.505
store_465,2015-08-23,0.0
store_465,2015-08-24,629.76
store_465,2015-08-25,573.115
store_465,2015-08-26,570.145
store_465,2015-08-27,595.1
store_465,2015-08-28,620.495
store_465,2015-08-29,387.065
store_465,2015-08-30,0.0
store_466,2015-07-20,1279.33
store_466,2015-07-21,1178.705
store_466,2015-07-22,1201.52
store_466,2015-07-23,1197.26
store_466,2015-07-24,1194.84
store_466,2015-07-25,1138.375
store_466,2015-07-26,0.0
store_466,2015-07-27,1782.355
store_466,2015-07-28,1543.935
store_466,2015-07-29,1427.685
store_466,2015-07-30,1407.955
store_466,2015-07-31,1408.88
store_466,2015-08-01,1163.59
store_466,2015-08-02,0.0
store_466,2015-08-03,1728.82
store_466,2015-08-04,1421.55
store_466,2015-08-05,1411.46
store_466,2015-08-06,1372.38
store_466,2015-08-07,1348.98
store_466,2015-08-08,1131.75
store_466,2015-08-09,0.0
store_466,2015-08-10,1370.2
store_466,2015-08-11,1252.035
store_466,2015-08-12,1235.675
store_466,2015-08-13,1223.675
store_466,2015-08-14,1238.865
store_466,2015-08-15,1145.095
store_466,2015-08-16,0.0
store_466,2015-08-17,1720.735
store_466,2015-08-18,1495.64
store_466,2015-08-19,1434.71
store_466,2015-08-20,1385.075
store_466,2015-08-21,1380.1
store_466,2015-08-22,1163.995
store_466,2015-08-23,0.0
store_466,2015-08-24,1257.905
store_466,2015-08-25,1177.7
store_466,2015-08-26,1184.355
store_466,2015-08-27,1199.485
store_466,2015-08-28,1195.63
store_466,2015-08-29,1163.245
store_466,2015-08-30,0.0
store_467,2015-07-20,3128.375
store_467,2015-07-21,3247.59
store_467,2015-07-22,3232.585
store_467,2015-07-23,3257.875
store_467,2015-07-24,3647.46
store_467,2015-07-25,3513.9
store_467,2015-07-26,2855.955
store_467,2015-07-27,3295.385
store_467,2015-07-28,3297.34
store_467,2015-07-29,3324.05
store_467,2015-07-30,3391.35
store_467,2015-07-31,3812.24
store_467,2015-08-01,3336.545
store_467,2015-08-02,2809.02
store_467,2015-08-03,3277.45
store_467,2015-08-04,3288.665
store_467,2015-08-05,3305.425
store_467,2015-08-06,3319.795
store_467,2015-08-07,3631.76
store_467,2015-08-08,3454.165
store_467,2015-08-09,2900.065
store_467,2015-08-10,3130.865
store_467,2015-08-11,3148.905
store_467,2015-08-12,3219.86
store_467,2015-08-13,3318.0
store_467,2015-08-14,3678.895
store_467,2015-08-15,3313.87
store_467,2015-08-16,2861.555
store_467,2015-08-17,3336.245
store_467,2015-08-18,3298.95
store_467,2015-08-19,3350.365
store_467,2015-08-20,3348.275
store_467,2015-08-21,3682.955
store_467,2015-08-22,3447.91
store_467,2015-08-23,2918.325
store_467,2015-08-24,3197.9
store_467,2015-08-25,3151.905
store_467,2015-08-26,3188.4
store_467,2015-08-27,3285.615
store_467,2015-08-28,3642.525
store_467,2015-08-29,3334.565
store_467,2015-08-30,2937.085
store_468,2015-07-20,480.145
store_468,2015-07-21,446.7
store_468,2015-07-22,448.99
store_468,2015-07-23,478.525
store_468,2015-07-24,463.82
store_468,2015-07-25,351.405
store_468,2015-07-26,0.0
store_468,2015-07-27,593.855
store_468,2015-07-28,554.81
store_468,2015-07-29,547.57
store_468,2015-07-30,525.36
store_468,2015-07-31,509.04
store_468,2015-08-01,355.89
store_468,2015-08-02,0.0
store_468,2015-08-03,648.305
store_468,2015-08-04,557.91
store_468,2015-08-05,513.13
store_468,2015-08-06,510.78
store_468,2015-08-07,501.015
store_468,2015-08-08,347.79
store_468,2015-08-09,0.0
store_468,2015-08-10,523.73
store_468,2015-08-11,500.4
store_468,2015-08-12,468.21
store_468,2015-08-13,463.625
store_468,2015-08-14,464.615
store_468,2015-08-15,328.37
store_468,2015-08-16,0.0
store_468,2015-08-17,653.91
store_468,2015-08-18,589.8
store_468,2015-08-19,548.865
store_468,2015-08-20,564.735
store_468,2015-08-21,551.935
store_468,2015-08-22,331.47
store_468,2015-08-23,0.0
store_468,2015-08-24,524.075
store_468,2015-08-25,479.13
store_468,2015-08-26,483.98
store_468,2015-08-27,493.525
store_468,2015-08-28,477.725
store_468,2015-08-29,330.61
store_468,2015-08-30,0.0
store_469,2015-07-20,502.955
store_469,2015-07-21,471.855
store_469,2015-07-22,465.03
store_469,2015-07-23,492.57
store_469,2015-07-24,497.995
store_469,2015-07-25,484.82
store_469,2015-07-26,0.0
store_469,2015-07-27,657.495
store_469,2015-07-28,562.935
store_469,2015-07-29,549.77
store_469,2015-07-30,553.51
store_469,2015-07-31,541.875
store_469,2015-08-01,499.865
store_469,2015-08-02,0.0
store_469,2015-08-03,702.835
store_469,2015-08-04,576.36
store_469,2015-08-05,541.795
store_469,2015-08-06,553.33
store_469,2015-08-07,558.18
store_469,2015-08-08,498.265
store_469,2015-08-09,0.0
store_469,2015-08-10,523.025
store_469,2015-08-11,476.37
store_469,2015-08-12,468.405
store_469,2015-08-13,484.31
store_469,2015-08-14,513.025
store_469,2015-08-15,508.795
store_469,2015-08-16,0.0
store_469,2015-08-17,696.48
store_469,2015-08-18,593.32
store_469,2015-08-19,569.795
store_469,2015-08-20,572.49
store_469,2015-08-21,587.3
store_469,2015-08-22,514.36
store_469,2015-08-23,0.0
store_469,2015-08-24,516.595
store_469,2015-08-25,466.635
store_469,2015-08-26,455.61
store_469,2015-08-27,473.46
store_469,2015-08-28,516.4
store_469,2015-08-29,509.15
store_469,2015-08-30,0.0
store_47,2015-07-20,635.875
store_47,2015-07-21,545.845
store_47,2015-07-22,552.405
store_47,2015-07-23,598.945
store_47,2015-07-24,660.065
store_47,2015-07-25,690.5
store_47,2015-07-26,0.0
store_47,2015-07-27,824.75
store_47,2015-07-28,687.945
store_47,2015-07-29,685.47
store_47,2015-07-30,723.67
store_47,2015-07-31,749.845
store_47,2015-08-01,691.175
store_47,2015-08-02,0.0
store_47,2015-08-03,873.125
store_47,2015-08-04,707.52
store_47,2015-08-05,685.36
store_47,2015-08-06,694.05
store_47,2015-08-07,726.65
store_47,2015-08-08,678.31
store_47,2015-08-09,0.0
store_47,2015-08-10,655.28
store_47,2015-08-11,591.54
store_47,2015-08-12,588.335
store_47,2015-08-13,612.89
store_47,2015-08-14,672.46
store_47,2015-08-15,661.355
store_47,2015-08-16,0.0
store_47,2015-08-17,857.345
store_47,2015-08-18,758.89
store_47,2015-08-19,724.855
store_47,2015-08-20,740.7
store_47,2015-08-21,765.15
store_47,2015-08-22,680.31
store_47,2015-08-23,0.0
store_47,2015-08-24,664.685
store_47,2015-08-25,566.225
store_47,2015-08-26,581.37
store_47,2015-08-27,621.675
store_47,2015-08-28,680.235
store_47,2015-08-29,653.87
store_47,2015-08-30,0.0
store_470,2015-07-20,714.135
store_470,2015-07-21,681.07
store_470,2015-07-22,670.355
store_470,2015-07-23,701.365
store_470,2015-07-24,732.815
store_470,2015-07-25,554.815
store_470,2015-07-26,0.0
store_470,2015-07-27,871.43
store_470,2015-07-28,794.395
store_470,2015-07-29,781.675
store_470,2015-07-30,803.835
store_470,2015-07-31,802.655
store_470,2015-08-01,588.98
store_470,2015-08-02,0.0
store_470,2015-08-03,918.255
store_470,2015-08-04,800.955
store_470,2015-08-05,752.405
store_470,2015-08-06,743.625
store_470,2015-08-07,747.49
store_470,2015-08-08,575.465
store_470,2015-08-09,0.0
store_470,2015-08-10,748.865
store_470,2015-08-11,698.345
store_470,2015-08-12,675.69
store_470,2015-08-13,671.005
store_470,2015-08-14,660.865
store_470,2015-08-15,558.94
store_470,2015-08-16,0.0
store_470,2015-08-17,962.595
store_470,2015-08-18,853.615
store_470,2015-08-19,780.645
store_470,2015-08-20,763.105
store_470,2015-08-21,754.955
store_470,2015-08-22,579.25
store_470,2015-08-23,0.0
store_470,2015-08-24,695.12
store_470,2015-08-25,634.975
store_470,2015-08-26,640.47
store_470,2015-08-27,643.07
store_470,2015-08-28,657.93
store_470,2015-08-29,572.04
store_470,2015-08-30,0.0
store_471,2015-07-20,678.535
store_471,2015-07-21,624.785
store_471,2015-07-22,607.125
store_471,2015-07-23,621.395
store_471,2015-07-24,630.835
store_471,2015-07-25,494.29
store_471,2015-07-26,0.0
store_471,2015-07-27,805.44
store_471,2015-07-28,744.36
store_471,2015-07-29,750.825
store_471,2015-07-30,760.99
store_471,2015-07-31,746.87
store_471,2015-08-01,535.565
store_471,2015-08-02,0.0
store_471,2015-08-03,860.525
store_471,2015-08-04,737.035
store_471,2015-08-05,698.97
store_471,2015-08-06,695.355
store_471,2015-08-07,703.49
store_471,2015-08-08,537.82
store_471,2015-08-09,0.0
store_471,2015-08-10,712.4
store_471,2015-08-11,639.79
store_471,2015-08-12,640.505
store_471,2015-08-13,636.805
store_471,2015-08-14,638.48
store_471,2015-08-15,536.835
store_471,2015-08-16,0.0
store_471,2015-08-17,875.265
store_471,2015-08-18,750.34
store_471,2015-08-19,724.155
store_471,2015-08-20,724.51
store_471,2015-08-21,741.245
store_471,2015-08-22,546.54
store_471,2015-08-23,0.0
store_471,2015-08-24,710.455
store_471,2015-08-25,651.095
store_471,2015-08-26,633.33
store_471,2015-08-27,652.935
store_471,2015-08-28,666.145
store_471,2015-08-29,546.02
store_471,2015-08-30,0.0
store_472,2015-07-20,466.89
store_472,2015-07-21,436.115
store_472,2015-07-22,419.06
store_472,2015-07-23,451.07
store_472,2015-07-24,480.035
store_472,2015-07-25,402.835
store_472,2015-07-26,0.0
store_472,2015-07-27,711.715
store_472,2015-07-28,626.33
store_472,2015-07-29,590.03
store_472,2015-07-30,590.915
store_472,2015-07-31,572.62
store_472,2015-08-01,414.755
store_472,2015-08-02,0.0
store_472,2015-08-03,720.595
store_472,2015-08-04,573.845
store_472,2015-08-05,519.47
store_472,2015-08-06,536.22
store_472,2015-08-07,531.67
store_472,2015-08-08,410.865
store_472,2015-08-09,0.0
store_472,2015-08-10,518.235
store_472,2015-08-11,479.68
store_472,2015-08-12,466.815
store_472,2015-08-13,477.405
store_472,2015-08-14,488.0
store_472,2015-08-15,404.445
store_472,2015-08-16,0.0
store_472,2015-08-17,734.68
store_472,2015-08-18,617.69
store_472,2015-08-19,585.13
store_472,2015-08-20,569.095
store_472,2015-08-21,565.98
store_472,2015-08-22,412.75
store_472,2015-08-23,0.0
store_472,2015-08-24,531.21
store_472,2015-08-25,473.955
store_472,2015-08-26,473.22
store_472,2015-08-27,482.755
store_472,2015-08-28,496.42
store_472,2015-08-29,414.55
store_472,2015-08-30,0.0
store_473,2015-07-20,349.815
store_473,2015-07-21,310.275
store_473,2015-07-22,305.69
store_473,2015-07-23,323.635
store_473,2015-07-24,372.64
store_473,2015-07-25,380.33
store_473,2015-07-26,0.0
store_473,2015-07-27,450.195
store_473,2015-07-28,379.425
store_473,2015-07-29,364.42
store_473,2015-07-30,368.39
store_473,2015-07-31,415.48
store_473,2015-08-01,398.255
store_473,2015-08-02,0.0
store_473,2015-08-03,448.755
store_473,2015-08-04,389.075
store_473,2015-08-05,368.575
store_473,2015-08-06,379.78
store_473,2015-08-07,386.135
store_473,2015-08-08,392.805
store_473,2015-08-09,0.0
store_473,2015-08-10,361.76
store_473,2015-08-11,319.265
store_473,2015-08-12,322.14
store_473,2015-08-13,322.75
store_473,2015-08-14,370.91
store_473,2015-08-15,397.06
store_473,2015-08-16,0.0
store_473,2015-08-17,451.28
store_473,2015-08-18,388.26
store_473,2015-08-19,376.135
store_473,2015-08-20,390.61
store_473,2015-08-21,418.255
store_473,2015-08-22,407.055
store_473,2015-08-23,0.0
store_473,2015-08-24,351.595
store_473,2015-08-25,315.205
store_473,2015-08-26,313.395
store_473,2015-08-27,327.855
store_473,2015-08-28,368.175
store_473,2015-08-29,399.775
store_473,2015-08-30,0.0
store_474,2015-07-20,517.235
store_474,2015-07-21,434.95
store_474,2015-07-22,434.365
store_474,2015-07-23,466.625
store_474,2015-07-24,478.54
store_474,2015-07-25,474.275
store_474,2015-07-26,0.0
store_474,2015-07-27,644.37
store_474,2015-07-28,541.7
store_474,2015-07-29,525.41
store_474,2015-07-30,541.495
store_474,2015-07-31,540.235
store_474,2015-08-01,481.21
store_474,2015-08-02,0.0
store_474,2015-08-03,698.04
store_474,2015-08-04,552.06
store_474,2015-08-05,513.455
store_474,2015-08-06,519.895
store_474,2015-08-07,520.16
store_474,2015-08-08,473.205
store_474,2015-08-09,0.0
store_474,2015-08-10,555.39
store_474,2015-08-11,503.065
store_474,2015-08-12,474.12
store_474,2015-08-13,478.47
store_474,2015-08-14,498.705
store_474,2015-08-15,467.495
store_474,2015-08-16,0.0
store_474,2015-08-17,678.71
store_474,2015-08-18,588.555
store_474,2015-08-19,581.635
store_474,2015-08-20,562.42
store_474,2015-08-21,563.73
store_474,2015-08-22,488.88
store_474,2015-08-23,0.0
store_474,2015-08-24,551.03
store_474,2015-08-25,486.805
store_474,2015-08-26,483.585
store_474,2015-08-27,488.37
store_474,2015-08-28,508.085
store_474,2015-08-29,484.225
store_474,2015-08-30,0.0
store_475,2015-07-20,640.685
store_475,2015-07-21,607.72
store_475,2015-07-22,580.365
store_475,2015-07-23,605.675
store_475,2015-07-24,634.49
store_475,2015-07-25,529.78
store_475,2015-07-26,0.0
store_475,2015-07-27,820.51
store_475,2015-07-28,800.565
store_475,2015-07-29,759.485
store_475,2015-07-30,775.065
store_475,2015-07-31,775.23
store_475,2015-08-01,554.94
store_475,2015-08-02,0.0
store_475,2015-08-03,891.17
store_475,2015-08-04,781.62
store_475,2015-08-05,717.23
store_475,2015-08-06,711.115
store_475,2015-08-07,723.15
store_475,2015-08-08,553.135
store_475,2015-08-09,0.0
store_475,2015-08-10,712.085
store_475,2015-08-11,668.635
store_475,2015-08-12,640.645
store_475,2015-08-13,630.68
store_475,2015-08-14,652.565
store_475,2015-08-15,548.32
store_475,2015-08-16,0.0
store_475,2015-08-17,906.215
store_475,2015-08-18,808.27
store_475,2015-08-19,751.89
store_475,2015-08-20,741.305
store_475,2015-08-21,740.715
store_475,2015-08-22,568.36
store_475,2015-08-23,0.0
store_475,2015-08-24,706.955
store_475,2015-08-25,626.855
store_475,2015-08-26,607.08
store_475,2015-08-27,629.495
store_475,2015-08-28,668.505
store_475,2015-08-29,542.82
store_475,2015-08-30,0.0
store_476,2015-07-20,590.43
store_476,2015-07-21,533.375
store_476,2015-07-22,515.89
store_476,2015-07-23,530.155
store_476,2015-07-24,534.84
store_476,2015-07-25,588.72
store_476,2015-07-26,0.0
store_476,2015-07-27,755.21
store_476,2015-07-28,666.675
store_476,2015-07-29,634.96
store_476,2015-07-30,646.055
store_476,2015-07-31,618.75
store_476,2015-08-01,595.8
store_476,2015-08-02,0.0
store_476,2015-08-03,795.735
store_476,2015-08-04,667.725
store_476,2015-08-05,606.0
store_476,2015-08-06,589.585
store_476,2015-08-07,573.875
store_476,2015-08-08,574.87
store_476,2015-08-09,0.0
store_476,2015-08-10,611.02
store_476,2015-08-11,547.67
store_476,2015-08-12,554.925
store_476,2015-08-13,551.735
store_476,2015-08-14,569.665
store_476,2015-08-15,583.265
store_476,2015-08-16,0.0
store_476,2015-08-17,800.29
store_476,2015-08-18,684.905
store_476,2015-08-19,655.01
store_476,2015-08-20,653.18
store_476,2015-08-21,643.52
store_476,2015-08-22,607.51
store_476,2015-08-23,0.0
store_476,2015-08-24,688.01
store_476,2015-08-25,603.42
store_476,2015-08-26,585.98
store_476,2015-08-27,579.86
store_476,2015-08-28,589.35
store_476,2015-08-29,582.99
store_476,2015-08-30,0.0
store_477,2015-07-20,500.715
store_477,2015-07-21,468.73
store_477,2015-07-22,455.23
store_477,2015-07-23,464.48
store_477,2015-07-24,473.205
store_477,2015-07-25,384.415
store_477,2015-07-26,0.0
store_477,2015-07-27,563.29
store_477,2015-07-28,524.41
store_477,2015-07-29,507.275
store_477,2015-07-30,519.51
store_477,2015-07-31,514.34
store_477,2015-08-01,383.795
store_477,2015-08-02,0.0
store_477,2015-08-03,546.04
store_477,2015-08-04,511.69
store_477,2015-08-05,480.125
store_477,2015-08-06,487.075
store_477,2015-08-07,494.145
store_477,2015-08-08,377.13
store_477,2015-08-09,0.0
store_477,2015-08-10,497.965
store_477,2015-08-11,477.925
store_477,2015-08-12,456.87
store_477,2015-08-13,461.85
store_477,2015-08-14,475.435
store_477,2015-08-15,378.015
store_477,2015-08-16,0.0
store_477,2015-08-17,548.53
store_477,2015-08-18,512.0
store_477,2015-08-19,491.22
store_477,2015-08-20,512.58
store_477,2015-08-21,531.3
store_477,2015-08-22,364.45
store_477,2015-08-23,0.0
store_477,2015-08-24,535.65
store_477,2015-08-25,492.8
store_477,2015-08-26,479.83
store_477,2015-08-27,461.615
store_477,2015-08-28,475.845
store_477,2015-08-29,365.535
store_477,2015-08-30,0.0
store_478,2015-07-20,649.0
store_478,2015-07-21,572.07
store_478,2015-07-22,592.38
store_478,2015-07-23,604.66
store_478,2015-07-24,663.545
store_478,2015-07-25,729.215
store_478,2015-07-26,0.0
store_478,2015-07-27,806.075
store_478,2015-07-28,689.31
store_478,2015-07-29,678.45
store_478,2015-07-30,700.465
store_478,2015-07-31,753.135
store_478,2015-08-01,719.035
store_478,2015-08-02,0.0
store_478,2015-08-03,867.125
store_478,2015-08-04,710.965
store_478,2015-08-05,677.1
store_478,2015-08-06,679.01
store_478,2015-08-07,725.94
store_478,2015-08-08,712.255
store_478,2015-08-09,0.0
store_478,2015-08-10,656.315
store_478,2015-08-11,582.995
store_478,2015-08-12,584.935
store_478,2015-08-13,607.32
store_478,2015-08-14,682.955
store_478,2015-08-15,704.085
store_478,2015-08-16,0.0
store_478,2015-08-17,870.955
store_478,2015-08-18,726.21
store_478,2015-08-19,701.74
store_478,2015-08-20,724.13
store_478,2015-08-21,762.85
store_478,2015-08-22,720.83
store_478,2015-08-23,0.0
store_478,2015-08-24,639.66
store_478,2015-08-25,576.475
store_478,2015-08-26,575.905
store_478,2015-08-27,608.275
store_478,2015-08-28,673.045
store_478,2015-08-29,707.655
store_478,2015-08-30,0.0
store_479,2015-07-20,782.28
store_479,2015-07-21,754.145
store_479,2015-07-22,686.155
store_479,2015-07-23,752.745
store_479,2015-07-24,762.115
store_479,2015-07-25,692.08
store_479,2015-07-26,0.0
store_479,2015-07-27,1032.21
store_479,2015-07-28,916.485
store_479,2015-07-29,894.75
store_479,2015-07-30,916.23
store_479,2015-07-31,898.93
store_479,2015-08-01,729.675
store_479,2015-08-02,0.0
store_479,2015-08-03,1086.65
store_479,2015-08-04,936.625
store_479,2015-08-05,850.85
store_479,2015-08-06,836.775
store_479,2015-08-07,802.31
store_479,2015-08-08,692.355
store_479,2015-08-09,0.0
store_479,2015-08-10,883.995
store_479,2015-08-11,817.685
store_479,2015-08-12,788.44
store_479,2015-08-13,791.32
store_479,2015-08-14,819.535
store_479,2015-08-15,708.11
store_479,2015-08-16,0.0
store_479,2015-08-17,1127.59
store_479,2015-08-18,1009.005
store_479,2015-08-19,929.205
store_479,2015-08-20,912.155
store_479,2015-08-21,905.81
store_479,2015-08-22,727.395
store_479,2015-08-23,0.0
store_479,2015-08-24,925.535
store_479,2015-08-25,851.465
store_479,2015-08-26,797.07
store_479,2015-08-27,789.94
store_479,2015-08-28,832.105
store_479,2015-08-29,722.24
store_479,2015-08-30,0.0
store_48,2015-07-20,640.185
store_48,2015-07-21,539.945
store_48,2015-07-22,557.15
store_48,2015-07-23,563.93
store_48,2015-07-24,597.665
store_48,2015-07-25,629.35
store_48,2015-07-26,0.0
store_48,2015-07-27,859.65
store_48,2015-07-28,749.14
store_48,2015-07-29,697.125
store_48,2015-07-30,687.135
store_48,2015-07-31,697.39
store_48,2015-08-01,627.62
store_48,2015-08-02,0.0
store_48,2015-08-03,885.61
store_48,2015-08-04,713.035
store_48,2015-08-05,672.6
store_48,2015-08-06,653.895
store_48,2015-08-07,641.01
store_48,2015-08-08,627.32
store_48,2015-08-09,0.0
store_48,2015-08-10,639.805
store_48,2015-08-11,590.3
store_48,2015-08-12,588.665
store_48,2015-08-13,596.08
store_48,2015-08-14,612.585
store_48,2015-08-15,640.67
store_48,2015-08-16,0.0
store_48,2015-08-17,899.605
store_48,2015-08-18,738.085
store_48,2015-08-19,706.935
store_48,2015-08-20,683.355
store_48,2015-08-21,694.665
store_48,2015-08-22,632.245
store_48,2015-08-23,0.0
store_48,2015-08-24,639.225
store_48,2015-08-25,576.215
store_48,2015-08-26,569.75
store_48,2015-08-27,582.345
store_48,2015-08-28,619.105
store_48,2015-08-29,638.03
store_48,2015-08-30,0.0
store_480,2015-07-20,625.535
store_480,2015-07-21,561.215
store_480,2015-07-22,562.4
store_480,2015-07-23,591.195
store_480,2015-07-24,615.465
store_480,2015-07-25,459.22
store_480,2015-07-26,0.0
store_480,2015-07-27,815.495
store_480,2015-07-28,693.355
store_480,2015-07-29,671.37
store_480,2015-07-30,717.77
store_480,2015-07-31,749.295
store_480,2015-08-01,480.375
store_480,2015-08-02,0.0
store_480,2015-08-03,848.415
store_480,2015-08-04,710.265
store_480,2015-08-05,680.32
store_480,2015-08-06,685.89
store_480,2015-08-07,691.41
store_480,2015-08-08,474.55
store_480,2015-08-09,0.0
store_480,2015-08-10,613.025
store_480,2015-08-11,566.465
store_480,2015-08-12,581.545
store_480,2015-08-13,611.235
store_480,2015-08-14,643.725
store_480,2015-08-15,488.265
store_480,2015-08-16,0.0
store_480,2015-08-17,852.215
store_480,2015-08-18,723.485
store_480,2015-08-19,689.83
store_480,2015-08-20,715.29
store_480,2015-08-21,747.03
store_480,2015-08-22,512.96
store_480,2015-08-23,0.0
store_480,2015-08-24,708.05
store_480,2015-08-25,617.995
store_480,2015-08-26,623.56
store_480,2015-08-27,649.69
store_480,2015-08-28,665.67
store_480,2015-08-29,518.825
store_480,2015-08-30,0.0
store_481,2015-07-20,430.755
store_481,2015-07-21,369.555
store_481,2015-07-22,377.735
store_481,2015-07-23,383.76
store_481,2015-07-24,372.15
store_481,2015-07-25,367.565
store_481,2015-07-26,0.0
store_481,2015-07-27,616.685
store_481,2015-07-28,511.61
store_481,2015-07-29,501.95
store_481,2015-07-30,496.66
store_481,2015-07-31,486.56
store_481,2015-08-01,404.78
store_481,2015-08-02,0.0
store_481,2015-08-03,637.67
store_481,2015-08-04,515.075
store_481,2015-08-05,479.765
store_481,2015-08-06,478.27
store_481,2015-08-07,477.505
store_481,2015-08-08,395.03
store_481,2015-08-09,0.0
store_481,2015-08-10,453.025
store_481,2015-08-11,403.355
store_481,2015-08-12,408.58
store_481,2015-08-13,427.265
store_481,2015-08-14,453.02
store_481,2015-08-15,410.38
store_481,2015-08-16,0.0
store_481,2015-08-17,615.53
store_481,2015-08-18,506.325
store_481,2015-08-19,492.77
store_481,2015-08-20,507.375
store_481,2015-08-21,509.97
store_481,2015-08-22,420.345
store_481,2015-08-23,0.0
store_481,2015-08-24,440.39
store_481,2015-08-25,386.13
store_481,2015-08-26,399.755
store_481,2015-08-27,428.255
store_481,2015-08-28,449.7
store_481,2015-08-29,437.06
store_481,2015-08-30,0.0
store_482,2015-07-20,382.96
store_482,2015-07-21,325.24
store_482,2015-07-22,377.005
store_482,2015-07-23,375.21
store_482,2015-07-24,361.38
store_482,2015-07-25,362.05
store_482,2015-07-26,0.0
store_482,2015-07-27,558.165
store_482,2015-07-28,484.27
store_482,2015-07-29,490.645
store_482,2015-07-30,471.02
store_482,2015-07-31,457.885
store_482,2015-08-01,378.13
store_482,2015-08-02,0.0
store_482,2015-08-03,589.61
store_482,2015-08-04,480.335
store_482,2015-08-05,454.365
store_482,2015-08-06,477.475
store_482,2015-08-07,463.82
store_482,2015-08-08,366.975
store_482,2015-08-09,0.0
store_482,2015-08-10,414.715
store_482,2015-08-11,382.2
store_482,2015-08-12,374.9
store_482,2015-08-13,391.655
store_482,2015-08-14,418.45
store_482,2015-08-15,367.905
store_482,2015-08-16,0.0
store_482,2015-08-17,579.73
store_482,2015-08-18,508.555
store_482,2015-08-19,491.615
store_482,2015-08-20,485.27
store_482,2015-08-21,481.96
store_482,2015-08-22,368.765
store_482,2015-08-23,0.0
store_482,2015-08-24,384.24
store_482,2015-08-25,363.265
store_482,2015-08-26,380.89
store_482,2015-08-27,406.335
store_482,2015-08-28,419.99
store_482,2015-08-29,371.155
store_482,2015-08-30,0.0
store_483,2015-07-20,612.225
store_483,2015-07-21,579.205
store_483,2015-07-22,565.225
store_483,2015-07-23,619.045
store_483,2015-07-24,605.61
store_483,2015-07-25,410.83
store_483,2015-07-26,0.0
store_483,2015-07-27,803.005
store_483,2015-07-28,705.83
store_483,2015-07-29,698.33
store_483,2015-07-30,726.025
store_483,2015-07-31,711.895
store_483,2015-08-01,438.575
store_483,2015-08-02,0.0
store_483,2015-08-03,844.8
store_483,2015-08-04,730.76
store_483,2015-08-05,682.57
store_483,2015-08-06,698.585
store_483,2015-08-07,670.77
store_483,2015-08-08,421.25
store_483,2015-08-09,0.0
store_483,2015-08-10,659.605
store_483,2015-08-11,604.78
store_483,2015-08-12,595.01
store_483,2015-08-13,613.6
store_483,2015-08-14,629.085
store_483,2015-08-15,427.65
store_483,2015-08-16,0.0
store_483,2015-08-17,867.965
store_483,2015-08-18,740.47
store_483,2015-08-19,705.255
store_483,2015-08-20,706.115
store_483,2015-08-21,704.85
store_483,2015-08-22,423.515
store_483,2015-08-23,0.0
store_483,2015-08-24,651.6
store_483,2015-08-25,608.235
store_483,2015-08-26,592.88
store_483,2015-08-27,626.615
store_483,2015-08-28,639.21
store_483,2015-08-29,426.27
store_483,2015-08-30,0.0
store_484,2015-07-20,857.335
store_484,2015-07-21,767.545
store_484,2015-07-22,705.325
store_484,2015-07-23,751.94
store_484,2015-07-24,746.93
store_484,2015-07-25,767.79
store_484,2015-07-26,0.0
store_484,2015-07-27,1018.3
store_484,2015-07-28,907.62
store_484,2015-07-29,863.93
store_484,2015-07-30,905.175
store_484,2015-07-31,891.08
store_484,2015-08-01,784.97
store_484,2015-08-02,0.0
store_484,2015-08-03,1100.685
store_484,2015-08-04,947.0
store_484,2015-08-05,849.66
store_484,2015-08-06,830.675
store_484,2015-08-07,824.815
store_484,2015-08-08,777.62
store_484,2015-08-09,0.0
store_484,2015-08-10,885.515
store_484,2015-08-11,817.37
store_484,2015-08-12,789.575
store_484,2015-08-13,793.815
store_484,2015-08-14,804.96
store_484,2015-08-15,784.075
store_484,2015-08-16,0.0
store_484,2015-08-17,1100.535
store_484,2015-08-18,985.25
store_484,2015-08-19,908.7
store_484,2015-08-20,922.02
store_484,2015-08-21,903.21
store_484,2015-08-22,789.03
store_484,2015-08-23,0.0
store_484,2015-08-24,950.725
store_484,2015-08-25,863.905
store_484,2015-08-26,796.135
store_484,2015-08-27,788.26
store_484,2015-08-28,797.115
store_484,2015-08-29,774.775
store_484,2015-08-30,0.0
store_485,2015-07-20,413.055
store_485,2015-07-21,368.91
store_485,2015-07-22,384.395
store_485,2015-07-23,409.88
store_485,2015-07-24,414.73
store_485,2015-07-25,409.71
store_485,2015-07-26,0.0
store_485,2015-07-27,569.875
store_485,2015-07-28,491.52
store_485,2015-07-29,480.585
store_485,2015-07-30,476.775
store_485,2015-07-31,473.27
store_485,2015-08-01,429.12
store_485,2015-08-02,0.0
store_485,2015-08-03,616.075
store_485,2015-08-04,498.87
store_485,2015-08-05,461.49
store_485,2015-08-06,465.73
store_485,2015-08-07,464.2
store_485,2015-08-08,433.505
store_485,2015-08-09,0.0
store_485,2015-08-10,457.385
store_485,2015-08-11,401.445
store_485,2015-08-12,410.765
store_485,2015-08-13,427.705
store_485,2015-08-14,441.15
store_485,2015-08-15,426.635
store_485,2015-08-16,0.0
store_485,2015-08-17,620.27
store_485,2015-08-18,526.88
store_485,2015-08-19,501.355
store_485,2015-08-20,501.995
store_485,2015-08-21,496.06
store_485,2015-08-22,445.29
store_485,2015-08-23,0.0
store_485,2015-08-24,440.09
store_485,2015-08-25,385.325
store_485,2015-08-26,400.265
store_485,2015-08-27,417.905
store_485,2015-08-28,439.295
store_485,2015-08-29,433.4
store_485,2015-08-30,0.0
store_486,2015-07-20,477.72
store_486,2015-07-21,445.255
store_486,2015-07-22,447.33
store_486,2015-07-23,540.74
store_486,2015-07-24,538.325
store_486,2015-07-25,443.975
store_486,2015-07-26,0.0
store_486,2015-07-27,657.365
store_486,2015-07-28,577.86
store_486,2015-07-29,551.825
store_486,2015-07-30,572.485
store_486,2015-07-31,610.75
store_486,2015-08-01,452.475
store_486,2015-08-02,0.0
store_486,2015-08-03,682.645
store_486,2015-08-04,570.47
store_486,2015-08-05,541.965
store_486,2015-08-06,569.48
store_486,2015-08-07,574.745
store_486,2015-08-08,448.62
store_486,2015-08-09,0.0
store_486,2015-08-10,540.96
store_486,2015-08-11,495.86
store_486,2015-08-12,501.41
store_486,2015-08-13,518.735
store_486,2015-08-14,553.785
store_486,2015-08-15,453.58
store_486,2015-08-16,0.0
store_486,2015-08-17,658.37
store_486,2015-08-18,557.175
store_486,2015-08-19,554.995
store_486,2015-08-20,585.525
store_486,2015-08-21,608.71
store_486,2015-08-22,465.65
store_486,2015-08-23,0.0
store_486,2015-08-24,497.845
store_486,2015-08-25,459.595
store_486,2015-08-26,471.37
store_486,2015-08-27,501.11
store_486,2015-08-28,542.63
store_486,2015-08-29,471.715
store_486,2015-08-30,0.0
store_487,2015-07-20,501.685
store_487,2015-07-21,457.575
store_487,2015-07-22,441.22
store_487,2015-07-23,466.19
store_487,2015-07-24,472.15
store_487,2015-07-25,492.72
store_487,2015-07-26,0.0
store_487,2015-07-27,642.635
store_487,2015-07-28,564.575
store_487,2015-07-29,533.675
store_487,2015-07-30,540.14
store_487,2015-07-31,548.315
store_487,2015-08-01,497.53
store_487,2015-08-02,0.0
store_487,2015-08-03,707.185
store_487,2015-08-04,582.73
store_487,2015-08-05,530.925
store_487,2015-08-06,514.63
store_487,2015-08-07,504.595
store_487,2015-08-08,483.335
store_487,2015-08-09,0.0
store_487,2015-08-10,550.575
store_487,2015-08-11,516.6
store_487,2015-08-12,492.075
store_487,2015-08-13,484.37
store_487,2015-08-14,493.895
store_487,2015-08-15,489.935
store_487,2015-08-16,0.0
store_487,2015-08-17,684.55
store_487,2015-08-18,605.545
store_487,2015-08-19,565.32
store_487,2015-08-20,546.795
store_487,2015-08-21,547.71
store_487,2015-08-22,503.265
store_487,2015-08-23,0.0
store_487,2015-08-24,610.23
store_487,2015-08-25,537.84
store_487,2015-08-26,498.88
store_487,2015-08-27,489.37
store_487,2015-08-28,483.44
store_487,2015-08-29,498.28
store_487,2015-08-30,0.0
store_488,2015-07-20,476.04
store_488,2015-07-21,411.86
store_488,2015-07-22,423.295
store_488,2015-07-23,431.34
store_488,2015-07-24,435.68
store_488,2015-07-25,420.83
store_488,2015-07-26,0.0
store_488,2015-07-27,630.02
store_488,2015-07-28,548.42
store_488,2015-07-29,548.35
store_488,2015-07-30,524.32
store_488,2015-07-31,507.675
store_488,2015-08-01,440.17
store_488,2015-08-02,0.0
store_488,2015-08-03,656.12
store_488,2015-08-04,535.335
store_488,2015-08-05,498.65
store_488,2015-08-06,491.05
store_488,2015-08-07,498.29
store_488,2015-08-08,442.49
store_488,2015-08-09,0.0
store_488,2015-08-10,464.23
store_488,2015-08-11,432.485
store_488,2015-08-12,425.595
store_488,2015-08-13,448.65
store_488,2015-08-14,467.195
store_488,2015-08-15,443.145
store_488,2015-08-16,0.0
store_488,2015-08-17,662.44
store_488,2015-08-18,555.26
store_488,2015-08-19,521.965
store_488,2015-08-20,539.02
store_488,2015-08-21,536.95
store_488,2015-08-22,449.2
store_488,2015-08-23,0.0
store_488,2015-08-24,460.855
store_488,2015-08-25,411.07
store_488,2015-08-26,431.4
store_488,2015-08-27,445.91
store_488,2015-08-28,481.905
store_488,2015-08-29,463.695
store_488,2015-08-30,0.0
store_489,2015-07-20,909.975
store_489,2015-07-21,832.535
store_489,2015-07-22,836.05
store_489,2015-07-23,831.135
store_489,2015-07-24,861.06
store_489,2015-07-25,1014.23
store_489,2015-07-26,0.0
store_489,2015-07-27,1105.59
store_489,2015-07-28,1023.965
store_489,2015-07-29,983.915
store_489,2015-07-30,981.81
store_489,2015-07-31,975.615
store_489,2015-08-01,977.75
store_489,2015-08-02,0.0
store_489,2015-08-03,1165.615
store_489,2015-08-04,1005.485
store_489,2015-08-05,964.59
store_489,2015-08-06,921.655
store_489,2015-08-07,896.47
store_489,2015-08-08,971.095
store_489,2015-08-09,0.0
store_489,2015-08-10,957.31
store_489,2015-08-11,873.345
store_489,2015-08-12,861.035
store_489,2015-08-13,863.715
store_489,2015-08-14,857.76
store_489,2015-08-15,939.795
store_489,2015-08-16,0.0
store_489,2015-08-17,1166.085
store_489,2015-08-18,1037.58
store_489,2015-08-19,965.57
store_489,2015-08-20,965.75
store_489,2015-08-21,948.555
store_489,2015-08-22,905.73
store_489,2015-08-23,0.0
store_489,2015-08-24,896.26
store_489,2015-08-25,818.915
store_489,2015-08-26,864.465
store_489,2015-08-27,864.07
store_489,2015-08-28,854.95
store_489,2015-08-29,891.395
store_489,2015-08-30,0.0
store_49,2015-07-20,557.56
store_49,2015-07-21,497.1
store_49,2015-07-22,501.72
store_49,2015-07-23,514.4
store_49,2015-07-24,558.195
store_49,2015-07-25,438.935
store_49,2015-07-26,0.0
store_49,2015-07-27,717.685
store_49,2015-07-28,653.28
store_49,2015-07-29,603.095
store_49,2015-07-30,618.36
store_49,2015-07-31,628.51
store_49,2015-08-01,459.43
store_49,2015-08-02,0.0
store_49,2015-08-03,765.02
store_49,2015-08-04,628.465
store_49,2015-08-05,595.215
store_49,2015-08-06,594.53
store_49,2015-08-07,598.48
store_49,2015-08-08,438.155
store_49,2015-08-09,0.0
store_49,2015-08-10,585.315
store_49,2015-08-11,543.99
store_49,2015-08-12,528.145
store_49,2015-08-13,530.855
store_49,2015-08-14,529.615
store_49,2015-08-15,436.83
store_49,2015-08-16,0.0
store_49,2015-08-17,764.87
store_49,2015-08-18,644.845
store_49,2015-08-19,613.625
store_49,2015-08-20,601.975
store_49,2015-08-21,608.125
store_49,2015-08-22,446.31
store_49,2015-08-23,0.0
store_49,2015-08-24,575.985
store_49,2015-08-25,531.4
store_49,2015-08-26,512.655
store_49,2015-08-27,529.325
store_49,2015-08-28,532.2
store_49,2015-08-29,444.555
store_49,2015-08-30,0.0
store_490,2015-07-20,726.245
store_490,2015-07-21,632.78
store_490,2015-07-22,659.345
store_490,2015-07-23,674.45
store_490,2015-07-24,674.87
store_490,2015-07-25,544.265
store_490,2015-07-26,0.0
store_490,2015-07-27,974.73
store_490,2015-07-28,859.345
store_490,2015-07-29,844.54
store_490,2015-07-30,895.99
store_490,2015-07-31,878.72
store_490,2015-08-01,603.97
store_490,2015-08-02,0.0
store_490,2015-08-03,1012.54
store_490,2015-08-04,838.26
store_490,2015-08-05,783.87
store_490,2015-08-06,794.16
store_490,2015-08-07,788.615
store_490,2015-08-08,580.26
store_490,2015-08-09,0.0
store_490,2015-08-10,795.315
store_490,2015-08-11,734.465
store_490,2015-08-12,685.18
store_490,2015-08-13,716.525
store_490,2015-08-14,744.1
store_490,2015-08-15,555.04
store_490,2015-08-16,0.0
store_490,2015-08-17,1007.895
store_490,2015-08-18,882.8
store_490,2015-08-19,829.415
store_490,2015-08-20,846.31
store_490,2015-08-21,858.655
store_490,2015-08-22,575.41
store_490,2015-08-23,0.0
store_490,2015-08-24,763.135
store_490,2015-08-25,697.175
store_490,2015-08-26,707.235
store_490,2015-08-27,718.615
store_490,2015-08-28,759.87
store_490,2015-08-29,584.95
store_490,2015-08-30,0.0
store_491,2015-07-20,438.08
store_491,2015-07-21,395.765
store_491,2015-07-22,412.715
store_491,2015-07-23,420.635
store_491,2015-07-24,471.385
store_491,2015-07-25,466.565
store_491,2015-07-26,0.0
store_491,2015-07-27,588.475
store_491,2015-07-28,495.715
store_491,2015-07-29,493.005
store_491,2015-07-30,514.97
store_491,2015-07-31,545.605
store_491,2015-08-01,496.275
store_491,2015-08-02,0.0
store_491,2015-08-03,623.44
store_491,2015-08-04,513.865
store_491,2015-08-05,480.03
store_491,2015-08-06,481.635
store_491,2015-08-07,495.77
store_491,2015-08-08,465.885
store_491,2015-08-09,0.0
store_491,2015-08-10,474.2
store_491,2015-08-11,442.03
store_491,2015-08-12,445.495
store_491,2015-08-13,450.095
store_491,2015-08-14,478.245
store_491,2015-08-15,487.56
store_491,2015-08-16,0.0
store_491,2015-08-17,631.175
store_491,2015-08-18,537.395
store_491,2015-08-19,508.38
store_491,2015-08-20,524.945
store_491,2015-08-21,541.12
store_491,2015-08-22,488.615
store_491,2015-08-23,0.0
store_491,2015-08-24,476.72
store_491,2015-08-25,428.675
store_491,2015-08-26,434.025
store_491,2015-08-27,458.875
store_491,2015-08-28,481.655
store_491,2015-08-29,462.005
store_491,2015-08-30,0.0
store_492,2015-07-20,688.605
store_492,2015-07-21,631.915
store_492,2015-07-22,623.18
store_492,2015-07-23,624.295
store_492,2015-07-24,617.08
store_492,2015-07-25,575.36
store_492,2015-07-26,0.0
store_492,2015-07-27,865.945
store_492,2015-07-28,756.065
store_492,2015-07-29,740.81
store_492,2015-07-30,750.345
store_492,2015-07-31,726.82
store_492,2015-08-01,607.475
store_492,2015-08-02,0.0
store_492,2015-08-03,900.375
store_492,2015-08-04,787.815
store_492,2015-08-05,719.15
store_492,2015-08-06,705.155
store_492,2015-08-07,676.35
store_492,2015-08-08,585.05
store_492,2015-08-09,0.0
store_492,2015-08-10,719.49
store_492,2015-08-11,665.96
store_492,2015-08-12,636.96
store_492,2015-08-13,645.445
store_492,2015-08-14,633.065
store_492,2015-08-15,587.04
store_492,2015-08-16,0.0
store_492,2015-08-17,891.38
store_492,2015-08-18,808.16
store_492,2015-08-19,744.465
store_492,2015-08-20,748.92
store_492,2015-08-21,714.725
store_492,2015-08-22,578.825
store_492,2015-08-23,0.0
store_492,2015-08-24,696.985
store_492,2015-08-25,634.57
store_492,2015-08-26,612.825
store_492,2015-08-27,627.76
store_492,2015-08-28,646.31
store_492,2015-08-29,559.54
store_492,2015-08-30,0.0
store_493,2015-07-20,687.455
store_493,2015-07-21,617.595
store_493,2015-07-22,583.81
store_493,2015-07-23,609.125
store_493,2015-07-24,608.02
store_493,2015-07-25,511.795
store_493,2015-07-26,0.0
store_493,2015-07-27,839.095
store_493,2015-07-28,739.155
store_493,2015-07-29,695.715
store_493,2015-07-30,695.315
store_493,2015-07-31,697.645
store_493,2015-08-01,534.305
store_493,2015-08-02,0.0
store_493,2015-08-03,864.575
store_493,2015-08-04,733.855
store_493,2015-08-05,683.235
store_493,2015-08-06,666.98
store_493,2015-08-07,658.11
store_493,2015-08-08,532.935
store_493,2015-08-09,0.0
store_493,2015-08-10,699.855
store_493,2015-08-11,637.02
store_493,2015-08-12,628.575
store_493,2015-08-13,635.37
store_493,2015-08-14,635.225
store_493,2015-08-15,532.025
store_493,2015-08-16,0.0
store_493,2015-08-17,874.135
store_493,2015-08-18,745.245
store_493,2015-08-19,710.0
store_493,2015-08-20,721.13
store_493,2015-08-21,702.96
store_493,2015-08-22,533.25
store_493,2015-08-23,0.0
store_493,2015-08-24,701.175
store_493,2015-08-25,634.17
store_493,2015-08-26,602.745
store_493,2015-08-27,625.575
store_493,2015-08-28,642.69
store_493,2015-08-29,538.965
store_493,2015-08-30,0.0
store_494,2015-07-20,565.53
store_494,2015-07-21,534.635
store_494,2015-07-22,533.435
store_494,2015-07-23,573.05
store_494,2015-07-24,565.83
store_494,2015-07-25,452.02
store_494,2015-07-26,0.0
store_494,2015-07-27,768.925
store_494,2015-07-28,663.685
store_494,2015-07-29,646.865
store_494,2015-07-30,663.84
store_494,2015-07-31,670.2
store_494,2015-08-01,475.21
store_494,2015-08-02,0.0
store_494,2015-08-03,787.19
store_494,2015-08-04,667.7
store_494,2015-08-05,605.885
store_494,2015-08-06,626.815
store_494,2015-08-07,616.835
store_494,2015-08-08,485.85
store_494,2015-08-09,0.0
store_494,2015-08-10,597.835
store_494,2015-08-11,542.285
store_494,2015-08-12,532.87
store_494,2015-08-13,539.865
store_494,2015-08-14,551.59
store_494,2015-08-15,488.5
store_494,2015-08-16,0.0
store_494,2015-08-17,788.72
store_494,2015-08-18,684.97
store_494,2015-08-19,648.57
store_494,2015-08-20,655.88
store_494,2015-08-21,657.475
store_494,2015-08-22,542.085
store_494,2015-08-23,0.0
store_494,2015-08-24,691.355
store_494,2015-08-25,615.825
store_494,2015-08-26,586.97
store_494,2015-08-27,574.31
store_494,2015-08-28,568.42
store_494,2015-08-29,512.04
store_494,2015-08-30,0.0
store_495,2015-07-20,634.1
store_495,2015-07-21,560.825
store_495,2015-07-22,541.06
store_495,2015-07-23,561.635
store_495,2015-07-24,546.64
store_495,2015-07-25,485.06
store_495,2015-07-26,0.0
store_495,2015-07-27,787.92
store_495,2015-07-28,689.98
store_495,2015-07-29,658.76
store_495,2015-07-30,669.46
store_495,2015-07-31,658.49
store_495,2015-08-01,510.515
store_495,2015-08-02,0.0
store_495,2015-08-03,864.805
store_495,2015-08-04,720.12
store_495,2015-08-05,652.54
store_495,2015-08-06,636.21
store_495,2015-08-07,611.355
store_495,2015-08-08,508.185
store_495,2015-08-09,0.0
store_495,2015-08-10,623.73
store_495,2015-08-11,567.9
store_495,2015-08-12,572.935
store_495,2015-08-13,574.91
store_495,2015-08-14,578.515
store_495,2015-08-15,458.845
store_495,2015-08-16,0.0
store_495,2015-08-17,867.36
store_495,2015-08-18,726.38
store_495,2015-08-19,683.22
store_495,2015-08-20,696.505
store_495,2015-08-21,681.81
store_495,2015-08-22,488.64
store_495,2015-08-23,0.0
store_495,2015-08-24,602.53
store_495,2015-08-25,533.275
store_495,2015-08-26,558.49
store_495,2015-08-27,574.535
store_495,2015-08-28,581.74
store_495,2015-08-29,475.37
store_495,2015-08-30,0.0
store_496,2015-07-20,512.095
store_496,2015-07-21,481.2
store_496,2015-07-22,472.68
store_496,2015-07-23,493.53
store_496,2015-07-24,483.995
store_496,2015-07-25,403.0
store_496,2015-07-26,0.0
store_496,2015-07-27,659.32
store_496,2015-07-28,582.345
store_496,2015-07-29,567.045
store_496,2015-07-30,569.225
store_496,2015-07-31,562.33
store_496,2015-08-01,411.38
store_496,2015-08-02,0.0
store_496,2015-08-03,680.48
store_496,2015-08-04,571.355
store_496,2015-08-05,543.755
store_496,2015-08-06,565.4
store_496,2015-08-07,550.59
store_496,2015-08-08,407.14
store_496,2015-08-09,0.0
store_496,2015-08-10,526.5
store_496,2015-08-11,502.18
store_496,2015-08-12,478.84
store_496,2015-08-13,490.885
store_496,2015-08-14,504.955
store_496,2015-08-15,406.685
store_496,2015-08-16,0.0
store_496,2015-08-17,644.215
store_496,2015-08-18,570.055
store_496,2015-08-19,541.565
store_496,2015-08-20,548.575
store_496,2015-08-21,540.695
store_496,2015-08-22,407.755
store_496,2015-08-23,0.0
store_496,2015-08-24,512.605
store_496,2015-08-25,481.115
store_496,2015-08-26,468.61
store_496,2015-08-27,475.8
store_496,2015-08-28,491.14
store_496,2015-08-29,407.535
store_496,2015-08-30,0.0
store_497,2015-07-20,601.47
store_497,2015-07-21,533.86
store_497,2015-07-22,516.375
store_497,2015-07-23,524.09
store_497,2015-07-24,544.525
store_497,2015-07-25,575.0
store_497,2015-07-26,0.0
store_497,2015-07-27,741.745
store_497,2015-07-28,665.47
store_497,2015-07-29,632.51
store_497,2015-07-30,647.48
store_497,2015-07-31,646.53
store_497,2015-08-01,588.595
store_497,2015-08-02,0.0
store_497,2015-08-03,754.27
store_497,2015-08-04,662.455
store_497,2015-08-05,613.8
store_497,2015-08-06,593.935
store_497,2015-08-07,580.445
store_497,2015-08-08,560.18
store_497,2015-08-09,0.0
store_497,2015-08-10,673.615
store_497,2015-08-11,612.205
store_497,2015-08-12,563.345
store_497,2015-08-13,541.955
store_497,2015-08-14,538.535
store_497,2015-08-15,562.11
store_497,2015-08-16,0.0
store_497,2015-08-17,788.665
store_497,2015-08-18,713.28
store_497,2015-08-19,681.135
store_497,2015-08-20,662.155
store_497,2015-08-21,659.785
store_497,2015-08-22,574.52
store_497,2015-08-23,0.0
store_497,2015-08-24,667.63
store_497,2015-08-25,610.615
store_497,2015-08-26,577.38
store_497,2015-08-27,571.39
store_497,2015-08-28,565.735
store_497,2015-08-29,560.55
store_497,2015-08-30,0.0
store_498,2015-07-20,570.45
store_498,2015-07-21,526.965
store_498,2015-07-22,511.745
store_498,2015-07-23,542.65
store_498,2015-07-24,582.77
store_498,2015-07-25,439.605
store_498,2015-07-26,0.0
store_498,2015-07-27,740.5
store_498,2015-07-28,645.95
store_498,2015-07-29,646.205
store_498,2015-07-30,656.71
store_498,2015-07-31,665.94
store_498,2015-08-01,453.93
store_498,2015-08-02,0.0
store_498,2015-08-03,775.505
store_498,2015-08-04,648.3
store_498,2015-08-05,610.72
store_498,2015-08-06,630.7
store_498,2015-08-07,632.77
store_498,2015-08-08,463.08
store_498,2015-08-09,0.0
store_498,2015-08-10,629.165
store_498,2015-08-11,572.475
store_498,2015-08-12,541.675
store_498,2015-08-13,564.12
store_498,2015-08-14,572.87
store_498,2015-08-15,460.86
store_498,2015-08-16,0.0
store_498,2015-08-17,787.875
store_498,2015-08-18,691.875
store_498,2015-08-19,658.415
store_498,2015-08-20,666.265
store_498,2015-08-21,645.155
store_498,2015-08-22,509.46
store_498,2015-08-23,0.0
store_498,2015-08-24,681.445
store_498,2015-08-25,608.56
store_498,2015-08-26,575.43
store_498,2015-08-27,587.45
store_498,2015-08-28,577.715
store_498,2015-08-29,468.875
store_498,2015-08-30,0.0
store_499,2015-07-20,940.81
store_499,2015-07-21,873.055
store_499,2015-07-22,884.74
store_499,2015-07-23,910.33
store_499,2015-07-24,909.27
store_499,2015-07-25,751.545
store_499,2015-07-26,0.0
store_499,2015-07-27,1143.135
store_499,2015-07-28,1043.01
store_499,2015-07-29,1071.47
store_499,2015-07-30,1091.985
store_499,2015-07-31,1032.975
store_499,2015-08-01,791.795
store_499,2015-08-02,0.0
store_499,2015-08-03,1170.02
store_499,2015-08-04,999.745
store_499,2015-08-05,994.89
store_499,2015-08-06,1004.43
store_499,2015-08-07,991.725
store_499,2015-08-08,780.775
store_499,2015-08-09,0.0
store_499,2015-08-10,944.2
store_499,2015-08-11,856.85
store_499,2015-08-12,885.03
store_499,2015-08-13,881.375
store_499,2015-08-14,902.905
store_499,2015-08-15,775.57
store_499,2015-08-16,0.0
store_499,2015-08-17,1166.05
store_499,2015-08-18,1035.29
store_499,2015-08-19,999.31
store_499,2015-08-20,1005.925
store_499,2015-08-21,1006.61
store_499,2015-08-22,801.335
store_499,2015-08-23,0.0
store_499,2015-08-24,862.465
store_499,2015-08-25,802.39
store_499,2015-08-26,819.97
store_499,2015-08-27,866.9
store_499,2015-08-28,889.995
store_499,2015-08-29,746.45
store_499,2015-08-30,0.0
store_5,2015-07-20,592.93
store_5,2015-07-21,544.26
store_5,2015-07-22,523.025
store_5,2015-07-23,535.5
store_5,2015-07-24,532.185
store_5,2015-07-25,495.255
store_5,2015-07-26,0.0
store_5,2015-07-27,754.515
store_5,2015-07-28,644.575
store_5,2015-07-29,630.22
store_5,2015-07-30,664.51
store_5,2015-07-31,634.89
store_5,2015-08-01,526.435
store_5,2015-08-02,0.0
store_5,2015-08-03,779.385
store_5,2015-08-04,648.345
store_5,2015-08-05,597.89
store_5,2015-08-06,620.78
store_5,2015-08-07,599.715
store_5,2015-08-08,503.875
store_5,2015-08-09,0.0
store_5,2015-08-10,650.66
store_5,2015-08-11,583.59
store_5,2015-08-12,552.06
store_5,2015-08-13,556.515
store_5,2015-08-14,553.865
store_5,2015-08-15,486.35
store_5,2015-08-16,0.0
store_5,2015-08-17,797.31
store_5,2015-08-18,694.15
store_5,2015-08-19,660.575
store_5,2015-08-20,666.905
store_5,2015-08-21,658.88
store_5,2015-08-22,494.84
store_5,2015-08-23,0.0
store_5,2015-08-24,647.815
store_5,2015-08-25,582.355
store_5,2015-08-26,549.635
store_5,2015-08-27,572.2
store_5,2015-08-28,580.07
store_5,2015-08-29,500.555
store_5,2015-08-30,0.0
store_50,2015-07-20,588.215
store_50,2015-07-21,498.77
store_50,2015-07-22,494.96
store_50,2015-07-23,515.13
store_50,2015-07-24,554.84
store_50,2015-07-25,621.41
store_50,2015-07-26,0.0
store_50,2015-07-27,759.075
store_50,2015-07-28,635.285
store_50,2015-07-29,616.095
store_50,2015-07-30,615.135
store_50,2015-07-31,633.98
store_50,2015-08-01,611.215
store_50,2015-08-02,0.0
store_50,2015-08-03,765.675
store_50,2015-08-04,630.16
store_50,2015-08-05,595.545
store_50,2015-08-06,601.1
store_50,2015-08-07,596.67
store_50,2015-08-08,593.44
store_50,2015-08-09,0.0
store_50,2015-08-10,581.965
store_50,2015-08-11,534.58
store_50,2015-08-12,538.97
store_50,2015-08-13,545.39
store_50,2015-08-14,557.34
store_50,2015-08-15,587.35
store_50,2015-08-16,0.0
store_50,2015-08-17,774.465
store_50,2015-08-18,653.445
store_50,2015-08-19,617.57
store_50,2015-08-20,624.835
store_50,2015-08-21,638.525
store_50,2015-08-22,590.985
store_50,2015-08-23,0.0
store_50,2015-08-24,581.605
store_50,2015-08-25,513.395
store_50,2015-08-26,521.92
store_50,2015-08-27,541.44
store_50,2015-08-28,584.785
store_50,2015-08-29,582.915
store_50,2015-08-30,0.0
store_500,2015-07-20,665.26
store_500,2015-07-21,597.695
store_500,2015-07-22,587.415
store_500,2015-07-23,626.345
store_500,2015-07-24,657.45
store_500,2015-07-25,463.44
store_500,2015-07-26,0.0
store_500,2015-07-27,795.255
store_500,2015-07-28,733.83
store_500,2015-07-29,714.27
store_500,2015-07-30,741.07
store_500,2015-07-31,756.645
store_500,2015-08-01,494.5
store_500,2015-08-02,0.0
store_500,2015-08-03,862.045
store_500,2015-08-04,713.57
store_500,2015-08-05,675.595
store_500,2015-08-06,701.495
store_500,2015-08-07,733.57
store_500,2015-08-08,475.065
store_500,2015-08-09,0.0
store_500,2015-08-10,689.545
store_500,2015-08-11,623.175
store_500,2015-08-12,608.31
store_500,2015-08-13,628.23
store_500,2015-08-14,686.105
store_500,2015-08-15,476.355
store_500,2015-08-16,0.0
store_500,2015-08-17,885.375
store_500,2015-08-18,757.67
store_500,2015-08-19,708.79
store_500,2015-08-20,716.8
store_500,2015-08-21,739.645
store_500,2015-08-22,506.005
store_500,2015-08-23,0.0
store_500,2015-08-24,718.05
store_500,2015-08-25,638.37
store_500,2015-08-26,618.38
store_500,2015-08-27,639.845
store_500,2015-08-28,655.93
store_500,2015-08-29,487.42
store_500,2015-08-30,0.0
store_501,2015-07-20,719.44
store_501,2015-07-21,678.585
store_501,2015-07-22,661.67
store_501,2015-07-23,695.355
store_501,2015-07-24,686.69
store_501,2015-07-25,771.255
store_501,2015-07-26,0.0
store_501,2015-07-27,912.235
store_501,2015-07-28,857.68
store_501,2015-07-29,843.485
store_501,2015-07-30,840.345
store_501,2015-07-31,803.095
store_501,2015-08-01,767.79
store_501,2015-08-02,0.0
store_501,2015-08-03,1004.62
store_501,2015-08-04,852.285
store_501,2015-08-05,808.16
store_501,2015-08-06,778.72
store_501,2015-08-07,769.69
store_501,2015-08-08,753.6
store_501,2015-08-09,0.0
store_501,2015-08-10,749.865
store_501,2015-08-11,688.37
store_501,2015-08-12,678.09
store_501,2015-08-13,672.805
store_501,2015-08-14,680.22
store_501,2015-08-15,715.28
store_501,2015-08-16,0.0
store_501,2015-08-17,1026.525
store_501,2015-08-18,886.79
store_501,2015-08-19,843.805
store_501,2015-08-20,815.12
store_501,2015-08-21,790.145
store_501,2015-08-22,699.28
store_501,2015-08-23,0.0
store_501,2015-08-24,750.78
store_501,2015-08-25,668.43
store_501,2015-08-26,688.76
store_501,2015-08-27,686.715
store_501,2015-08-28,717.45
store_501,2015-08-29,704.42
store_501,2015-08-30,0.0
store_502,2015-07-20,1421.37
store_502,2015-07-21,1310.025
store_502,2015-07-22,1298.06
store_502,2015-07-23,1395.05
store_502,2015-07-24,1302.02
store_502,2015-07-25,1149.29
store_502,2015-07-26,0.0
store_502,2015-07-27,1737.605
store_502,2015-07-28,1674.24
store_502,2015-07-29,1622.055
store_502,2015-07-30,1588.04
store_502,2015-07-31,1496.485
store_502,2015-08-01,1140.27
store_502,2015-08-02,0.0
store_502,2015-08-03,1869.675
store_502,2015-08-04,1646.45
store_502,2015-08-05,1555.035
store_502,2015-08-06,1517.89
store_502,2015-08-07,1481.425
store_502,2015-08-08,1140.775
store_502,2015-08-09,0.0
store_502,2015-08-10,1523.035
store_502,2015-08-11,1425.29
store_502,2015-08-12,1342.31
store_502,2015-08-13,1379.965
store_502,2015-08-14,1365.845
store_502,2015-08-15,1133.435
store_502,2015-08-16,0.0
store_502,2015-08-17,1975.145
store_502,2015-08-18,1780.685
store_502,2015-08-19,1602.435
store_502,2015-08-20,1560.375
store_502,2015-08-21,1482.98
store_502,2015-08-22,1138.275
store_502,2015-08-23,0.0
store_502,2015-08-24,1446.21
store_502,2015-08-25,1395.74
store_502,2015-08-26,1369.3
store_502,2015-08-27,1397.605
store_502,2015-08-28,1360.44
store_502,2015-08-29,1144.24
store_502,2015-08-30,0.0
store_503,2015-07-20,514.275
store_503,2015-07-21,458.185
store_503,2015-07-22,465.89
store_503,2015-07-23,478.59
store_503,2015-07-24,536.235
store_503,2015-07-25,578.24
store_503,2015-07-26,0.0
store_503,2015-07-27,694.67
store_503,2015-07-28,583.61
store_503,2015-07-29,555.85
store_503,2015-07-30,567.505
store_503,2015-07-31,595.08
store_503,2015-08-01,573.09
store_503,2015-08-02,0.0
store_503,2015-08-03,727.765
store_503,2015-08-04,595.76
store_503,2015-08-05,539.155
store_503,2015-08-06,549.565
store_503,2015-08-07,570.61
store_503,2015-08-08,567.595
store_503,2015-08-09,0.0
store_503,2015-08-10,537.87
store_503,2015-08-11,469.925
store_503,2015-08-12,461.705
store_503,2015-08-13,489.18
store_503,2015-08-14,512.38
store_503,2015-08-15,558.315
store_503,2015-08-16,0.0
store_503,2015-08-17,728.135
store_503,2015-08-18,608.98
store_503,2015-08-19,577.46
store_503,2015-08-20,574.235
store_503,2015-08-21,594.0
store_503,2015-08-22,575.555
store_503,2015-08-23,0.0
store_503,2015-08-24,499.7
store_503,2015-08-25,455.775
store_503,2015-08-26,453.63
store_503,2015-08-27,482.245
store_503,2015-08-28,513.655
store_503,2015-08-29,553.745
store_503,2015-08-30,0.0
store_504,2015-07-20,456.825
store_504,2015-07-21,427.51
store_504,2015-07-22,426.895
store_504,2015-07-23,443.815
store_504,2015-07-24,463.08
store_504,2015-07-25,471.73
store_504,2015-07-26,0.0
store_504,2015-07-27,630.895
store_504,2015-07-28,543.775
store_504,2015-07-29,530.94
store_504,2015-07-30,532.255
store_504,2015-07-31,536.74
store_504,2015-08-01,472.67
store_504,2015-08-02,0.0
store_504,2015-08-03,641.945
store_504,2015-08-04,531.92
store_504,2015-08-05,499.765
store_504,2015-08-06,508.865
store_504,2015-08-07,523.41
store_504,2015-08-08,491.445
store_504,2015-08-09,0.0
store_504,2015-08-10,486.365
store_504,2015-08-11,442.195
store_504,2015-08-12,428.835
store_504,2015-08-13,447.41
store_504,2015-08-14,487.695
store_504,2015-08-15,455.425
store_504,2015-08-16,0.0
store_504,2015-08-17,649.925
store_504,2015-08-18,548.51
store_504,2015-08-19,523.105
store_504,2015-08-20,529.585
store_504,2015-08-21,544.685
store_504,2015-08-22,478.775
store_504,2015-08-23,0.0
store_504,2015-08-24,492.87
store_504,2015-08-25,435.545
store_504,2015-08-26,447.425
store_504,2015-08-27,446.71
store_504,2015-08-28,503.425
store_504,2015-08-29,481.56
store_504,2015-08-30,0.0
store_505,2015-07-20,623.94
store_505,2015-07-21,559.79
store_505,2015-07-22,536.32
store_505,2015-07-23,538.435
store_505,2015-07-24,572.505
store_505,2015-07-25,460.98
store_505,2015-07-26,0.0
store_505,2015-07-27,815.275
store_505,2015-07-28,708.87
store_505,2015-07-29,708.975
store_505,2015-07-30,675.405
store_505,2015-07-31,672.82
store_505,2015-08-01,491.85
store_505,2015-08-02,0.0
store_505,2015-08-03,818.88
store_505,2015-08-04,701.335
store_505,2015-08-05,640.09
store_505,2015-08-06,621.11
store_505,2015-08-07,611.325
store_505,2015-08-08,469.805
store_505,2015-08-09,0.0
store_505,2015-08-10,666.335
store_505,2015-08-11,609.275
store_505,2015-08-12,576.6
store_505,2015-08-13,565.51
store_505,2015-08-14,563.805
store_505,2015-08-15,469.075
store_505,2015-08-16,0.0
store_505,2015-08-17,817.29
store_505,2015-08-18,717.6
store_505,2015-08-19,662.44
store_505,2015-08-20,655.155
store_505,2015-08-21,640.86
store_505,2015-08-22,485.695
store_505,2015-08-23,0.0
store_505,2015-08-24,622.485
store_505,2015-08-25,575.235
store_505,2015-08-26,559.995
store_505,2015-08-27,573.685
store_505,2015-08-28,581.435
store_505,2015-08-29,474.21
store_505,2015-08-30,0.0
store_506,2015-07-20,523.305
store_506,2015-07-21,497.48
store_506,2015-07-22,479.21
store_506,2015-07-23,488.365
store_506,2015-07-24,515.495
store_506,2015-07-25,278.08
store_506,2015-07-26,0.0
store_506,2015-07-27,648.415
store_506,2015-07-28,566.7
store_506,2015-07-29,533.88
store_506,2015-07-30,544.745
store_506,2015-07-31,574.43
store_506,2015-08-01,282.395
store_506,2015-08-02,0.0
store_506,2015-08-03,691.975
store_506,2015-08-04,592.6
store_506,2015-08-05,529.95
store_506,2015-08-06,540.67
store_506,2015-08-07,541.49
store_506,2015-08-08,286.82
store_506,2015-08-09,0.0
store_506,2015-08-10,548.54
store_506,2015-08-11,513.625
store_506,2015-08-12,506.41
store_506,2015-08-13,505.905
store_506,2015-08-14,520.17
store_506,2015-08-15,284.68
store_506,2015-08-16,0.0
store_506,2015-08-17,640.815
store_506,2015-08-18,582.22
store_506,2015-08-19,555.945
store_506,2015-08-20,577.21
store_506,2015-08-21,585.895
store_506,2015-08-22,283.045
store_506,2015-08-23,0.0
store_506,2015-08-24,452.57
store_506,2015-08-25,490.03
store_506,2015-08-26,484.99
store_506,2015-08-27,510.78
store_506,2015-08-28,522.045
store_506,2015-08-29,281.7
store_506,2015-08-30,0.0
store_507,2015-07-20,811.205
store_507,2015-07-21,862.04
store_507,2015-07-22,840.975
store_507,2015-07-23,869.8
store_507,2015-07-24,878.24
store_507,2015-07-25,561.56
store_507,2015-07-26,0.0
store_507,2015-07-27,1054.645
store_507,2015-07-28,1019.375
store_507,2015-07-29,1014.335
store_507,2015-07-30,992.385
store_507,2015-07-31,988.54
store_507,2015-08-01,618.445
store_507,2015-08-02,0.0
store_507,2015-08-03,1136.605
store_507,2015-08-04,1036.835
store_507,2015-08-05,945.725
store_507,2015-08-06,931.185
store_507,2015-08-07,917.125
store_507,2015-08-08,620.57
store_507,2015-08-09,0.0
store_507,2015-08-10,865.665
store_507,2015-08-11,856.665
store_507,2015-08-12,822.09
store_507,2015-08-13,828.065
store_507,2015-08-14,862.28
store_507,2015-08-15,603.61
store_507,2015-08-16,0.0
store_507,2015-08-17,1093.175
store_507,2015-08-18,1024.835
store_507,2015-08-19,942.475
store_507,2015-08-20,946.835
store_507,2015-08-21,952.95
store_507,2015-08-22,614.475
store_507,2015-08-23,0.0
store_507,2015-08-24,820.565
store_507,2015-08-25,763.895
store_507,2015-08-26,795.17
store_507,2015-08-27,835.715
store_507,2015-08-28,843.895
store_507,2015-08-29,607.25
store_507,2015-08-30,0.0
store_508,2015-07-20,428.73
store_508,2015-07-21,350.895
store_508,2015-07-22,396.38
store_508,2015-07-23,392.05
store_508,2015-07-24,390.085
store_508,2015-07-25,232.54
store_508,2015-07-26,0.0
store_508,2015-07-27,560.645
store_508,2015-07-28,469.405
store_508,2015-07-29,466.54
store_508,2015-07-30,458.62
store_508,2015-07-31,451.835
store_508,2015-08-01,240.475
store_508,2015-08-02,0.0
store_508,2015-08-03,560.925
store_508,2015-08-04,467.315
store_508,2015-08-05,452.995
store_508,2015-08-06,447.525
store_508,2015-08-07,449.81
store_508,2015-08-08,240.055
store_508,2015-08-09,0.0
store_508,2015-08-10,424.165
store_508,2015-08-11,389.64
store_508,2015-08-12,402.545
store_508,2015-08-13,409.425
store_508,2015-08-14,423.46
store_508,2015-08-15,242.815
store_508,2015-08-16,0.0
store_508,2015-08-17,597.76
store_508,2015-08-18,506.435
store_508,2015-08-19,486.585
store_508,2015-08-20,470.495
store_508,2015-08-21,472.59
store_508,2015-08-22,246.105
store_508,2015-08-23,0.0
store_508,2015-08-24,427.81
store_508,2015-08-25,388.15
store_508,2015-08-26,386.93
store_508,2015-08-27,400.05
store_508,2015-08-28,422.69
store_508,2015-08-29,238.675
store_508,2015-08-30,0.0
store_509,2015-07-20,341.965
store_509,2015-07-21,296.58
store_509,2015-07-22,302.075
store_509,2015-07-23,314.155
store_509,2015-07-24,367.87
store_509,2015-07-25,340.445
store_509,2015-07-26,0.0
store_509,2015-07-27,441.745
store_509,2015-07-28,371.61
store_509,2015-07-29,352.01
store_509,2015-07-30,376.455
store_509,2015-07-31,405.75
store_509,2015-08-01,353.66
store_509,2015-08-02,0.0
store_509,2015-08-03,454.58
store_509,2015-08-04,387.09
store_509,2015-08-05,364.755
store_509,2015-08-06,376.22
store_509,2015-08-07,388.22
store_509,2015-08-08,349.1
store_509,2015-08-09,0.0
store_509,2015-08-10,341.18
store_509,2015-08-11,293.225
store_509,2015-08-12,305.74
store_509,2015-08-13,327.565
store_509,2015-08-14,382.14
store_509,2015-08-15,343.82
store_509,2015-08-16,0.0
store_509,2015-08-17,422.885
store_509,2015-08-18,387.07
store_509,2015-08-19,372.335
store_509,2015-08-20,393.87
store_509,2015-08-21,417.105
store_509,2015-08-22,350.255
store_509,2015-08-23,0.0
store_509,2015-08-24,335.15
store_509,2015-08-25,297.17
store_509,2015-08-26,299.655
store_509,2015-08-27,333.295
store_509,2015-08-28,366.95
store_509,2015-08-29,344.385
store_509,2015-08-30,0.0
store_51,2015-07-20,717.01
store_51,2015-07-21,706.69
store_51,2015-07-22,712.2
store_51,2015-07-23,779.31
store_51,2015-07-24,815.695
store_51,2015-07-25,493.215
store_51,2015-07-26,0.0
store_51,2015-07-27,883.695
store_51,2015-07-28,877.53
store_51,2015-07-29,875.775
store_51,2015-07-30,905.755
store_51,2015-07-31,911.745
store_51,2015-08-01,519.955
store_51,2015-08-02,0.0
store_51,2015-08-03,939.7
store_51,2015-08-04,819.825
store_51,2015-08-05,805.385
store_51,2015-08-06,821.975
store_51,2015-08-07,848.26
store_51,2015-08-08,533.445
store_51,2015-08-09,0.0
store_51,2015-08-10,765.76
store_51,2015-08-11,725.685
store_51,2015-08-12,704.605
store_51,2015-08-13,725.645
store_51,2015-08-14,764.285
store_51,2015-08-15,509.095
store_51,2015-08-16,0.0
store_51,2015-08-17,976.51
store_51,2015-08-18,853.185
store_51,2015-08-19,796.905
store_51,2015-08-20,828.225
store_51,2015-08-21,870.175
store_51,2015-08-22,545.26
store_51,2015-08-23,0.0
store_51,2015-08-24,791.785
store_51,2015-08-25,724.57
store_51,2015-08-26,705.83
store_51,2015-08-27,737.615
store_51,2015-08-28,788.88
store_51,2015-08-29,515.13
store_51,2015-08-30,0.0
store_510,2015-07-20,724.265
store_510,2015-07-21,679.0
store_510,2015-07-22,658.93
store_510,2015-07-23,700.45
store_510,2015-07-24,759.32
store_510,2015-07-25,520.19
store_510,2015-07-26,0.0
store_510,2015-07-27,931.54
store_510,2015-07-28,859.37
store_510,2015-07-29,829.07
store_510,2015-07-30,855.25
store_510,2015-07-31,933.175
store_510,2015-08-01,567.7
store_510,2015-08-02,0.0
store_510,2015-08-03,968.23
store_510,2015-08-04,823.94
store_510,2015-08-05,763.69
store_510,2015-08-06,785.155
store_510,2015-08-07,812.065
store_510,2015-08-08,550.265
store_510,2015-08-09,0.0
store_510,2015-08-10,762.37
store_510,2015-08-11,689.135
store_510,2015-08-12,669.26
store_510,2015-08-13,671.335
store_510,2015-08-14,742.725
store_510,2015-08-15,556.925
store_510,2015-08-16,0.0
store_510,2015-08-17,965.92
store_510,2015-08-18,854.45
store_510,2015-08-19,779.645
store_510,2015-08-20,768.07
store_510,2015-08-21,803.655
store_510,2015-08-22,571.855
store_510,2015-08-23,0.0
store_510,2015-08-24,787.79
store_510,2015-08-25,714.03
store_510,2015-08-26,691.615
store_510,2015-08-27,696.7
store_510,2015-08-28,746.83
store_510,2015-08-29,563.0
store_510,2015-08-30,0.0
store_511,2015-07-20,810.53
store_511,2015-07-21,744.845
store_511,2015-07-22,747.48
store_511,2015-07-23,753.08
store_511,2015-07-24,764.055
store_511,2015-07-25,825.815
store_511,2015-07-26,0.0
store_511,2015-07-27,1058.395
store_511,2015-07-28,968.8
store_511,2015-07-29,933.38
store_511,2015-07-30,931.045
store_511,2015-07-31,893.385
store_511,2015-08-01,823.69
store_511,2015-08-02,0.0
store_511,2015-08-03,1170.935
store_511,2015-08-04,968.69
store_511,2015-08-05,907.74
store_511,2015-08-06,869.86
store_511,2015-08-07,845.475
store_511,2015-08-08,837.775
store_511,2015-08-09,0.0
store_511,2015-08-10,901.22
store_511,2015-08-11,830.805
store_511,2015-08-12,793.77
store_511,2015-08-13,821.105
store_511,2015-08-14,822.305
store_511,2015-08-15,849.895
store_511,2015-08-16,0.0
store_511,2015-08-17,1164.295
store_511,2015-08-18,1029.33
store_511,2015-08-19,984.135
store_511,2015-08-20,950.075
store_511,2015-08-21,913.45
store_511,2015-08-22,840.125
store_511,2015-08-23,0.0
store_511,2015-08-24,899.21
store_511,2015-08-25,844.95
store_511,2015-08-26,798.695
store_511,2015-08-27,827.59
store_511,2015-08-28,826.68
store_511,2015-08-29,851.98
store_511,2015-08-30,0.0
store_512,2015-07-20,752.06
store_512,2015-07-21,666.26
store_512,2015-07-22,704.785
store_512,2015-07-23,708.075
store_512,2015-07-24,695.195
store_512,2015-07-25,650.435
store_512,2015-07-26,0.0
store_512,2015-07-27,937.84
store_512,2015-07-28,892.845
store_512,2015-07-29,860.755
store_512,2015-07-30,864.535
store_512,2015-07-31,816.015
store_512,2015-08-01,669.125
store_512,2015-08-02,0.0
store_512,2015-08-03,991.425
store_512,2015-08-04,864.85
store_512,2015-08-05,827.82
store_512,2015-08-06,799.075
store_512,2015-08-07,752.63
store_512,2015-08-08,689.54
store_512,2015-08-09,0.0
store_512,2015-08-10,750.135
store_512,2015-08-11,696.11
store_512,2015-08-12,705.175
store_512,2015-08-13,706.595
store_512,2015-08-14,716.07
store_512,2015-08-15,671.41
store_512,2015-08-16,0.0
store_512,2015-08-17,966.06
store_512,2015-08-18,881.335
store_512,2015-08-19,845.435
store_512,2015-08-20,808.97
store_512,2015-08-21,786.145
store_512,2015-08-22,664.04
store_512,2015-08-23,0.0
store_512,2015-08-24,750.44
store_512,2015-08-25,697.33
store_512,2015-08-26,676.45
store_512,2015-08-27,693.37
store_512,2015-08-28,708.375
store_512,2015-08-29,642.815
store_512,2015-08-30,0.0
store_513,2015-07-20,778.81
store_513,2015-07-21,693.805
store_513,2015-07-22,724.84
store_513,2015-07-23,738.785
store_513,2015-07-24,786.225
store_513,2015-07-25,820.58
store_513,2015-07-26,0.0
store_513,2015-07-27,1045.385
store_513,2015-07-28,918.38
store_513,2015-07-29,897.83
store_513,2015-07-30,907.195
store_513,2015-07-31,892.49
store_513,2015-08-01,824.13
store_513,2015-08-02,0.0
store_513,2015-08-03,1106.545
store_513,2015-08-04,889.05
store_513,2015-08-05,870.59
store_513,2015-08-06,865.24
store_513,2015-08-07,872.94
store_513,2015-08-08,826.52
store_513,2015-08-09,0.0
store_513,2015-08-10,870.53
store_513,2015-08-11,779.96
store_513,2015-08-12,758.67
store_513,2015-08-13,786.88
store_513,2015-08-14,830.04
store_513,2015-08-15,843.515
store_513,2015-08-16,0.0
store_513,2015-08-17,1086.095
store_513,2015-08-18,932.745
store_513,2015-08-19,897.95
store_513,2015-08-20,905.25
store_513,2015-08-21,915.73
store_513,2015-08-22,841.365
store_513,2015-08-23,0.0
store_513,2015-08-24,857.01
store_513,2015-08-25,774.215
store_513,2015-08-26,741.88
store_513,2015-08-27,775.815
store_513,2015-08-28,835.53
store_513,2015-08-29,846.925
store_513,2015-08-30,0.0
store_514,2015-07-20,542.6
store_514,2015-07-21,478.94
store_514,2015-07-22,498.05
store_514,2015-07-23,521.07
store_514,2015-07-24,525.09
store_514,2015-07-25,536.475
store_514,2015-07-26,0.0
store_514,2015-07-27,798.22
store_514,2015-07-28,662.53
store_514,2015-07-29,650.545
store_514,2015-07-30,642.485
store_514,2015-07-31,627.95
store_514,2015-08-01,595.305
store_514,2015-08-02,0.0
store_514,2015-08-03,823.44
store_514,2015-08-04,632.095
store_514,2015-08-05,605.705
store_514,2015-08-06,605.87
store_514,2015-08-07,580.915
store_514,2015-08-08,570.75
store_514,2015-08-09,0.0
store_514,2015-08-10,613.68
store_514,2015-08-11,549.185
store_514,2015-08-12,528.57
store_514,2015-08-13,532.675
store_514,2015-08-14,550.2
store_514,2015-08-15,573.245
store_514,2015-08-16,0.0
store_514,2015-08-17,812.76
store_514,2015-08-18,682.23
store_514,2015-08-19,647.875
store_514,2015-08-20,637.08
store_514,2015-08-21,634.515
store_514,2015-08-22,597.47
store_514,2015-08-23,0.0
store_514,2015-08-24,654.66
store_514,2015-08-25,572.32
store_514,2015-08-26,547.115
store_514,2015-08-27,561.8
store_514,2015-08-28,570.17
store_514,2015-08-29,565.975
store_514,2015-08-30,0.0
store_515,2015-07-20,575.15
store_515,2015-07-21,529.21
store_515,2015-07-22,508.18
store_515,2015-07-23,551.075
store_515,2015-07-24,513.74
store_515,2015-07-25,351.315
store_515,2015-07-26,0.0
store_515,2015-07-27,732.265
store_515,2015-07-28,667.255
store_515,2015-07-29,646.785
store_515,2015-07-30,656.935
store_515,2015-07-31,626.11
store_515,2015-08-01,379.285
store_515,2015-08-02,0.0
store_515,2015-08-03,742.92
store_515,2015-08-04,650.31
store_515,2015-08-05,599.54
store_515,2015-08-06,609.72
store_515,2015-08-07,575.98
store_515,2015-08-08,350.14
store_515,2015-08-09,0.0
store_515,2015-08-10,570.385
store_515,2015-08-11,543.795
store_515,2015-08-12,521.285
store_515,2015-08-13,531.29
store_515,2015-08-14,528.505
store_515,2015-08-15,360.23
store_515,2015-08-16,0.0
store_515,2015-08-17,741.65
store_515,2015-08-18,679.35
store_515,2015-08-19,644.36
store_515,2015-08-20,630.53
store_515,2015-08-21,606.56
store_515,2015-08-22,427.77
store_515,2015-08-23,0.0
store_515,2015-08-24,568.34
store_515,2015-08-25,526.91
store_515,2015-08-26,521.335
store_515,2015-08-27,540.79
store_515,2015-08-28,538.175
store_515,2015-08-29,406.02
store_515,2015-08-30,0.0
store_516,2015-07-20,992.94
store_516,2015-07-21,960.455
store_516,2015-07-22,974.245
store_516,2015-07-23,982.95
store_516,2015-07-24,1028.87
store_516,2015-07-25,883.475
store_516,2015-07-26,0.0
store_516,2015-07-27,1248.095
store_516,2015-07-28,1148.415
store_516,2015-07-29,1112.875
store_516,2015-07-30,1135.52
store_516,2015-07-31,1113.52
store_516,2015-08-01,906.68
store_516,2015-08-02,0.0
store_516,2015-08-03,1328.505
store_516,2015-08-04,1144.95
store_516,2015-08-05,1099.745
store_516,2015-08-06,1072.65
store_516,2015-08-07,1070.905
store_516,2015-08-08,899.47
store_516,2015-08-09,0.0
store_516,2015-08-10,1078.475
store_516,2015-08-11,1008.51
store_516,2015-08-12,951.08
store_516,2015-08-13,955.46
store_516,2015-08-14,983.36
store_516,2015-08-15,913.64
store_516,2015-08-16,0.0
store_516,2015-08-17,1293.51
store_516,2015-08-18,1158.595
store_516,2015-08-19,1080.13
store_516,2015-08-20,1079.07
store_516,2015-08-21,1069.655
store_516,2015-08-22,892.075
store_516,2015-08-23,0.0
store_516,2015-08-24,1007.715
store_516,2015-08-25,952.02
store_516,2015-08-26,917.535
store_516,2015-08-27,920.255
store_516,2015-08-28,938.71
store_516,2015-08-29,899.49
store_516,2015-08-30,0.0
store_517,2015-07-20,614.88
store_517,2015-07-21,572.035
store_517,2015-07-22,564.37
store_517,2015-07-23,582.015
store_517,2015-07-24,605.0
store_517,2015-07-25,417.44
store_517,2015-07-26,0.0
store_517,2015-07-27,792.48
store_517,2015-07-28,706.02
store_517,2015-07-29,678.735
store_517,2015-07-30,704.405
store_517,2015-07-31,707.915
store_517,2015-08-01,428.97
store_517,2015-08-02,0.0
store_517,2015-08-03,838.84
store_517,2015-08-04,715.52
store_517,2015-08-05,659.465
store_517,2015-08-06,650.515
store_517,2015-08-07,646.435
store_517,2015-08-08,415.0
store_517,2015-08-09,0.0
store_517,2015-08-10,649.975
store_517,2015-08-11,607.525
store_517,2015-08-12,578.33
store_517,2015-08-13,585.665
store_517,2015-08-14,593.34
store_517,2015-08-15,407.015
store_517,2015-08-16,0.0
store_517,2015-08-17,844.37
store_517,2015-08-18,739.43
store_517,2015-08-19,698.035
store_517,2015-08-20,694.945
store_517,2015-08-21,684.235
store_517,2015-08-22,416.445
store_517,2015-08-23,0.0
store_517,2015-08-24,637.175
store_517,2015-08-25,580.2
store_517,2015-08-26,569.37
store_517,2015-08-27,578.54
store_517,2015-08-28,587.385
store_517,2015-08-29,397.12
store_517,2015-08-30,0.0
store_518,2015-07-20,918.965
store_518,2015-07-21,823.745
store_518,2015-07-22,820.855
store_518,2015-07-23,835.275
store_518,2015-07-24,851.985
store_518,2015-07-25,840.235
store_518,2015-07-26,0.0
store_518,2015-07-27,1120.535
store_518,2015-07-28,1026.52
store_518,2015-07-29,989.225
store_518,2015-07-30,994.55
store_518,2015-07-31,975.635
store_518,2015-08-01,832.655
store_518,2015-08-02,0.0
store_518,2015-08-03,1175.225
store_518,2015-08-04,979.43
store_518,2015-08-05,925.965
store_518,2015-08-06,913.835
store_518,2015-08-07,896.57
store_518,2015-08-08,818.11
store_518,2015-08-09,0.0
store_518,2015-08-10,964.995
store_518,2015-08-11,856.725
store_518,2015-08-12,816.215
store_518,2015-08-13,828.265
store_518,2015-08-14,851.705
store_518,2015-08-15,812.99
store_518,2015-08-16,0.0
store_518,2015-08-17,1224.815
store_518,2015-08-18,1061.15
store_518,2015-08-19,968.18
store_518,2015-08-20,964.49
store_518,2015-08-21,941.73
store_518,2015-08-22,838.905
store_518,2015-08-23,0.0
store_518,2015-08-24,953.735
store_518,2015-08-25,860.16
store_518,2015-08-26,825.5
store_518,2015-08-27,857.25
store_518,2015-08-28,841.455
store_518,2015-08-29,842.28
store_518,2015-08-30,0.0
store_519,2015-07-20,901.725
store_519,2015-07-21,831.54
store_519,2015-07-22,822.03
store_519,2015-07-23,803.095
store_519,2015-07-24,825.805
store_519,2015-07-25,1019.875
store_519,2015-07-26,0.0
store_519,2015-07-27,1091.05
store_519,2015-07-28,981.48
store_519,2015-07-29,950.835
store_519,2015-07-30,971.29
store_519,2015-07-31,958.565
store_519,2015-08-01,997.5
store_519,2015-08-02,0.0
store_519,2015-08-03,1191.735
store_519,2015-08-04,981.055
store_519,2015-08-05,949.87
store_519,2015-08-06,934.17
store_519,2015-08-07,902.78
store_519,2015-08-08,972.92
store_519,2015-08-09,0.0
store_519,2015-08-10,931.245
store_519,2015-08-11,850.245
store_519,2015-08-12,847.465
store_519,2015-08-13,858.855
store_519,2015-08-14,888.095
store_519,2015-08-15,966.96
store_519,2015-08-16,0.0
store_519,2015-08-17,1195.11
store_519,2015-08-18,1044.975
store_519,2015-08-19,965.645
store_519,2015-08-20,973.93
store_519,2015-08-21,972.855
store_519,2015-08-22,976.995
store_519,2015-08-23,0.0
store_519,2015-08-24,921.965
store_519,2015-08-25,850.77
store_519,2015-08-26,849.205
store_519,2015-08-27,843.15
store_519,2015-08-28,868.08
store_519,2015-08-29,940.925
store_519,2015-08-30,0.0
store_52,2015-07-20,309.0
store_52,2015-07-21,288.33
store_52,2015-07-22,295.285
store_52,2015-07-23,288.535
store_52,2015-07-24,301.595
store_52,2015-07-25,243.965
store_52,2015-07-26,0.0
store_52,2015-07-27,392.645
store_52,2015-07-28,354.775
store_52,2015-07-29,351.77
store_52,2015-07-30,353.72
store_52,2015-07-31,357.45
store_52,2015-08-01,248.525
store_52,2015-08-02,0.0
store_52,2015-08-03,418.905
store_52,2015-08-04,368.255
store_52,2015-08-05,351.18
store_52,2015-08-06,360.3
store_52,2015-08-07,362.69
store_52,2015-08-08,243.145
store_52,2015-08-09,0.0
store_52,2015-08-10,354.09
store_52,2015-08-11,320.655
store_52,2015-08-12,323.84
store_52,2015-08-13,331.14
store_52,2015-08-14,346.915
store_52,2015-08-15,242.585
store_52,2015-08-16,0.0
store_52,2015-08-17,433.44
store_52,2015-08-18,380.62
store_52,2015-08-19,366.9
store_52,2015-08-20,379.7
store_52,2015-08-21,392.365
store_52,2015-08-22,246.8
store_52,2015-08-23,0.0
store_52,2015-08-24,376.05
store_52,2015-08-25,322.03
store_52,2015-08-26,316.74
store_52,2015-08-27,332.25
store_52,2015-08-28,353.0
store_52,2015-08-29,242.385
store_52,2015-08-30,0.0
store_520,2015-07-20,759.335
store_520,2015-07-21,685.43
store_520,2015-07-22,661.405
store_520,2015-07-23,678.73
store_520,2015-07-24,741.595
store_520,2015-07-25,770.425
store_520,2015-07-26,0.0
store_520,2015-07-27,938.385
store_520,2015-07-28,865.485
store_520,2015-07-29,838.055
store_520,2015-07-30,814.125
store_520,2015-07-31,857.8
store_520,2015-08-01,793.02
store_520,2015-08-02,0.0
store_520,2015-08-03,1008.765
store_520,2015-08-04,850.385
store_520,2015-08-05,798.6
store_520,2015-08-06,753.54
store_520,2015-08-07,801.845
store_520,2015-08-08,772.485
store_520,2015-08-09,0.0
store_520,2015-08-10,842.18
store_520,2015-08-11,781.465
store_520,2015-08-12,728.435
store_520,2015-08-13,713.15
store_520,2015-08-14,739.825
store_520,2015-08-15,762.17
store_520,2015-08-16,0.0
store_520,2015-08-17,1061.795
store_520,2015-08-18,908.225
store_520,2015-08-19,878.09
store_520,2015-08-20,855.055
store_520,2015-08-21,853.225
store_520,2015-08-22,757.275
store_520,2015-08-23,0.0
store_520,2015-08-24,823.325
store_520,2015-08-25,753.305
store_520,2015-08-26,734.885
store_520,2015-08-27,725.55
store_520,2015-08-28,763.475
store_520,2015-08-29,750.535
store_520,2015-08-30,0.0
store_521,2015-07-20,492.57
store_521,2015-07-21,474.825
store_521,2015-07-22,486.725
store_521,2015-07-23,504.275
store_521,2015-07-24,501.1
store_521,2015-07-25,462.065
store_521,2015-07-26,0.0
store_521,2015-07-27,560.255
store_521,2015-07-28,569.36
store_521,2015-07-29,567.1
store_521,2015-07-30,568.88
store_521,2015-07-31,568.275
store_521,2015-08-01,488.375
store_521,2015-08-02,0.0
store_521,2015-08-03,593.955
store_521,2015-08-04,547.925
store_521,2015-08-05,516.08
store_521,2015-08-06,542.11
store_521,2015-08-07,563.795
store_521,2015-08-08,478.225
store_521,2015-08-09,0.0
store_521,2015-08-10,514.42
store_521,2015-08-11,478.78
store_521,2015-08-12,459.81
store_521,2015-08-13,481.965
store_521,2015-08-14,494.25
store_521,2015-08-15,463.49
store_521,2015-08-16,0.0
store_521,2015-08-17,620.415
store_521,2015-08-18,568.35
store_521,2015-08-19,557.165
store_521,2015-08-20,546.775
store_521,2015-08-21,545.46
store_521,2015-08-22,493.515
store_521,2015-08-23,0.0
store_521,2015-08-24,499.515
store_521,2015-08-25,454.565
store_521,2015-08-26,462.28
store_521,2015-08-27,470.355
store_521,2015-08-28,474.345
store_521,2015-08-29,484.855
store_521,2015-08-30,0.0
store_522,2015-07-20,1071.62
store_522,2015-07-21,994.33
store_522,2015-07-22,976.715
store_522,2015-07-23,986.84
store_522,2015-07-24,1004.625
store_522,2015-07-25,772.885
store_522,2015-07-26,0.0
store_522,2015-07-27,1264.885
store_522,2015-07-28,1204.46
store_522,2015-07-29,1117.55
store_522,2015-07-30,1159.15
store_522,2015-07-31,1119.8
store_522,2015-08-01,795.065
store_522,2015-08-02,0.0
store_522,2015-08-03,1296.38
store_522,2015-08-04,1124.19
store_522,2015-08-05,1076.13
store_522,2015-08-06,1055.555
store_522,2015-08-07,1045.8
store_522,2015-08-08,799.46
store_522,2015-08-09,0.0
store_522,2015-08-10,1094.54
store_522,2015-08-11,1031.435
store_522,2015-08-12,981.755
store_522,2015-08-13,997.64
store_522,2015-08-14,998.2
store_522,2015-08-15,791.3
store_522,2015-08-16,0.0
store_522,2015-08-17,1282.965
store_522,2015-08-18,1182.68
store_522,2015-08-19,1122.31
store_522,2015-08-20,1115.045
store_522,2015-08-21,1127.545
store_522,2015-08-22,820.725
store_522,2015-08-23,0.0
store_522,2015-08-24,986.295
store_522,2015-08-25,963.57
store_522,2015-08-26,918.76
store_522,2015-08-27,946.21
store_522,2015-08-28,972.4
store_522,2015-08-29,774.96
store_522,2015-08-30,0.0
store_523,2015-07-20,1036.84
store_523,2015-07-21,994.56
store_523,2015-07-22,935.615
store_523,2015-07-23,970.715
store_523,2015-07-24,1090.575
store_523,2015-07-25,788.455
store_523,2015-07-26,398.83
store_523,2015-07-27,1196.635
store_523,2015-07-28,1142.235
store_523,2015-07-29,1082.465
store_523,2015-07-30,1087.76
store_523,2015-07-31,1183.555
store_523,2015-08-01,825.705
store_523,2015-08-02,428.285
store_523,2015-08-03,1243.13
store_523,2015-08-04,1132.365
store_523,2015-08-05,1078.12
store_523,2015-08-06,1054.115
store_523,2015-08-07,1134.93
store_523,2015-08-08,799.695
store_523,2015-08-09,446.01
store_523,2015-08-10,1077.83
store_523,2015-08-11,1024.135
store_523,2015-08-12,981.195
store_523,2015-08-13,968.27
store_523,2015-08-14,1039.37
store_523,2015-08-15,813.275
store_523,2015-08-16,468.92
store_523,2015-08-17,1248.305
store_523,2015-08-18,1133.97
store_523,2015-08-19,1065.12
store_523,2015-08-20,1087.79
store_523,2015-08-21,1126.205
store_523,2015-08-22,818.02
store_523,2015-08-23,489.51
store_523,2015-08-24,1153.69
store_523,2015-08-25,1066.945
store_523,2015-08-26,962.665
store_523,2015-08-27,982.33
store_523,2015-08-28,1060.29
store_523,2015-08-29,818.485
store_523,2015-08-30,478.46
store_524,2015-07-20,568.675
store_524,2015-07-21,537.26
store_524,2015-07-22,543.44
store_524,2015-07-23,550.46
store_524,2015-07-24,578.95
store_524,2015-07-25,441.555
store_524,2015-07-26,0.0
store_524,2015-07-27,722.15
store_524,2015-07-28,665.085
store_524,2015-07-29,626.74
store_524,2015-07-30,673.77
store_524,2015-07-31,676.17
store_524,2015-08-01,428.585
store_524,2015-08-02,0.0
store_524,2015-08-03,760.305
store_524,2015-08-04,659.56
store_524,2015-08-05,613.82
store_524,2015-08-06,613.49
store_524,2015-08-07,627.02
store_524,2015-08-08,434.665
store_524,2015-08-09,0.0
store_524,2015-08-10,608.615
store_524,2015-08-11,551.58
store_524,2015-08-12,532.475
store_524,2015-08-13,532.695
store_524,2015-08-14,551.455
store_524,2015-08-15,432.725
store_524,2015-08-16,0.0
store_524,2015-08-17,779.285
store_524,2015-08-18,690.885
store_524,2015-08-19,635.445
store_524,2015-08-20,626.835
store_524,2015-08-21,639.115
store_524,2015-08-22,434.66
store_524,2015-08-23,0.0
store_524,2015-08-24,606.09
store_524,2015-08-25,546.385
store_524,2015-08-26,530.72
store_524,2015-08-27,539.385
store_524,2015-08-28,553.31
store_524,2015-08-29,429.35
store_524,2015-08-30,0.0
store_525,2015-07-20,585.31
store_525,2015-07-21,507.34
store_525,2015-07-22,518.545
store_525,2015-07-23,539.455
store_525,2015-07-24,553.35
store_525,2015-07-25,627.235
store_525,2015-07-26,0.0
store_525,2015-07-27,766.175
store_525,2015-07-28,656.075
store_525,2015-07-29,638.295
store_525,2015-07-30,659.745
store_525,2015-07-31,660.485
store_525,2015-08-01,644.605
store_525,2015-08-02,0.0
store_525,2015-08-03,765.965
store_525,2015-08-04,639.55
store_525,2015-08-05,608.57
store_525,2015-08-06,652.81
store_525,2015-08-07,628.56
store_525,2015-08-08,631.47
store_525,2015-08-09,0.0
store_525,2015-08-10,598.29
store_525,2015-08-11,536.93
store_525,2015-08-12,537.605
store_525,2015-08-13,565.665
store_525,2015-08-14,588.27
store_525,2015-08-15,633.115
store_525,2015-08-16,0.0
store_525,2015-08-17,765.645
store_525,2015-08-18,656.525
store_525,2015-08-19,620.79
store_525,2015-08-20,646.71
store_525,2015-08-21,655.89
store_525,2015-08-22,619.4
store_525,2015-08-23,0.0
store_525,2015-08-24,732.615
store_525,2015-08-25,636.315
store_525,2015-08-26,597.065
store_525,2015-08-27,582.235
store_525,2015-08-28,601.42
store_525,2015-08-29,617.72
store_525,2015-08-30,0.0
store_526,2015-07-20,460.935
store_526,2015-07-21,412.695
store_526,2015-07-22,424.94
store_526,2015-07-23,458.66
store_526,2015-07-24,494.045
store_526,2015-07-25,461.845
store_526,2015-07-26,0.0
store_526,2015-07-27,602.98
store_526,2015-07-28,522.46
store_526,2015-07-29,517.945
store_526,2015-07-30,536.3
store_526,2015-07-31,554.06
store_526,2015-08-01,496.905
store_526,2015-08-02,0.0
store_526,2015-08-03,636.34
store_526,2015-08-04,521.605
store_526,2015-08-05,494.965
store_526,2015-08-06,513.125
store_526,2015-08-07,536.025
store_526,2015-08-08,487.99
store_526,2015-08-09,0.0
store_526,2015-08-10,448.515
store_526,2015-08-11,412.25
store_526,2015-08-12,406.685
store_526,2015-08-13,440.865
store_526,2015-08-14,481.005
store_526,2015-08-15,490.305
store_526,2015-08-16,0.0
store_526,2015-08-17,634.525
store_526,2015-08-18,531.285
store_526,2015-08-19,503.725
store_526,2015-08-20,517.71
store_526,2015-08-21,537.42
store_526,2015-08-22,493.45
store_526,2015-08-23,0.0
store_526,2015-08-24,426.39
store_526,2015-08-25,388.855
store_526,2015-08-26,401.44
store_526,2015-08-27,435.52
store_526,2015-08-28,490.035
store_526,2015-08-29,490.6
store_526,2015-08-30,0.0
store_527,2015-07-20,436.075
store_527,2015-07-21,403.215
store_527,2015-07-22,431.69
store_527,2015-07-23,459.2
store_527,2015-07-24,471.455
store_527,2015-07-25,439.935
store_527,2015-07-26,236.17
store_527,2015-07-27,535.515
store_527,2015-07-28,476.375
store_527,2015-07-29,511.605
store_527,2015-07-30,540.02
store_527,2015-07-31,530.2
store_527,2015-08-01,468.94
store_527,2015-08-02,247.075
store_527,2015-08-03,506.94
store_527,2015-08-04,469.505
store_527,2015-08-05,465.29
store_527,2015-08-06,496.445
store_527,2015-08-07,514.74
store_527,2015-08-08,486.87
store_527,2015-08-09,244.315
store_527,2015-08-10,436.38
store_527,2015-08-11,375.675
store_527,2015-08-12,386.48
store_527,2015-08-13,426.53
store_527,2015-08-14,476.53
store_527,2015-08-15,446.655
store_527,2015-08-16,241.615
store_527,2015-08-17,535.445
store_527,2015-08-18,474.1
store_527,2015-08-19,468.43
store_527,2015-08-20,491.835
store_527,2015-08-21,520.22
store_527,2015-08-22,468.97
store_527,2015-08-23,243.545
store_527,2015-08-24,425.635
store_527,2015-08-25,374.13
store_527,2015-08-26,403.165
store_527,2015-08-27,428.86
store_527,2015-08-28,472.615
store_527,2015-08-29,454.185
store_527,2015-08-30,236.645
store_528,2015-07-20,603.21
store_528,2015-07-21,536.255
store_528,2015-07-22,534.615
store_528,2015-07-23,553.115
store_528,2015-07-24,585.44
store_528,2015-07-25,576.165
store_528,2015-07-26,0.0
store_528,2015-07-27,812.665
store_528,2015-07-28,682.78
store_528,2015-07-29,658.76
store_528,2015-07-30,670.235
store_528,2015-07-31,702.96
store_528,2015-08-01,630.615
store_528,2015-08-02,0.0
store_528,2015-08-03,838.27
store_528,2015-08-04,693.65
store_528,2015-08-05,641.615
store_528,2015-08-06,629.05
store_528,2015-08-07,623.33
store_528,2015-08-08,609.71
store_528,2015-08-09,0.0
store_528,2015-08-10,617.14
store_528,2015-08-11,559.35
store_528,2015-08-12,542.235
store_528,2015-08-13,552.245
store_528,2015-08-14,557.375
store_528,2015-08-15,593.665
store_528,2015-08-16,0.0
store_528,2015-08-17,852.665
store_528,2015-08-18,733.67
store_528,2015-08-19,680.51
store_528,2015-08-20,697.2
store_528,2015-08-21,675.26
store_528,2015-08-22,614.25
store_528,2015-08-23,0.0
store_528,2015-08-24,610.475
store_528,2015-08-25,543.465
store_528,2015-08-26,543.69
store_528,2015-08-27,554.845
store_528,2015-08-28,576.05
store_528,2015-08-29,566.48
store_528,2015-08-30,0.0
store_529,2015-07-20,454.22
store_529,2015-07-21,410.165
store_529,2015-07-22,438.3
store_529,2015-07-23,455.51
store_529,2015-07-24,501.475
store_529,2015-07-25,472.015
store_529,2015-07-26,0.0
store_529,2015-07-27,618.74
store_529,2015-07-28,540.055
store_529,2015-07-29,530.265
store_529,2015-07-30,537.89
store_529,2015-07-31,558.605
store_529,2015-08-01,517.875
store_529,2015-08-02,0.0
store_529,2015-08-03,642.33
store_529,2015-08-04,511.27
store_529,2015-08-05,501.11
store_529,2015-08-06,521.985
store_529,2015-08-07,550.3
store_529,2015-08-08,497.095
store_529,2015-08-09,0.0
store_529,2015-08-10,496.74
store_529,2015-08-11,452.115
store_529,2015-08-12,434.86
store_529,2015-08-13,463.575
store_529,2015-08-14,493.895
store_529,2015-08-15,499.66
store_529,2015-08-16,0.0
store_529,2015-08-17,652.08
store_529,2015-08-18,548.76
store_529,2015-08-19,516.745
store_529,2015-08-20,537.71
store_529,2015-08-21,557.18
store_529,2015-08-22,518.11
store_529,2015-08-23,0.0
store_529,2015-08-24,485.145
store_529,2015-08-25,413.83
store_529,2015-08-26,430.315
store_529,2015-08-27,461.52
store_529,2015-08-28,497.545
store_529,2015-08-29,499.655
store_529,2015-08-30,0.0
store_53,2015-07-20,1200.57
store_53,2015-07-21,1139.6
store_53,2015-07-22,1173.41
store_53,2015-07-23,1160.885
store_53,2015-07-24,1143.78
store_53,2015-07-25,1115.54
store_53,2015-07-26,0.0
store_53,2015-07-27,1441.465
store_53,2015-07-28,1354.41
store_53,2015-07-29,1321.32
store_53,2015-07-30,1270.16
store_53,2015-07-31,1241.6
store_53,2015-08-01,1148.82
store_53,2015-08-02,0.0
store_53,2015-08-03,1576.645
store_53,2015-08-04,1411.74
store_53,2015-08-05,1328.465
store_53,2015-08-06,1299.99
store_53,2015-08-07,1246.075
store_53,2015-08-08,1144.065
store_53,2015-08-09,0.0
store_53,2015-08-10,1249.95
store_53,2015-08-11,1227.675
store_53,2015-08-12,1176.88
store_53,2015-08-13,1193.575
store_53,2015-08-14,1183.805
store_53,2015-08-15,1140.905
store_53,2015-08-16,0.0
store_53,2015-08-17,1605.515
store_53,2015-08-18,1452.28
store_53,2015-08-19,1347.47
store_53,2015-08-20,1320.07
store_53,2015-08-21,1286.345
store_53,2015-08-22,1142.175
store_53,2015-08-23,0.0
store_53,2015-08-24,1260.495
store_53,2015-08-25,1196.265
store_53,2015-08-26,1139.395
store_53,2015-08-27,1157.82
store_53,2015-08-28,1161.94
store_53,2015-08-29,1125.095
store_53,2015-08-30,0.0
store_530,2015-07-20,623.965
store_530,2015-07-21,558.845
store_530,2015-07-22,550.84
store_530,2015-07-23,557.165
store_530,2015-07-24,596.635
store_530,2015-07-25,482.53
store_530,2015-07-26,0.0
store_530,2015-07-27,746.735
store_530,2015-07-28,642.47
store_530,2015-07-29,649.36
store_530,2015-07-30,656.145
store_530,2015-07-31,660.55
store_530,2015-08-01,518.955
store_530,2015-08-02,0.0
store_530,2015-08-03,781.365
store_530,2015-08-04,641.565
store_530,2015-08-05,614.88
store_530,2015-08-06,621.645
store_530,2015-08-07,647.08
store_530,2015-08-08,495.17
store_530,2015-08-09,0.0
store_530,2015-08-10,659.68
store_530,2015-08-11,583.15
store_530,2015-08-12,549.955
store_530,2015-08-13,558.31
store_530,2015-08-14,576.475
store_530,2015-08-15,504.99
store_530,2015-08-16,0.0
store_530,2015-08-17,820.915
store_530,2015-08-18,706.55
store_530,2015-08-19,687.56
store_530,2015-08-20,683.345
store_530,2015-08-21,681.44
store_530,2015-08-22,518.335
store_530,2015-08-23,0.0
store_530,2015-08-24,640.045
store_530,2015-08-25,581.205
store_530,2015-08-26,580.9
store_530,2015-08-27,576.415
store_530,2015-08-28,595.69
store_530,2015-08-29,498.995
store_530,2015-08-30,0.0
store_531,2015-07-20,481.53
store_531,2015-07-21,444.365
store_531,2015-07-22,439.405
store_531,2015-07-23,465.71
store_531,2015-07-24,493.535
store_531,2015-07-25,495.24
store_531,2015-07-26,0.0
store_531,2015-07-27,597.215
store_531,2015-07-28,524.205
store_531,2015-07-29,520.155
store_531,2015-07-30,538.205
store_531,2015-07-31,547.155
store_531,2015-08-01,479.305
store_531,2015-08-02,0.0
store_531,2015-08-03,620.325
store_531,2015-08-04,519.77
store_531,2015-08-05,494.05
store_531,2015-08-06,507.765
store_531,2015-08-07,527.8
store_531,2015-08-08,476.13
store_531,2015-08-09,0.0
store_531,2015-08-10,520.64
store_531,2015-08-11,466.645
store_531,2015-08-12,438.81
store_531,2015-08-13,454.75
store_531,2015-08-14,504.69
store_531,2015-08-15,471.75
store_531,2015-08-16,0.0
store_531,2015-08-17,648.19
store_531,2015-08-18,530.63
store_531,2015-08-19,497.595
store_531,2015-08-20,526.21
store_531,2015-08-21,548.405
store_531,2015-08-22,482.62
store_531,2015-08-23,0.0
store_531,2015-08-24,509.73
store_531,2015-08-25,440.64
store_531,2015-08-26,436.365
store_531,2015-08-27,450.635
store_531,2015-08-28,488.68
store_531,2015-08-29,470.105
store_531,2015-08-30,0.0
store_532,2015-07-20,390.005
store_532,2015-07-21,354.285
store_532,2015-07-22,372.545
store_532,2015-07-23,397.98
store_532,2015-07-24,419.625
store_532,2015-07-25,371.61
store_532,2015-07-26,0.0
store_532,2015-07-27,576.99
store_532,2015-07-28,473.61
store_532,2015-07-29,462.275
store_532,2015-07-30,492.41
store_532,2015-07-31,494.735
store_532,2015-08-01,387.975
store_532,2015-08-02,0.0
store_532,2015-08-03,617.08
store_532,2015-08-04,495.465
store_532,2015-08-05,453.575
store_532,2015-08-06,465.925
store_532,2015-08-07,462.775
store_532,2015-08-08,369.12
store_532,2015-08-09,0.0
store_532,2015-08-10,442.055
store_532,2015-08-11,388.38
store_532,2015-08-12,397.87
store_532,2015-08-13,412.69
store_532,2015-08-14,431.25
store_532,2015-08-15,378.23
store_532,2015-08-16,0.0
store_532,2015-08-17,604.72
store_532,2015-08-18,510.3
store_532,2015-08-19,497.505
store_532,2015-08-20,504.32
store_532,2015-08-21,494.015
store_532,2015-08-22,377.65
store_532,2015-08-23,0.0
store_532,2015-08-24,432.305
store_532,2015-08-25,377.96
store_532,2015-08-26,393.155
store_532,2015-08-27,414.825
store_532,2015-08-28,434.215
store_532,2015-08-29,373.785
store_532,2015-08-30,0.0
store_533,2015-07-20,880.715
store_533,2015-07-21,815.8
store_533,2015-07-22,912.805
store_533,2015-07-23,872.25
store_533,2015-07-24,819.17
store_533,2015-07-25,725.475
store_533,2015-07-26,0.0
store_533,2015-07-27,1050.195
store_533,2015-07-28,981.895
store_533,2015-07-29,1002.27
store_533,2015-07-30,964.48
store_533,2015-07-31,899.165
store_533,2015-08-01,753.615
store_533,2015-08-02,0.0
store_533,2015-08-03,1150.405
store_533,2015-08-04,987.28
store_533,2015-08-05,957.815
store_533,2015-08-06,898.48
store_533,2015-08-07,887.62
store_533,2015-08-08,745.83
store_533,2015-08-09,0.0
store_533,2015-08-10,921.965
store_533,2015-08-11,833.96
store_533,2015-08-12,907.78
store_533,2015-08-13,868.01
store_533,2015-08-14,845.92
store_533,2015-08-15,739.4
store_533,2015-08-16,0.0
store_533,2015-08-17,1068.81
store_533,2015-08-18,985.55
store_533,2015-08-19,977.975
store_533,2015-08-20,970.375
store_533,2015-08-21,917.85
store_533,2015-08-22,753.855
store_533,2015-08-23,0.0
store_533,2015-08-24,941.37
store_533,2015-08-25,871.885
store_533,2015-08-26,863.425
store_533,2015-08-27,854.135
store_533,2015-08-28,826.015
store_533,2015-08-29,762.25
store_533,2015-08-30,0.0
store_534,2015-07-20,828.285
store_534,2015-07-21,753.78
store_534,2015-07-22,737.085
store_534,2015-07-23,763.125
store_534,2015-07-24,785.94
store_534,2015-07-25,650.275
store_534,2015-07-26,0.0
store_534,2015-07-27,1008.3
store_534,2015-07-28,935.555
store_534,2015-07-29,879.745
store_534,2015-07-30,901.83
store_534,2015-07-31,893.765
store_534,2015-08-01,651.3
store_534,2015-08-02,0.0
store_534,2015-08-03,1080.52
store_534,2015-08-04,928.76
store_534,2015-08-05,873.08
store_534,2015-08-06,848.18
store_534,2015-08-07,863.86
store_534,2015-08-08,648.165
store_534,2015-08-09,0.0
store_534,2015-08-10,839.115
store_534,2015-08-11,790.25
store_534,2015-08-12,773.78
store_534,2015-08-13,806.775
store_534,2015-08-14,817.38
store_534,2015-08-15,666.145
store_534,2015-08-16,0.0
store_534,2015-08-17,1077.75
store_534,2015-08-18,970.785
store_534,2015-08-19,923.895
store_534,2015-08-20,908.135
store_534,2015-08-21,913.11
store_534,2015-08-22,661.69
store_534,2015-08-23,0.0
store_534,2015-08-24,802.185
store_534,2015-08-25,739.805
store_534,2015-08-26,745.12
store_534,2015-08-27,772.715
store_534,2015-08-28,817.675
store_534,2015-08-29,681.19
store_534,2015-08-30,0.0
store_535,2015-07-20,533.505
store_535,2015-07-21,486.905
store_535,2015-07-22,531.9
store_535,2015-07-23,511.005
store_535,2015-07-24,496.27
store_535,2015-07-25,368.17
store_535,2015-07-26,0.0
store_535,2015-07-27,690.185
store_535,2015-07-28,628.215
store_535,2015-07-29,628.72
store_535,2015-07-30,656.42
store_535,2015-07-31,580.87
store_535,2015-08-01,383.86
store_535,2015-08-02,0.0
store_535,2015-08-03,786.755
store_535,2015-08-04,641.765
store_535,2015-08-05,597.665
store_535,2015-08-06,592.52
store_535,2015-08-07,583.725
store_535,2015-08-08,377.27
store_535,2015-08-09,0.0
store_535,2015-08-10,545.915
store_535,2015-08-11,533.31
store_535,2015-08-12,534.325
store_535,2015-08-13,529.835
store_535,2015-08-14,522.405
store_535,2015-08-15,384.975
store_535,2015-08-16,0.0
store_535,2015-08-17,747.07
store_535,2015-08-18,680.1
store_535,2015-08-19,643.61
store_535,2015-08-20,619.635
store_535,2015-08-21,576.83
store_535,2015-08-22,381.87
store_535,2015-08-23,0.0
store_535,2015-08-24,566.46
store_535,2015-08-25,504.63
store_535,2015-08-26,518.395
store_535,2015-08-27,541.16
store_535,2015-08-28,532.475
store_535,2015-08-29,406.435
store_535,2015-08-30,0.0
store_536,2015-07-20,722.605
store_536,2015-07-21,656.275
store_536,2015-07-22,650.13
store_536,2015-07-23,658.085
store_536,2015-07-24,674.62
store_536,2015-07-25,678.28
store_536,2015-07-26,0.0
store_536,2015-07-27,864.495
store_536,2015-07-28,823.405
store_536,2015-07-29,812.265
store_536,2015-07-30,812.25
store_536,2015-07-31,772.115
store_536,2015-08-01,667.98
store_536,2015-08-02,0.0
store_536,2015-08-03,971.82
store_536,2015-08-04,814.925
store_536,2015-08-05,742.635
store_536,2015-08-06,744.24
store_536,2015-08-07,748.435
store_536,2015-08-08,667.69
store_536,2015-08-09,0.0
store_536,2015-08-10,776.84
store_536,2015-08-11,718.555
store_536,2015-08-12,687.205
store_536,2015-08-13,677.85
store_536,2015-08-14,666.33
store_536,2015-08-15,665.835
store_536,2015-08-16,0.0
store_536,2015-08-17,990.26
store_536,2015-08-18,893.27
store_536,2015-08-19,827.265
store_536,2015-08-20,835.09
store_536,2015-08-21,801.865
store_536,2015-08-22,652.2
store_536,2015-08-23,0.0
store_536,2015-08-24,758.145
store_536,2015-08-25,692.225
store_536,2015-08-26,690.42
store_536,2015-08-27,699.625
store_536,2015-08-28,742.91
store_536,2015-08-29,657.675
store_536,2015-08-30,0.0
store_537,2015-07-20,424.195
store_537,2015-07-21,404.52
store_537,2015-07-22,421.935
store_537,2015-07-23,430.72
store_537,2015-07-24,448.905
store_537,2015-07-25,284.715
store_537,2015-07-26,0.0
store_537,2015-07-27,553.775
store_537,2015-07-28,505.22
store_537,2015-07-29,497.89
store_537,2015-07-30,514.89
store_537,2015-07-31,524.865
store_537,2015-08-01,292.065
store_537,2015-08-02,0.0
store_537,2015-08-03,630.56
store_537,2015-08-04,522.385
store_537,2015-08-05,482.655
store_537,2015-08-06,491.74
store_537,2015-08-07,497.165
store_537,2015-08-08,288.135
store_537,2015-08-09,0.0
store_537,2015-08-10,488.345
store_537,2015-08-11,448.01
store_537,2015-08-12,429.83
store_537,2015-08-13,450.53
store_537,2015-08-14,472.94
store_537,2015-08-15,283.84
store_537,2015-08-16,0.0
store_537,2015-08-17,632.43
store_537,2015-08-18,555.34
store_537,2015-08-19,508.44
store_537,2015-08-20,521.37
store_537,2015-08-21,528.715
store_537,2015-08-22,285.02
store_537,2015-08-23,0.0
store_537,2015-08-24,529.22
store_537,2015-08-25,474.845
store_537,2015-08-26,456.59
store_537,2015-08-27,451.635
store_537,2015-08-28,481.7
store_537,2015-08-29,284.9
store_537,2015-08-30,0.0
store_538,2015-07-20,652.865
store_538,2015-07-21,641.34
store_538,2015-07-22,645.205
store_538,2015-07-23,653.865
store_538,2015-07-24,634.155
store_538,2015-07-25,623.22
store_538,2015-07-26,0.0
store_538,2015-07-27,840.06
store_538,2015-07-28,777.16
store_538,2015-07-29,727.035
store_538,2015-07-30,739.585
store_538,2015-07-31,739.705
store_538,2015-08-01,639.08
store_538,2015-08-02,0.0
store_538,2015-08-03,896.56
store_538,2015-08-04,792.105
store_538,2015-08-05,735.27
store_538,2015-08-06,702.25
store_538,2015-08-07,707.82
store_538,2015-08-08,633.525
store_538,2015-08-09,0.0
store_538,2015-08-10,733.775
store_538,2015-08-11,703.945
store_538,2015-08-12,662.045
store_538,2015-08-13,657.3
store_538,2015-08-14,663.42
store_538,2015-08-15,636.59
store_538,2015-08-16,0.0
store_538,2015-08-17,928.12
store_538,2015-08-18,818.15
store_538,2015-08-19,772.785
store_538,2015-08-20,765.265
store_538,2015-08-21,742.355
store_538,2015-08-22,633.25
store_538,2015-08-23,0.0
store_538,2015-08-24,733.675
store_538,2015-08-25,679.29
store_538,2015-08-26,661.165
store_538,2015-08-27,674.09
store_538,2015-08-28,703.66
store_538,2015-08-29,644.665
store_538,2015-08-30,0.0
store_539,2015-07-20,556.18
store_539,2015-07-21,579.3
store_539,2015-07-22,552.425
store_539,2015-07-23,583.36
store_539,2015-07-24,579.12
store_539,2015-07-25,392.14
store_539,2015-07-26,0.0
store_539,2015-07-27,677.55
store_539,2015-07-28,658.825
store_539,2015-07-29,650.985
store_539,2015-07-30,670.61
store_539,2015-07-31,658.185
store_539,2015-08-01,395.205
store_539,2015-08-02,0.0
store_539,2015-08-03,706.915
store_539,2015-08-04,624.945
store_539,2015-08-05,614.64
store_539,2015-08-06,636.45
store_539,2015-08-07,630.655
store_539,2015-08-08,399.19
store_539,2015-08-09,0.0
store_539,2015-08-10,574.005
store_539,2015-08-11,537.99
store_539,2015-08-12,531.835
store_539,2015-08-13,572.325
store_539,2015-08-14,577.13
store_539,2015-08-15,402.145
store_539,2015-08-16,0.0
store_539,2015-08-17,716.805
store_539,2015-08-18,640.235
store_539,2015-08-19,620.88
store_539,2015-08-20,644.41
store_539,2015-08-21,635.9
store_539,2015-08-22,407.835
store_539,2015-08-23,0.0
store_539,2015-08-24,631.185
store_539,2015-08-25,564.265
store_539,2015-08-26,544.135
store_539,2015-08-27,581.43
store_539,2015-08-28,595.14
store_539,2015-08-29,399.365
store_539,2015-08-30,0.0
store_54,2015-07-20,510.135
store_54,2015-07-21,494.61
store_54,2015-07-22,496.025
store_54,2015-07-23,502.06
store_54,2015-07-24,483.72
store_54,2015-07-25,427.145
store_54,2015-07-26,0.0
store_54,2015-07-27,649.115
store_54,2015-07-28,623.77
store_54,2015-07-29,606.515
store_54,2015-07-30,616.48
store_54,2015-07-31,589.945
store_54,2015-08-01,434.56
store_54,2015-08-02,0.0
store_54,2015-08-03,726.605
store_54,2015-08-04,631.34
store_54,2015-08-05,590.44
store_54,2015-08-06,573.665
store_54,2015-08-07,549.305
store_54,2015-08-08,436.025
store_54,2015-08-09,0.0
store_54,2015-08-10,550.41
store_54,2015-08-11,525.105
store_54,2015-08-12,525.39
store_54,2015-08-13,537.305
store_54,2015-08-14,531.015
store_54,2015-08-15,429.145
store_54,2015-08-16,0.0
store_54,2015-08-17,781.845
store_54,2015-08-18,674.165
store_54,2015-08-19,623.27
store_54,2015-08-20,601.31
store_54,2015-08-21,574.345
store_54,2015-08-22,430.09
store_54,2015-08-23,0.0
store_54,2015-08-24,564.825
store_54,2015-08-25,492.855
store_54,2015-08-26,494.59
store_54,2015-08-27,509.915
store_54,2015-08-28,536.055
store_54,2015-08-29,428.07
store_54,2015-08-30,0.0
store_540,2015-07-20,568.4
store_540,2015-07-21,506.615
store_540,2015-07-22,521.525
store_540,2015-07-23,535.87
store_540,2015-07-24,545.115
store_540,2015-07-25,481.065
store_540,2015-07-26,0.0
store_540,2015-07-27,794.44
store_540,2015-07-28,685.08
store_540,2015-07-29,683.885
store_540,2015-07-30,669.525
store_540,2015-07-31,656.57
store_540,2015-08-01,499.585
store_540,2015-08-02,0.0
store_540,2015-08-03,826.195
store_540,2015-08-04,702.7
store_540,2015-08-05,652.465
store_540,2015-08-06,643.625
store_540,2015-08-07,627.45
store_540,2015-08-08,496.945
store_540,2015-08-09,0.0
store_540,2015-08-10,583.605
store_540,2015-08-11,542.695
store_540,2015-08-12,555.435
store_540,2015-08-13,591.47
store_540,2015-08-14,609.195
store_540,2015-08-15,458.44
store_540,2015-08-16,0.0
store_540,2015-08-17,818.675
store_540,2015-08-18,688.105
store_540,2015-08-19,660.14
store_540,2015-08-20,670.79
store_540,2015-08-21,668.155
store_540,2015-08-22,495.305
store_540,2015-08-23,0.0
store_540,2015-08-24,557.46
store_540,2015-08-25,512.625
store_540,2015-08-26,539.32
store_540,2015-08-27,579.345
store_540,2015-08-28,605.195
store_540,2015-08-29,478.395
store_540,2015-08-30,0.0
store_541,2015-07-20,742.475
store_541,2015-07-21,663.29
store_541,2015-07-22,670.07
store_541,2015-07-23,671.175
store_541,2015-07-24,728.865
store_541,2015-07-25,767.595
store_541,2015-07-26,0.0
store_541,2015-07-27,1027.0
store_541,2015-07-28,890.07
store_541,2015-07-29,885.645
store_541,2015-07-30,896.32
store_541,2015-07-31,941.075
store_541,2015-08-01,811.495
store_541,2015-08-02,0.0
store_541,2015-08-03,1008.99
store_541,2015-08-04,837.02
store_541,2015-08-05,798.685
store_541,2015-08-06,788.94
store_541,2015-08-07,829.905
store_541,2015-08-08,794.82
store_541,2015-08-09,0.0
store_541,2015-08-10,824.92
store_541,2015-08-11,727.175
store_541,2015-08-12,698.805
store_541,2015-08-13,697.815
store_541,2015-08-14,760.265
store_541,2015-08-15,787.13
store_541,2015-08-16,0.0
store_541,2015-08-17,1039.09
store_541,2015-08-18,888.36
store_541,2015-08-19,855.59
store_541,2015-08-20,856.075
store_541,2015-08-21,881.605
store_541,2015-08-22,792.65
store_541,2015-08-23,0.0
store_541,2015-08-24,770.16
store_541,2015-08-25,679.115
store_541,2015-08-26,692.69
store_541,2015-08-27,714.285
store_541,2015-08-28,774.975
store_541,2015-08-29,798.05
store_541,2015-08-30,0.0
store_542,2015-07-20,928.98
store_542,2015-07-21,860.705
store_542,2015-07-22,809.12
store_542,2015-07-23,803.76
store_542,2015-07-24,833.045
store_542,2015-07-25,916.1
store_542,2015-07-26,0.0
store_542,2015-07-27,1076.59
store_542,2015-07-28,1000.045
store_542,2015-07-29,960.31
store_542,2015-07-30,1001.91
store_542,2015-07-31,992.49
store_542,2015-08-01,905.165
store_542,2015-08-02,0.0
store_542,2015-08-03,1133.635
store_542,2015-08-04,1036.205
store_542,2015-08-05,964.99
store_542,2015-08-06,952.205
store_542,2015-08-07,933.555
store_542,2015-08-08,919.99
store_542,2015-08-09,0.0
store_542,2015-08-10,896.365
store_542,2015-08-11,876.26
store_542,2015-08-12,852.84
store_542,2015-08-13,843.125
store_542,2015-08-14,865.68
store_542,2015-08-15,866.67
store_542,2015-08-16,0.0
store_542,2015-08-17,1153.62
store_542,2015-08-18,1059.115
store_542,2015-08-19,989.615
store_542,2015-08-20,966.055
store_542,2015-08-21,957.815
store_542,2015-08-22,899.775
store_542,2015-08-23,0.0
store_542,2015-08-24,898.535
store_542,2015-08-25,857.71
store_542,2015-08-26,829.04
store_542,2015-08-27,845.49
store_542,2015-08-28,835.13
store_542,2015-08-29,878.59
store_542,2015-08-30,0.0
store_543,2015-07-20,947.64
store_543,2015-07-21,859.855
store_543,2015-07-22,872.53
store_543,2015-07-23,875.365
store_543,2015-07-24,946.31
store_543,2015-07-25,751.075
store_543,2015-07-26,0.0
store_543,2015-07-27,1169.735
store_543,2015-07-28,1104.47
store_543,2015-07-29,1132.165
store_543,2015-07-30,1099.91
store_543,2015-07-31,1094.225
store_543,2015-08-01,761.24
store_543,2015-08-02,0.0
store_543,2015-08-03,1257.72
store_543,2015-08-04,1083.68
store_543,2015-08-05,1024.215
store_543,2015-08-06,1013.12
store_543,2015-08-07,1012.81
store_543,2015-08-08,776.675
store_543,2015-08-09,0.0
store_543,2015-08-10,972.995
store_543,2015-08-11,923.265
store_543,2015-08-12,920.115
store_543,2015-08-13,926.07
store_543,2015-08-14,970.02
store_543,2015-08-15,772.3
store_543,2015-08-16,0.0
store_543,2015-08-17,1227.34
store_543,2015-08-18,1094.19
store_543,2015-08-19,1056.085
store_543,2015-08-20,1057.595
store_543,2015-08-21,1054.84
store_543,2015-08-22,780.115
store_543,2015-08-23,0.0
store_543,2015-08-24,947.565
store_543,2015-08-25,909.93
store_543,2015-08-26,886.705
store_543,2015-08-27,892.865
store_543,2015-08-28,938.39
store_543,2015-08-29,767.9
store_543,2015-08-30,0.0
store_544,2015-07-20,903.98
store_544,2015-07-21,813.655
store_544,2015-07-22,783.09
store_544,2015-07-23,830.05
store_544,2015-07-24,872.06
store_544,2015-07-25,857.005
store_544,2015-07-26,0.0
store_544,2015-07-27,1142.095
store_544,2015-07-28,992.88
store_544,2015-07-29,940.175
store_544,2015-07-30,958.39
store_544,2015-07-31,981.845
store_544,2015-08-01,881.995
store_544,2015-08-02,0.0
store_544,2015-08-03,1202.715
store_544,2015-08-04,989.185
store_544,2015-08-05,924.07
store_544,2015-08-06,912.365
store_544,2015-08-07,895.975
store_544,2015-08-08,852.46
store_544,2015-08-09,0.0
store_544,2015-08-10,955.52
store_544,2015-08-11,843.495
store_544,2015-08-12,807.93
store_544,2015-08-13,832.335
store_544,2015-08-14,855.36
store_544,2015-08-15,845.32
store_544,2015-08-16,0.0
store_544,2015-08-17,1269.755
store_544,2015-08-18,1102.105
store_544,2015-08-19,991.27
store_544,2015-08-20,997.75
store_544,2015-08-21,967.53
store_544,2015-08-22,834.71
store_544,2015-08-23,0.0
store_544,2015-08-24,944.99
store_544,2015-08-25,856.285
store_544,2015-08-26,830.22
store_544,2015-08-27,869.73
store_544,2015-08-28,865.68
store_544,2015-08-29,831.21
store_544,2015-08-30,0.0
store_545,2015-07-20,1073.185
store_545,2015-07-21,986.0
store_545,2015-07-22,968.485
store_545,2015-07-23,1005.24
store_545,2015-07-24,999.835
store_545,2015-07-25,1079.01
store_545,2015-07-26,0.0
store_545,2015-07-27,1242.67
store_545,2015-07-28,1140.835
store_545,2015-07-29,1104.83
store_545,2015-07-30,1149.96
store_545,2015-07-31,1143.405
store_545,2015-08-01,1040.175
store_545,2015-08-02,0.0
store_545,2015-08-03,1388.865
store_545,2015-08-04,1232.235
store_545,2015-08-05,1139.795
store_545,2015-08-06,1109.025
store_545,2015-08-07,1095.3
store_545,2015-08-08,1066.335
store_545,2015-08-09,0.0
store_545,2015-08-10,1124.92
store_545,2015-08-11,1032.31
store_545,2015-08-12,992.505
store_545,2015-08-13,994.63
store_545,2015-08-14,1001.255
store_545,2015-08-15,1027.73
store_545,2015-08-16,0.0
store_545,2015-08-17,1416.435
store_545,2015-08-18,1305.495
store_545,2015-08-19,1175.415
store_545,2015-08-20,1128.29
store_545,2015-08-21,1104.005
store_545,2015-08-22,1047.34
store_545,2015-08-23,0.0
store_545,2015-08-24,1110.93
store_545,2015-08-25,977.555
store_545,2015-08-26,950.39
store_545,2015-08-27,975.23
store_545,2015-08-28,995.825
store_545,2015-08-29,1014.195
store_545,2015-08-30,0.0
store_546,2015-07-20,300.53
store_546,2015-07-21,260.825
store_546,2015-07-22,269.9
store_546,2015-07-23,263.47
store_546,2015-07-24,310.435
store_546,2015-07-25,386.18
store_546,2015-07-26,0.0
store_546,2015-07-27,404.65
store_546,2015-07-28,350.915
store_546,2015-07-29,342.905
store_546,2015-07-30,325.82
store_546,2015-07-31,353.95
store_546,2015-08-01,398.75
store_546,2015-08-02,0.0
store_546,2015-08-03,416.025
store_546,2015-08-04,355.735
store_546,2015-08-05,343.68
store_546,2015-08-06,335.42
store_546,2015-08-07,351.495
store_546,2015-08-08,391.31
store_546,2015-08-09,0.0
store_546,2015-08-10,341.495
store_546,2015-08-11,311.665
store_546,2015-08-12,309.095
store_546,2015-08-13,323.105
store_546,2015-08-14,346.565
store_546,2015-08-15,393.195
store_546,2015-08-16,0.0
store_546,2015-08-17,426.455
store_546,2015-08-18,369.165
store_546,2015-08-19,371.91
store_546,2015-08-20,374.04
store_546,2015-08-21,387.975
store_546,2015-08-22,397.085
store_546,2015-08-23,0.0
store_546,2015-08-24,347.81
store_546,2015-08-25,304.205
store_546,2015-08-26,302.355
store_546,2015-08-27,316.585
store_546,2015-08-28,356.92
store_546,2015-08-29,388.31
store_546,2015-08-30,0.0
store_547,2015-07-20,645.67
store_547,2015-07-21,585.325
store_547,2015-07-22,570.105
store_547,2015-07-23,592.91
store_547,2015-07-24,580.485
store_547,2015-07-25,450.15
store_547,2015-07-26,0.0
store_547,2015-07-27,853.955
store_547,2015-07-28,749.685
store_547,2015-07-29,714.295
store_547,2015-07-30,742.075
store_547,2015-07-31,718.36
store_547,2015-08-01,472.835
store_547,2015-08-02,0.0
store_547,2015-08-03,889.085
store_547,2015-08-04,738.45
store_547,2015-08-05,683.295
store_547,2015-08-06,682.11
store_547,2015-08-07,666.35
store_547,2015-08-08,469.535
store_547,2015-08-09,0.0
store_547,2015-08-10,692.705
store_547,2015-08-11,627.765
store_547,2015-08-12,622.955
store_547,2015-08-13,637.92
store_547,2015-08-14,629.415
store_547,2015-08-15,477.195
store_547,2015-08-16,0.0
store_547,2015-08-17,861.68
store_547,2015-08-18,760.79
store_547,2015-08-19,721.375
store_547,2015-08-20,732.45
store_547,2015-08-21,703.895
store_547,2015-08-22,489.565
store_547,2015-08-23,0.0
store_547,2015-08-24,732.96
store_547,2015-08-25,658.575
store_547,2015-08-26,619.6
store_547,2015-08-27,634.085
store_547,2015-08-28,636.63
store_547,2015-08-29,472.255
store_547,2015-08-30,0.0
store_548,2015-07-20,858.74
store_548,2015-07-21,804.745
store_548,2015-07-22,841.005
store_548,2015-07-23,882.99
store_548,2015-07-24,882.68
store_548,2015-07-25,849.67
store_548,2015-07-26,0.0
store_548,2015-07-27,1076.78
store_548,2015-07-28,978.49
store_548,2015-07-29,999.46
store_548,2015-07-30,1030.98
store_548,2015-07-31,990.275
store_548,2015-08-01,809.885
store_548,2015-08-02,0.0
store_548,2015-08-03,1133.91
store_548,2015-08-04,1002.145
store_548,2015-08-05,947.03
store_548,2015-08-06,946.725
store_548,2015-08-07,931.155
store_548,2015-08-08,842.405
store_548,2015-08-09,0.0
store_548,2015-08-10,851.565
store_548,2015-08-11,822.36
store_548,2015-08-12,803.825
store_548,2015-08-13,813.575
store_548,2015-08-14,867.385
store_548,2015-08-15,840.855
store_548,2015-08-16,0.0
store_548,2015-08-17,1145.18
store_548,2015-08-18,1025.53
store_548,2015-08-19,953.13
store_548,2015-08-20,964.865
store_548,2015-08-21,981.765
store_548,2015-08-22,814.765
store_548,2015-08-23,0.0
store_548,2015-08-24,910.515
store_548,2015-08-25,842.09
store_548,2015-08-26,777.47
store_548,2015-08-27,831.96
store_548,2015-08-28,842.885
store_548,2015-08-29,827.795
store_548,2015-08-30,0.0
store_549,2015-07-20,1181.27
store_549,2015-07-21,1100.15
store_549,2015-07-22,1103.095
store_549,2015-07-23,1121.64
store_549,2015-07-24,1120.38
store_549,2015-07-25,1085.845
store_549,2015-07-26,0.0
store_549,2015-07-27,1458.915
store_549,2015-07-28,1380.98
store_549,2015-07-29,1317.02
store_549,2015-07-30,1296.115
store_549,2015-07-31,1207.51
store_549,2015-08-01,1059.89
store_549,2015-08-02,0.0
store_549,2015-08-03,1562.585
store_549,2015-08-04,1407.82
store_549,2015-08-05,1298.995
store_549,2015-08-06,1298.79
store_549,2015-08-07,1251.195
store_549,2015-08-08,1094.025
store_549,2015-08-09,0.0
store_549,2015-08-10,1203.065
store_549,2015-08-11,1127.57
store_549,2015-08-12,1081.85
store_549,2015-08-13,1114.145
store_549,2015-08-14,1129.22
store_549,2015-08-15,1040.405
store_549,2015-08-16,0.0
store_549,2015-08-17,1510.29
store_549,2015-08-18,1375.305
store_549,2015-08-19,1302.67
store_549,2015-08-20,1286.61
store_549,2015-08-21,1241.77
store_549,2015-08-22,1053.255
store_549,2015-08-23,0.0
store_549,2015-08-24,1144.865
store_549,2015-08-25,1066.035
store_549,2015-08-26,1054.55
store_549,2015-08-27,1049.555
store_549,2015-08-28,1057.555
store_549,2015-08-29,1038.105
store_549,2015-08-30,0.0
store_55,2015-07-20,960.22
store_55,2015-07-21,895.475
store_55,2015-07-22,869.955
store_55,2015-07-23,873.675
store_55,2015-07-24,900.02
store_55,2015-07-25,904.935
store_55,2015-07-26,0.0
store_55,2015-07-27,1209.785
store_55,2015-07-28,1119.445
store_55,2015-07-29,1082.74
store_55,2015-07-30,1092.1
store_55,2015-07-31,1045.725
store_55,2015-08-01,935.49
store_55,2015-08-02,0.0
store_55,2015-08-03,1301.725
store_55,2015-08-04,1097.0
store_55,2015-08-05,1018.12
store_55,2015-08-06,1013.82
store_55,2015-08-07,1009.415
store_55,2015-08-08,935.075
store_55,2015-08-09,0.0
store_55,2015-08-10,1020.7
store_55,2015-08-11,967.97
store_55,2015-08-12,921.6
store_55,2015-08-13,932.73
store_55,2015-08-14,953.685
store_55,2015-08-15,912.495
store_55,2015-08-16,0.0
store_55,2015-08-17,1300.46
store_55,2015-08-18,1166.18
store_55,2015-08-19,1069.415
store_55,2015-08-20,1044.29
store_55,2015-08-21,1056.715
store_55,2015-08-22,911.09
store_55,2015-08-23,0.0
store_55,2015-08-24,998.145
store_55,2015-08-25,942.345
store_55,2015-08-26,932.515
store_55,2015-08-27,950.5
store_55,2015-08-28,966.155
store_55,2015-08-29,917.645
store_55,2015-08-30,0.0
store_550,2015-07-20,731.0
store_550,2015-07-21,727.105
store_550,2015-07-22,641.96
store_550,2015-07-23,772.5
store_550,2015-07-24,776.245
store_550,2015-07-25,806.305
store_550,2015-07-26,0.0
store_550,2015-07-27,920.425
store_550,2015-07-28,913.17
store_550,2015-07-29,840.08
store_550,2015-07-30,895.26
store_550,2015-07-31,864.525
store_550,2015-08-01,833.995
store_550,2015-08-02,0.0
store_550,2015-08-03,990.335
store_550,2015-08-04,868.82
store_550,2015-08-05,801.12
store_550,2015-08-06,838.69
store_550,2015-08-07,835.415
store_550,2015-08-08,833.73
store_550,2015-08-09,0.0
store_550,2015-08-10,804.325
store_550,2015-08-11,771.53
store_550,2015-08-12,749.545
store_550,2015-08-13,760.045
store_550,2015-08-14,779.53
store_550,2015-08-15,809.41
store_550,2015-08-16,0.0
store_550,2015-08-17,1021.59
store_550,2015-08-18,918.445
store_550,2015-08-19,861.935
store_550,2015-08-20,851.035
store_550,2015-08-21,841.225
store_550,2015-08-22,795.535
store_550,2015-08-23,0.0
store_550,2015-08-24,807.0
store_550,2015-08-25,713.555
store_550,2015-08-26,710.085
store_550,2015-08-27,740.85
store_550,2015-08-28,759.83
store_550,2015-08-29,775.085
store_550,2015-08-30,0.0
store_551,2015-07-20,334.48
store_551,2015-07-21,308.42
store_551,2015-07-22,328.94
store_551,2015-07-23,334.725
store_551,2015-07-24,349.835
store_551,2015-07-25,222.84
store_551,2015-07-26,0.0
store_551,2015-07-27,444.55
store_551,2015-07-28,386.915
store_551,2015-07-29,376.765
store_551,2015-07-30,388.935
store_551,2015-07-31,388.295
store_551,2015-08-01,223.67
store_551,2015-08-02,0.0
store_551,2015-08-03,482.4
store_551,2015-08-04,409.39
store_551,2015-08-05,370.735
store_551,2015-08-06,389.875
store_551,2015-08-07,397.525
store_551,2015-08-08,219.92
store_551,2015-08-09,0.0
store_551,2015-08-10,379.915
store_551,2015-08-11,347.825
store_551,2015-08-12,339.335
store_551,2015-08-13,343.035
store_551,2015-08-14,357.66
store_551,2015-08-15,211.765
store_551,2015-08-16,0.0
store_551,2015-08-17,478.015
store_551,2015-08-18,406.715
store_551,2015-08-19,397.995
store_551,2015-08-20,394.45
store_551,2015-08-21,407.19
store_551,2015-08-22,219.94
store_551,2015-08-23,0.0
store_551,2015-08-24,393.405
store_551,2015-08-25,349.73
store_551,2015-08-26,345.27
store_551,2015-08-27,352.745
store_551,2015-08-28,370.91
store_551,2015-08-29,217.31
store_551,2015-08-30,0.0
store_552,2015-07-20,854.585
store_552,2015-07-21,768.885
store_552,2015-07-22,764.57
store_552,2015-07-23,806.26
store_552,2015-07-24,841.595
store_552,2015-07-25,758.02
store_552,2015-07-26,0.0
store_552,2015-07-27,1098.11
store_552,2015-07-28,968.4
store_552,2015-07-29,945.085
store_552,2015-07-30,979.34
store_552,2015-07-31,1008.73
store_552,2015-08-01,800.965
store_552,2015-08-02,0.0
store_552,2015-08-03,1155.88
store_552,2015-08-04,963.805
store_552,2015-08-05,916.52
store_552,2015-08-06,922.985
store_552,2015-08-07,916.92
store_552,2015-08-08,757.86
store_552,2015-08-09,0.0
store_552,2015-08-10,916.395
store_552,2015-08-11,841.915
store_552,2015-08-12,810.155
store_552,2015-08-13,831.63
store_552,2015-08-14,880.005
store_552,2015-08-15,749.37
store_552,2015-08-16,0.0
store_552,2015-08-17,1117.735
store_552,2015-08-18,1004.64
store_552,2015-08-19,958.06
store_552,2015-08-20,957.835
store_552,2015-08-21,947.15
store_552,2015-08-22,763.275
store_552,2015-08-23,0.0
store_552,2015-08-24,893.905
store_552,2015-08-25,812.16
store_552,2015-08-26,772.475
store_552,2015-08-27,819.185
store_552,2015-08-28,858.145
store_552,2015-08-29,746.725
store_552,2015-08-30,0.0
store_553,2015-07-20,658.67
store_553,2015-07-21,617.065
store_553,2015-07-22,587.475
store_553,2015-07-23,636.43
store_553,2015-07-24,692.41
store_553,2015-07-25,777.02
store_553,2015-07-26,0.0
store_553,2015-07-27,803.715
store_553,2015-07-28,761.59
store_553,2015-07-29,755.365
store_553,2015-07-30,772.4
store_553,2015-07-31,778.74
store_553,2015-08-01,795.0
store_553,2015-08-02,0.0
store_553,2015-08-03,869.775
store_553,2015-08-04,741.91
store_553,2015-08-05,694.61
store_553,2015-08-06,710.0
store_553,2015-08-07,746.33
store_553,2015-08-08,774.84
store_553,2015-08-09,0.0
store_553,2015-08-10,701.675
store_553,2015-08-11,648.595
store_553,2015-08-12,633.38
store_553,2015-08-13,642.925
store_553,2015-08-14,690.07
store_553,2015-08-15,762.945
store_553,2015-08-16,0.0
store_553,2015-08-17,861.47
store_553,2015-08-18,783.36
store_553,2015-08-19,739.56
store_553,2015-08-20,748.77
store_553,2015-08-21,766.07
store_553,2015-08-22,744.375
store_553,2015-08-23,0.0
store_553,2015-08-24,753.175
store_553,2015-08-25,693.68
store_553,2015-08-26,654.615
store_553,2015-08-27,660.36
store_553,2015-08-28,678.69
store_553,2015-08-29,733.05
store_553,2015-08-30,0.0
store_554,2015-07-20,982.945
store_554,2015-07-21,920.99
store_554,2015-07-22,940.89
store_554,2015-07-23,964.68
store_554,2015-07-24,987.31
store_554,2015-07-25,1033.17
store_554,2015-07-26,0.0
store_554,2015-07-27,1452.125
store_554,2015-07-28,1374.62
store_554,2015-07-29,1271.07
store_554,2015-07-30,1289.135
store_554,2015-07-31,1206.77
store_554,2015-08-01,1052.875
store_554,2015-08-02,0.0
store_554,2015-08-03,1469.74
store_554,2015-08-04,1240.305
store_554,2015-08-05,1169.91
store_554,2015-08-06,1152.555
store_554,2015-08-07,1142.95
store_554,2015-08-08,1038.705
store_554,2015-08-09,0.0
store_554,2015-08-10,1140.375
store_554,2015-08-11,1102.13
store_554,2015-08-12,1040.815
store_554,2015-08-13,1023.165
store_554,2015-08-14,1030.945
store_554,2015-08-15,1042.185
store_554,2015-08-16,0.0
store_554,2015-08-17,1402.97
store_554,2015-08-18,1302.215
store_554,2015-08-19,1213.13
store_554,2015-08-20,1171.265
store_554,2015-08-21,1146.125
store_554,2015-08-22,1039.915
store_554,2015-08-23,0.0
store_554,2015-08-24,1063.76
store_554,2015-08-25,1008.685
store_554,2015-08-26,976.36
store_554,2015-08-27,980.875
store_554,2015-08-28,1025.875
store_554,2015-08-29,1053.375
store_554,2015-08-30,0.0
store_555,2015-07-20,1085.06
store_555,2015-07-21,1044.04
store_555,2015-07-22,994.345
store_555,2015-07-23,1097.565
store_555,2015-07-24,1034.715
store_555,2015-07-25,734.215
store_555,2015-07-26,0.0
store_555,2015-07-27,1233.935
store_555,2015-07-28,1192.15
store_555,2015-07-29,1134.805
store_555,2015-07-30,1237.465
store_555,2015-07-31,1186.365
store_555,2015-08-01,789.29
store_555,2015-08-02,0.0
store_555,2015-08-03,1288.73
store_555,2015-08-04,1167.71
store_555,2015-08-05,1099.325
store_555,2015-08-06,1169.035
store_555,2015-08-07,1135.63
store_555,2015-08-08,795.92
store_555,2015-08-09,0.0
store_555,2015-08-10,1090.64
store_555,2015-08-11,1019.71
store_555,2015-08-12,971.865
store_555,2015-08-13,1028.335
store_555,2015-08-14,1043.3
store_555,2015-08-15,798.44
store_555,2015-08-16,0.0
store_555,2015-08-17,1290.49
store_555,2015-08-18,1201.67
store_555,2015-08-19,1129.47
store_555,2015-08-20,1149.455
store_555,2015-08-21,1129.185
store_555,2015-08-22,812.185
store_555,2015-08-23,0.0
store_555,2015-08-24,1021.22
store_555,2015-08-25,968.0
store_555,2015-08-26,928.275
store_555,2015-08-27,972.015
store_555,2015-08-28,1041.01
store_555,2015-08-29,822.21
store_555,2015-08-30,0.0
store_556,2015-07-20,602.27
store_556,2015-07-21,578.21
store_556,2015-07-22,582.445
store_556,2015-07-23,573.025
store_556,2015-07-24,576.285
store_556,2015-07-25,616.51
store_556,2015-07-26,0.0
store_556,2015-07-27,798.115
store_556,2015-07-28,759.28
store_556,2015-07-29,746.655
store_556,2015-07-30,738.71
store_556,2015-07-31,694.125
store_556,2015-08-01,648.8
store_556,2015-08-02,0.0
store_556,2015-08-03,885.82
store_556,2015-08-04,751.875
store_556,2015-08-05,722.83
store_556,2015-08-06,697.73
store_556,2015-08-07,672.895
store_556,2015-08-08,641.285
store_556,2015-08-09,0.0
store_556,2015-08-10,698.125
store_556,2015-08-11,664.985
store_556,2015-08-12,644.835
store_556,2015-08-13,644.845
store_556,2015-08-14,647.055
store_556,2015-08-15,650.01
store_556,2015-08-16,0.0
store_556,2015-08-17,873.37
store_556,2015-08-18,768.82
store_556,2015-08-19,722.53
store_556,2015-08-20,738.765
store_556,2015-08-21,753.71
store_556,2015-08-22,648.375
store_556,2015-08-23,0.0
store_556,2015-08-24,712.91
store_556,2015-08-25,644.15
store_556,2015-08-26,638.455
store_556,2015-08-27,636.83
store_556,2015-08-28,652.545
store_556,2015-08-29,660.88
store_556,2015-08-30,0.0
store_557,2015-07-20,639.265
store_557,2015-07-21,587.735
store_557,2015-07-22,574.87
store_557,2015-07-23,608.805
store_557,2015-07-24,639.135
store_557,2015-07-25,416.255
store_557,2015-07-26,0.0
store_557,2015-07-27,828.995
store_557,2015-07-28,729.96
store_557,2015-07-29,700.785
store_557,2015-07-30,727.365
store_557,2015-07-31,733.885
store_557,2015-08-01,435.915
store_557,2015-08-02,0.0
store_557,2015-08-03,870.575
store_557,2015-08-04,731.595
store_557,2015-08-05,687.36
store_557,2015-08-06,677.59
store_557,2015-08-07,706.865
store_557,2015-08-08,433.94
store_557,2015-08-09,0.0
store_557,2015-08-10,661.475
store_557,2015-08-11,601.84
store_557,2015-08-12,586.105
store_557,2015-08-13,600.825
store_557,2015-08-14,639.885
store_557,2015-08-15,428.19
store_557,2015-08-16,0.0
store_557,2015-08-17,896.195
store_557,2015-08-18,751.99
store_557,2015-08-19,718.09
store_557,2015-08-20,700.545
store_557,2015-08-21,721.295
store_557,2015-08-22,433.99
store_557,2015-08-23,0.0
store_557,2015-08-24,666.555
store_557,2015-08-25,606.805
store_557,2015-08-26,598.39
store_557,2015-08-27,610.325
store_557,2015-08-28,647.91
store_557,2015-08-29,426.495
store_557,2015-08-30,0.0
store_558,2015-07-20,609.16
store_558,2015-07-21,547.735
store_558,2015-07-22,560.45
store_558,2015-07-23,574.565
store_558,2015-07-24,606.36
store_558,2015-07-25,649.47
store_558,2015-07-26,0.0
store_558,2015-07-27,843.365
store_558,2015-07-28,724.305
store_558,2015-07-29,697.17
store_558,2015-07-30,697.24
store_558,2015-07-31,694.185
store_558,2015-08-01,665.61
store_558,2015-08-02,0.0
store_558,2015-08-03,891.265
store_558,2015-08-04,719.35
store_558,2015-08-05,687.4
store_558,2015-08-06,661.43
store_558,2015-08-07,649.655
store_558,2015-08-08,642.755
store_558,2015-08-09,0.0
store_558,2015-08-10,668.625
store_558,2015-08-11,594.175
store_558,2015-08-12,585.025
store_558,2015-08-13,593.14
store_558,2015-08-14,618.8
store_558,2015-08-15,633.11
store_558,2015-08-16,0.0
store_558,2015-08-17,882.73
store_558,2015-08-18,747.505
store_558,2015-08-19,713.86
store_558,2015-08-20,704.18
store_558,2015-08-21,704.325
store_558,2015-08-22,628.33
store_558,2015-08-23,0.0
store_558,2015-08-24,644.13
store_558,2015-08-25,582.02
store_558,2015-08-26,593.98
store_558,2015-08-27,606.64
store_558,2015-08-28,636.055
store_558,2015-08-29,618.0
store_558,2015-08-30,0.0
store_559,2015-07-20,360.365
store_559,2015-07-21,355.73
store_559,2015-07-22,355.33
store_559,2015-07-23,403.58
store_559,2015-07-24,376.335
store_559,2015-07-25,223.71
store_559,2015-07-26,0.0
store_559,2015-07-27,430.835
store_559,2015-07-28,425.515
store_559,2015-07-29,406.04
store_559,2015-07-30,431.215
store_559,2015-07-31,432.795
store_559,2015-08-01,230.15
store_559,2015-08-02,0.0
store_559,2015-08-03,457.195
store_559,2015-08-04,411.49
store_559,2015-08-05,389.515
store_559,2015-08-06,430.03
store_559,2015-08-07,433.535
store_559,2015-08-08,230.275
store_559,2015-08-09,0.0
store_559,2015-08-10,383.6
store_559,2015-08-11,353.685
store_559,2015-08-12,339.835
store_559,2015-08-13,368.56
store_559,2015-08-14,400.665
store_559,2015-08-15,234.93
store_559,2015-08-16,0.0
store_559,2015-08-17,473.86
store_559,2015-08-18,404.935
store_559,2015-08-19,388.02
store_559,2015-08-20,417.26
store_559,2015-08-21,449.24
store_559,2015-08-22,239.03
store_559,2015-08-23,0.0
store_559,2015-08-24,373.52
store_559,2015-08-25,337.745
store_559,2015-08-26,338.65
store_559,2015-08-27,352.61
store_559,2015-08-28,392.335
store_559,2015-08-29,240.33
store_559,2015-08-30,0.0
store_56,2015-07-20,431.16
store_56,2015-07-21,372.995
store_56,2015-07-22,406.045
store_56,2015-07-23,403.75
store_56,2015-07-24,416.02
store_56,2015-07-25,401.6
store_56,2015-07-26,0.0
store_56,2015-07-27,564.46
store_56,2015-07-28,488.655
store_56,2015-07-29,492.935
store_56,2015-07-30,503.61
store_56,2015-07-31,494.27
store_56,2015-08-01,408.82
store_56,2015-08-02,0.0
store_56,2015-08-03,601.325
store_56,2015-08-04,491.37
store_56,2015-08-05,464.875
store_56,2015-08-06,467.94
store_56,2015-08-07,467.645
store_56,2015-08-08,407.67
store_56,2015-08-09,0.0
store_56,2015-08-10,498.455
store_56,2015-08-11,430.375
store_56,2015-08-12,411.835
store_56,2015-08-13,423.385
store_56,2015-08-14,431.405
store_56,2015-08-15,416.77
store_56,2015-08-16,0.0
store_56,2015-08-17,615.245
store_56,2015-08-18,530.05
store_56,2015-08-19,504.755
store_56,2015-08-20,502.02
store_56,2015-08-21,501.085
store_56,2015-08-22,415.995
store_56,2015-08-23,0.0
store_56,2015-08-24,498.125
store_56,2015-08-25,438.42
store_56,2015-08-26,431.495
store_56,2015-08-27,437.145
store_56,2015-08-28,463.495
store_56,2015-08-29,432.38
store_56,2015-08-30,0.0
store_560,2015-07-20,1042.24
store_560,2015-07-21,1041.65
store_560,2015-07-22,1064.815
store_560,2015-07-23,1064.295
store_560,2015-07-24,1173.94
store_560,2015-07-25,1541.445
store_560,2015-07-26,0.0
store_560,2015-07-27,1299.565
store_560,2015-07-28,1276.35
store_560,2015-07-29,1259.19
store_560,2015-07-30,1268.51
store_560,2015-07-31,1325.57
store_560,2015-08-01,1553.725
store_560,2015-08-02,0.0
store_560,2015-08-03,1338.675
store_560,2015-08-04,1273.35
store_560,2015-08-05,1203.955
store_560,2015-08-06,1191.49
store_560,2015-08-07,1189.245
store_560,2015-08-08,1535.245
store_560,2015-08-09,0.0
store_560,2015-08-10,1150.145
store_560,2015-08-11,1114.79
store_560,2015-08-12,1075.675
store_560,2015-08-13,1108.16
store_560,2015-08-14,1068.73
store_560,2015-08-15,1449.52
store_560,2015-08-16,0.0
store_560,2015-08-17,1348.72
store_560,2015-08-18,1271.955
store_560,2015-08-19,1201.69
store_560,2015-08-20,1193.545
store_560,2015-08-21,1179.88
store_560,2015-08-22,1466.96
store_560,2015-08-23,0.0
store_560,2015-08-24,1137.095
store_560,2015-08-25,1087.71
store_560,2015-08-26,1041.39
store_560,2015-08-27,1064.125
store_560,2015-08-28,1084.865
store_560,2015-08-29,1422.56
store_560,2015-08-30,0.0
store_561,2015-07-20,451.89
store_561,2015-07-21,412.61
store_561,2015-07-22,427.89
store_561,2015-07-23,437.655
store_561,2015-07-24,461.915
store_561,2015-07-25,504.91
store_561,2015-07-26,0.0
store_561,2015-07-27,615.72
store_561,2015-07-28,543.21
store_561,2015-07-29,524.29
store_561,2015-07-30,537.315
store_561,2015-07-31,549.215
store_561,2015-08-01,528.575
store_561,2015-08-02,0.0
store_561,2015-08-03,649.375
store_561,2015-08-04,530.23
store_561,2015-08-05,501.57
store_561,2015-08-06,512.405
store_561,2015-08-07,520.61
store_561,2015-08-08,530.195
store_561,2015-08-09,0.0
store_561,2015-08-10,479.255
store_561,2015-08-11,437.935
store_561,2015-08-12,428.75
store_561,2015-08-13,452.515
store_561,2015-08-14,489.77
store_561,2015-08-15,517.475
store_561,2015-08-16,0.0
store_561,2015-08-17,671.425
store_561,2015-08-18,570.445
store_561,2015-08-19,553.66
store_561,2015-08-20,548.53
store_561,2015-08-21,554.665
store_561,2015-08-22,526.48
store_561,2015-08-23,0.0
store_561,2015-08-24,488.715
store_561,2015-08-25,446.695
store_561,2015-08-26,463.925
store_561,2015-08-27,475.095
store_561,2015-08-28,492.075
store_561,2015-08-29,524.895
store_561,2015-08-30,0.0
store_562,2015-07-20,755.935
store_562,2015-07-21,690.885
store_562,2015-07-22,717.73
store_562,2015-07-23,725.01
store_562,2015-07-24,706.8
store_562,2015-07-25,637.855
store_562,2015-07-26,0.0
store_562,2015-07-27,1038.52
store_562,2015-07-28,907.045
store_562,2015-07-29,923.005
store_562,2015-07-30,911.99
store_562,2015-07-31,859.67
store_562,2015-08-01,655.895
store_562,2015-08-02,0.0
store_562,2015-08-03,1097.095
store_562,2015-08-04,909.46
store_562,2015-08-05,869.605
store_562,2015-08-06,824.37
store_562,2015-08-07,786.965
store_562,2015-08-08,678.23
store_562,2015-08-09,0.0
store_562,2015-08-10,844.44
store_562,2015-08-11,781.445
store_562,2015-08-12,750.13
store_562,2015-08-13,752.59
store_562,2015-08-14,734.525
store_562,2015-08-15,679.785
store_562,2015-08-16,0.0
store_562,2015-08-17,1129.03
store_562,2015-08-18,971.285
store_562,2015-08-19,900.88
store_562,2015-08-20,887.48
store_562,2015-08-21,860.72
store_562,2015-08-22,671.64
store_562,2015-08-23,0.0
store_562,2015-08-24,844.58
store_562,2015-08-25,757.77
store_562,2015-08-26,765.285
store_562,2015-08-27,775.59
store_562,2015-08-28,772.645
store_562,2015-08-29,705.255
store_562,2015-08-30,0.0
store_563,2015-07-20,596.27
store_563,2015-07-21,573.415
store_563,2015-07-22,534.92
store_563,2015-07-23,564.29
store_563,2015-07-24,535.71
store_563,2015-07-25,584.185
store_563,2015-07-26,0.0
store_563,2015-07-27,837.345
store_563,2015-07-28,719.31
store_563,2015-07-29,700.485
store_563,2015-07-30,692.17
store_563,2015-07-31,648.605
store_563,2015-08-01,634.785
store_563,2015-08-02,0.0
store_563,2015-08-03,879.565
store_563,2015-08-04,724.235
store_563,2015-08-05,666.475
store_563,2015-08-06,658.82
store_563,2015-08-07,622.835
store_563,2015-08-08,619.83
store_563,2015-08-09,0.0
store_563,2015-08-10,624.12
store_563,2015-08-11,582.37
store_563,2015-08-12,565.69
store_563,2015-08-13,583.96
store_563,2015-08-14,592.935
store_563,2015-08-15,615.86
store_563,2015-08-16,0.0
store_563,2015-08-17,868.51
store_563,2015-08-18,720.485
store_563,2015-08-19,682.935
store_563,2015-08-20,694.52
store_563,2015-08-21,672.63
store_563,2015-08-22,649.315
store_563,2015-08-23,0.0
store_563,2015-08-24,688.26
store_563,2015-08-25,590.295
store_563,2015-08-26,574.4
store_563,2015-08-27,587.875
store_563,2015-08-28,607.025
store_563,2015-08-29,630.38
store_563,2015-08-30,0.0
store_564,2015-07-20,673.63
store_564,2015-07-21,626.545
store_564,2015-07-22,602.755
store_564,2015-07-23,618.38
store_564,2015-07-24,652.59
store_564,2015-07-25,550.275
store_564,2015-07-26,0.0
store_564,2015-07-27,833.875
store_564,2015-07-28,737.54
store_564,2015-07-29,741.43
store_564,2015-07-30,756.045
store_564,2015-07-31,775.655
store_564,2015-08-01,591.89
store_564,2015-08-02,0.0
store_564,2015-08-03,874.48
store_564,2015-08-04,746.515
store_564,2015-08-05,688.7
store_564,2015-08-06,698.515
store_564,2015-08-07,717.365
store_564,2015-08-08,571.215
store_564,2015-08-09,0.0
store_564,2015-08-10,714.825
store_564,2015-08-11,647.44
store_564,2015-08-12,622.815
store_564,2015-08-13,646.83
store_564,2015-08-14,667.63
store_564,2015-08-15,561.475
store_564,2015-08-16,0.0
store_564,2015-08-17,867.225
store_564,2015-08-18,763.765
store_564,2015-08-19,713.24
store_564,2015-08-20,739.635
store_564,2015-08-21,747.785
store_564,2015-08-22,565.74
store_564,2015-08-23,0.0
store_564,2015-08-24,738.585
store_564,2015-08-25,661.615
store_564,2015-08-26,622.365
store_564,2015-08-27,627.83
store_564,2015-08-28,666.025
store_564,2015-08-29,549.85
store_564,2015-08-30,0.0
store_565,2015-07-20,966.665
store_565,2015-07-21,928.705
store_565,2015-07-22,886.675
store_565,2015-07-23,937.715
store_565,2015-07-24,939.66
store_565,2015-07-25,1044.83
store_565,2015-07-26,0.0
store_565,2015-07-27,1162.675
store_565,2015-07-28,1090.13
store_565,2015-07-29,1111.6
store_565,2015-07-30,1095.945
store_565,2015-07-31,1054.79
store_565,2015-08-01,1044.945
store_565,2015-08-02,0.0
store_565,2015-08-03,1341.655
store_565,2015-08-04,1155.275
store_565,2015-08-05,1063.91
store_565,2015-08-06,1019.65
store_565,2015-08-07,993.8
store_565,2015-08-08,1021.87
store_565,2015-08-09,0.0
store_565,2015-08-10,1063.085
store_565,2015-08-11,985.545
store_565,2015-08-12,926.635
store_565,2015-08-13,930.96
store_565,2015-08-14,945.155
store_565,2015-08-15,1014.9
store_565,2015-08-16,0.0
store_565,2015-08-17,1353.595
store_565,2015-08-18,1225.045
store_565,2015-08-19,1158.255
store_565,2015-08-20,1114.06
store_565,2015-08-21,1087.75
store_565,2015-08-22,1050.07
store_565,2015-08-23,0.0
store_565,2015-08-24,988.895
store_565,2015-08-25,917.535
store_565,2015-08-26,912.49
store_565,2015-08-27,946.8
store_565,2015-08-28,995.6
store_565,2015-08-29,1020.325
store_565,2015-08-30,0.0
store_566,2015-07-20,500.825
store_566,2015-07-21,503.35
store_566,2015-07-22,511.695
store_566,2015-07-23,573.1
store_566,2015-07-24,562.995
store_566,2015-07-25,535.975
store_566,2015-07-26,392.385
store_566,2015-07-27,575.75
store_566,2015-07-28,585.59
store_566,2015-07-29,597.84
store_566,2015-07-30,652.65
store_566,2015-07-31,657.015
store_566,2015-08-01,568.335
store_566,2015-08-02,402.205
store_566,2015-08-03,557.835
store_566,2015-08-04,492.62
store_566,2015-08-05,509.32
store_566,2015-08-06,553.655
store_566,2015-08-07,599.34
store_566,2015-08-08,545.12
store_566,2015-08-09,391.34
store_566,2015-08-10,464.2
store_566,2015-08-11,434.68
store_566,2015-08-12,441.245
store_566,2015-08-13,490.6
store_566,2015-08-14,528.865
store_566,2015-08-15,543.975
store_566,2015-08-16,388.03
store_566,2015-08-17,538.005
store_566,2015-08-18,494.21
store_566,2015-08-19,499.48
store_566,2015-08-20,536.87
store_566,2015-08-21,573.58
store_566,2015-08-22,539.16
store_566,2015-08-23,387.365
store_566,2015-08-24,440.595
store_566,2015-08-25,404.975
store_566,2015-08-26,425.67
store_566,2015-08-27,450.53
store_566,2015-08-28,512.355
store_566,2015-08-29,523.38
store_566,2015-08-30,384.14
store_567,2015-07-20,620.3
store_567,2015-07-21,552.755
store_567,2015-07-22,529.755
store_567,2015-07-23,578.495
store_567,2015-07-24,611.07
store_567,2015-07-25,431.075
store_567,2015-07-26,0.0
store_567,2015-07-27,748.86
store_567,2015-07-28,656.64
store_567,2015-07-29,658.555
store_567,2015-07-30,690.965
store_567,2015-07-31,695.785
store_567,2015-08-01,448.96
store_567,2015-08-02,0.0
store_567,2015-08-03,787.535
store_567,2015-08-04,667.93
store_567,2015-08-05,615.095
store_567,2015-08-06,634.395
store_567,2015-08-07,646.47
store_567,2015-08-08,437.88
store_567,2015-08-09,0.0
store_567,2015-08-10,646.42
store_567,2015-08-11,561.54
store_567,2015-08-12,549.47
store_567,2015-08-13,557.0
store_567,2015-08-14,577.015
store_567,2015-08-15,427.25
store_567,2015-08-16,0.0
store_567,2015-08-17,790.92
store_567,2015-08-18,690.575
store_567,2015-08-19,665.42
store_567,2015-08-20,654.23
store_567,2015-08-21,655.27
store_567,2015-08-22,425.505
store_567,2015-08-23,0.0
store_567,2015-08-24,646.915
store_567,2015-08-25,574.435
store_567,2015-08-26,572.84
store_567,2015-08-27,580.03
store_567,2015-08-28,592.58
store_567,2015-08-29,420.08
store_567,2015-08-30,0.0
store_568,2015-07-20,645.305
store_568,2015-07-21,584.565
store_568,2015-07-22,569.315
store_568,2015-07-23,624.145
store_568,2015-07-24,637.295
store_568,2015-07-25,378.795
store_568,2015-07-26,0.0
store_568,2015-07-27,778.175
store_568,2015-07-28,678.16
store_568,2015-07-29,658.72
store_568,2015-07-30,711.06
store_568,2015-07-31,727.885
store_568,2015-08-01,394.92
store_568,2015-08-02,0.0
store_568,2015-08-03,819.73
store_568,2015-08-04,711.3
store_568,2015-08-05,667.61
store_568,2015-08-06,670.48
store_568,2015-08-07,676.835
store_568,2015-08-08,387.65
store_568,2015-08-09,0.0
store_568,2015-08-10,670.14
store_568,2015-08-11,609.025
store_568,2015-08-12,592.925
store_568,2015-08-13,598.22
store_568,2015-08-14,618.385
store_568,2015-08-15,379.81
store_568,2015-08-16,0.0
store_568,2015-08-17,844.09
store_568,2015-08-18,718.99
store_568,2015-08-19,693.62
store_568,2015-08-20,680.035
store_568,2015-08-21,669.755
store_568,2015-08-22,374.725
store_568,2015-08-23,0.0
store_568,2015-08-24,618.47
store_568,2015-08-25,574.89
store_568,2015-08-26,604.625
store_568,2015-08-27,610.21
store_568,2015-08-28,619.66
store_568,2015-08-29,380.905
store_568,2015-08-30,0.0
store_569,2015-07-20,759.51
store_569,2015-07-21,703.485
store_569,2015-07-22,682.02
store_569,2015-07-23,681.54
store_569,2015-07-24,699.765
store_569,2015-07-25,749.985
store_569,2015-07-26,0.0
store_569,2015-07-27,915.215
store_569,2015-07-28,853.555
store_569,2015-07-29,843.015
store_569,2015-07-30,883.065
store_569,2015-07-31,818.815
store_569,2015-08-01,759.625
store_569,2015-08-02,0.0
store_569,2015-08-03,982.665
store_569,2015-08-04,839.62
store_569,2015-08-05,812.045
store_569,2015-08-06,796.645
store_569,2015-08-07,755.415
store_569,2015-08-08,755.505
store_569,2015-08-09,0.0
store_569,2015-08-10,772.07
store_569,2015-08-11,725.665
store_569,2015-08-12,721.015
store_569,2015-08-13,713.815
store_569,2015-08-14,718.515
store_569,2015-08-15,737.43
store_569,2015-08-16,0.0
store_569,2015-08-17,1025.07
store_569,2015-08-18,883.18
store_569,2015-08-19,825.19
store_569,2015-08-20,833.915
store_569,2015-08-21,801.945
store_569,2015-08-22,739.68
store_569,2015-08-23,0.0
store_569,2015-08-24,785.275
store_569,2015-08-25,710.535
store_569,2015-08-26,690.34
store_569,2015-08-27,684.26
store_569,2015-08-28,695.605
store_569,2015-08-29,714.67
store_569,2015-08-30,0.0
store_57,2015-07-20,540.335
store_57,2015-07-21,466.965
store_57,2015-07-22,457.17
store_57,2015-07-23,480.11
store_57,2015-07-24,470.005
store_57,2015-07-25,499.34
store_57,2015-07-26,0.0
store_57,2015-07-27,780.455
store_57,2015-07-28,647.365
store_57,2015-07-29,611.39
store_57,2015-07-30,606.91
store_57,2015-07-31,589.865
store_57,2015-08-01,510.76
store_57,2015-08-02,0.0
store_57,2015-08-03,821.55
store_57,2015-08-04,639.22
store_57,2015-08-05,578.41
store_57,2015-08-06,555.8
store_57,2015-08-07,551.69
store_57,2015-08-08,483.055
store_57,2015-08-09,0.0
store_57,2015-08-10,590.875
store_57,2015-08-11,541.805
store_57,2015-08-12,519.92
store_57,2015-08-13,512.43
store_57,2015-08-14,526.35
store_57,2015-08-15,488.715
store_57,2015-08-16,0.0
store_57,2015-08-17,795.705
store_57,2015-08-18,698.535
store_57,2015-08-19,648.395
store_57,2015-08-20,629.57
store_57,2015-08-21,589.11
store_57,2015-08-22,500.385
store_57,2015-08-23,0.0
store_57,2015-08-24,602.52
store_57,2015-08-25,534.14
store_57,2015-08-26,529.98
store_57,2015-08-27,532.94
store_57,2015-08-28,546.02
store_57,2015-08-29,495.53
store_57,2015-08-30,0.0
store_570,2015-07-20,585.9
store_570,2015-07-21,515.255
store_570,2015-07-22,516.09
store_570,2015-07-23,525.195
store_570,2015-07-24,531.265
store_570,2015-07-25,604.475
store_570,2015-07-26,0.0
store_570,2015-07-27,798.13
store_570,2015-07-28,661.78
store_570,2015-07-29,635.4
store_570,2015-07-30,643.25
store_570,2015-07-31,633.215
store_570,2015-08-01,607.705
store_570,2015-08-02,0.0
store_570,2015-08-03,820.415
store_570,2015-08-04,671.925
store_570,2015-08-05,603.36
store_570,2015-08-06,610.45
store_570,2015-08-07,585.59
store_570,2015-08-08,577.285
store_570,2015-08-09,0.0
store_570,2015-08-10,628.83
store_570,2015-08-11,555.12
store_570,2015-08-12,544.845
store_570,2015-08-13,550.37
store_570,2015-08-14,561.245
store_570,2015-08-15,565.675
store_570,2015-08-16,0.0
store_570,2015-08-17,785.665
store_570,2015-08-18,686.54
store_570,2015-08-19,640.925
store_570,2015-08-20,647.93
store_570,2015-08-21,646.63
store_570,2015-08-22,594.64
store_570,2015-08-23,0.0
store_570,2015-08-24,613.645
store_570,2015-08-25,527.465
store_570,2015-08-26,534.01
store_570,2015-08-27,548.18
store_570,2015-08-28,597.41
store_570,2015-08-29,566.37
store_570,2015-08-30,0.0
store_571,2015-07-20,910.06
store_571,2015-07-21,835.02
store_571,2015-07-22,797.195
store_571,2015-07-23,839.935
store_571,2015-07-24,902.6
store_571,2015-07-25,804.905
store_571,2015-07-26,0.0
store_571,2015-07-27,1080.87
store_571,2015-07-28,997.085
store_571,2015-07-29,963.26
store_571,2015-07-30,969.545
store_571,2015-07-31,963.41
store_571,2015-08-01,810.845
store_571,2015-08-02,0.0
store_571,2015-08-03,1139.18
store_571,2015-08-04,992.225
store_571,2015-08-05,950.91
store_571,2015-08-06,939.42
store_571,2015-08-07,925.495
store_571,2015-08-08,821.975
store_571,2015-08-09,0.0
store_571,2015-08-10,924.55
store_571,2015-08-11,851.405
store_571,2015-08-12,849.345
store_571,2015-08-13,853.6
store_571,2015-08-14,877.445
store_571,2015-08-15,805.145
store_571,2015-08-16,0.0
store_571,2015-08-17,1146.67
store_571,2015-08-18,1034.765
store_571,2015-08-19,958.295
store_571,2015-08-20,964.81
store_571,2015-08-21,964.26
store_571,2015-08-22,822.795
store_571,2015-08-23,0.0
store_571,2015-08-24,900.865
store_571,2015-08-25,825.995
store_571,2015-08-26,821.68
store_571,2015-08-27,840.15
store_571,2015-08-28,854.99
store_571,2015-08-29,799.33
store_571,2015-08-30,0.0
store_572,2015-07-20,500.215
store_572,2015-07-21,459.73
store_572,2015-07-22,445.2
store_572,2015-07-23,461.66
store_572,2015-07-24,495.04
store_572,2015-07-25,543.765
store_572,2015-07-26,0.0
store_572,2015-07-27,672.32
store_572,2015-07-28,580.02
store_572,2015-07-29,556.615
store_572,2015-07-30,552.78
store_572,2015-07-31,563.44
store_572,2015-08-01,562.51
store_572,2015-08-02,0.0
store_572,2015-08-03,705.43
store_572,2015-08-04,580.905
store_572,2015-08-05,544.325
store_572,2015-08-06,540.14
store_572,2015-08-07,543.79
store_572,2015-08-08,553.715
store_572,2015-08-09,0.0
store_572,2015-08-10,514.21
store_572,2015-08-11,469.465
store_572,2015-08-12,453.325
store_572,2015-08-13,472.52
store_572,2015-08-14,503.77
store_572,2015-08-15,555.64
store_572,2015-08-16,0.0
store_572,2015-08-17,728.505
store_572,2015-08-18,605.95
store_572,2015-08-19,581.515
store_572,2015-08-20,576.21
store_572,2015-08-21,586.16
store_572,2015-08-22,557.755
store_572,2015-08-23,0.0
store_572,2015-08-24,521.14
store_572,2015-08-25,465.375
store_572,2015-08-26,461.645
store_572,2015-08-27,466.19
store_572,2015-08-28,508.67
store_572,2015-08-29,544.745
store_572,2015-08-30,0.0
store_573,2015-07-20,467.8
store_573,2015-07-21,412.18
store_573,2015-07-22,421.47
store_573,2015-07-23,445.65
store_573,2015-07-24,488.445
store_573,2015-07-25,485.92
store_573,2015-07-26,0.0
store_573,2015-07-27,595.36
store_573,2015-07-28,515.11
store_573,2015-07-29,526.265
store_573,2015-07-30,538.875
store_573,2015-07-31,562.455
store_573,2015-08-01,507.585
store_573,2015-08-02,0.0
store_573,2015-08-03,647.675
store_573,2015-08-04,524.86
store_573,2015-08-05,495.5
store_573,2015-08-06,513.08
store_573,2015-08-07,528.755
store_573,2015-08-08,492.945
store_573,2015-08-09,0.0
store_573,2015-08-10,478.6
store_573,2015-08-11,432.235
store_573,2015-08-12,425.825
store_573,2015-08-13,449.155
store_573,2015-08-14,481.715
store_573,2015-08-15,496.77
store_573,2015-08-16,0.0
store_573,2015-08-17,638.725
store_573,2015-08-18,535.065
store_573,2015-08-19,518.77
store_573,2015-08-20,528.99
store_573,2015-08-21,546.25
store_573,2015-08-22,506.57
store_573,2015-08-23,0.0
store_573,2015-08-24,471.005
store_573,2015-08-25,421.45
store_573,2015-08-26,421.77
store_573,2015-08-27,439.975
store_573,2015-08-28,483.36
store_573,2015-08-29,513.405
store_573,2015-08-30,0.0
store_574,2015-07-20,558.82
store_574,2015-07-21,502.52
store_574,2015-07-22,534.2
store_574,2015-07-23,564.235
store_574,2015-07-24,567.75
store_574,2015-07-25,543.46
store_574,2015-07-26,0.0
store_574,2015-07-27,703.18
store_574,2015-07-28,624.08
store_574,2015-07-29,630.43
store_574,2015-07-30,661.625
store_574,2015-07-31,662.465
store_574,2015-08-01,554.105
store_574,2015-08-02,0.0
store_574,2015-08-03,763.83
store_574,2015-08-04,637.08
store_574,2015-08-05,607.77
store_574,2015-08-06,633.64
store_574,2015-08-07,632.975
store_574,2015-08-08,554.54
store_574,2015-08-09,0.0
store_574,2015-08-10,590.1
store_574,2015-08-11,537.17
store_574,2015-08-12,554.995
store_574,2015-08-13,569.505
store_574,2015-08-14,585.34
store_574,2015-08-15,552.0
store_574,2015-08-16,0.0
store_574,2015-08-17,744.11
store_574,2015-08-18,633.015
store_574,2015-08-19,621.86
store_574,2015-08-20,638.06
store_574,2015-08-21,652.98
store_574,2015-08-22,572.825
store_574,2015-08-23,0.0
store_574,2015-08-24,622.83
store_574,2015-08-25,533.245
store_574,2015-08-26,545.525
store_574,2015-08-27,587.38
store_574,2015-08-28,607.115
store_574,2015-08-29,558.025
store_574,2015-08-30,0.0
store_575,2015-07-20,1012.34
store_575,2015-07-21,987.265
store_575,2015-07-22,956.15
store_575,2015-07-23,958.055
store_575,2015-07-24,912.13
store_575,2015-07-25,962.23
store_575,2015-07-26,0.0
store_575,2015-07-27,1237.775
store_575,2015-07-28,1173.07
store_575,2015-07-29,1111.935
store_575,2015-07-30,1120.865
store_575,2015-07-31,1040.52
store_575,2015-08-01,1010.76
store_575,2015-08-02,0.0
store_575,2015-08-03,1285.23
store_575,2015-08-04,1160.48
store_575,2015-08-05,1106.385
store_575,2015-08-06,1068.665
store_575,2015-08-07,1012.03
store_575,2015-08-08,980.285
store_575,2015-08-09,0.0
store_575,2015-08-10,1032.595
store_575,2015-08-11,985.04
store_575,2015-08-12,944.87
store_575,2015-08-13,954.415
store_575,2015-08-14,967.71
store_575,2015-08-15,974.475
store_575,2015-08-16,0.0
store_575,2015-08-17,1295.155
store_575,2015-08-18,1181.82
store_575,2015-08-19,1139.945
store_575,2015-08-20,1129.45
store_575,2015-08-21,1089.89
store_575,2015-08-22,984.43
store_575,2015-08-23,0.0
store_575,2015-08-24,1000.325
store_575,2015-08-25,930.83
store_575,2015-08-26,910.84
store_575,2015-08-27,925.06
store_575,2015-08-28,940.595
store_575,2015-08-29,946.73
store_575,2015-08-30,0.0
store_576,2015-07-20,500.735
store_576,2015-07-21,491.255
store_576,2015-07-22,497.77
store_576,2015-07-23,524.68
store_576,2015-07-24,528.455
store_576,2015-07-25,335.575
store_576,2015-07-26,0.0
store_576,2015-07-27,594.92
store_576,2015-07-28,537.68
store_576,2015-07-29,549.845
store_576,2015-07-30,576.26
store_576,2015-07-31,588.805
store_576,2015-08-01,357.04
store_576,2015-08-02,0.0
store_576,2015-08-03,638.375
store_576,2015-08-04,567.57
store_576,2015-08-05,540.99
store_576,2015-08-06,541.37
store_576,2015-08-07,539.42
store_576,2015-08-08,348.85
store_576,2015-08-09,0.0
store_576,2015-08-10,540.78
store_576,2015-08-11,505.735
store_576,2015-08-12,517.805
store_576,2015-08-13,526.245
store_576,2015-08-14,538.57
store_576,2015-08-15,338.91
store_576,2015-08-16,0.0
store_576,2015-08-17,648.66
store_576,2015-08-18,572.105
store_576,2015-08-19,562.035
store_576,2015-08-20,576.475
store_576,2015-08-21,583.54
store_576,2015-08-22,347.015
store_576,2015-08-23,0.0
store_576,2015-08-24,531.81
store_576,2015-08-25,484.425
store_576,2015-08-26,491.62
store_576,2015-08-27,516.51
store_576,2015-08-28,521.44
store_576,2015-08-29,337.385
store_576,2015-08-30,0.0
store_577,2015-07-20,522.395
store_577,2015-07-21,480.82
store_577,2015-07-22,479.95
store_577,2015-07-23,494.41
store_577,2015-07-24,498.285
store_577,2015-07-25,341.135
store_577,2015-07-26,0.0
store_577,2015-07-27,663.52
store_577,2015-07-28,598.18
store_577,2015-07-29,568.265
store_577,2015-07-30,563.36
store_577,2015-07-31,568.88
store_577,2015-08-01,352.07
store_577,2015-08-02,0.0
store_577,2015-08-03,690.595
store_577,2015-08-04,567.22
store_577,2015-08-05,535.45
store_577,2015-08-06,539.065
store_577,2015-08-07,539.99
store_577,2015-08-08,338.285
store_577,2015-08-09,0.0
store_577,2015-08-10,534.05
store_577,2015-08-11,495.74
store_577,2015-08-12,479.04
store_577,2015-08-13,483.17
store_577,2015-08-14,498.4
store_577,2015-08-15,340.305
store_577,2015-08-16,0.0
store_577,2015-08-17,662.315
store_577,2015-08-18,585.935
store_577,2015-08-19,543.765
store_577,2015-08-20,543.71
store_577,2015-08-21,548.01
store_577,2015-08-22,346.62
store_577,2015-08-23,0.0
store_577,2015-08-24,506.475
store_577,2015-08-25,464.38
store_577,2015-08-26,469.305
store_577,2015-08-27,477.465
store_577,2015-08-28,476.33
store_577,2015-08-29,333.92
store_577,2015-08-30,0.0
store_578,2015-07-20,935.485
store_578,2015-07-21,854.53
store_578,2015-07-22,945.62
store_578,2015-07-23,896.025
store_578,2015-07-24,908.325
store_578,2015-07-25,1262.875
store_578,2015-07-26,0.0
store_578,2015-07-27,1123.175
store_578,2015-07-28,1047.8
store_578,2015-07-29,1120.04
store_578,2015-07-30,1125.615
store_578,2015-07-31,1074.995
store_578,2015-08-01,1261.195
store_578,2015-08-02,0.0
store_578,2015-08-03,1225.71
store_578,2015-08-04,1067.4
store_578,2015-08-05,1030.935
store_578,2015-08-06,1036.875
store_578,2015-08-07,1016.265
store_578,2015-08-08,1261.885
store_578,2015-08-09,0.0
store_578,2015-08-10,1018.48
store_578,2015-08-11,953.96
store_578,2015-08-12,935.46
store_578,2015-08-13,940.525
store_578,2015-08-14,964.43
store_578,2015-08-15,1282.12
store_578,2015-08-16,0.0
store_578,2015-08-17,1214.46
store_578,2015-08-18,1076.315
store_578,2015-08-19,1026.725
store_578,2015-08-20,1048.68
store_578,2015-08-21,1072.39
store_578,2015-08-22,1303.15
store_578,2015-08-23,0.0
store_578,2015-08-24,1020.815
store_578,2015-08-25,931.7
store_578,2015-08-26,886.45
store_578,2015-08-27,914.13
store_578,2015-08-28,918.365
store_578,2015-08-29,1262.09
store_578,2015-08-30,0.0
store_579,2015-07-20,2160.38
store_579,2015-07-21,2109.94
store_579,2015-07-22,2104.03
store_579,2015-07-23,2166.45
store_579,2015-07-24,2313.975
store_579,2015-07-25,1774.665
store_579,2015-07-26,2409.55
store_579,2015-07-27,2171.03
store_579,2015-07-28,2101.54
store_579,2015-07-29,2159.845
store_579,2015-07-30,2237.975
store_579,2015-07-31,2369.475
store_579,2015-08-01,1785.55
store_579,2015-08-02,2404.89
store_579,2015-08-03,2174.35
store_579,2015-08-04,2156.1
store_579,2015-08-05,2167.39
store_579,2015-08-06,2195.305
store_579,2015-08-07,2212.055
store_579,2015-08-08,1753.83
store_579,2015-08-09,2391.425
store_579,2015-08-10,2206.245
store_579,2015-08-11,2144.455
store_579,2015-08-12,2159.37
store_579,2015-08-13,2209.56
store_579,2015-08-14,2261.94
store_579,2015-08-15,1758.565
store_579,2015-08-16,2397.805
store_579,2015-08-17,2172.905
store_579,2015-08-18,2152.895
store_579,2015-08-19,2181.25
store_579,2015-08-20,2203.105
store_579,2015-08-21,2209.945
store_579,2015-08-22,1749.11
store_579,2015-08-23,2406.835
store_579,2015-08-24,2190.77
store_579,2015-08-25,2172.89
store_579,2015-08-26,2225.44
store_579,2015-08-27,2247.425
store_579,2015-08-28,2245.495
store_579,2015-08-29,1747.88
store_579,2015-08-30,2406.13
store_58,2015-07-20,575.75
store_58,2015-07-21,538.89
store_58,2015-07-22,517.155
store_58,2015-07-23,535.88
store_58,2015-07-24,600.5
store_58,2015-07-25,277.25
store_58,2015-07-26,0.0
store_58,2015-07-27,709.06
store_58,2015-07-28,628.74
store_58,2015-07-29,617.06
store_58,2015-07-30,608.41
store_58,2015-07-31,653.31
store_58,2015-08-01,282.72
store_58,2015-08-02,0.0
store_58,2015-08-03,771.45
store_58,2015-08-04,647.125
store_58,2015-08-05,604.725
store_58,2015-08-06,595.295
store_58,2015-08-07,626.235
store_58,2015-08-08,286.705
store_58,2015-08-09,0.0
store_58,2015-08-10,582.69
store_58,2015-08-11,535.69
store_58,2015-08-12,538.525
store_58,2015-08-13,542.895
store_58,2015-08-14,569.39
store_58,2015-08-15,281.765
store_58,2015-08-16,0.0
store_58,2015-08-17,748.785
store_58,2015-08-18,649.0
store_58,2015-08-19,620.0
store_58,2015-08-20,621.705
store_58,2015-08-21,636.09
store_58,2015-08-22,290.64
store_58,2015-08-23,0.0
store_58,2015-08-24,587.23
store_58,2015-08-25,525.35
store_58,2015-08-26,519.485
store_58,2015-08-27,547.85
store_58,2015-08-28,601.1
store_58,2015-08-29,282.62
store_58,2015-08-30,0.0
store_580,2015-07-20,591.035
store_580,2015-07-21,528.435
store_580,2015-07-22,517.865
store_580,2015-07-23,506.13
store_580,2015-07-24,543.13
store_580,2015-07-25,387.945
store_580,2015-07-26,0.0
store_580,2015-07-27,723.525
store_580,2015-07-28,639.605
store_580,2015-07-29,607.495
store_580,2015-07-30,593.445
store_580,2015-07-31,597.4
store_580,2015-08-01,388.0
store_580,2015-08-02,0.0
store_580,2015-08-03,747.935
store_580,2015-08-04,631.555
store_580,2015-08-05,592.75
store_580,2015-08-06,597.36
store_580,2015-08-07,589.8
store_580,2015-08-08,389.83
store_580,2015-08-09,0.0
store_580,2015-08-10,563.87
store_580,2015-08-11,530.505
store_580,2015-08-12,532.545
store_580,2015-08-13,541.575
store_580,2015-08-14,547.11
store_580,2015-08-15,384.55
store_580,2015-08-16,0.0
store_580,2015-08-17,732.0
store_580,2015-08-18,648.325
store_580,2015-08-19,607.825
store_580,2015-08-20,606.705
store_580,2015-08-21,608.51
store_580,2015-08-22,393.18
store_580,2015-08-23,0.0
store_580,2015-08-24,580.3
store_580,2015-08-25,519.685
store_580,2015-08-26,512.105
store_580,2015-08-27,528.18
store_580,2015-08-28,536.845
store_580,2015-08-29,0.0
store_580,2015-08-30,0.0
store_581,2015-07-20,640.79
store_581,2015-07-21,570.065
store_581,2015-07-22,580.38
store_581,2015-07-23,593.97
store_581,2015-07-24,615.405
store_581,2015-07-25,617.965
store_581,2015-07-26,0.0
store_581,2015-07-27,861.1
store_581,2015-07-28,725.6
store_581,2015-07-29,706.405
store_581,2015-07-30,718.545
store_581,2015-07-31,717.76
store_581,2015-08-01,635.69
store_581,2015-08-02,0.0
store_581,2015-08-03,899.98
store_581,2015-08-04,736.59
store_581,2015-08-05,694.9
store_581,2015-08-06,673.715
store_581,2015-08-07,673.29
store_581,2015-08-08,623.01
store_581,2015-08-09,0.0
store_581,2015-08-10,649.495
store_581,2015-08-11,596.195
store_581,2015-08-12,588.375
store_581,2015-08-13,599.875
store_581,2015-08-14,638.065
store_581,2015-08-15,631.085
store_581,2015-08-16,0.0
store_581,2015-08-17,903.045
store_581,2015-08-18,743.535
store_581,2015-08-19,699.735
store_581,2015-08-20,692.24
store_581,2015-08-21,700.435
store_581,2015-08-22,614.735
store_581,2015-08-23,0.0
store_581,2015-08-24,640.775
store_581,2015-08-25,577.92
store_581,2015-08-26,578.285
store_581,2015-08-27,589.69
store_581,2015-08-28,630.865
store_581,2015-08-29,625.325
store_581,2015-08-30,0.0
store_582,2015-07-20,790.745
store_582,2015-07-21,725.545
store_582,2015-07-22,749.26
store_582,2015-07-23,700.71
store_582,2015-07-24,687.525
store_582,2015-07-25,804.16
store_582,2015-07-26,0.0
store_582,2015-07-27,964.36
store_582,2015-07-28,900.455
store_582,2015-07-29,956.445
store_582,2015-07-30,892.25
store_582,2015-07-31,814.165
store_582,2015-08-01,774.425
store_582,2015-08-02,0.0
store_582,2015-08-03,1015.25
store_582,2015-08-04,897.945
store_582,2015-08-05,874.395
store_582,2015-08-06,826.99
store_582,2015-08-07,770.77
store_582,2015-08-08,768.9
store_582,2015-08-09,0.0
store_582,2015-08-10,827.69
store_582,2015-08-11,765.205
store_582,2015-08-12,747.64
store_582,2015-08-13,741.12
store_582,2015-08-14,742.815
store_582,2015-08-15,743.29
store_582,2015-08-16,0.0
store_582,2015-08-17,1052.39
store_582,2015-08-18,947.235
store_582,2015-08-19,901.405
store_582,2015-08-20,877.47
store_582,2015-08-21,827.425
store_582,2015-08-22,760.425
store_582,2015-08-23,0.0
store_582,2015-08-24,779.11
store_582,2015-08-25,710.47
store_582,2015-08-26,718.96
store_582,2015-08-27,736.875
store_582,2015-08-28,759.475
store_582,2015-08-29,769.95
store_582,2015-08-30,0.0
store_583,2015-07-20,414.645
store_583,2015-07-21,357.16
store_583,2015-07-22,369.175
store_583,2015-07-23,399.775
store_583,2015-07-24,440.825
store_583,2015-07-25,454.5
store_583,2015-07-26,0.0
store_583,2015-07-27,596.13
store_583,2015-07-28,489.695
store_583,2015-07-29,472.935
store_583,2015-07-30,473.795
store_583,2015-07-31,505.115
store_583,2015-08-01,484.99
store_583,2015-08-02,0.0
store_583,2015-08-03,617.415
store_583,2015-08-04,493.505
store_583,2015-08-05,453.375
store_583,2015-08-06,457.2
store_583,2015-08-07,461.925
store_583,2015-08-08,461.07
store_583,2015-08-09,0.0
store_583,2015-08-10,463.55
store_583,2015-08-11,416.03
store_583,2015-08-12,414.63
store_583,2015-08-13,421.29
store_583,2015-08-14,435.02
store_583,2015-08-15,469.95
store_583,2015-08-16,0.0
store_583,2015-08-17,621.54
store_583,2015-08-18,544.01
store_583,2015-08-19,492.95
store_583,2015-08-20,486.365
store_583,2015-08-21,477.075
store_583,2015-08-22,486.11
store_583,2015-08-23,0.0
store_583,2015-08-24,457.265
store_583,2015-08-25,397.475
store_583,2015-08-26,418.675
store_583,2015-08-27,421.92
store_583,2015-08-28,442.525
store_583,2015-08-29,461.49
store_583,2015-08-30,0.0
store_584,2015-07-20,431.8
store_584,2015-07-21,392.52
store_584,2015-07-22,395.65
store_584,2015-07-23,415.285
store_584,2015-07-24,393.35
store_584,2015-07-25,233.645
store_584,2015-07-26,0.0
store_584,2015-07-27,469.215
store_584,2015-07-28,445.935
store_584,2015-07-29,444.53
store_584,2015-07-30,481.96
store_584,2015-07-31,433.705
store_584,2015-08-01,234.29
store_584,2015-08-02,0.0
store_584,2015-08-03,514.3
store_584,2015-08-04,449.255
store_584,2015-08-05,436.445
store_584,2015-08-06,455.11
store_584,2015-08-07,454.98
store_584,2015-08-08,241.05
store_584,2015-08-09,0.0
store_584,2015-08-10,419.055
store_584,2015-08-11,382.885
store_584,2015-08-12,389.505
store_584,2015-08-13,415.71
store_584,2015-08-14,428.19
store_584,2015-08-15,245.6
store_584,2015-08-16,0.0
store_584,2015-08-17,544.62
store_584,2015-08-18,459.93
store_584,2015-08-19,443.05
store_584,2015-08-20,463.96
store_584,2015-08-21,486.405
store_584,2015-08-22,257.05
store_584,2015-08-23,0.0
store_584,2015-08-24,447.235
store_584,2015-08-25,394.525
store_584,2015-08-26,385.91
store_584,2015-08-27,409.09
store_584,2015-08-28,427.165
store_584,2015-08-29,250.26
store_584,2015-08-30,0.0
store_585,2015-07-20,497.07
store_585,2015-07-21,474.795
store_585,2015-07-22,484.475
store_585,2015-07-23,485.085
store_585,2015-07-24,510.335
store_585,2015-07-25,540.125
store_585,2015-07-26,0.0
store_585,2015-07-27,701.095
store_585,2015-07-28,631.565
store_585,2015-07-29,595.13
store_585,2015-07-30,582.165
store_585,2015-07-31,611.04
store_585,2015-08-01,561.995
store_585,2015-08-02,0.0
store_585,2015-08-03,739.445
store_585,2015-08-04,609.665
store_585,2015-08-05,568.58
store_585,2015-08-06,554.485
store_585,2015-08-07,560.735
store_585,2015-08-08,565.565
store_585,2015-08-09,0.0
store_585,2015-08-10,558.225
store_585,2015-08-11,496.31
store_585,2015-08-12,495.2
store_585,2015-08-13,506.31
store_585,2015-08-14,516.09
store_585,2015-08-15,545.52
store_585,2015-08-16,0.0
store_585,2015-08-17,738.7
store_585,2015-08-18,620.735
store_585,2015-08-19,597.06
store_585,2015-08-20,604.67
store_585,2015-08-21,602.72
store_585,2015-08-22,560.465
store_585,2015-08-23,0.0
store_585,2015-08-24,538.14
store_585,2015-08-25,476.195
store_585,2015-08-26,483.675
store_585,2015-08-27,506.43
store_585,2015-08-28,520.965
store_585,2015-08-29,557.985
store_585,2015-08-30,0.0
store_586,2015-07-20,600.9
store_586,2015-07-21,540.56
store_586,2015-07-22,547.39
store_586,2015-07-23,577.56
store_586,2015-07-24,602.035
store_586,2015-07-25,569.26
store_586,2015-07-26,0.0
store_586,2015-07-27,793.335
store_586,2015-07-28,662.56
store_586,2015-07-29,649.635
store_586,2015-07-30,675.845
store_586,2015-07-31,733.075
store_586,2015-08-01,612.52
store_586,2015-08-02,0.0
store_586,2015-08-03,843.295
store_586,2015-08-04,688.39
store_586,2015-08-05,648.875
store_586,2015-08-06,654.695
store_586,2015-08-07,670.62
store_586,2015-08-08,624.52
store_586,2015-08-09,0.0
store_586,2015-08-10,622.735
store_586,2015-08-11,568.945
store_586,2015-08-12,564.445
store_586,2015-08-13,595.22
store_586,2015-08-14,637.38
store_586,2015-08-15,629.035
store_586,2015-08-16,0.0
store_586,2015-08-17,865.88
store_586,2015-08-18,708.78
store_586,2015-08-19,668.64
store_586,2015-08-20,682.605
store_586,2015-08-21,702.07
store_586,2015-08-22,636.545
store_586,2015-08-23,0.0
store_586,2015-08-24,716.385
store_586,2015-08-25,629.955
store_586,2015-08-26,610.44
store_586,2015-08-27,616.075
store_586,2015-08-28,655.66
store_586,2015-08-29,656.775
store_586,2015-08-30,0.0
store_587,2015-07-20,801.39
store_587,2015-07-21,768.9
store_587,2015-07-22,689.18
store_587,2015-07-23,726.6
store_587,2015-07-24,753.885
store_587,2015-07-25,617.325
store_587,2015-07-26,0.0
store_587,2015-07-27,1019.935
store_587,2015-07-28,951.51
store_587,2015-07-29,910.1
store_587,2015-07-30,917.805
store_587,2015-07-31,911.545
store_587,2015-08-01,656.13
store_587,2015-08-02,0.0
store_587,2015-08-03,1125.995
store_587,2015-08-04,976.885
store_587,2015-08-05,882.955
store_587,2015-08-06,854.035
store_587,2015-08-07,829.845
store_587,2015-08-08,668.8
store_587,2015-08-09,0.0
store_587,2015-08-10,827.105
store_587,2015-08-11,815.85
store_587,2015-08-12,763.965
store_587,2015-08-13,786.895
store_587,2015-08-14,794.665
store_587,2015-08-15,691.37
store_587,2015-08-16,0.0
store_587,2015-08-17,1131.745
store_587,2015-08-18,1018.63
store_587,2015-08-19,950.58
store_587,2015-08-20,910.85
store_587,2015-08-21,883.845
store_587,2015-08-22,693.535
store_587,2015-08-23,0.0
store_587,2015-08-24,813.065
store_587,2015-08-25,757.81
store_587,2015-08-26,769.455
store_587,2015-08-27,780.285
store_587,2015-08-28,790.86
store_587,2015-08-29,678.74
store_587,2015-08-30,0.0
store_588,2015-07-20,1161.445
store_588,2015-07-21,1119.585
store_588,2015-07-22,1117.605
store_588,2015-07-23,1094.27
store_588,2015-07-24,1123.135
store_588,2015-07-25,1463.78
store_588,2015-07-26,0.0
store_588,2015-07-27,1514.16
store_588,2015-07-28,1401.0
store_588,2015-07-29,1331.455
store_588,2015-07-30,1273.235
store_588,2015-07-31,1270.945
store_588,2015-08-01,1432.94
store_588,2015-08-02,0.0
store_588,2015-08-03,1568.54
store_588,2015-08-04,1415.535
store_588,2015-08-05,1310.895
store_588,2015-08-06,1295.43
store_588,2015-08-07,1244.535
store_588,2015-08-08,1439.83
store_588,2015-08-09,0.0
store_588,2015-08-10,1258.02
store_588,2015-08-11,1151.695
store_588,2015-08-12,1128.625
store_588,2015-08-13,1126.81
store_588,2015-08-14,1142.015
store_588,2015-08-15,1393.25
store_588,2015-08-16,0.0
store_588,2015-08-17,1590.395
store_588,2015-08-18,1433.075
store_588,2015-08-19,1354.02
store_588,2015-08-20,1312.81
store_588,2015-08-21,1278.235
store_588,2015-08-22,1366.325
store_588,2015-08-23,0.0
store_588,2015-08-24,1272.265
store_588,2015-08-25,1168.76
store_588,2015-08-26,1125.005
store_588,2015-08-27,1108.745
store_588,2015-08-28,1113.95
store_588,2015-08-29,1333.67
store_588,2015-08-30,0.0
store_589,2015-07-20,741.855
store_589,2015-07-21,686.29
store_589,2015-07-22,783.485
store_589,2015-07-23,788.255
store_589,2015-07-24,770.765
store_589,2015-07-25,712.355
store_589,2015-07-26,0.0
store_589,2015-07-27,1035.125
store_589,2015-07-28,954.015
store_589,2015-07-29,975.535
store_589,2015-07-30,1035.465
store_589,2015-07-31,958.63
store_589,2015-08-01,797.225
store_589,2015-08-02,0.0
store_589,2015-08-03,1112.13
store_589,2015-08-04,910.48
store_589,2015-08-05,866.855
store_589,2015-08-06,857.395
store_589,2015-08-07,822.27
store_589,2015-08-08,773.945
store_589,2015-08-09,0.0
store_589,2015-08-10,834.405
store_589,2015-08-11,787.51
store_589,2015-08-12,753.415
store_589,2015-08-13,750.935
store_589,2015-08-14,750.235
store_589,2015-08-15,756.835
store_589,2015-08-16,0.0
store_589,2015-08-17,1104.905
store_589,2015-08-18,984.77
store_589,2015-08-19,898.975
store_589,2015-08-20,892.08
store_589,2015-08-21,862.83
store_589,2015-08-22,771.63
store_589,2015-08-23,0.0
store_589,2015-08-24,842.105
store_589,2015-08-25,780.86
store_589,2015-08-26,733.405
store_589,2015-08-27,752.935
store_589,2015-08-28,759.75
store_589,2015-08-29,739.84
store_589,2015-08-30,0.0
store_59,2015-07-20,611.795
store_59,2015-07-21,540.86
store_59,2015-07-22,550.935
store_59,2015-07-23,593.61
store_59,2015-07-24,616.585
store_59,2015-07-25,514.68
store_59,2015-07-26,0.0
store_59,2015-07-27,778.88
store_59,2015-07-28,684.12
store_59,2015-07-29,666.715
store_59,2015-07-30,716.355
store_59,2015-07-31,729.865
store_59,2015-08-01,555.43
store_59,2015-08-02,0.0
store_59,2015-08-03,849.935
store_59,2015-08-04,695.51
store_59,2015-08-05,656.17
store_59,2015-08-06,675.21
store_59,2015-08-07,689.065
store_59,2015-08-08,550.06
store_59,2015-08-09,0.0
store_59,2015-08-10,631.16
store_59,2015-08-11,574.3
store_59,2015-08-12,573.525
store_59,2015-08-13,607.245
store_59,2015-08-14,641.5
store_59,2015-08-15,558.94
store_59,2015-08-16,0.0
store_59,2015-08-17,852.865
store_59,2015-08-18,707.815
store_59,2015-08-19,667.075
store_59,2015-08-20,690.985
store_59,2015-08-21,717.83
store_59,2015-08-22,575.075
store_59,2015-08-23,0.0
store_59,2015-08-24,705.315
store_59,2015-08-25,625.63
store_59,2015-08-26,613.4
store_59,2015-08-27,616.31
store_59,2015-08-28,666.205
store_59,2015-08-29,571.275
store_59,2015-08-30,0.0
store_590,2015-07-20,553.18
store_590,2015-07-21,529.69
store_590,2015-07-22,509.535
store_590,2015-07-23,535.175
store_590,2015-07-24,535.27
store_590,2015-07-25,374.245
store_590,2015-07-26,0.0
store_590,2015-07-27,673.58
store_590,2015-07-28,603.985
store_590,2015-07-29,582.045
store_590,2015-07-30,600.16
store_590,2015-07-31,571.35
store_590,2015-08-01,381.705
store_590,2015-08-02,0.0
store_590,2015-08-03,714.795
store_590,2015-08-04,612.515
store_590,2015-08-05,567.875
store_590,2015-08-06,563.415
store_590,2015-08-07,562.49
store_590,2015-08-08,364.235
store_590,2015-08-09,0.0
store_590,2015-08-10,535.915
store_590,2015-08-11,530.915
store_590,2015-08-12,501.665
store_590,2015-08-13,507.43
store_590,2015-08-14,522.54
store_590,2015-08-15,370.91
store_590,2015-08-16,0.0
store_590,2015-08-17,712.195
store_590,2015-08-18,629.025
store_590,2015-08-19,588.77
store_590,2015-08-20,584.415
store_590,2015-08-21,595.545
store_590,2015-08-22,374.745
store_590,2015-08-23,0.0
store_590,2015-08-24,528.505
store_590,2015-08-25,490.895
store_590,2015-08-26,497.015
store_590,2015-08-27,508.87
store_590,2015-08-28,529.5
store_590,2015-08-29,364.81
store_590,2015-08-30,0.0
store_591,2015-07-20,698.75
store_591,2015-07-21,661.52
store_591,2015-07-22,680.67
store_591,2015-07-23,771.39
store_591,2015-07-24,706.24
store_591,2015-07-25,494.435
store_591,2015-07-26,0.0
store_591,2015-07-27,877.475
store_591,2015-07-28,800.705
store_591,2015-07-29,799.61
store_591,2015-07-30,862.285
store_591,2015-07-31,804.25
store_591,2015-08-01,518.405
store_591,2015-08-02,0.0
store_591,2015-08-03,936.245
store_591,2015-08-04,801.28
store_591,2015-08-05,757.59
store_591,2015-08-06,819.13
store_591,2015-08-07,776.43
store_591,2015-08-08,499.06
store_591,2015-08-09,0.0
store_591,2015-08-10,716.925
store_591,2015-08-11,657.795
store_591,2015-08-12,661.4
store_591,2015-08-13,700.29
store_591,2015-08-14,732.275
store_591,2015-08-15,503.725
store_591,2015-08-16,0.0
store_591,2015-08-17,933.595
store_591,2015-08-18,805.85
store_591,2015-08-19,754.925
store_591,2015-08-20,775.345
store_591,2015-08-21,778.635
store_591,2015-08-22,499.26
store_591,2015-08-23,0.0
store_591,2015-08-24,739.79
store_591,2015-08-25,639.675
store_591,2015-08-26,627.52
store_591,2015-08-27,656.3
store_591,2015-08-28,679.57
store_591,2015-08-29,506.68
store_591,2015-08-30,0.0
store_592,2015-07-20,639.66
store_592,2015-07-21,619.1
store_592,2015-07-22,601.315
store_592,2015-07-23,634.19
store_592,2015-07-24,611.22
store_592,2015-07-25,532.005
store_592,2015-07-26,0.0
store_592,2015-07-27,802.19
store_592,2015-07-28,734.875
store_592,2015-07-29,728.655
store_592,2015-07-30,744.82
store_592,2015-07-31,709.26
store_592,2015-08-01,555.565
store_592,2015-08-02,0.0
store_592,2015-08-03,869.085
store_592,2015-08-04,729.895
store_592,2015-08-05,702.19
store_592,2015-08-06,710.85
store_592,2015-08-07,680.63
store_592,2015-08-08,556.71
store_592,2015-08-09,0.0
store_592,2015-08-10,709.2
store_592,2015-08-11,644.75
store_592,2015-08-12,634.59
store_592,2015-08-13,639.805
store_592,2015-08-14,640.67
store_592,2015-08-15,544.44
store_592,2015-08-16,0.0
store_592,2015-08-17,860.71
store_592,2015-08-18,754.265
store_592,2015-08-19,716.41
store_592,2015-08-20,728.12
store_592,2015-08-21,737.705
store_592,2015-08-22,557.99
store_592,2015-08-23,0.0
store_592,2015-08-24,696.665
store_592,2015-08-25,640.025
store_592,2015-08-26,622.38
store_592,2015-08-27,632.145
store_592,2015-08-28,663.59
store_592,2015-08-29,551.47
store_592,2015-08-30,0.0
store_593,2015-07-20,368.355
store_593,2015-07-21,337.44
store_593,2015-07-22,345.54
store_593,2015-07-23,375.385
store_593,2015-07-24,318.595
store_593,2015-07-25,133.975
store_593,2015-07-26,0.0
store_593,2015-07-27,432.455
store_593,2015-07-28,431.335
store_593,2015-07-29,414.675
store_593,2015-07-30,427.535
store_593,2015-07-31,407.535
store_593,2015-08-01,148.925
store_593,2015-08-02,0.0
store_593,2015-08-03,448.055
store_593,2015-08-04,403.085
store_593,2015-08-05,388.655
store_593,2015-08-06,406.555
store_593,2015-08-07,386.85
store_593,2015-08-08,146.47
store_593,2015-08-09,0.0
store_593,2015-08-10,375.55
store_593,2015-08-11,339.83
store_593,2015-08-12,333.19
store_593,2015-08-13,343.99
store_593,2015-08-14,350.21
store_593,2015-08-15,141.155
store_593,2015-08-16,0.0
store_593,2015-08-17,468.29
store_593,2015-08-18,407.445
store_593,2015-08-19,396.165
store_593,2015-08-20,402.955
store_593,2015-08-21,395.645
store_593,2015-08-22,141.455
store_593,2015-08-23,0.0
store_593,2015-08-24,379.52
store_593,2015-08-25,332.145
store_593,2015-08-26,334.92
store_593,2015-08-27,340.005
store_593,2015-08-28,341.925
store_593,2015-08-29,139.605
store_593,2015-08-30,0.0
store_594,2015-07-20,680.82
store_594,2015-07-21,658.29
store_594,2015-07-22,669.565
store_594,2015-07-23,688.08
store_594,2015-07-24,702.44
store_594,2015-07-25,604.73
store_594,2015-07-26,0.0
store_594,2015-07-27,885.33
store_594,2015-07-28,812.41
store_594,2015-07-29,808.975
store_594,2015-07-30,814.185
store_594,2015-07-31,774.85
store_594,2015-08-01,651.985
store_594,2015-08-02,0.0
store_594,2015-08-03,943.585
store_594,2015-08-04,792.525
store_594,2015-08-05,751.58
store_594,2015-08-06,757.16
store_594,2015-08-07,740.805
store_594,2015-08-08,662.33
store_594,2015-08-09,0.0
store_594,2015-08-10,678.455
store_594,2015-08-11,639.74
store_594,2015-08-12,642.34
store_594,2015-08-13,650.09
store_594,2015-08-14,663.17
store_594,2015-08-15,660.44
store_594,2015-08-16,0.0
store_594,2015-08-17,912.69
store_594,2015-08-18,789.525
store_594,2015-08-19,742.83
store_594,2015-08-20,762.495
store_594,2015-08-21,748.415
store_594,2015-08-22,654.295
store_594,2015-08-23,0.0
store_594,2015-08-24,677.455
store_594,2015-08-25,604.605
store_594,2015-08-26,608.16
store_594,2015-08-27,629.2
store_594,2015-08-28,680.875
store_594,2015-08-29,650.725
store_594,2015-08-30,0.0
store_595,2015-07-20,647.65
store_595,2015-07-21,573.15
store_595,2015-07-22,537.335
store_595,2015-07-23,668.565
store_595,2015-07-24,655.665
store_595,2015-07-25,481.395
store_595,2015-07-26,0.0
store_595,2015-07-27,795.145
store_595,2015-07-28,687.33
store_595,2015-07-29,672.835
store_595,2015-07-30,740.775
store_595,2015-07-31,744.515
store_595,2015-08-01,547.105
store_595,2015-08-02,0.0
store_595,2015-08-03,860.745
store_595,2015-08-04,705.27
store_595,2015-08-05,652.52
store_595,2015-08-06,683.855
store_595,2015-08-07,724.435
store_595,2015-08-08,532.71
store_595,2015-08-09,0.0
store_595,2015-08-10,686.47
store_595,2015-08-11,623.095
store_595,2015-08-12,591.395
store_595,2015-08-13,600.78
store_595,2015-08-14,676.6
store_595,2015-08-15,549.085
store_595,2015-08-16,0.0
store_595,2015-08-17,897.585
store_595,2015-08-18,749.59
store_595,2015-08-19,714.545
store_595,2015-08-20,702.795
store_595,2015-08-21,741.485
store_595,2015-08-22,566.01
store_595,2015-08-23,0.0
store_595,2015-08-24,715.645
store_595,2015-08-25,645.26
store_595,2015-08-26,617.69
store_595,2015-08-27,619.965
store_595,2015-08-28,660.49
store_595,2015-08-29,560.56
store_595,2015-08-30,0.0
store_596,2015-07-20,704.46
store_596,2015-07-21,632.415
store_596,2015-07-22,590.17
store_596,2015-07-23,615.28
store_596,2015-07-24,630.155
store_596,2015-07-25,432.42
store_596,2015-07-26,0.0
store_596,2015-07-27,845.59
store_596,2015-07-28,772.155
store_596,2015-07-29,753.735
store_596,2015-07-30,779.885
store_596,2015-07-31,778.085
store_596,2015-08-01,444.335
store_596,2015-08-02,0.0
store_596,2015-08-03,907.24
store_596,2015-08-04,784.07
store_596,2015-08-05,710.97
store_596,2015-08-06,718.26
store_596,2015-08-07,718.605
store_596,2015-08-08,446.515
store_596,2015-08-09,0.0
store_596,2015-08-10,698.165
store_596,2015-08-11,645.515
store_596,2015-08-12,651.425
store_596,2015-08-13,643.425
store_596,2015-08-14,666.985
store_596,2015-08-15,444.69
store_596,2015-08-16,0.0
store_596,2015-08-17,914.82
store_596,2015-08-18,787.48
store_596,2015-08-19,747.84
store_596,2015-08-20,760.885
store_596,2015-08-21,756.63
store_596,2015-08-22,441.44
store_596,2015-08-23,0.0
store_596,2015-08-24,734.525
store_596,2015-08-25,645.9
store_596,2015-08-26,635.64
store_596,2015-08-27,646.43
store_596,2015-08-28,668.78
store_596,2015-08-29,433.925
store_596,2015-08-30,0.0
store_597,2015-07-20,442.88
store_597,2015-07-21,439.855
store_597,2015-07-22,413.415
store_597,2015-07-23,425.565
store_597,2015-07-24,426.42
store_597,2015-07-25,333.105
store_597,2015-07-26,0.0
store_597,2015-07-27,610.48
store_597,2015-07-28,550.11
store_597,2015-07-29,534.85
store_597,2015-07-30,517.57
store_597,2015-07-31,512.915
store_597,2015-08-01,340.245
store_597,2015-08-02,0.0
store_597,2015-08-03,638.205
store_597,2015-08-04,542.115
store_597,2015-08-05,502.105
store_597,2015-08-06,489.96
store_597,2015-08-07,481.21
store_597,2015-08-08,334.105
store_597,2015-08-09,0.0
store_597,2015-08-10,511.01
store_597,2015-08-11,476.355
store_597,2015-08-12,455.215
store_597,2015-08-13,460.1
store_597,2015-08-14,458.82
store_597,2015-08-15,335.56
store_597,2015-08-16,0.0
store_597,2015-08-17,615.475
store_597,2015-08-18,553.685
store_597,2015-08-19,537.335
store_597,2015-08-20,540.245
store_597,2015-08-21,530.635
store_597,2015-08-22,336.09
store_597,2015-08-23,0.0
store_597,2015-08-24,505.945
store_597,2015-08-25,453.53
store_597,2015-08-26,460.925
store_597,2015-08-27,464.755
store_597,2015-08-28,464.16
store_597,2015-08-29,332.73
store_597,2015-08-30,0.0
store_598,2015-07-20,918.215
store_598,2015-07-21,843.065
store_598,2015-07-22,942.695
store_598,2015-07-23,1003.62
store_598,2015-07-24,992.84
store_598,2015-07-25,1094.395
store_598,2015-07-26,0.0
store_598,2015-07-27,1201.995
store_598,2015-07-28,1123.92
store_598,2015-07-29,1177.33
store_598,2015-07-30,1184.52
store_598,2015-07-31,1148.355
store_598,2015-08-01,1093.615
store_598,2015-08-02,0.0
store_598,2015-08-03,1345.39
store_598,2015-08-04,1084.995
store_598,2015-08-05,1081.85
store_598,2015-08-06,1094.11
store_598,2015-08-07,1078.425
store_598,2015-08-08,1082.725
store_598,2015-08-09,0.0
store_598,2015-08-10,1013.215
store_598,2015-08-11,946.99
store_598,2015-08-12,927.745
store_598,2015-08-13,949.845
store_598,2015-08-14,959.18
store_598,2015-08-15,1078.815
store_598,2015-08-16,0.0
store_598,2015-08-17,1362.765
store_598,2015-08-18,1197.71
store_598,2015-08-19,1156.69
store_598,2015-08-20,1157.87
store_598,2015-08-21,1137.705
store_598,2015-08-22,1071.42
store_598,2015-08-23,0.0
store_598,2015-08-24,1017.12
store_598,2015-08-25,921.66
store_598,2015-08-26,922.1
store_598,2015-08-27,954.57
store_598,2015-08-28,1023.3
store_598,2015-08-29,1070.43
store_598,2015-08-30,0.0
store_599,2015-07-20,649.485
store_599,2015-07-21,613.755
store_599,2015-07-22,614.975
store_599,2015-07-23,627.175
store_599,2015-07-24,618.33
store_599,2015-07-25,695.995
store_599,2015-07-26,0.0
store_599,2015-07-27,841.775
store_599,2015-07-28,780.57
store_599,2015-07-29,743.85
store_599,2015-07-30,759.775
store_599,2015-07-31,725.125
store_599,2015-08-01,705.845
store_599,2015-08-02,0.0
store_599,2015-08-03,883.305
store_599,2015-08-04,773.96
store_599,2015-08-05,735.025
store_599,2015-08-06,711.08
store_599,2015-08-07,685.655
store_599,2015-08-08,715.725
store_599,2015-08-09,0.0
store_599,2015-08-10,670.17
store_599,2015-08-11,633.235
store_599,2015-08-12,634.97
store_599,2015-08-13,637.545
store_599,2015-08-14,649.5
store_599,2015-08-15,704.45
store_599,2015-08-16,0.0
store_599,2015-08-17,880.105
store_599,2015-08-18,792.235
store_599,2015-08-19,744.99
store_599,2015-08-20,737.515
store_599,2015-08-21,750.3
store_599,2015-08-22,703.49
store_599,2015-08-23,0.0
store_599,2015-08-24,671.325
store_599,2015-08-25,602.2
store_599,2015-08-26,603.19
store_599,2015-08-27,640.135
store_599,2015-08-28,664.675
store_599,2015-08-29,704.765
store_599,2015-08-30,0.0
store_6,2015-07-20,524.11
store_6,2015-07-21,542.465
store_6,2015-07-22,516.725
store_6,2015-07-23,537.465
store_6,2015-07-24,540.72
store_6,2015-07-25,516.01
store_6,2015-07-26,0.0
store_6,2015-07-27,647.375
store_6,2015-07-28,646.82
store_6,2015-07-29,622.51
store_6,2015-07-30,653.185
store_6,2015-07-31,635.855
store_6,2015-08-01,542.995
store_6,2015-08-02,0.0
store_6,2015-08-03,701.32
store_6,2015-08-04,611.715
store_6,2015-08-05,567.65
store_6,2015-08-06,584.46
store_6,2015-08-07,584.6
store_6,2015-08-08,518.73
store_6,2015-08-09,0.0
store_6,2015-08-10,551.355
store_6,2015-08-11,511.055
store_6,2015-08-12,507.28
store_6,2015-08-13,507.915
store_6,2015-08-14,519.135
store_6,2015-08-15,504.175
store_6,2015-08-16,0.0
store_6,2015-08-17,715.775
store_6,2015-08-18,622.32
store_6,2015-08-19,587.365
store_6,2015-08-20,593.78
store_6,2015-08-21,606.905
store_6,2015-08-22,510.3
store_6,2015-08-23,0.0
store_6,2015-08-24,578.4
store_6,2015-08-25,505.305
store_6,2015-08-26,497.54
store_6,2015-08-27,508.22
store_6,2015-08-28,521.38
store_6,2015-08-29,468.065
store_6,2015-08-30,0.0
store_60,2015-07-20,447.895
store_60,2015-07-21,385.555
store_60,2015-07-22,385.63
store_60,2015-07-23,427.155
store_60,2015-07-24,447.8
store_60,2015-07-25,448.13
store_60,2015-07-26,0.0
store_60,2015-07-27,571.765
store_60,2015-07-28,511.235
store_60,2015-07-29,516.395
store_60,2015-07-30,528.935
store_60,2015-07-31,535.07
store_60,2015-08-01,480.355
store_60,2015-08-02,0.0
store_60,2015-08-03,597.39
store_60,2015-08-04,504.075
store_60,2015-08-05,480.605
store_60,2015-08-06,496.5
store_60,2015-08-07,507.415
store_60,2015-08-08,472.815
store_60,2015-08-09,0.0
store_60,2015-08-10,494.665
store_60,2015-08-11,441.605
store_60,2015-08-12,430.64
store_60,2015-08-13,449.38
store_60,2015-08-14,478.385
store_60,2015-08-15,464.61
store_60,2015-08-16,0.0
store_60,2015-08-17,607.19
store_60,2015-08-18,517.19
store_60,2015-08-19,505.31
store_60,2015-08-20,523.185
store_60,2015-08-21,540.94
store_60,2015-08-22,485.045
store_60,2015-08-23,0.0
store_60,2015-08-24,499.61
store_60,2015-08-25,446.075
store_60,2015-08-26,440.245
store_60,2015-08-27,455.405
store_60,2015-08-28,481.73
store_60,2015-08-29,458.605
store_60,2015-08-30,0.0
store_600,2015-07-20,747.3
store_600,2015-07-21,672.905
store_600,2015-07-22,670.59
store_600,2015-07-23,693.04
store_600,2015-07-24,708.185
store_600,2015-07-25,795.1
store_600,2015-07-26,0.0
store_600,2015-07-27,985.435
store_600,2015-07-28,856.515
store_600,2015-07-29,821.45
store_600,2015-07-30,828.515
store_600,2015-07-31,842.185
store_600,2015-08-01,821.22
store_600,2015-08-02,0.0
store_600,2015-08-03,1071.505
store_600,2015-08-04,895.7
store_600,2015-08-05,840.495
store_600,2015-08-06,793.18
store_600,2015-08-07,753.08
store_600,2015-08-08,782.065
store_600,2015-08-09,0.0
store_600,2015-08-10,839.215
store_600,2015-08-11,751.31
store_600,2015-08-12,742.265
store_600,2015-08-13,751.205
store_600,2015-08-14,715.025
store_600,2015-08-15,765.35
store_600,2015-08-16,0.0
store_600,2015-08-17,1046.36
store_600,2015-08-18,926.715
store_600,2015-08-19,879.695
store_600,2015-08-20,880.415
store_600,2015-08-21,823.15
store_600,2015-08-22,788.84
store_600,2015-08-23,0.0
store_600,2015-08-24,781.665
store_600,2015-08-25,695.99
store_600,2015-08-26,738.65
store_600,2015-08-27,759.995
store_600,2015-08-28,750.06
store_600,2015-08-29,763.955
store_600,2015-08-30,0.0
store_601,2015-07-20,585.635
store_601,2015-07-21,492.655
store_601,2015-07-22,534.535
store_601,2015-07-23,543.435
store_601,2015-07-24,530.72
store_601,2015-07-25,514.975
store_601,2015-07-26,0.0
store_601,2015-07-27,722.36
store_601,2015-07-28,660.685
store_601,2015-07-29,655.04
store_601,2015-07-30,671.93
store_601,2015-07-31,621.8
store_601,2015-08-01,531.54
store_601,2015-08-02,0.0
store_601,2015-08-03,754.825
store_601,2015-08-04,632.685
store_601,2015-08-05,599.33
store_601,2015-08-06,621.76
store_601,2015-08-07,587.39
store_601,2015-08-08,507.645
store_601,2015-08-09,0.0
store_601,2015-08-10,597.195
store_601,2015-08-11,550.15
store_601,2015-08-12,525.95
store_601,2015-08-13,528.765
store_601,2015-08-14,524.705
store_601,2015-08-15,486.905
store_601,2015-08-16,0.0
store_601,2015-08-17,758.485
store_601,2015-08-18,655.04
store_601,2015-08-19,624.685
store_601,2015-08-20,600.685
store_601,2015-08-21,596.185
store_601,2015-08-22,480.805
store_601,2015-08-23,0.0
store_601,2015-08-24,600.175
store_601,2015-08-25,547.215
store_601,2015-08-26,525.07
store_601,2015-08-27,532.915
store_601,2015-08-28,528.62
store_601,2015-08-29,468.95
store_601,2015-08-30,0.0
store_602,2015-07-20,739.96
store_602,2015-07-21,702.295
store_602,2015-07-22,696.06
store_602,2015-07-23,670.995
store_602,2015-07-24,672.85
store_602,2015-07-25,601.125
store_602,2015-07-26,0.0
store_602,2015-07-27,882.635
store_602,2015-07-28,834.915
store_602,2015-07-29,829.805
store_602,2015-07-30,846.5
store_602,2015-07-31,817.03
store_602,2015-08-01,623.415
store_602,2015-08-02,0.0
store_602,2015-08-03,981.95
store_602,2015-08-04,832.76
store_602,2015-08-05,821.035
store_602,2015-08-06,760.17
store_602,2015-08-07,756.755
store_602,2015-08-08,629.585
store_602,2015-08-09,0.0
store_602,2015-08-10,765.2
store_602,2015-08-11,711.605
store_602,2015-08-12,667.25
store_602,2015-08-13,662.235
store_602,2015-08-14,656.78
store_602,2015-08-15,630.54
store_602,2015-08-16,0.0
store_602,2015-08-17,998.71
store_602,2015-08-18,897.6
store_602,2015-08-19,822.56
store_602,2015-08-20,808.365
store_602,2015-08-21,791.395
store_602,2015-08-22,653.77
store_602,2015-08-23,0.0
store_602,2015-08-24,769.16
store_602,2015-08-25,687.96
store_602,2015-08-26,657.8
store_602,2015-08-27,678.04
store_602,2015-08-28,686.17
store_602,2015-08-29,645.365
store_602,2015-08-30,0.0
store_603,2015-07-20,502.055
store_603,2015-07-21,433.745
store_603,2015-07-22,420.635
store_603,2015-07-23,439.39
store_603,2015-07-24,447.345
store_603,2015-07-25,519.62
store_603,2015-07-26,0.0
store_603,2015-07-27,633.35
store_603,2015-07-28,550.94
store_603,2015-07-29,512.56
store_603,2015-07-30,538.84
store_603,2015-07-31,516.15
store_603,2015-08-01,509.34
store_603,2015-08-02,0.0
store_603,2015-08-03,718.265
store_603,2015-08-04,571.41
store_603,2015-08-05,502.875
store_603,2015-08-06,503.365
store_603,2015-08-07,499.25
store_603,2015-08-08,501.93
store_603,2015-08-09,0.0
store_603,2015-08-10,580.045
store_603,2015-08-11,536.39
store_603,2015-08-12,482.89
store_603,2015-08-13,487.0
store_603,2015-08-14,494.54
store_603,2015-08-15,495.92
store_603,2015-08-16,0.0
store_603,2015-08-17,726.48
store_603,2015-08-18,616.65
store_603,2015-08-19,579.785
store_603,2015-08-20,546.325
store_603,2015-08-21,552.84
store_603,2015-08-22,492.38
store_603,2015-08-23,0.0
store_603,2015-08-24,608.265
store_603,2015-08-25,529.765
store_603,2015-08-26,511.59
store_603,2015-08-27,487.385
store_603,2015-08-28,490.185
store_603,2015-08-29,488.785
store_603,2015-08-30,0.0
store_604,2015-07-20,542.515
store_604,2015-07-21,512.82
store_604,2015-07-22,534.81
store_604,2015-07-23,555.675
store_604,2015-07-24,585.275
store_604,2015-07-25,372.42
store_604,2015-07-26,0.0
store_604,2015-07-27,712.355
store_604,2015-07-28,672.94
store_604,2015-07-29,672.585
store_604,2015-07-30,696.14
store_604,2015-07-31,685.27
store_604,2015-08-01,392.51
store_604,2015-08-02,0.0
store_604,2015-08-03,761.885
store_604,2015-08-04,648.815
store_604,2015-08-05,605.76
store_604,2015-08-06,639.18
store_604,2015-08-07,627.805
store_604,2015-08-08,396.26
store_604,2015-08-09,0.0
store_604,2015-08-10,587.245
store_604,2015-08-11,547.59
store_604,2015-08-12,521.965
store_604,2015-08-13,561.835
store_604,2015-08-14,557.315
store_604,2015-08-15,379.41
store_604,2015-08-16,0.0
store_604,2015-08-17,741.935
store_604,2015-08-18,657.145
store_604,2015-08-19,618.075
store_604,2015-08-20,634.965
store_604,2015-08-21,643.605
store_604,2015-08-22,394.855
store_604,2015-08-23,0.0
store_604,2015-08-24,585.57
store_604,2015-08-25,525.105
store_604,2015-08-26,514.245
store_604,2015-08-27,544.705
store_604,2015-08-28,588.53
store_604,2015-08-29,382.26
store_604,2015-08-30,0.0
store_605,2015-07-20,422.42
store_605,2015-07-21,416.76
store_605,2015-07-22,390.935
store_605,2015-07-23,403.41
store_605,2015-07-24,406.56
store_605,2015-07-25,238.765
store_605,2015-07-26,0.0
store_605,2015-07-27,602.52
store_605,2015-07-28,537.745
store_605,2015-07-29,524.49
store_605,2015-07-30,529.105
store_605,2015-07-31,499.95
store_605,2015-08-01,251.69
store_605,2015-08-02,0.0
store_605,2015-08-03,596.33
store_605,2015-08-04,516.66
store_605,2015-08-05,480.285
store_605,2015-08-06,486.205
store_605,2015-08-07,479.55
store_605,2015-08-08,251.93
store_605,2015-08-09,0.0
store_605,2015-08-10,452.455
store_605,2015-08-11,439.85
store_605,2015-08-12,428.35
store_605,2015-08-13,451.045
store_605,2015-08-14,448.415
store_605,2015-08-15,252.625
store_605,2015-08-16,0.0
store_605,2015-08-17,604.305
store_605,2015-08-18,527.28
store_605,2015-08-19,493.54
store_605,2015-08-20,508.455
store_605,2015-08-21,503.965
store_605,2015-08-22,265.175
store_605,2015-08-23,0.0
store_605,2015-08-24,460.795
store_605,2015-08-25,425.16
store_605,2015-08-26,425.235
store_605,2015-08-27,443.355
store_605,2015-08-28,464.02
store_605,2015-08-29,258.64
store_605,2015-08-30,0.0
store_606,2015-07-20,379.0
store_606,2015-07-21,309.01
store_606,2015-07-22,317.25
store_606,2015-07-23,345.4
store_606,2015-07-24,358.5
store_606,2015-07-25,355.265
store_606,2015-07-26,0.0
store_606,2015-07-27,526.66
store_606,2015-07-28,418.86
store_606,2015-07-29,400.71
store_606,2015-07-30,398.255
store_606,2015-07-31,412.18
store_606,2015-08-01,357.025
store_606,2015-08-02,0.0
store_606,2015-08-03,531.18
store_606,2015-08-04,427.885
store_606,2015-08-05,380.065
store_606,2015-08-06,382.045
store_606,2015-08-07,386.705
store_606,2015-08-08,344.92
store_606,2015-08-09,0.0
store_606,2015-08-10,386.53
store_606,2015-08-11,351.675
store_606,2015-08-12,329.055
store_606,2015-08-13,343.51
store_606,2015-08-14,367.33
store_606,2015-08-15,338.025
store_606,2015-08-16,0.0
store_606,2015-08-17,572.17
store_606,2015-08-18,444.68
store_606,2015-08-19,427.705
store_606,2015-08-20,423.535
store_606,2015-08-21,421.435
store_606,2015-08-22,347.97
store_606,2015-08-23,0.0
store_606,2015-08-24,379.75
store_606,2015-08-25,339.525
store_606,2015-08-26,335.98
store_606,2015-08-27,347.87
store_606,2015-08-28,376.295
store_606,2015-08-29,346.06
store_606,2015-08-30,0.0
store_607,2015-07-20,512.16
store_607,2015-07-21,484.185
store_607,2015-07-22,482.83
store_607,2015-07-23,485.72
store_607,2015-07-24,482.955
store_607,2015-07-25,485.145
store_607,2015-07-26,0.0
store_607,2015-07-27,635.28
store_607,2015-07-28,596.52
store_607,2015-07-29,559.575
store_607,2015-07-30,554.205
store_607,2015-07-31,544.99
store_607,2015-08-01,493.59
store_607,2015-08-02,0.0
store_607,2015-08-03,690.82
store_607,2015-08-04,576.625
store_607,2015-08-05,533.29
store_607,2015-08-06,531.315
store_607,2015-08-07,520.745
store_607,2015-08-08,492.59
store_607,2015-08-09,0.0
store_607,2015-08-10,549.99
store_607,2015-08-11,521.46
store_607,2015-08-12,495.025
store_607,2015-08-13,484.38
store_607,2015-08-14,506.02
store_607,2015-08-15,486.95
store_607,2015-08-16,0.0
store_607,2015-08-17,667.125
store_607,2015-08-18,604.48
store_607,2015-08-19,566.18
store_607,2015-08-20,563.98
store_607,2015-08-21,569.98
store_607,2015-08-22,485.27
store_607,2015-08-23,0.0
store_607,2015-08-24,559.48
store_607,2015-08-25,499.07
store_607,2015-08-26,491.74
store_607,2015-08-27,504.62
store_607,2015-08-28,506.55
store_607,2015-08-29,483.035
store_607,2015-08-30,0.0
store_608,2015-07-20,564.64
store_608,2015-07-21,558.125
store_608,2015-07-22,546.005
store_608,2015-07-23,559.38
store_608,2015-07-24,619.58
store_608,2015-07-25,420.71
store_608,2015-07-26,0.0
store_608,2015-07-27,734.95
store_608,2015-07-28,727.92
store_608,2015-07-29,707.395
store_608,2015-07-30,694.07
store_608,2015-07-31,708.085
store_608,2015-08-01,423.5
store_608,2015-08-02,0.0
store_608,2015-08-03,869.07
store_608,2015-08-04,745.235
store_608,2015-08-05,685.05
store_608,2015-08-06,651.19
store_608,2015-08-07,666.21
store_608,2015-08-08,441.89
store_608,2015-08-09,0.0
store_608,2015-08-10,655.275
store_608,2015-08-11,614.495
store_608,2015-08-12,596.11
store_608,2015-08-13,577.99
store_608,2015-08-14,619.865
store_608,2015-08-15,436.195
store_608,2015-08-16,0.0
store_608,2015-08-17,876.19
store_608,2015-08-18,766.615
store_608,2015-08-19,714.315
store_608,2015-08-20,660.935
store_608,2015-08-21,670.055
store_608,2015-08-22,436.2
store_608,2015-08-23,0.0
store_608,2015-08-24,635.42
store_608,2015-08-25,592.525
store_608,2015-08-26,590.15
store_608,2015-08-27,589.505
store_608,2015-08-28,601.4
store_608,2015-08-29,427.825
store_608,2015-08-30,0.0
store_609,2015-07-20,869.31
store_609,2015-07-21,807.465
store_609,2015-07-22,770.47
store_609,2015-07-23,848.225
store_609,2015-07-24,829.57
store_609,2015-07-25,819.81
store_609,2015-07-26,0.0
store_609,2015-07-27,1031.115
store_609,2015-07-28,964.13
store_609,2015-07-29,950.8
store_609,2015-07-30,965.355
store_609,2015-07-31,909.47
store_609,2015-08-01,818.57
store_609,2015-08-02,0.0
store_609,2015-08-03,1116.065
store_609,2015-08-04,948.91
store_609,2015-08-05,895.365
store_609,2015-08-06,914.345
store_609,2015-08-07,905.03
store_609,2015-08-08,839.52
store_609,2015-08-09,0.0
store_609,2015-08-10,879.855
store_609,2015-08-11,814.36
store_609,2015-08-12,768.87
store_609,2015-08-13,797.44
store_609,2015-08-14,840.61
store_609,2015-08-15,842.5
store_609,2015-08-16,0.0
store_609,2015-08-17,1117.665
store_609,2015-08-18,975.91
store_609,2015-08-19,934.855
store_609,2015-08-20,914.53
store_609,2015-08-21,921.615
store_609,2015-08-22,825.265
store_609,2015-08-23,0.0
store_609,2015-08-24,925.05
store_609,2015-08-25,846.145
store_609,2015-08-26,782.155
store_609,2015-08-27,792.23
store_609,2015-08-28,839.395
store_609,2015-08-29,827.39
store_609,2015-08-30,0.0
store_61,2015-07-20,698.155
store_61,2015-07-21,625.085
store_61,2015-07-22,648.405
store_61,2015-07-23,657.42
store_61,2015-07-24,689.06
store_61,2015-07-25,715.05
store_61,2015-07-26,0.0
store_61,2015-07-27,907.205
store_61,2015-07-28,807.09
store_61,2015-07-29,792.885
store_61,2015-07-30,812.22
store_61,2015-07-31,835.085
store_61,2015-08-01,757.375
store_61,2015-08-02,0.0
store_61,2015-08-03,966.505
store_61,2015-08-04,803.77
store_61,2015-08-05,738.17
store_61,2015-08-06,748.635
store_61,2015-08-07,769.25
store_61,2015-08-08,751.1
store_61,2015-08-09,0.0
store_61,2015-08-10,726.585
store_61,2015-08-11,655.375
store_61,2015-08-12,657.545
store_61,2015-08-13,663.175
store_61,2015-08-14,698.465
store_61,2015-08-15,743.5
store_61,2015-08-16,0.0
store_61,2015-08-17,940.145
store_61,2015-08-18,821.775
store_61,2015-08-19,747.77
store_61,2015-08-20,761.125
store_61,2015-08-21,775.1
store_61,2015-08-22,745.2
store_61,2015-08-23,0.0
store_61,2015-08-24,745.27
store_61,2015-08-25,656.09
store_61,2015-08-26,636.055
store_61,2015-08-27,656.535
store_61,2015-08-28,696.865
store_61,2015-08-29,725.92
store_61,2015-08-30,0.0
store_610,2015-07-20,751.145
store_610,2015-07-21,688.28
store_610,2015-07-22,710.28
store_610,2015-07-23,703.755
store_610,2015-07-24,721.77
store_610,2015-07-25,794.245
store_610,2015-07-26,0.0
store_610,2015-07-27,1009.285
store_610,2015-07-28,890.715
store_610,2015-07-29,893.085
store_610,2015-07-30,913.605
store_610,2015-07-31,891.865
store_610,2015-08-01,861.365
store_610,2015-08-02,0.0
store_610,2015-08-03,1056.74
store_610,2015-08-04,877.42
store_610,2015-08-05,853.2
store_610,2015-08-06,829.58
store_610,2015-08-07,818.555
store_610,2015-08-08,798.25
store_610,2015-08-09,0.0
store_610,2015-08-10,825.725
store_610,2015-08-11,760.14
store_610,2015-08-12,758.45
store_610,2015-08-13,773.06
store_610,2015-08-14,821.57
store_610,2015-08-15,840.53
store_610,2015-08-16,0.0
store_610,2015-08-17,1070.245
store_610,2015-08-18,926.025
store_610,2015-08-19,891.475
store_610,2015-08-20,907.3
store_610,2015-08-21,897.21
store_610,2015-08-22,825.63
store_610,2015-08-23,0.0
store_610,2015-08-24,818.685
store_610,2015-08-25,743.22
store_610,2015-08-26,740.975
store_610,2015-08-27,765.47
store_610,2015-08-28,807.95
store_610,2015-08-29,849.48
store_610,2015-08-30,0.0
store_611,2015-07-20,729.47
store_611,2015-07-21,671.23
store_611,2015-07-22,647.685
store_611,2015-07-23,639.915
store_611,2015-07-24,660.195
store_611,2015-07-25,660.85
store_611,2015-07-26,0.0
store_611,2015-07-27,885.195
store_611,2015-07-28,832.97
store_611,2015-07-29,827.94
store_611,2015-07-30,849.37
store_611,2015-07-31,816.175
store_611,2015-08-01,659.645
store_611,2015-08-02,0.0
store_611,2015-08-03,991.75
store_611,2015-08-04,841.02
store_611,2015-08-05,791.09
store_611,2015-08-06,753.52
store_611,2015-08-07,744.475
store_611,2015-08-08,664.695
store_611,2015-08-09,0.0
store_611,2015-08-10,766.015
store_611,2015-08-11,708.03
store_611,2015-08-12,676.49
store_611,2015-08-13,683.65
store_611,2015-08-14,686.825
store_611,2015-08-15,634.105
store_611,2015-08-16,0.0
store_611,2015-08-17,994.505
store_611,2015-08-18,888.08
store_611,2015-08-19,822.73
store_611,2015-08-20,817.115
store_611,2015-08-21,772.965
store_611,2015-08-22,651.46
store_611,2015-08-23,0.0
store_611,2015-08-24,760.78
store_611,2015-08-25,686.395
store_611,2015-08-26,663.985
store_611,2015-08-27,697.8
store_611,2015-08-28,707.935
store_611,2015-08-29,642.73
store_611,2015-08-30,0.0
store_612,2015-07-20,763.14
store_612,2015-07-21,705.55
store_612,2015-07-22,688.89
store_612,2015-07-23,713.735
store_612,2015-07-24,747.425
store_612,2015-07-25,840.605
store_612,2015-07-26,0.0
store_612,2015-07-27,1046.55
store_612,2015-07-28,854.865
store_612,2015-07-29,839.93
store_612,2015-07-30,889.645
store_612,2015-07-31,905.55
store_612,2015-08-01,875.605
store_612,2015-08-02,0.0
store_612,2015-08-03,1053.72
store_612,2015-08-04,876.955
store_612,2015-08-05,840.36
store_612,2015-08-06,820.55
store_612,2015-08-07,823.515
store_612,2015-08-08,841.49
store_612,2015-08-09,0.0
store_612,2015-08-10,853.015
store_612,2015-08-11,758.285
store_612,2015-08-12,727.39
store_612,2015-08-13,740.985
store_612,2015-08-14,777.3
store_612,2015-08-15,821.79
store_612,2015-08-16,0.0
store_612,2015-08-17,1076.58
store_612,2015-08-18,908.92
store_612,2015-08-19,874.91
store_612,2015-08-20,877.53
store_612,2015-08-21,885.68
store_612,2015-08-22,822.565
store_612,2015-08-23,0.0
store_612,2015-08-24,811.635
store_612,2015-08-25,735.455
store_612,2015-08-26,742.91
store_612,2015-08-27,763.165
store_612,2015-08-28,794.74
store_612,2015-08-29,843.82
store_612,2015-08-30,0.0
store_613,2015-07-20,731.635
store_613,2015-07-21,656.37
store_613,2015-07-22,666.3
store_613,2015-07-23,684.42
store_613,2015-07-24,681.925
store_613,2015-07-25,714.97
store_613,2015-07-26,0.0
store_613,2015-07-27,900.46
store_613,2015-07-28,821.645
store_613,2015-07-29,826.095
store_613,2015-07-30,817.395
store_613,2015-07-31,796.115
store_613,2015-08-01,713.53
store_613,2015-08-02,0.0
store_613,2015-08-03,989.395
store_613,2015-08-04,833.47
store_613,2015-08-05,775.585
store_613,2015-08-06,760.36
store_613,2015-08-07,747.325
store_613,2015-08-08,709.36
store_613,2015-08-09,0.0
store_613,2015-08-10,794.515
store_613,2015-08-11,723.625
store_613,2015-08-12,705.99
store_613,2015-08-13,720.08
store_613,2015-08-14,731.825
store_613,2015-08-15,690.375
store_613,2015-08-16,0.0
store_613,2015-08-17,1059.97
store_613,2015-08-18,924.31
store_613,2015-08-19,850.885
store_613,2015-08-20,825.925
store_613,2015-08-21,793.025
store_613,2015-08-22,708.62
store_613,2015-08-23,0.0
store_613,2015-08-24,786.08
store_613,2015-08-25,710.94
store_613,2015-08-26,715.435
store_613,2015-08-27,710.34
store_613,2015-08-28,748.385
store_613,2015-08-29,709.55
store_613,2015-08-30,0.0
store_614,2015-07-20,380.605
store_614,2015-07-21,332.795
store_614,2015-07-22,341.33
store_614,2015-07-23,354.3
store_614,2015-07-24,344.39
store_614,2015-07-25,233.205
store_614,2015-07-26,0.0
store_614,2015-07-27,480.225
store_614,2015-07-28,428.835
store_614,2015-07-29,419.815
store_614,2015-07-30,419.35
store_614,2015-07-31,394.485
store_614,2015-08-01,230.48
store_614,2015-08-02,0.0
store_614,2015-08-03,506.855
store_614,2015-08-04,418.41
store_614,2015-08-05,395.915
store_614,2015-08-06,395.27
store_614,2015-08-07,396.27
store_614,2015-08-08,230.105
store_614,2015-08-09,0.0
store_614,2015-08-10,413.75
store_614,2015-08-11,382.195
store_614,2015-08-12,386.095
store_614,2015-08-13,388.775
store_614,2015-08-14,390.515
store_614,2015-08-15,232.22
store_614,2015-08-16,0.0
store_614,2015-08-17,535.76
store_614,2015-08-18,457.51
store_614,2015-08-19,434.925
store_614,2015-08-20,446.315
store_614,2015-08-21,448.555
store_614,2015-08-22,238.535
store_614,2015-08-23,0.0
store_614,2015-08-24,422.69
store_614,2015-08-25,387.495
store_614,2015-08-26,377.985
store_614,2015-08-27,389.715
store_614,2015-08-28,401.58
store_614,2015-08-29,233.245
store_614,2015-08-30,0.0
store_615,2015-07-20,1062.365
store_615,2015-07-21,980.85
store_615,2015-07-22,970.87
store_615,2015-07-23,988.61
store_615,2015-07-24,1036.735
store_615,2015-07-25,590.865
store_615,2015-07-26,0.0
store_615,2015-07-27,1349.58
store_615,2015-07-28,1287.62
store_615,2015-07-29,1216.395
store_615,2015-07-30,1201.675
store_615,2015-07-31,1184.695
store_615,2015-08-01,604.275
store_615,2015-08-02,0.0
store_615,2015-08-03,1516.475
store_615,2015-08-04,1334.37
store_615,2015-08-05,1273.795
store_615,2015-08-06,1206.16
store_615,2015-08-07,1176.815
store_615,2015-08-08,624.87
store_615,2015-08-09,0.0
store_615,2015-08-10,1156.99
store_615,2015-08-11,1097.275
store_615,2015-08-12,1070.9
store_615,2015-08-13,1092.21
store_615,2015-08-14,1103.81
store_615,2015-08-15,638.91
store_615,2015-08-16,0.0
store_615,2015-08-17,1349.305
store_615,2015-08-18,1271.195
store_615,2015-08-19,1205.1
store_615,2015-08-20,1197.18
store_615,2015-08-21,1181.97
store_615,2015-08-22,662.625
store_615,2015-08-23,0.0
store_615,2015-08-24,1032.97
store_615,2015-08-25,1001.535
store_615,2015-08-26,999.21
store_615,2015-08-27,1036.045
store_615,2015-08-28,1021.645
store_615,2015-08-29,672.93
store_615,2015-08-30,0.0
store_616,2015-07-20,445.995
store_616,2015-07-21,405.175
store_616,2015-07-22,422.54
store_616,2015-07-23,440.705
store_616,2015-07-24,497.765
store_616,2015-07-25,459.1
store_616,2015-07-26,0.0
store_616,2015-07-27,593.36
store_616,2015-07-28,508.485
store_616,2015-07-29,471.355
store_616,2015-07-30,501.88
store_616,2015-07-31,531.955
store_616,2015-08-01,483.895
store_616,2015-08-02,0.0
store_616,2015-08-03,619.385
store_616,2015-08-04,514.45
store_616,2015-08-05,475.355
store_616,2015-08-06,491.81
store_616,2015-08-07,516.67
store_616,2015-08-08,483.59
store_616,2015-08-09,0.0
store_616,2015-08-10,468.135
store_616,2015-08-11,434.28
store_616,2015-08-12,433.15
store_616,2015-08-13,454.27
store_616,2015-08-14,484.82
store_616,2015-08-15,463.185
store_616,2015-08-16,0.0
store_616,2015-08-17,639.165
store_616,2015-08-18,530.95
store_616,2015-08-19,511.61
store_616,2015-08-20,513.465
store_616,2015-08-21,536.595
store_616,2015-08-22,492.225
store_616,2015-08-23,0.0
store_616,2015-08-24,455.95
store_616,2015-08-25,417.065
store_616,2015-08-26,424.94
store_616,2015-08-27,460.04
store_616,2015-08-28,494.695
store_616,2015-08-29,465.99
store_616,2015-08-30,0.0
store_617,2015-07-20,515.74
store_617,2015-07-21,436.21
store_617,2015-07-22,453.095
store_617,2015-07-23,478.2
store_617,2015-07-24,463.465
store_617,2015-07-25,380.565
store_617,2015-07-26,0.0
store_617,2015-07-27,767.025
store_617,2015-07-28,622.425
store_617,2015-07-29,607.18
store_617,2015-07-30,581.11
store_617,2015-07-31,563.835
store_617,2015-08-01,411.11
store_617,2015-08-02,0.0
store_617,2015-08-03,738.305
store_617,2015-08-04,593.73
store_617,2015-08-05,558.17
store_617,2015-08-06,549.015
store_617,2015-08-07,537.36
store_617,2015-08-08,407.21
store_617,2015-08-09,0.0
store_617,2015-08-10,543.185
store_617,2015-08-11,520.535
store_617,2015-08-12,488.0
store_617,2015-08-13,494.84
store_617,2015-08-14,495.955
store_617,2015-08-15,403.835
store_617,2015-08-16,0.0
store_617,2015-08-17,779.785
store_617,2015-08-18,660.9
store_617,2015-08-19,608.62
store_617,2015-08-20,573.135
store_617,2015-08-21,572.345
store_617,2015-08-22,416.315
store_617,2015-08-23,0.0
store_617,2015-08-24,584.455
store_617,2015-08-25,513.43
store_617,2015-08-26,509.3
store_617,2015-08-27,505.52
store_617,2015-08-28,505.505
store_617,2015-08-29,416.715
store_617,2015-08-30,0.0
store_618,2015-07-20,859.91
store_618,2015-07-21,821.81
store_618,2015-07-22,904.545
store_618,2015-07-23,852.235
store_618,2015-07-24,874.285
store_618,2015-07-25,1048.17
store_618,2015-07-26,0.0
store_618,2015-07-27,1224.955
store_618,2015-07-28,1087.395
store_618,2015-07-29,1115.61
store_618,2015-07-30,1017.31
store_618,2015-07-31,1011.86
store_618,2015-08-01,1015.27
store_618,2015-08-02,0.0
store_618,2015-08-03,1450.735
store_618,2015-08-04,1193.035
store_618,2015-08-05,1090.885
store_618,2015-08-06,1016.245
store_618,2015-08-07,971.995
store_618,2015-08-08,1001.485
store_618,2015-08-09,0.0
store_618,2015-08-10,1028.575
store_618,2015-08-11,958.095
store_618,2015-08-12,927.66
store_618,2015-08-13,974.155
store_618,2015-08-14,948.34
store_618,2015-08-15,994.29
store_618,2015-08-16,0.0
store_618,2015-08-17,1347.32
store_618,2015-08-18,1227.04
store_618,2015-08-19,1193.895
store_618,2015-08-20,1126.445
store_618,2015-08-21,1056.15
store_618,2015-08-22,1009.49
store_618,2015-08-23,0.0
store_618,2015-08-24,970.33
store_618,2015-08-25,905.575
store_618,2015-08-26,913.99
store_618,2015-08-27,940.455
store_618,2015-08-28,980.175
store_618,2015-08-29,986.93
store_618,2015-08-30,0.0
store_619,2015-07-20,745.54
store_619,2015-07-21,676.02
store_619,2015-07-22,651.265
store_619,2015-07-23,662.555
store_619,2015-07-24,676.61
store_619,2015-07-25,633.985
store_619,2015-07-26,0.0
store_619,2015-07-27,1007.555
store_619,2015-07-28,867.42
store_619,2015-07-29,843.13
store_619,2015-07-30,859.445
store_619,2015-07-31,816.08
store_619,2015-08-01,676.165
store_619,2015-08-02,0.0
store_619,2015-08-03,1068.325
store_619,2015-08-04,886.875
store_619,2015-08-05,826.915
store_619,2015-08-06,785.89
store_619,2015-08-07,745.855
store_619,2015-08-08,665.25
store_619,2015-08-09,0.0
store_619,2015-08-10,800.985
store_619,2015-08-11,746.45
store_619,2015-08-12,731.11
store_619,2015-08-13,705.415
store_619,2015-08-14,730.785
store_619,2015-08-15,663.205
store_619,2015-08-16,0.0
store_619,2015-08-17,1060.95
store_619,2015-08-18,942.85
store_619,2015-08-19,885.75
store_619,2015-08-20,861.08
store_619,2015-08-21,807.99
store_619,2015-08-22,673.705
store_619,2015-08-23,0.0
store_619,2015-08-24,822.22
store_619,2015-08-25,700.41
store_619,2015-08-26,707.365
store_619,2015-08-27,715.96
store_619,2015-08-28,742.8
store_619,2015-08-29,698.07
store_619,2015-08-30,0.0
store_62,2015-07-20,919.895
store_62,2015-07-21,873.52
store_62,2015-07-22,837.93
store_62,2015-07-23,812.24
store_62,2015-07-24,791.41
store_62,2015-07-25,746.025
store_62,2015-07-26,0.0
store_62,2015-07-27,1172.84
store_62,2015-07-28,1079.335
store_62,2015-07-29,1068.615
store_62,2015-07-30,1076.8
store_62,2015-07-31,1003.625
store_62,2015-08-01,785.73
store_62,2015-08-02,0.0
store_62,2015-08-03,1211.785
store_62,2015-08-04,1052.075
store_62,2015-08-05,994.43
store_62,2015-08-06,942.33
store_62,2015-08-07,933.28
store_62,2015-08-08,763.36
store_62,2015-08-09,0.0
store_62,2015-08-10,905.29
store_62,2015-08-11,862.87
store_62,2015-08-12,867.45
store_62,2015-08-13,831.9
store_62,2015-08-14,883.675
store_62,2015-08-15,789.74
store_62,2015-08-16,0.0
store_62,2015-08-17,1180.22
store_62,2015-08-18,1074.15
store_62,2015-08-19,1016.04
store_62,2015-08-20,1003.925
store_62,2015-08-21,983.055
store_62,2015-08-22,788.12
store_62,2015-08-23,0.0
store_62,2015-08-24,869.125
store_62,2015-08-25,836.145
store_62,2015-08-26,813.18
store_62,2015-08-27,836.045
store_62,2015-08-28,832.64
store_62,2015-08-29,810.635
store_62,2015-08-30,0.0
store_620,2015-07-20,716.44
store_620,2015-07-21,644.855
store_620,2015-07-22,637.895
store_620,2015-07-23,644.97
store_620,2015-07-24,685.24
store_620,2015-07-25,766.29
store_620,2015-07-26,0.0
store_620,2015-07-27,856.485
store_620,2015-07-28,794.285
store_620,2015-07-29,758.545
store_620,2015-07-30,787.615
store_620,2015-07-31,816.04
store_620,2015-08-01,777.16
store_620,2015-08-02,0.0
store_620,2015-08-03,917.75
store_620,2015-08-04,780.655
store_620,2015-08-05,731.255
store_620,2015-08-06,733.26
store_620,2015-08-07,758.92
store_620,2015-08-08,778.74
store_620,2015-08-09,0.0
store_620,2015-08-10,710.04
store_620,2015-08-11,634.755
store_620,2015-08-12,629.655
store_620,2015-08-13,658.385
store_620,2015-08-14,686.06
store_620,2015-08-15,738.21
store_620,2015-08-16,0.0
store_620,2015-08-17,929.775
store_620,2015-08-18,812.47
store_620,2015-08-19,768.32
store_620,2015-08-20,752.585
store_620,2015-08-21,765.46
store_620,2015-08-22,737.08
store_620,2015-08-23,0.0
store_620,2015-08-24,737.875
store_620,2015-08-25,654.35
store_620,2015-08-26,631.305
store_620,2015-08-27,653.945
store_620,2015-08-28,678.815
store_620,2015-08-29,727.66
store_620,2015-08-30,0.0
store_621,2015-07-20,853.805
store_621,2015-07-21,791.04
store_621,2015-07-22,769.375
store_621,2015-07-23,801.87
store_621,2015-07-24,767.935
store_621,2015-07-25,726.44
store_621,2015-07-26,0.0
store_621,2015-07-27,1033.095
store_621,2015-07-28,948.675
store_621,2015-07-29,908.85
store_621,2015-07-30,953.715
store_621,2015-07-31,945.745
store_621,2015-08-01,759.73
store_621,2015-08-02,0.0
store_621,2015-08-03,1097.305
store_621,2015-08-04,965.235
store_621,2015-08-05,900.32
store_621,2015-08-06,895.055
store_621,2015-08-07,860.17
store_621,2015-08-08,751.275
store_621,2015-08-09,0.0
store_621,2015-08-10,854.245
store_621,2015-08-11,809.695
store_621,2015-08-12,780.44
store_621,2015-08-13,797.73
store_621,2015-08-14,785.495
store_621,2015-08-15,757.185
store_621,2015-08-16,0.0
store_621,2015-08-17,1066.005
store_621,2015-08-18,974.915
store_621,2015-08-19,927.3
store_621,2015-08-20,917.46
store_621,2015-08-21,907.545
store_621,2015-08-22,772.5
store_621,2015-08-23,0.0
store_621,2015-08-24,831.845
store_621,2015-08-25,791.145
store_621,2015-08-26,784.16
store_621,2015-08-27,770.49
store_621,2015-08-28,774.05
store_621,2015-08-29,750.58
store_621,2015-08-30,0.0
store_622,2015-07-20,1032.71
store_622,2015-07-21,1023.605
store_622,2015-07-22,979.535
store_622,2015-07-23,990.215
store_622,2015-07-24,1024.4
store_622,2015-07-25,873.41
store_622,2015-07-26,0.0
store_622,2015-07-27,1254.86
store_622,2015-07-28,1217.735
store_622,2015-07-29,1154.65
store_622,2015-07-30,1154.66
store_622,2015-07-31,1143.82
store_622,2015-08-01,860.995
store_622,2015-08-02,0.0
store_622,2015-08-03,1316.71
store_622,2015-08-04,1236.23
store_622,2015-08-05,1167.33
store_622,2015-08-06,1123.375
store_622,2015-08-07,1105.315
store_622,2015-08-08,882.565
store_622,2015-08-09,0.0
store_622,2015-08-10,1015.185
store_622,2015-08-11,1008.25
store_622,2015-08-12,1007.185
store_622,2015-08-13,1007.145
store_622,2015-08-14,1020.445
store_622,2015-08-15,870.97
store_622,2015-08-16,0.0
store_622,2015-08-17,1276.41
store_622,2015-08-18,1206.825
store_622,2015-08-19,1167.865
store_622,2015-08-20,1142.64
store_622,2015-08-21,1131.095
store_622,2015-08-22,887.87
store_622,2015-08-23,0.0
store_622,2015-08-24,988.78
store_622,2015-08-25,956.455
store_622,2015-08-26,958.93
store_622,2015-08-27,983.65
store_622,2015-08-28,1028.89
store_622,2015-08-29,893.85
store_622,2015-08-30,0.0
store_623,2015-07-20,474.56
store_623,2015-07-21,440.045
store_623,2015-07-22,432.42
store_623,2015-07-23,455.25
store_623,2015-07-24,492.475
store_623,2015-07-25,344.6
store_623,2015-07-26,0.0
store_623,2015-07-27,755.765
store_623,2015-07-28,659.37
store_623,2015-07-29,609.35
store_623,2015-07-30,591.57
store_623,2015-07-31,580.76
store_623,2015-08-01,365.14
store_623,2015-08-02,0.0
store_623,2015-08-03,802.295
store_623,2015-08-04,615.41
store_623,2015-08-05,564.885
store_623,2015-08-06,543.37
store_623,2015-08-07,567.8
store_623,2015-08-08,377.165
store_623,2015-08-09,0.0
store_623,2015-08-10,544.42
store_623,2015-08-11,514.145
store_623,2015-08-12,498.495
store_623,2015-08-13,491.71
store_623,2015-08-14,523.215
store_623,2015-08-15,363.54
store_623,2015-08-16,0.0
store_623,2015-08-17,753.925
store_623,2015-08-18,642.76
store_623,2015-08-19,591.755
store_623,2015-08-20,590.175
store_623,2015-08-21,602.685
store_623,2015-08-22,390.06
store_623,2015-08-23,0.0
store_623,2015-08-24,548.335
store_623,2015-08-25,518.055
store_623,2015-08-26,504.06
store_623,2015-08-27,503.615
store_623,2015-08-28,510.095
store_623,2015-08-29,366.305
store_623,2015-08-30,0.0
store_624,2015-07-20,388.675
store_624,2015-07-21,334.915
store_624,2015-07-22,353.795
store_624,2015-07-23,365.94
store_624,2015-07-24,337.835
store_624,2015-07-25,298.065
store_624,2015-07-26,0.0
store_624,2015-07-27,535.45
store_624,2015-07-28,481.67
store_624,2015-07-29,454.815
store_624,2015-07-30,451.98
store_624,2015-07-31,414.245
store_624,2015-08-01,310.645
store_624,2015-08-02,0.0
store_624,2015-08-03,545.275
store_624,2015-08-04,467.205
store_624,2015-08-05,438.065
store_624,2015-08-06,457.41
store_624,2015-08-07,432.99
store_624,2015-08-08,308.11
store_624,2015-08-09,0.0
store_624,2015-08-10,392.45
store_624,2015-08-11,363.64
store_624,2015-08-12,362.665
store_624,2015-08-13,387.45
store_624,2015-08-14,396.25
store_624,2015-08-15,312.015
store_624,2015-08-16,0.0
store_624,2015-08-17,581.77
store_624,2015-08-18,501.88
store_624,2015-08-19,491.015
store_624,2015-08-20,477.055
store_624,2015-08-21,461.245
store_624,2015-08-22,329.985
store_624,2015-08-23,0.0
store_624,2015-08-24,383.195
store_624,2015-08-25,330.6
store_624,2015-08-26,353.96
store_624,2015-08-27,361.27
store_624,2015-08-28,378.875
store_624,2015-08-29,317.815
store_624,2015-08-30,0.0
store_625,2015-07-20,410.17
store_625,2015-07-21,375.705
store_625,2015-07-22,389.825
store_625,2015-07-23,425.71
store_625,2015-07-24,471.115
store_625,2015-07-25,468.125
store_625,2015-07-26,0.0
store_625,2015-07-27,535.545
store_625,2015-07-28,461.015
store_625,2015-07-29,478.39
store_625,2015-07-30,508.445
store_625,2015-07-31,532.475
store_625,2015-08-01,485.35
store_625,2015-08-02,0.0
store_625,2015-08-03,573.82
store_625,2015-08-04,493.545
store_625,2015-08-05,469.33
store_625,2015-08-06,474.705
store_625,2015-08-07,493.965
store_625,2015-08-08,467.205
store_625,2015-08-09,0.0
store_625,2015-08-10,464.13
store_625,2015-08-11,414.56
store_625,2015-08-12,426.61
store_625,2015-08-13,444.07
store_625,2015-08-14,470.805
store_625,2015-08-15,474.71
store_625,2015-08-16,0.0
store_625,2015-08-17,587.285
store_625,2015-08-18,506.95
store_625,2015-08-19,482.515
store_625,2015-08-20,503.31
store_625,2015-08-21,523.065
store_625,2015-08-22,492.575
store_625,2015-08-23,0.0
store_625,2015-08-24,446.205
store_625,2015-08-25,405.405
store_625,2015-08-26,413.935
store_625,2015-08-27,438.06
store_625,2015-08-28,479.78
store_625,2015-08-29,466.75
store_625,2015-08-30,0.0
store_626,2015-07-20,693.28
store_626,2015-07-21,645.775
store_626,2015-07-22,612.385
store_626,2015-07-23,663.82
store_626,2015-07-24,666.275
store_626,2015-07-25,668.93
store_626,2015-07-26,0.0
store_626,2015-07-27,849.68
store_626,2015-07-28,799.39
store_626,2015-07-29,789.985
store_626,2015-07-30,794.395
store_626,2015-07-31,776.9
store_626,2015-08-01,676.18
store_626,2015-08-02,0.0
store_626,2015-08-03,907.24
store_626,2015-08-04,788.14
store_626,2015-08-05,723.495
store_626,2015-08-06,744.68
store_626,2015-08-07,738.26
store_626,2015-08-08,670.705
store_626,2015-08-09,0.0
store_626,2015-08-10,729.9
store_626,2015-08-11,689.775
store_626,2015-08-12,647.68
store_626,2015-08-13,662.075
store_626,2015-08-14,660.92
store_626,2015-08-15,662.19
store_626,2015-08-16,0.0
store_626,2015-08-17,902.055
store_626,2015-08-18,814.065
store_626,2015-08-19,774.465
store_626,2015-08-20,754.64
store_626,2015-08-21,740.565
store_626,2015-08-22,656.745
store_626,2015-08-23,0.0
store_626,2015-08-24,703.62
store_626,2015-08-25,662.56
store_626,2015-08-26,649.535
store_626,2015-08-27,682.21
store_626,2015-08-28,690.31
store_626,2015-08-29,642.0
store_626,2015-08-30,0.0
store_627,2015-07-20,836.28
store_627,2015-07-21,808.085
store_627,2015-07-22,884.195
store_627,2015-07-23,945.805
store_627,2015-07-24,926.845
store_627,2015-07-25,973.38
store_627,2015-07-26,0.0
store_627,2015-07-27,1005.075
store_627,2015-07-28,999.085
store_627,2015-07-29,1092.275
store_627,2015-07-30,1100.81
store_627,2015-07-31,1021.245
store_627,2015-08-01,1003.05
store_627,2015-08-02,0.0
store_627,2015-08-03,1039.11
store_627,2015-08-04,929.545
store_627,2015-08-05,913.995
store_627,2015-08-06,979.66
store_627,2015-08-07,975.86
store_627,2015-08-08,969.49
store_627,2015-08-09,0.0
store_627,2015-08-10,831.08
store_627,2015-08-11,790.865
store_627,2015-08-12,777.645
store_627,2015-08-13,819.445
store_627,2015-08-14,894.585
store_627,2015-08-15,977.36
store_627,2015-08-16,0.0
store_627,2015-08-17,1056.62
store_627,2015-08-18,955.385
store_627,2015-08-19,917.6
store_627,2015-08-20,944.915
store_627,2015-08-21,994.02
store_627,2015-08-22,1000.275
store_627,2015-08-23,0.0
store_627,2015-08-24,888.01
store_627,2015-08-25,794.56
store_627,2015-08-26,759.05
store_627,2015-08-27,798.115
store_627,2015-08-28,865.565
store_627,2015-08-29,955.59
store_627,2015-08-30,0.0
store_628,2015-07-20,767.68
store_628,2015-07-21,679.255
store_628,2015-07-22,652.49
store_628,2015-07-23,701.39
store_628,2015-07-24,724.565
store_628,2015-07-25,639.14
store_628,2015-07-26,0.0
store_628,2015-07-27,961.52
store_628,2015-07-28,857.58
store_628,2015-07-29,831.745
store_628,2015-07-30,826.575
store_628,2015-07-31,861.635
store_628,2015-08-01,645.32
store_628,2015-08-02,0.0
store_628,2015-08-03,1010.255
store_628,2015-08-04,840.765
store_628,2015-08-05,785.49
store_628,2015-08-06,766.03
store_628,2015-08-07,783.095
store_628,2015-08-08,662.085
store_628,2015-08-09,0.0
store_628,2015-08-10,807.9
store_628,2015-08-11,737.795
store_628,2015-08-12,699.87
store_628,2015-08-13,698.93
store_628,2015-08-14,727.655
store_628,2015-08-15,646.18
store_628,2015-08-16,0.0
store_628,2015-08-17,1051.0
store_628,2015-08-18,891.335
store_628,2015-08-19,838.33
store_628,2015-08-20,803.985
store_628,2015-08-21,811.455
store_628,2015-08-22,668.055
store_628,2015-08-23,0.0
store_628,2015-08-24,785.945
store_628,2015-08-25,699.25
store_628,2015-08-26,717.125
store_628,2015-08-27,717.72
store_628,2015-08-28,749.275
store_628,2015-08-29,683.58
store_628,2015-08-30,0.0
store_629,2015-07-20,471.275
store_629,2015-07-21,439.475
store_629,2015-07-22,436.685
store_629,2015-07-23,481.945
store_629,2015-07-24,479.115
store_629,2015-07-25,365.42
store_629,2015-07-26,0.0
store_629,2015-07-27,584.475
store_629,2015-07-28,501.11
store_629,2015-07-29,496.11
store_629,2015-07-30,539.43
store_629,2015-07-31,521.23
store_629,2015-08-01,360.08
store_629,2015-08-02,0.0
store_629,2015-08-03,628.8
store_629,2015-08-04,524.91
store_629,2015-08-05,499.97
store_629,2015-08-06,522.715
store_629,2015-08-07,516.37
store_629,2015-08-08,357.47
store_629,2015-08-09,0.0
store_629,2015-08-10,509.585
store_629,2015-08-11,455.37
store_629,2015-08-12,429.245
store_629,2015-08-13,456.635
store_629,2015-08-14,488.39
store_629,2015-08-15,348.435
store_629,2015-08-16,0.0
store_629,2015-08-17,627.0
store_629,2015-08-18,558.085
store_629,2015-08-19,522.2
store_629,2015-08-20,518.71
store_629,2015-08-21,539.05
store_629,2015-08-22,350.6
store_629,2015-08-23,0.0
store_629,2015-08-24,516.35
store_629,2015-08-25,456.26
store_629,2015-08-26,448.8
store_629,2015-08-27,459.575
store_629,2015-08-28,491.545
store_629,2015-08-29,344.185
store_629,2015-08-30,0.0
store_63,2015-07-20,582.575
store_63,2015-07-21,550.605
store_63,2015-07-22,583.14
store_63,2015-07-23,581.965
store_63,2015-07-24,560.27
store_63,2015-07-25,339.705
store_63,2015-07-26,0.0
store_63,2015-07-27,695.92
store_63,2015-07-28,638.285
store_63,2015-07-29,666.545
store_63,2015-07-30,664.86
store_63,2015-07-31,637.325
store_63,2015-08-01,342.975
store_63,2015-08-02,0.0
store_63,2015-08-03,749.41
store_63,2015-08-04,646.185
store_63,2015-08-05,617.945
store_63,2015-08-06,637.08
store_63,2015-08-07,621.47
store_63,2015-08-08,346.6
store_63,2015-08-09,0.0
store_63,2015-08-10,569.495
store_63,2015-08-11,535.15
store_63,2015-08-12,535.83
store_63,2015-08-13,567.715
store_63,2015-08-14,577.985
store_63,2015-08-15,338.125
store_63,2015-08-16,0.0
store_63,2015-08-17,743.755
store_63,2015-08-18,638.295
store_63,2015-08-19,622.735
store_63,2015-08-20,647.205
store_63,2015-08-21,649.595
store_63,2015-08-22,359.47
store_63,2015-08-23,0.0
store_63,2015-08-24,564.73
store_63,2015-08-25,520.97
store_63,2015-08-26,521.795
store_63,2015-08-27,544.485
store_63,2015-08-28,585.11
store_63,2015-08-29,358.455
store_63,2015-08-30,0.0
store_630,2015-07-20,779.285
store_630,2015-07-21,692.565
store_630,2015-07-22,673.71
store_630,2015-07-23,670.21
store_630,2015-07-24,675.285
store_630,2015-07-25,792.9
store_630,2015-07-26,0.0
store_630,2015-07-27,1063.375
store_630,2015-07-28,911.56
store_630,2015-07-29,875.085
store_630,2015-07-30,834.065
store_630,2015-07-31,785.385
store_630,2015-08-01,787.05
store_630,2015-08-02,0.0
store_630,2015-08-03,1136.99
store_630,2015-08-04,922.335
store_630,2015-08-05,838.665
store_630,2015-08-06,785.815
store_630,2015-08-07,743.805
store_630,2015-08-08,769.61
store_630,2015-08-09,0.0
store_630,2015-08-10,835.56
store_630,2015-08-11,770.355
store_630,2015-08-12,749.025
store_630,2015-08-13,735.235
store_630,2015-08-14,720.21
store_630,2015-08-15,764.795
store_630,2015-08-16,0.0
store_630,2015-08-17,1076.58
store_630,2015-08-18,980.945
store_630,2015-08-19,899.6
store_630,2015-08-20,881.835
store_630,2015-08-21,816.705
store_630,2015-08-22,767.905
store_630,2015-08-23,0.0
store_630,2015-08-24,807.935
store_630,2015-08-25,738.35
store_630,2015-08-26,749.46
store_630,2015-08-27,743.01
store_630,2015-08-28,738.885
store_630,2015-08-29,756.785
store_630,2015-08-30,0.0
store_631,2015-07-20,1233.305
store_631,2015-07-21,1133.17
store_631,2015-07-22,1104.395
store_631,2015-07-23,1200.005
store_631,2015-07-24,1143.41
store_631,2015-07-25,937.96
store_631,2015-07-26,639.16
store_631,2015-07-27,1380.4
store_631,2015-07-28,1270.425
store_631,2015-07-29,1205.485
store_631,2015-07-30,1322.835
store_631,2015-07-31,1282.935
store_631,2015-08-01,995.485
store_631,2015-08-02,715.46
store_631,2015-08-03,1374.085
store_631,2015-08-04,1241.01
store_631,2015-08-05,1186.0
store_631,2015-08-06,1215.205
store_631,2015-08-07,1176.69
store_631,2015-08-08,957.965
store_631,2015-08-09,728.115
store_631,2015-08-10,1229.13
store_631,2015-08-11,1207.71
store_631,2015-08-12,1200.93
store_631,2015-08-13,1205.3
store_631,2015-08-14,1184.66
store_631,2015-08-15,966.535
store_631,2015-08-16,737.38
store_631,2015-08-17,1294.605
store_631,2015-08-18,1213.185
store_631,2015-08-19,1188.145
store_631,2015-08-20,1195.69
store_631,2015-08-21,1164.815
store_631,2015-08-22,979.205
store_631,2015-08-23,744.635
store_631,2015-08-24,1194.57
store_631,2015-08-25,1125.27
store_631,2015-08-26,1082.14
store_631,2015-08-27,1142.035
store_631,2015-08-28,1135.43
store_631,2015-08-29,995.22
store_631,2015-08-30,760.025
store_632,2015-07-20,495.185
store_632,2015-07-21,445.47
store_632,2015-07-22,456.365
store_632,2015-07-23,467.695
store_632,2015-07-24,503.06
store_632,2015-07-25,339.895
store_632,2015-07-26,0.0
store_632,2015-07-27,640.32
store_632,2015-07-28,558.805
store_632,2015-07-29,537.165
store_632,2015-07-30,554.27
store_632,2015-07-31,575.395
store_632,2015-08-01,361.66
store_632,2015-08-02,0.0
store_632,2015-08-03,679.245
store_632,2015-08-04,548.185
store_632,2015-08-05,521.54
store_632,2015-08-06,523.625
store_632,2015-08-07,543.915
store_632,2015-08-08,354.135
store_632,2015-08-09,0.0
store_632,2015-08-10,505.23
store_632,2015-08-11,471.06
store_632,2015-08-12,457.915
store_632,2015-08-13,477.0
store_632,2015-08-14,494.22
store_632,2015-08-15,350.44
store_632,2015-08-16,0.0
store_632,2015-08-17,667.14
store_632,2015-08-18,569.42
store_632,2015-08-19,524.945
store_632,2015-08-20,543.275
store_632,2015-08-21,555.815
store_632,2015-08-22,352.27
store_632,2015-08-23,0.0
store_632,2015-08-24,489.795
store_632,2015-08-25,451.815
store_632,2015-08-26,447.155
store_632,2015-08-27,473.75
store_632,2015-08-28,489.605
store_632,2015-08-29,336.39
store_632,2015-08-30,0.0
store_633,2015-07-20,524.575
store_633,2015-07-21,466.745
store_633,2015-07-22,482.76
store_633,2015-07-23,505.5
store_633,2015-07-24,507.905
store_633,2015-07-25,481.095
store_633,2015-07-26,0.0
store_633,2015-07-27,718.475
store_633,2015-07-28,598.125
store_633,2015-07-29,579.185
store_633,2015-07-30,602.565
store_633,2015-07-31,619.63
store_633,2015-08-01,517.145
store_633,2015-08-02,0.0
store_633,2015-08-03,743.995
store_633,2015-08-04,600.58
store_633,2015-08-05,557.63
store_633,2015-08-06,554.93
store_633,2015-08-07,564.71
store_633,2015-08-08,493.445
store_633,2015-08-09,0.0
store_633,2015-08-10,542.715
store_633,2015-08-11,482.54
store_633,2015-08-12,468.59
store_633,2015-08-13,480.355
store_633,2015-08-14,502.57
store_633,2015-08-15,490.955
store_633,2015-08-16,0.0
store_633,2015-08-17,727.18
store_633,2015-08-18,621.875
store_633,2015-08-19,592.75
store_633,2015-08-20,587.37
store_633,2015-08-21,606.86
store_633,2015-08-22,516.315
store_633,2015-08-23,0.0
store_633,2015-08-24,529.85
store_633,2015-08-25,466.32
store_633,2015-08-26,462.64
store_633,2015-08-27,475.175
store_633,2015-08-28,515.725
store_633,2015-08-29,493.21
store_633,2015-08-30,0.0
store_634,2015-07-20,510.09
store_634,2015-07-21,433.67
store_634,2015-07-22,437.26
store_634,2015-07-23,460.305
store_634,2015-07-24,485.5
store_634,2015-07-25,487.535
store_634,2015-07-26,0.0
store_634,2015-07-27,636.92
store_634,2015-07-28,534.69
store_634,2015-07-29,513.195
store_634,2015-07-30,533.53
store_634,2015-07-31,556.455
store_634,2015-08-01,486.4
store_634,2015-08-02,0.0
store_634,2015-08-03,690.975
store_634,2015-08-04,541.495
store_634,2015-08-05,521.965
store_634,2015-08-06,530.19
store_634,2015-08-07,531.425
store_634,2015-08-08,493.75
store_634,2015-08-09,0.0
store_634,2015-08-10,528.55
store_634,2015-08-11,469.37
store_634,2015-08-12,465.225
store_634,2015-08-13,492.55
store_634,2015-08-14,522.195
store_634,2015-08-15,481.48
store_634,2015-08-16,0.0
store_634,2015-08-17,672.905
store_634,2015-08-18,576.34
store_634,2015-08-19,540.58
store_634,2015-08-20,550.87
store_634,2015-08-21,573.99
store_634,2015-08-22,472.355
store_634,2015-08-23,0.0
store_634,2015-08-24,518.4
store_634,2015-08-25,446.395
store_634,2015-08-26,456.9
store_634,2015-08-27,469.57
store_634,2015-08-28,518.115
store_634,2015-08-29,480.59
store_634,2015-08-30,0.0
store_635,2015-07-20,951.92
store_635,2015-07-21,931.36
store_635,2015-07-22,926.71
store_635,2015-07-23,958.855
store_635,2015-07-24,956.765
store_635,2015-07-25,748.69
store_635,2015-07-26,0.0
store_635,2015-07-27,1209.69
store_635,2015-07-28,1176.035
store_635,2015-07-29,1104.465
store_635,2015-07-30,1114.855
store_635,2015-07-31,1107.465
store_635,2015-08-01,774.805
store_635,2015-08-02,0.0
store_635,2015-08-03,1253.96
store_635,2015-08-04,1134.045
store_635,2015-08-05,1075.695
store_635,2015-08-06,1045.75
store_635,2015-08-07,1035.255
store_635,2015-08-08,792.595
store_635,2015-08-09,0.0
store_635,2015-08-10,1006.245
store_635,2015-08-11,933.33
store_635,2015-08-12,933.915
store_635,2015-08-13,946.13
store_635,2015-08-14,963.045
store_635,2015-08-15,778.91
store_635,2015-08-16,0.0
store_635,2015-08-17,1247.065
store_635,2015-08-18,1166.225
store_635,2015-08-19,1116.38
store_635,2015-08-20,1096.305
store_635,2015-08-21,1093.155
store_635,2015-08-22,785.595
store_635,2015-08-23,0.0
store_635,2015-08-24,962.09
store_635,2015-08-25,929.83
store_635,2015-08-26,903.21
store_635,2015-08-27,912.82
store_635,2015-08-28,932.11
store_635,2015-08-29,769.53
store_635,2015-08-30,0.0
store_636,2015-07-20,646.875
store_636,2015-07-21,593.315
store_636,2015-07-22,575.96
store_636,2015-07-23,613.77
store_636,2015-07-24,652.46
store_636,2015-07-25,505.305
store_636,2015-07-26,0.0
store_636,2015-07-27,794.705
store_636,2015-07-28,731.83
store_636,2015-07-29,697.76
store_636,2015-07-30,731.35
store_636,2015-07-31,743.585
store_636,2015-08-01,534.445
store_636,2015-08-02,0.0
store_636,2015-08-03,865.605
store_636,2015-08-04,719.755
store_636,2015-08-05,685.05
store_636,2015-08-06,681.775
store_636,2015-08-07,715.945
store_636,2015-08-08,538.69
store_636,2015-08-09,0.0
store_636,2015-08-10,694.715
store_636,2015-08-11,632.31
store_636,2015-08-12,618.23
store_636,2015-08-13,631.335
store_636,2015-08-14,664.95
store_636,2015-08-15,537.15
store_636,2015-08-16,0.0
store_636,2015-08-17,868.785
store_636,2015-08-18,758.415
store_636,2015-08-19,726.565
store_636,2015-08-20,742.915
store_636,2015-08-21,749.13
store_636,2015-08-22,545.42
store_636,2015-08-23,0.0
store_636,2015-08-24,744.34
store_636,2015-08-25,691.635
store_636,2015-08-26,656.725
store_636,2015-08-27,654.87
store_636,2015-08-28,672.76
store_636,2015-08-29,556.31
store_636,2015-08-30,0.0
store_637,2015-07-20,934.425
store_637,2015-07-21,880.51
store_637,2015-07-22,906.995
store_637,2015-07-23,884.57
store_637,2015-07-24,836.315
store_637,2015-07-25,751.555
store_637,2015-07-26,0.0
store_637,2015-07-27,1188.73
store_637,2015-07-28,1074.75
store_637,2015-07-29,1097.16
store_637,2015-07-30,1067.475
store_637,2015-07-31,1014.52
store_637,2015-08-01,802.495
store_637,2015-08-02,0.0
store_637,2015-08-03,1244.7
store_637,2015-08-04,1064.99
store_637,2015-08-05,1022.105
store_637,2015-08-06,1020.05
store_637,2015-08-07,994.52
store_637,2015-08-08,787.285
store_637,2015-08-09,0.0
store_637,2015-08-10,1019.755
store_637,2015-08-11,932.625
store_637,2015-08-12,905.015
store_637,2015-08-13,910.485
store_637,2015-08-14,911.75
store_637,2015-08-15,792.105
store_637,2015-08-16,0.0
store_637,2015-08-17,1220.12
store_637,2015-08-18,1082.6
store_637,2015-08-19,1020.005
store_637,2015-08-20,1035.855
store_637,2015-08-21,1049.515
store_637,2015-08-22,808.67
store_637,2015-08-23,0.0
store_637,2015-08-24,1037.855
store_637,2015-08-25,936.775
store_637,2015-08-26,877.7
store_637,2015-08-27,900.685
store_637,2015-08-28,954.23
store_637,2015-08-29,794.945
store_637,2015-08-30,0.0
store_638,2015-07-20,612.51
store_638,2015-07-21,562.62
store_638,2015-07-22,543.3
store_638,2015-07-23,579.605
store_638,2015-07-24,651.32
store_638,2015-07-25,405.905
store_638,2015-07-26,0.0
store_638,2015-07-27,812.9
store_638,2015-07-28,685.12
store_638,2015-07-29,674.39
store_638,2015-07-30,712.5
store_638,2015-07-31,745.55
store_638,2015-08-01,428.99
store_638,2015-08-02,0.0
store_638,2015-08-03,843.83
store_638,2015-08-04,714.84
store_638,2015-08-05,651.175
store_638,2015-08-06,645.915
store_638,2015-08-07,679.155
store_638,2015-08-08,424.465
store_638,2015-08-09,0.0
store_638,2015-08-10,652.46
store_638,2015-08-11,600.655
store_638,2015-08-12,574.135
store_638,2015-08-13,593.35
store_638,2015-08-14,644.905
store_638,2015-08-15,420.365
store_638,2015-08-16,0.0
store_638,2015-08-17,845.24
store_638,2015-08-18,737.52
store_638,2015-08-19,682.02
store_638,2015-08-20,693.555
store_638,2015-08-21,698.815
store_638,2015-08-22,420.81
store_638,2015-08-23,0.0
store_638,2015-08-24,626.955
store_638,2015-08-25,574.255
store_638,2015-08-26,581.955
store_638,2015-08-27,587.225
store_638,2015-08-28,623.35
store_638,2015-08-29,419.13
store_638,2015-08-30,0.0
store_639,2015-07-20,586.17
store_639,2015-07-21,498.93
store_639,2015-07-22,511.27
store_639,2015-07-23,564.755
store_639,2015-07-24,596.675
store_639,2015-07-25,663.69
store_639,2015-07-26,0.0
store_639,2015-07-27,758.695
store_639,2015-07-28,640.61
store_639,2015-07-29,636.605
store_639,2015-07-30,667.99
store_639,2015-07-31,700.08
store_639,2015-08-01,653.91
store_639,2015-08-02,0.0
store_639,2015-08-03,791.64
store_639,2015-08-04,648.59
store_639,2015-08-05,599.595
store_639,2015-08-06,636.755
store_639,2015-08-07,637.855
store_639,2015-08-08,657.715
store_639,2015-08-09,0.0
store_639,2015-08-10,615.99
store_639,2015-08-11,563.515
store_639,2015-08-12,568.74
store_639,2015-08-13,582.515
store_639,2015-08-14,585.735
store_639,2015-08-15,635.845
store_639,2015-08-16,0.0
store_639,2015-08-17,801.16
store_639,2015-08-18,690.605
store_639,2015-08-19,659.965
store_639,2015-08-20,665.935
store_639,2015-08-21,666.75
store_639,2015-08-22,636.465
store_639,2015-08-23,0.0
store_639,2015-08-24,615.48
store_639,2015-08-25,530.4
store_639,2015-08-26,541.57
store_639,2015-08-27,565.495
store_639,2015-08-28,591.255
store_639,2015-08-29,623.3
store_639,2015-08-30,0.0
store_64,2015-07-20,850.395
store_64,2015-07-21,822.06
store_64,2015-07-22,844.46
store_64,2015-07-23,877.51
store_64,2015-07-24,873.81
store_64,2015-07-25,999.09
store_64,2015-07-26,0.0
store_64,2015-07-27,1030.17
store_64,2015-07-28,966.81
store_64,2015-07-29,958.08
store_64,2015-07-30,967.255
store_64,2015-07-31,979.71
store_64,2015-08-01,956.915
store_64,2015-08-02,0.0
store_64,2015-08-03,1108.0
store_64,2015-08-04,969.845
store_64,2015-08-05,944.18
store_64,2015-08-06,939.02
store_64,2015-08-07,901.175
store_64,2015-08-08,936.765
store_64,2015-08-09,0.0
store_64,2015-08-10,898.74
store_64,2015-08-11,819.83
store_64,2015-08-12,803.255
store_64,2015-08-13,829.97
store_64,2015-08-14,868.83
store_64,2015-08-15,916.315
store_64,2015-08-16,0.0
store_64,2015-08-17,1121.805
store_64,2015-08-18,1013.345
store_64,2015-08-19,945.62
store_64,2015-08-20,949.67
store_64,2015-08-21,946.67
store_64,2015-08-22,873.985
store_64,2015-08-23,0.0
store_64,2015-08-24,868.685
store_64,2015-08-25,790.67
store_64,2015-08-26,789.66
store_64,2015-08-27,861.895
store_64,2015-08-28,864.555
store_64,2015-08-29,862.64
store_64,2015-08-30,0.0
store_640,2015-07-20,598.21
store_640,2015-07-21,557.665
store_640,2015-07-22,598.255
store_640,2015-07-23,560.32
store_640,2015-07-24,570.49
store_640,2015-07-25,436.46
store_640,2015-07-26,0.0
store_640,2015-07-27,752.36
store_640,2015-07-28,752.98
store_640,2015-07-29,750.57
store_640,2015-07-30,735.67
store_640,2015-07-31,687.52
store_640,2015-08-01,437.825
store_640,2015-08-02,0.0
store_640,2015-08-03,822.565
store_640,2015-08-04,715.96
store_640,2015-08-05,689.68
store_640,2015-08-06,676.02
store_640,2015-08-07,655.365
store_640,2015-08-08,445.145
store_640,2015-08-09,0.0
store_640,2015-08-10,641.71
store_640,2015-08-11,608.205
store_640,2015-08-12,596.385
store_640,2015-08-13,594.025
store_640,2015-08-14,626.12
store_640,2015-08-15,445.065
store_640,2015-08-16,0.0
store_640,2015-08-17,814.54
store_640,2015-08-18,731.455
store_640,2015-08-19,716.525
store_640,2015-08-20,675.28
store_640,2015-08-21,709.14
store_640,2015-08-22,456.26
store_640,2015-08-23,0.0
store_640,2015-08-24,628.16
store_640,2015-08-25,595.675
store_640,2015-08-26,592.19
store_640,2015-08-27,577.095
store_640,2015-08-28,610.805
store_640,2015-08-29,453.45
store_640,2015-08-30,0.0
store_641,2015-07-20,1082.21
store_641,2015-07-21,974.095
store_641,2015-07-22,995.98
store_641,2015-07-23,1054.14
store_641,2015-07-24,1096.465
store_641,2015-07-25,1089.06
store_641,2015-07-26,0.0
store_641,2015-07-27,1329.42
store_641,2015-07-28,1243.47
store_641,2015-07-29,1161.15
store_641,2015-07-30,1176.015
store_641,2015-07-31,1172.385
store_641,2015-08-01,1079.78
store_641,2015-08-02,0.0
store_641,2015-08-03,1432.575
store_641,2015-08-04,1187.355
store_641,2015-08-05,1095.46
store_641,2015-08-06,1135.42
store_641,2015-08-07,1175.82
store_641,2015-08-08,1106.78
store_641,2015-08-09,0.0
store_641,2015-08-10,1135.95
store_641,2015-08-11,1059.785
store_641,2015-08-12,1006.78
store_641,2015-08-13,1017.825
store_641,2015-08-14,1075.985
store_641,2015-08-15,1057.33
store_641,2015-08-16,0.0
store_641,2015-08-17,1345.025
store_641,2015-08-18,1200.735
store_641,2015-08-19,1129.445
store_641,2015-08-20,1124.195
store_641,2015-08-21,1157.055
store_641,2015-08-22,1093.72
store_641,2015-08-23,0.0
store_641,2015-08-24,1052.05
store_641,2015-08-25,946.77
store_641,2015-08-26,944.86
store_641,2015-08-27,992.285
store_641,2015-08-28,1040.485
store_641,2015-08-29,1068.05
store_641,2015-08-30,0.0
store_642,2015-07-20,727.42
store_642,2015-07-21,639.18
store_642,2015-07-22,656.33
store_642,2015-07-23,679.48
store_642,2015-07-24,704.77
store_642,2015-07-25,653.11
store_642,2015-07-26,0.0
store_642,2015-07-27,858.705
store_642,2015-07-28,810.83
store_642,2015-07-29,798.13
store_642,2015-07-30,821.26
store_642,2015-07-31,838.53
store_642,2015-08-01,659.805
store_642,2015-08-02,0.0
store_642,2015-08-03,977.845
store_642,2015-08-04,805.945
store_642,2015-08-05,745.96
store_642,2015-08-06,755.18
store_642,2015-08-07,758.195
store_642,2015-08-08,676.99
store_642,2015-08-09,0.0
store_642,2015-08-10,798.785
store_642,2015-08-11,717.195
store_642,2015-08-12,687.14
store_642,2015-08-13,707.41
store_642,2015-08-14,718.975
store_642,2015-08-15,661.91
store_642,2015-08-16,0.0
store_642,2015-08-17,1030.055
store_642,2015-08-18,872.735
store_642,2015-08-19,818.555
store_642,2015-08-20,804.21
store_642,2015-08-21,792.155
store_642,2015-08-22,680.005
store_642,2015-08-23,0.0
store_642,2015-08-24,794.845
store_642,2015-08-25,709.195
store_642,2015-08-26,727.14
store_642,2015-08-27,717.595
store_642,2015-08-28,736.395
store_642,2015-08-29,676.735
store_642,2015-08-30,0.0
store_643,2015-07-20,519.53
store_643,2015-07-21,475.055
store_643,2015-07-22,501.06
store_643,2015-07-23,527.32
store_643,2015-07-24,572.67
store_643,2015-07-25,629.02
store_643,2015-07-26,0.0
store_643,2015-07-27,763.87
store_643,2015-07-28,636.36
store_643,2015-07-29,607.69
store_643,2015-07-30,615.93
store_643,2015-07-31,665.62
store_643,2015-08-01,653.985
store_643,2015-08-02,0.0
store_643,2015-08-03,758.455
store_643,2015-08-04,614.315
store_643,2015-08-05,581.99
store_643,2015-08-06,597.615
store_643,2015-08-07,629.655
store_643,2015-08-08,619.515
store_643,2015-08-09,0.0
store_643,2015-08-10,596.325
store_643,2015-08-11,549.715
store_643,2015-08-12,525.335
store_643,2015-08-13,549.365
store_643,2015-08-14,575.555
store_643,2015-08-15,619.965
store_643,2015-08-16,0.0
store_643,2015-08-17,752.63
store_643,2015-08-18,644.92
store_643,2015-08-19,617.355
store_643,2015-08-20,631.59
store_643,2015-08-21,661.48
store_643,2015-08-22,630.33
store_643,2015-08-23,0.0
store_643,2015-08-24,589.32
store_643,2015-08-25,523.4
store_643,2015-08-26,529.49
store_643,2015-08-27,551.575
store_643,2015-08-28,588.935
store_643,2015-08-29,605.635
store_643,2015-08-30,0.0
store_644,2015-07-20,534.275
store_644,2015-07-21,487.265
store_644,2015-07-22,492.685
store_644,2015-07-23,495.075
store_644,2015-07-24,525.32
store_644,2015-07-25,491.08
store_644,2015-07-26,0.0
store_644,2015-07-27,759.29
store_644,2015-07-28,661.115
store_644,2015-07-29,620.925
store_644,2015-07-30,597.345
store_644,2015-07-31,625.94
store_644,2015-08-01,487.45
store_644,2015-08-02,0.0
store_644,2015-08-03,803.48
store_644,2015-08-04,637.12
store_644,2015-08-05,600.05
store_644,2015-08-06,595.075
store_644,2015-08-07,582.295
store_644,2015-08-08,490.64
store_644,2015-08-09,0.0
store_644,2015-08-10,575.14
store_644,2015-08-11,534.85
store_644,2015-08-12,542.155
store_644,2015-08-13,527.69
store_644,2015-08-14,525.325
store_644,2015-08-15,486.855
store_644,2015-08-16,0.0
store_644,2015-08-17,787.31
store_644,2015-08-18,690.105
store_644,2015-08-19,656.185
store_644,2015-08-20,646.555
store_644,2015-08-21,627.65
store_644,2015-08-22,491.97
store_644,2015-08-23,0.0
store_644,2015-08-24,529.125
store_644,2015-08-25,477.805
store_644,2015-08-26,503.125
store_644,2015-08-27,531.965
store_644,2015-08-28,539.415
store_644,2015-08-29,502.335
store_644,2015-08-30,0.0
store_645,2015-07-20,570.045
store_645,2015-07-21,494.195
store_645,2015-07-22,480.61
store_645,2015-07-23,504.665
store_645,2015-07-24,512.925
store_645,2015-07-25,379.345
store_645,2015-07-26,0.0
store_645,2015-07-27,726.2
store_645,2015-07-28,628.355
store_645,2015-07-29,592.01
store_645,2015-07-30,613.13
store_645,2015-07-31,590.745
store_645,2015-08-01,393.855
store_645,2015-08-02,0.0
store_645,2015-08-03,747.71
store_645,2015-08-04,622.785
store_645,2015-08-05,575.53
store_645,2015-08-06,566.175
store_645,2015-08-07,545.2
store_645,2015-08-08,370.185
store_645,2015-08-09,0.0
store_645,2015-08-10,572.05
store_645,2015-08-11,528.46
store_645,2015-08-12,524.47
store_645,2015-08-13,534.845
store_645,2015-08-14,538.42
store_645,2015-08-15,362.23
store_645,2015-08-16,0.0
store_645,2015-08-17,720.385
store_645,2015-08-18,628.845
store_645,2015-08-19,606.79
store_645,2015-08-20,599.505
store_645,2015-08-21,586.54
store_645,2015-08-22,361.21
store_645,2015-08-23,0.0
store_645,2015-08-24,572.585
store_645,2015-08-25,508.315
store_645,2015-08-26,511.845
store_645,2015-08-27,530.625
store_645,2015-08-28,543.97
store_645,2015-08-29,358.84
store_645,2015-08-30,0.0
store_646,2015-07-20,890.6
store_646,2015-07-21,884.05
store_646,2015-07-22,898.49
store_646,2015-07-23,911.49
store_646,2015-07-24,900.28
store_646,2015-07-25,807.425
store_646,2015-07-26,0.0
store_646,2015-07-27,1088.77
store_646,2015-07-28,1067.92
store_646,2015-07-29,1086.95
store_646,2015-07-30,1113.56
store_646,2015-07-31,1040.07
store_646,2015-08-01,828.195
store_646,2015-08-02,0.0
store_646,2015-08-03,1200.63
store_646,2015-08-04,1030.665
store_646,2015-08-05,1003.965
store_646,2015-08-06,1001.825
store_646,2015-08-07,995.23
store_646,2015-08-08,837.145
store_646,2015-08-09,0.0
store_646,2015-08-10,954.78
store_646,2015-08-11,893.42
store_646,2015-08-12,880.645
store_646,2015-08-13,889.365
store_646,2015-08-14,896.035
store_646,2015-08-15,844.765
store_646,2015-08-16,0.0
store_646,2015-08-17,1221.9
store_646,2015-08-18,1090.675
store_646,2015-08-19,1029.45
store_646,2015-08-20,1010.06
store_646,2015-08-21,1006.88
store_646,2015-08-22,809.245
store_646,2015-08-23,0.0
store_646,2015-08-24,990.375
store_646,2015-08-25,915.685
store_646,2015-08-26,869.11
store_646,2015-08-27,884.605
store_646,2015-08-28,897.08
store_646,2015-08-29,811.275
store_646,2015-08-30,0.0
store_647,2015-07-20,854.195
store_647,2015-07-21,776.255
store_647,2015-07-22,759.545
store_647,2015-07-23,791.32
store_647,2015-07-24,809.145
store_647,2015-07-25,831.105
store_647,2015-07-26,0.0
store_647,2015-07-27,1074.93
store_647,2015-07-28,970.01
store_647,2015-07-29,946.575
store_647,2015-07-30,973.465
store_647,2015-07-31,943.12
store_647,2015-08-01,843.455
store_647,2015-08-02,0.0
store_647,2015-08-03,1128.85
store_647,2015-08-04,979.41
store_647,2015-08-05,913.385
store_647,2015-08-06,914.13
store_647,2015-08-07,895.84
store_647,2015-08-08,842.805
store_647,2015-08-09,0.0
store_647,2015-08-10,921.615
store_647,2015-08-11,836.265
store_647,2015-08-12,812.785
store_647,2015-08-13,834.03
store_647,2015-08-14,865.215
store_647,2015-08-15,840.1
store_647,2015-08-16,0.0
store_647,2015-08-17,1157.3
store_647,2015-08-18,1034.965
store_647,2015-08-19,977.15
store_647,2015-08-20,966.695
store_647,2015-08-21,946.625
store_647,2015-08-22,825.24
store_647,2015-08-23,0.0
store_647,2015-08-24,910.69
store_647,2015-08-25,827.42
store_647,2015-08-26,805.69
store_647,2015-08-27,852.615
store_647,2015-08-28,840.395
store_647,2015-08-29,839.095
store_647,2015-08-30,0.0
store_648,2015-07-20,275.45
store_648,2015-07-21,264.795
store_648,2015-07-22,262.9
store_648,2015-07-23,278.36
store_648,2015-07-24,297.75
store_648,2015-07-25,335.455
store_648,2015-07-26,0.0
store_648,2015-07-27,388.38
store_648,2015-07-28,347.475
store_648,2015-07-29,321.49
store_648,2015-07-30,315.82
store_648,2015-07-31,335.185
store_648,2015-08-01,344.455
store_648,2015-08-02,0.0
store_648,2015-08-03,395.14
store_648,2015-08-04,337.93
store_648,2015-08-05,329.955
store_648,2015-08-06,329.295
store_648,2015-08-07,344.17
store_648,2015-08-08,336.35
store_648,2015-08-09,0.0
store_648,2015-08-10,314.16
store_648,2015-08-11,293.9
store_648,2015-08-12,288.025
store_648,2015-08-13,299.775
store_648,2015-08-14,321.35
store_648,2015-08-15,332.175
store_648,2015-08-16,0.0
store_648,2015-08-17,418.92
store_648,2015-08-18,349.89
store_648,2015-08-19,330.855
store_648,2015-08-20,342.815
store_648,2015-08-21,359.355
store_648,2015-08-22,347.14
store_648,2015-08-23,0.0
store_648,2015-08-24,310.49
store_648,2015-08-25,284.695
store_648,2015-08-26,283.075
store_648,2015-08-27,286.22
store_648,2015-08-28,317.66
store_648,2015-08-29,348.42
store_648,2015-08-30,0.0
store_649,2015-07-20,772.52
store_649,2015-07-21,697.015
store_649,2015-07-22,712.955
store_649,2015-07-23,719.825
store_649,2015-07-24,710.815
store_649,2015-07-25,777.625
store_649,2015-07-26,0.0
store_649,2015-07-27,1025.92
store_649,2015-07-28,943.13
store_649,2015-07-29,889.415
store_649,2015-07-30,917.56
store_649,2015-07-31,839.87
store_649,2015-08-01,843.95
store_649,2015-08-02,0.0
store_649,2015-08-03,1067.595
store_649,2015-08-04,913.88
store_649,2015-08-05,873.475
store_649,2015-08-06,845.975
store_649,2015-08-07,800.26
store_649,2015-08-08,804.83
store_649,2015-08-09,0.0
store_649,2015-08-10,841.375
store_649,2015-08-11,782.425
store_649,2015-08-12,748.205
store_649,2015-08-13,760.92
store_649,2015-08-14,760.535
store_649,2015-08-15,773.0
store_649,2015-08-16,0.0
store_649,2015-08-17,1064.935
store_649,2015-08-18,956.37
store_649,2015-08-19,895.27
store_649,2015-08-20,892.16
store_649,2015-08-21,867.715
store_649,2015-08-22,800.77
store_649,2015-08-23,0.0
store_649,2015-08-24,814.72
store_649,2015-08-25,730.54
store_649,2015-08-26,732.64
store_649,2015-08-27,754.44
store_649,2015-08-28,761.29
store_649,2015-08-29,772.25
store_649,2015-08-30,0.0
store_65,2015-07-20,728.12
store_65,2015-07-21,669.04
store_65,2015-07-22,659.355
store_65,2015-07-23,675.31
store_65,2015-07-24,721.48
store_65,2015-07-25,633.545
store_65,2015-07-26,0.0
store_65,2015-07-27,873.18
store_65,2015-07-28,790.895
store_65,2015-07-29,781.13
store_65,2015-07-30,810.785
store_65,2015-07-31,854.065
store_65,2015-08-01,651.915
store_65,2015-08-02,0.0
store_65,2015-08-03,993.52
store_65,2015-08-04,830.03
store_65,2015-08-05,763.495
store_65,2015-08-06,758.065
store_65,2015-08-07,785.16
store_65,2015-08-08,643.315
store_65,2015-08-09,0.0
store_65,2015-08-10,824.99
store_65,2015-08-11,740.535
store_65,2015-08-12,681.745
store_65,2015-08-13,711.495
store_65,2015-08-14,735.17
store_65,2015-08-15,645.8
store_65,2015-08-16,0.0
store_65,2015-08-17,1039.81
store_65,2015-08-18,876.155
store_65,2015-08-19,809.33
store_65,2015-08-20,795.65
store_65,2015-08-21,800.68
store_65,2015-08-22,671.855
store_65,2015-08-23,0.0
store_65,2015-08-24,791.99
store_65,2015-08-25,711.765
store_65,2015-08-26,683.74
store_65,2015-08-27,693.78
store_65,2015-08-28,709.49
store_65,2015-08-29,637.255
store_65,2015-08-30,0.0
store_650,2015-07-20,701.095
store_650,2015-07-21,663.125
store_650,2015-07-22,632.78
store_650,2015-07-23,664.8
store_650,2015-07-24,661.765
store_650,2015-07-25,535.64
store_650,2015-07-26,0.0
store_650,2015-07-27,851.505
store_650,2015-07-28,781.865
store_650,2015-07-29,741.565
store_650,2015-07-30,777.555
store_650,2015-07-31,791.575
store_650,2015-08-01,561.53
store_650,2015-08-02,0.0
store_650,2015-08-03,903.95
store_650,2015-08-04,796.945
store_650,2015-08-05,732.53
store_650,2015-08-06,738.97
store_650,2015-08-07,717.425
store_650,2015-08-08,556.645
store_650,2015-08-09,0.0
store_650,2015-08-10,723.32
store_650,2015-08-11,682.74
store_650,2015-08-12,651.44
store_650,2015-08-13,657.155
store_650,2015-08-14,651.685
store_650,2015-08-15,552.645
store_650,2015-08-16,0.0
store_650,2015-08-17,904.815
store_650,2015-08-18,799.375
store_650,2015-08-19,740.755
store_650,2015-08-20,751.17
store_650,2015-08-21,739.095
store_650,2015-08-22,564.28
store_650,2015-08-23,0.0
store_650,2015-08-24,702.3
store_650,2015-08-25,626.295
store_650,2015-08-26,615.135
store_650,2015-08-27,627.735
store_650,2015-08-28,668.73
store_650,2015-08-29,558.665
store_650,2015-08-30,0.0
store_651,2015-07-20,629.75
store_651,2015-07-21,573.755
store_651,2015-07-22,584.75
store_651,2015-07-23,601.525
store_651,2015-07-24,616.92
store_651,2015-07-25,395.445
store_651,2015-07-26,0.0
store_651,2015-07-27,779.11
store_651,2015-07-28,700.685
store_651,2015-07-29,680.455
store_651,2015-07-30,686.81
store_651,2015-07-31,692.685
store_651,2015-08-01,410.31
store_651,2015-08-02,0.0
store_651,2015-08-03,859.745
store_651,2015-08-04,713.99
store_651,2015-08-05,667.62
store_651,2015-08-06,658.125
store_651,2015-08-07,651.285
store_651,2015-08-08,399.465
store_651,2015-08-09,0.0
store_651,2015-08-10,637.065
store_651,2015-08-11,586.795
store_651,2015-08-12,584.315
store_651,2015-08-13,592.755
store_651,2015-08-14,622.895
store_651,2015-08-15,404.445
store_651,2015-08-16,0.0
store_651,2015-08-17,788.995
store_651,2015-08-18,699.955
store_651,2015-08-19,650.94
store_651,2015-08-20,660.425
store_651,2015-08-21,676.685
store_651,2015-08-22,407.155
store_651,2015-08-23,0.0
store_651,2015-08-24,678.07
store_651,2015-08-25,597.74
store_651,2015-08-26,590.675
store_651,2015-08-27,586.525
store_651,2015-08-28,609.54
store_651,2015-08-29,403.48
store_651,2015-08-30,0.0
store_652,2015-07-20,966.995
store_652,2015-07-21,912.785
store_652,2015-07-22,892.1
store_652,2015-07-23,932.04
store_652,2015-07-24,936.58
store_652,2015-07-25,835.865
store_652,2015-07-26,0.0
store_652,2015-07-27,1135.16
store_652,2015-07-28,1059.875
store_652,2015-07-29,1081.105
store_652,2015-07-30,1074.13
store_652,2015-07-31,1077.78
store_652,2015-08-01,844.5
store_652,2015-08-02,0.0
store_652,2015-08-03,1194.795
store_652,2015-08-04,1041.13
store_652,2015-08-05,978.2
store_652,2015-08-06,962.405
store_652,2015-08-07,965.26
store_652,2015-08-08,837.165
store_652,2015-08-09,0.0
store_652,2015-08-10,1007.69
store_652,2015-08-11,879.145
store_652,2015-08-12,837.395
store_652,2015-08-13,839.515
store_652,2015-08-14,883.705
store_652,2015-08-15,826.26
store_652,2015-08-16,0.0
store_652,2015-08-17,1215.265
store_652,2015-08-18,1064.0
store_652,2015-08-19,965.345
store_652,2015-08-20,978.94
store_652,2015-08-21,973.605
store_652,2015-08-22,833.785
store_652,2015-08-23,0.0
store_652,2015-08-24,1041.12
store_652,2015-08-25,935.695
store_652,2015-08-26,869.98
store_652,2015-08-27,872.615
store_652,2015-08-28,860.835
store_652,2015-08-29,837.01
store_652,2015-08-30,0.0
store_653,2015-07-20,523.73
store_653,2015-07-21,486.295
store_653,2015-07-22,468.035
store_653,2015-07-23,505.69
store_653,2015-07-24,493.665
store_653,2015-07-25,385.86
store_653,2015-07-26,0.0
store_653,2015-07-27,639.665
store_653,2015-07-28,595.625
store_653,2015-07-29,581.405
store_653,2015-07-30,627.445
store_653,2015-07-31,582.205
store_653,2015-08-01,431.885
store_653,2015-08-02,0.0
store_653,2015-08-03,716.275
store_653,2015-08-04,609.485
store_653,2015-08-05,552.75
store_653,2015-08-06,568.065
store_653,2015-08-07,557.185
store_653,2015-08-08,405.855
store_653,2015-08-09,0.0
store_653,2015-08-10,555.57
store_653,2015-08-11,523.685
store_653,2015-08-12,497.995
store_653,2015-08-13,520.3
store_653,2015-08-14,520.24
store_653,2015-08-15,418.655
store_653,2015-08-16,0.0
store_653,2015-08-17,718.665
store_653,2015-08-18,629.58
store_653,2015-08-19,585.365
store_653,2015-08-20,611.245
store_653,2015-08-21,584.85
store_653,2015-08-22,424.515
store_653,2015-08-23,0.0
store_653,2015-08-24,622.485
store_653,2015-08-25,550.73
store_653,2015-08-26,522.665
store_653,2015-08-27,533.745
store_653,2015-08-28,518.04
store_653,2015-08-29,425.87
store_653,2015-08-30,0.0
store_654,2015-07-20,483.975
store_654,2015-07-21,411.055
store_654,2015-07-22,408.175
store_654,2015-07-23,437.38
store_654,2015-07-24,465.775
store_654,2015-07-25,304.575
store_654,2015-07-26,0.0
store_654,2015-07-27,616.34
store_654,2015-07-28,536.515
store_654,2015-07-29,505.04
store_654,2015-07-30,527.325
store_654,2015-07-31,530.505
store_654,2015-08-01,302.97
store_654,2015-08-02,0.0
store_654,2015-08-03,654.22
store_654,2015-08-04,532.585
store_654,2015-08-05,492.445
store_654,2015-08-06,491.395
store_654,2015-08-07,505.59
store_654,2015-08-08,294.965
store_654,2015-08-09,0.0
store_654,2015-08-10,518.47
store_654,2015-08-11,477.01
store_654,2015-08-12,456.675
store_654,2015-08-13,461.435
store_654,2015-08-14,476.405
store_654,2015-08-15,288.125
store_654,2015-08-16,0.0
store_654,2015-08-17,638.055
store_654,2015-08-18,551.85
store_654,2015-08-19,521.7
store_654,2015-08-20,531.995
store_654,2015-08-21,539.07
store_654,2015-08-22,287.125
store_654,2015-08-23,0.0
store_654,2015-08-24,526.095
store_654,2015-08-25,473.705
store_654,2015-08-26,454.89
store_654,2015-08-27,456.235
store_654,2015-08-28,482.84
store_654,2015-08-29,284.725
store_654,2015-08-30,0.0
store_655,2015-07-20,537.795
store_655,2015-07-21,489.815
store_655,2015-07-22,515.48
store_655,2015-07-23,535.745
store_655,2015-07-24,527.07
store_655,2015-07-25,482.405
store_655,2015-07-26,0.0
store_655,2015-07-27,775.085
store_655,2015-07-28,646.66
store_655,2015-07-29,620.78
store_655,2015-07-30,625.22
store_655,2015-07-31,607.97
store_655,2015-08-01,505.75
store_655,2015-08-02,0.0
store_655,2015-08-03,759.91
store_655,2015-08-04,632.585
store_655,2015-08-05,599.67
store_655,2015-08-06,586.425
store_655,2015-08-07,572.38
store_655,2015-08-08,516.025
store_655,2015-08-09,0.0
store_655,2015-08-10,548.005
store_655,2015-08-11,505.49
store_655,2015-08-12,504.92
store_655,2015-08-13,525.995
store_655,2015-08-14,531.305
store_655,2015-08-15,483.43
store_655,2015-08-16,0.0
store_655,2015-08-17,758.61
store_655,2015-08-18,641.785
store_655,2015-08-19,621.98
store_655,2015-08-20,599.115
store_655,2015-08-21,592.37
store_655,2015-08-22,500.72
store_655,2015-08-23,0.0
store_655,2015-08-24,537.88
store_655,2015-08-25,489.725
store_655,2015-08-26,498.155
store_655,2015-08-27,509.44
store_655,2015-08-28,533.635
store_655,2015-08-29,510.805
store_655,2015-08-30,0.0
store_656,2015-07-20,648.375
store_656,2015-07-21,604.06
store_656,2015-07-22,613.17
store_656,2015-07-23,621.395
store_656,2015-07-24,666.86
store_656,2015-07-25,462.99
store_656,2015-07-26,0.0
store_656,2015-07-27,945.37
store_656,2015-07-28,850.715
store_656,2015-07-29,821.575
store_656,2015-07-30,814.76
store_656,2015-07-31,817.04
store_656,2015-08-01,496.76
store_656,2015-08-02,0.0
store_656,2015-08-03,973.285
store_656,2015-08-04,812.095
store_656,2015-08-05,747.65
store_656,2015-08-06,733.305
store_656,2015-08-07,748.33
store_656,2015-08-08,475.435
store_656,2015-08-09,0.0
store_656,2015-08-10,722.315
store_656,2015-08-11,656.915
store_656,2015-08-12,656.21
store_656,2015-08-13,642.2
store_656,2015-08-14,659.57
store_656,2015-08-15,475.975
store_656,2015-08-16,0.0
store_656,2015-08-17,969.86
store_656,2015-08-18,836.01
store_656,2015-08-19,768.645
store_656,2015-08-20,764.675
store_656,2015-08-21,760.69
store_656,2015-08-22,507.075
store_656,2015-08-23,0.0
store_656,2015-08-24,710.34
store_656,2015-08-25,637.58
store_656,2015-08-26,617.43
store_656,2015-08-27,626.09
store_656,2015-08-28,662.425
store_656,2015-08-29,490.455
store_656,2015-08-30,0.0
store_657,2015-07-20,373.98
store_657,2015-07-21,336.53
store_657,2015-07-22,347.94
store_657,2015-07-23,352.62
store_657,2015-07-24,397.515
store_657,2015-07-25,401.88
store_657,2015-07-26,0.0
store_657,2015-07-27,452.395
store_657,2015-07-28,414.05
store_657,2015-07-29,407.675
store_657,2015-07-30,415.57
store_657,2015-07-31,440.78
store_657,2015-08-01,420.685
store_657,2015-08-02,0.0
store_657,2015-08-03,475.965
store_657,2015-08-04,408.82
store_657,2015-08-05,384.405
store_657,2015-08-06,387.425
store_657,2015-08-07,431.38
store_657,2015-08-08,418.515
store_657,2015-08-09,0.0
store_657,2015-08-10,375.075
store_657,2015-08-11,345.755
store_657,2015-08-12,344.035
store_657,2015-08-13,355.63
store_657,2015-08-14,403.965
store_657,2015-08-15,418.16
store_657,2015-08-16,0.0
store_657,2015-08-17,465.375
store_657,2015-08-18,399.005
store_657,2015-08-19,387.35
store_657,2015-08-20,398.915
store_657,2015-08-21,435.21
store_657,2015-08-22,430.675
store_657,2015-08-23,0.0
store_657,2015-08-24,373.985
store_657,2015-08-25,327.91
store_657,2015-08-26,330.885
store_657,2015-08-27,362.885
store_657,2015-08-28,407.0
store_657,2015-08-29,428.025
store_657,2015-08-30,0.0
store_658,2015-07-20,753.85
store_658,2015-07-21,694.15
store_658,2015-07-22,690.955
store_658,2015-07-23,731.01
store_658,2015-07-24,704.98
store_658,2015-07-25,689.31
store_658,2015-07-26,0.0
store_658,2015-07-27,859.855
store_658,2015-07-28,820.25
store_658,2015-07-29,817.065
store_658,2015-07-30,850.105
store_658,2015-07-31,831.39
store_658,2015-08-01,700.155
store_658,2015-08-02,0.0
store_658,2015-08-03,943.83
store_658,2015-08-04,824.055
store_658,2015-08-05,794.62
store_658,2015-08-06,766.53
store_658,2015-08-07,757.37
store_658,2015-08-08,686.215
store_658,2015-08-09,0.0
store_658,2015-08-10,774.97
store_658,2015-08-11,721.005
store_658,2015-08-12,723.16
store_658,2015-08-13,696.165
store_658,2015-08-14,690.845
store_658,2015-08-15,675.78
store_658,2015-08-16,0.0
store_658,2015-08-17,921.55
store_658,2015-08-18,843.155
store_658,2015-08-19,791.325
store_658,2015-08-20,818.11
store_658,2015-08-21,796.085
store_658,2015-08-22,657.795
store_658,2015-08-23,0.0
store_658,2015-08-24,731.485
store_658,2015-08-25,662.75
store_658,2015-08-26,655.45
store_658,2015-08-27,684.4
store_658,2015-08-28,706.355
store_658,2015-08-29,631.625
store_658,2015-08-30,0.0
store_659,2015-07-20,637.9
store_659,2015-07-21,572.86
store_659,2015-07-22,601.895
store_659,2015-07-23,633.64
store_659,2015-07-24,611.525
store_659,2015-07-25,458.785
store_659,2015-07-26,0.0
store_659,2015-07-27,930.085
store_659,2015-07-28,822.605
store_659,2015-07-29,803.315
store_659,2015-07-30,766.975
store_659,2015-07-31,725.32
store_659,2015-08-01,480.7
store_659,2015-08-02,0.0
store_659,2015-08-03,988.915
store_659,2015-08-04,789.23
store_659,2015-08-05,730.615
store_659,2015-08-06,714.835
store_659,2015-08-07,690.92
store_659,2015-08-08,471.43
store_659,2015-08-09,0.0
store_659,2015-08-10,733.545
store_659,2015-08-11,700.325
store_659,2015-08-12,687.615
store_659,2015-08-13,669.65
store_659,2015-08-14,668.79
store_659,2015-08-15,478.84
store_659,2015-08-16,0.0
store_659,2015-08-17,953.76
store_659,2015-08-18,836.365
store_659,2015-08-19,767.905
store_659,2015-08-20,752.29
store_659,2015-08-21,744.63
store_659,2015-08-22,488.445
store_659,2015-08-23,0.0
store_659,2015-08-24,695.86
store_659,2015-08-25,623.73
store_659,2015-08-26,626.16
store_659,2015-08-27,636.005
store_659,2015-08-28,654.98
store_659,2015-08-29,485.09
store_659,2015-08-30,0.0
store_66,2015-07-20,632.32
store_66,2015-07-21,572.48
store_66,2015-07-22,586.285
store_66,2015-07-23,625.42
store_66,2015-07-24,579.865
store_66,2015-07-25,384.55
store_66,2015-07-26,0.0
store_66,2015-07-27,783.74
store_66,2015-07-28,686.505
store_66,2015-07-29,680.55
store_66,2015-07-30,696.43
store_66,2015-07-31,670.515
store_66,2015-08-01,391.55
store_66,2015-08-02,0.0
store_66,2015-08-03,829.685
store_66,2015-08-04,712.86
store_66,2015-08-05,690.665
store_66,2015-08-06,679.075
store_66,2015-08-07,670.455
store_66,2015-08-08,390.905
store_66,2015-08-09,0.0
store_66,2015-08-10,691.095
store_66,2015-08-11,620.565
store_66,2015-08-12,610.305
store_66,2015-08-13,609.525
store_66,2015-08-14,631.99
store_66,2015-08-15,390.37
store_66,2015-08-16,0.0
store_66,2015-08-17,821.815
store_66,2015-08-18,721.395
store_66,2015-08-19,696.53
store_66,2015-08-20,697.13
store_66,2015-08-21,671.59
store_66,2015-08-22,390.055
store_66,2015-08-23,0.0
store_66,2015-08-24,692.735
store_66,2015-08-25,642.155
store_66,2015-08-26,633.075
store_66,2015-08-27,630.04
store_66,2015-08-28,641.36
store_66,2015-08-29,394.505
store_66,2015-08-30,0.0
store_660,2015-07-20,560.775
store_660,2015-07-21,518.22
store_660,2015-07-22,540.095
store_660,2015-07-23,564.99
store_660,2015-07-24,574.215
store_660,2015-07-25,603.655
store_660,2015-07-26,0.0
store_660,2015-07-27,737.87
store_660,2015-07-28,631.37
store_660,2015-07-29,661.26
store_660,2015-07-30,678.26
store_660,2015-07-31,695.685
store_660,2015-08-01,637.15
store_660,2015-08-02,0.0
store_660,2015-08-03,773.125
store_660,2015-08-04,643.705
store_660,2015-08-05,610.46
store_660,2015-08-06,641.505
store_660,2015-08-07,618.365
store_660,2015-08-08,609.965
store_660,2015-08-09,0.0
store_660,2015-08-10,559.8
store_660,2015-08-11,516.475
store_660,2015-08-12,514.68
store_660,2015-08-13,554.805
store_660,2015-08-14,556.665
store_660,2015-08-15,596.75
store_660,2015-08-16,0.0
store_660,2015-08-17,756.21
store_660,2015-08-18,655.71
store_660,2015-08-19,630.055
store_660,2015-08-20,654.535
store_660,2015-08-21,664.045
store_660,2015-08-22,613.68
store_660,2015-08-23,0.0
store_660,2015-08-24,554.62
store_660,2015-08-25,492.095
store_660,2015-08-26,505.785
store_660,2015-08-27,546.515
store_660,2015-08-28,580.145
store_660,2015-08-29,573.93
store_660,2015-08-30,0.0
store_661,2015-07-20,419.865
store_661,2015-07-21,387.21
store_661,2015-07-22,398.4
store_661,2015-07-23,414.555
store_661,2015-07-24,437.455
store_661,2015-07-25,287.105
store_661,2015-07-26,0.0
store_661,2015-07-27,501.27
store_661,2015-07-28,443.59
store_661,2015-07-29,450.5
store_661,2015-07-30,490.28
store_661,2015-07-31,514.545
store_661,2015-08-01,293.715
store_661,2015-08-02,0.0
store_661,2015-08-03,530.87
store_661,2015-08-04,457.475
store_661,2015-08-05,435.365
store_661,2015-08-06,459.195
store_661,2015-08-07,462.15
store_661,2015-08-08,286.135
store_661,2015-08-09,0.0
store_661,2015-08-10,461.365
store_661,2015-08-11,421.575
store_661,2015-08-12,413.0
store_661,2015-08-13,423.41
store_661,2015-08-14,426.95
store_661,2015-08-15,271.77
store_661,2015-08-16,0.0
store_661,2015-08-17,619.675
store_661,2015-08-18,523.995
store_661,2015-08-19,499.07
store_661,2015-08-20,504.47
store_661,2015-08-21,492.56
store_661,2015-08-22,285.55
store_661,2015-08-23,0.0
store_661,2015-08-24,457.375
store_661,2015-08-25,413.85
store_661,2015-08-26,421.975
store_661,2015-08-27,430.53
store_661,2015-08-28,444.15
store_661,2015-08-29,276.63
store_661,2015-08-30,0.0
store_662,2015-07-20,886.455
store_662,2015-07-21,795.355
store_662,2015-07-22,811.565
store_662,2015-07-23,850.325
store_662,2015-07-24,918.0
store_662,2015-07-25,910.165
store_662,2015-07-26,0.0
store_662,2015-07-27,1155.935
store_662,2015-07-28,1022.25
store_662,2015-07-29,1007.145
store_662,2015-07-30,1025.325
store_662,2015-07-31,1035.915
store_662,2015-08-01,940.295
store_662,2015-08-02,0.0
store_662,2015-08-03,1227.57
store_662,2015-08-04,1006.58
store_662,2015-08-05,940.88
store_662,2015-08-06,935.835
store_662,2015-08-07,966.08
store_662,2015-08-08,921.015
store_662,2015-08-09,0.0
store_662,2015-08-10,915.545
store_662,2015-08-11,853.03
store_662,2015-08-12,831.27
store_662,2015-08-13,849.87
store_662,2015-08-14,890.79
store_662,2015-08-15,902.285
store_662,2015-08-16,0.0
store_662,2015-08-17,1213.285
store_662,2015-08-18,1014.105
store_662,2015-08-19,966.045
store_662,2015-08-20,967.38
store_662,2015-08-21,1007.295
store_662,2015-08-22,918.06
store_662,2015-08-23,0.0
store_662,2015-08-24,944.0
store_662,2015-08-25,837.055
store_662,2015-08-26,845.835
store_662,2015-08-27,853.6
store_662,2015-08-28,891.895
store_662,2015-08-29,877.815
store_662,2015-08-30,0.0
store_663,2015-07-20,725.665
store_663,2015-07-21,616.27
store_663,2015-07-22,641.045
store_663,2015-07-23,662.22
store_663,2015-07-24,674.89
store_663,2015-07-25,609.25
store_663,2015-07-26,0.0
store_663,2015-07-27,932.135
store_663,2015-07-28,801.02
store_663,2015-07-29,788.075
store_663,2015-07-30,789.2
store_663,2015-07-31,814.21
store_663,2015-08-01,635.765
store_663,2015-08-02,0.0
store_663,2015-08-03,960.44
store_663,2015-08-04,790.475
store_663,2015-08-05,741.02
store_663,2015-08-06,740.615
store_663,2015-08-07,740.75
store_663,2015-08-08,594.455
store_663,2015-08-09,0.0
store_663,2015-08-10,764.825
store_663,2015-08-11,691.06
store_663,2015-08-12,670.48
store_663,2015-08-13,662.515
store_663,2015-08-14,663.065
store_663,2015-08-15,588.1
store_663,2015-08-16,0.0
store_663,2015-08-17,941.98
store_663,2015-08-18,808.435
store_663,2015-08-19,761.175
store_663,2015-08-20,766.655
store_663,2015-08-21,751.725
store_663,2015-08-22,584.335
store_663,2015-08-23,0.0
store_663,2015-08-24,815.435
store_663,2015-08-25,723.785
store_663,2015-08-26,691.845
store_663,2015-08-27,681.755
store_663,2015-08-28,696.565
store_663,2015-08-29,566.7
store_663,2015-08-30,0.0
store_664,2015-07-20,567.225
store_664,2015-07-21,519.09
store_664,2015-07-22,522.895
store_664,2015-07-23,537.215
store_664,2015-07-24,559.68
store_664,2015-07-25,526.355
store_664,2015-07-26,0.0
store_664,2015-07-27,670.115
store_664,2015-07-28,601.34
store_664,2015-07-29,576.395
store_664,2015-07-30,617.1
store_664,2015-07-31,617.53
store_664,2015-08-01,543.86
store_664,2015-08-02,0.0
store_664,2015-08-03,732.885
store_664,2015-08-04,631.31
store_664,2015-08-05,592.875
store_664,2015-08-06,595.085
store_664,2015-08-07,598.895
store_664,2015-08-08,536.55
store_664,2015-08-09,0.0
store_664,2015-08-10,598.035
store_664,2015-08-11,548.48
store_664,2015-08-12,538.585
store_664,2015-08-13,546.285
store_664,2015-08-14,553.135
store_664,2015-08-15,524.77
store_664,2015-08-16,0.0
store_664,2015-08-17,733.67
store_664,2015-08-18,632.13
store_664,2015-08-19,601.865
store_664,2015-08-20,605.395
store_664,2015-08-21,606.865
store_664,2015-08-22,534.23
store_664,2015-08-23,0.0
store_664,2015-08-24,685.91
store_664,2015-08-25,622.6
store_664,2015-08-26,598.725
store_664,2015-08-27,572.3
store_664,2015-08-28,564.16
store_664,2015-08-29,514.17
store_664,2015-08-30,0.0
store_665,2015-07-20,2688.875
store_665,2015-07-21,2617.365
store_665,2015-07-22,2577.345
store_665,2015-07-23,2528.685
store_665,2015-07-24,2650.44
store_665,2015-07-25,2278.85
store_665,2015-07-26,2776.95
store_665,2015-07-27,2698.3
store_665,2015-07-28,2622.345
store_665,2015-07-29,2650.125
store_665,2015-07-30,2677.845
store_665,2015-07-31,2689.4
store_665,2015-08-01,2286.125
store_665,2015-08-02,2870.23
store_665,2015-08-03,2847.77
store_665,2015-08-04,2742.245
store_665,2015-08-05,2699.165
store_665,2015-08-06,2751.2
store_665,2015-08-07,2800.755
store_665,2015-08-08,2328.35
store_665,2015-08-09,2905.615
store_665,2015-08-10,2805.885
store_665,2015-08-11,2700.115
store_665,2015-08-12,2608.875
store_665,2015-08-13,2637.34
store_665,2015-08-14,2709.615
store_665,2015-08-15,2386.765
store_665,2015-08-16,3011.71
store_665,2015-08-17,2844.285
store_665,2015-08-18,2730.295
store_665,2015-08-19,2685.395
store_665,2015-08-20,2723.8
store_665,2015-08-21,2745.44
store_665,2015-08-22,2515.445
store_665,2015-08-23,3150.32
store_665,2015-08-24,2986.285
store_665,2015-08-25,2753.415
store_665,2015-08-26,2679.86
store_665,2015-08-27,2698.395
store_665,2015-08-28,2739.415
store_665,2015-08-29,2579.46
store_665,2015-08-30,3090.52
store_666,2015-07-20,1144.55
store_666,2015-07-21,1050.915
store_666,2015-07-22,978.17
store_666,2015-07-23,1003.195
store_666,2015-07-24,1004.305
store_666,2015-07-25,1104.73
store_666,2015-07-26,776.965
store_666,2015-07-27,1242.48
store_666,2015-07-28,1193.28
store_666,2015-07-29,1188.685
store_666,2015-07-30,1191.205
store_666,2015-07-31,1195.97
store_666,2015-08-01,1147.09
store_666,2015-08-02,828.355
store_666,2015-08-03,1336.695
store_666,2015-08-04,1240.35
store_666,2015-08-05,1168.22
store_666,2015-08-06,1149.56
store_666,2015-08-07,1113.52
store_666,2015-08-08,1132.34
store_666,2015-08-09,810.565
store_666,2015-08-10,1167.785
store_666,2015-08-11,1097.65
store_666,2015-08-12,1053.305
store_666,2015-08-13,1016.56
store_666,2015-08-14,1009.02
store_666,2015-08-15,1104.06
store_666,2015-08-16,818.535
store_666,2015-08-17,1212.69
store_666,2015-08-18,1160.395
store_666,2015-08-19,1109.605
store_666,2015-08-20,1133.06
store_666,2015-08-21,1138.85
store_666,2015-08-22,1088.755
store_666,2015-08-23,815.005
store_666,2015-08-24,1225.78
store_666,2015-08-25,1124.83
store_666,2015-08-26,1027.545
store_666,2015-08-27,1023.27
store_666,2015-08-28,1029.105
store_666,2015-08-29,1067.7
store_666,2015-08-30,826.215
store_667,2015-07-20,565.555
store_667,2015-07-21,529.525
store_667,2015-07-22,526.185
store_667,2015-07-23,521.15
store_667,2015-07-24,542.67
store_667,2015-07-25,374.635
store_667,2015-07-26,0.0
store_667,2015-07-27,764.09
store_667,2015-07-28,702.075
store_667,2015-07-29,671.875
store_667,2015-07-30,648.19
store_667,2015-07-31,651.415
store_667,2015-08-01,386.245
store_667,2015-08-02,0.0
store_667,2015-08-03,790.685
store_667,2015-08-04,665.22
store_667,2015-08-05,608.205
store_667,2015-08-06,599.55
store_667,2015-08-07,575.78
store_667,2015-08-08,368.63
store_667,2015-08-09,0.0
store_667,2015-08-10,572.815
store_667,2015-08-11,541.155
store_667,2015-08-12,516.12
store_667,2015-08-13,515.8
store_667,2015-08-14,512.49
store_667,2015-08-15,375.09
store_667,2015-08-16,0.0
store_667,2015-08-17,776.71
store_667,2015-08-18,687.4
store_667,2015-08-19,635.215
store_667,2015-08-20,605.23
store_667,2015-08-21,590.96
store_667,2015-08-22,377.755
store_667,2015-08-23,0.0
store_667,2015-08-24,567.835
store_667,2015-08-25,526.42
store_667,2015-08-26,519.935
store_667,2015-08-27,531.24
store_667,2015-08-28,526.415
store_667,2015-08-29,365.735
store_667,2015-08-30,0.0
store_668,2015-07-20,1069.74
store_668,2015-07-21,928.845
store_668,2015-07-22,855.555
store_668,2015-07-23,922.54
store_668,2015-07-24,926.195
store_668,2015-07-25,873.795
store_668,2015-07-26,0.0
store_668,2015-07-27,1252.2
store_668,2015-07-28,1119.335
store_668,2015-07-29,1058.205
store_668,2015-07-30,1088.485
store_668,2015-07-31,1123.91
store_668,2015-08-01,928.22
store_668,2015-08-02,0.0
store_668,2015-08-03,1292.97
store_668,2015-08-04,1115.97
store_668,2015-08-05,1009.4
store_668,2015-08-06,1017.22
store_668,2015-08-07,1027.035
store_668,2015-08-08,921.13
store_668,2015-08-09,0.0
store_668,2015-08-10,1049.01
store_668,2015-08-11,957.635
store_668,2015-08-12,912.44
store_668,2015-08-13,925.005
store_668,2015-08-14,960.33
store_668,2015-08-15,894.73
store_668,2015-08-16,0.0
store_668,2015-08-17,1293.26
store_668,2015-08-18,1153.67
store_668,2015-08-19,1073.74
store_668,2015-08-20,1045.155
store_668,2015-08-21,1046.865
store_668,2015-08-22,887.9
store_668,2015-08-23,0.0
store_668,2015-08-24,993.21
store_668,2015-08-25,902.485
store_668,2015-08-26,873.67
store_668,2015-08-27,894.355
store_668,2015-08-28,939.175
store_668,2015-08-29,881.98
store_668,2015-08-30,0.0
store_669,2015-07-20,406.84
store_669,2015-07-21,359.75
store_669,2015-07-22,382.12
store_669,2015-07-23,372.88
store_669,2015-07-24,402.13
store_669,2015-07-25,412.365
store_669,2015-07-26,0.0
store_669,2015-07-27,529.795
store_669,2015-07-28,484.0
store_669,2015-07-29,473.765
store_669,2015-07-30,453.625
store_669,2015-07-31,472.68
store_669,2015-08-01,431.565
store_669,2015-08-02,0.0
store_669,2015-08-03,554.99
store_669,2015-08-04,472.445
store_669,2015-08-05,451.69
store_669,2015-08-06,460.42
store_669,2015-08-07,469.35
store_669,2015-08-08,444.42
store_669,2015-08-09,0.0
store_669,2015-08-10,426.9
store_669,2015-08-11,385.81
store_669,2015-08-12,379.69
store_669,2015-08-13,400.38
store_669,2015-08-14,429.2
store_669,2015-08-15,429.015
store_669,2015-08-16,0.0
store_669,2015-08-17,560.25
store_669,2015-08-18,499.395
store_669,2015-08-19,478.16
store_669,2015-08-20,465.545
store_669,2015-08-21,486.06
store_669,2015-08-22,437.43
store_669,2015-08-23,0.0
store_669,2015-08-24,438.1
store_669,2015-08-25,383.405
store_669,2015-08-26,390.955
store_669,2015-08-27,402.29
store_669,2015-08-28,423.85
store_669,2015-08-29,433.4
store_669,2015-08-30,0.0
store_67,2015-07-20,543.71
store_67,2015-07-21,483.995
store_67,2015-07-22,492.77
store_67,2015-07-23,517.435
store_67,2015-07-24,555.67
store_67,2015-07-25,582.38
store_67,2015-07-26,0.0
store_67,2015-07-27,725.575
store_67,2015-07-28,606.035
store_67,2015-07-29,601.235
store_67,2015-07-30,630.24
store_67,2015-07-31,671.82
store_67,2015-08-01,612.88
store_67,2015-08-02,0.0
store_67,2015-08-03,754.71
store_67,2015-08-04,612.955
store_67,2015-08-05,585.76
store_67,2015-08-06,597.255
store_67,2015-08-07,624.91
store_67,2015-08-08,609.07
store_67,2015-08-09,0.0
store_67,2015-08-10,557.555
store_67,2015-08-11,503.985
store_67,2015-08-12,509.035
store_67,2015-08-13,545.315
store_67,2015-08-14,578.67
store_67,2015-08-15,574.57
store_67,2015-08-16,0.0
store_67,2015-08-17,785.44
store_67,2015-08-18,644.16
store_67,2015-08-19,614.57
store_67,2015-08-20,620.835
store_67,2015-08-21,658.87
store_67,2015-08-22,602.48
store_67,2015-08-23,0.0
store_67,2015-08-24,576.12
store_67,2015-08-25,506.235
store_67,2015-08-26,516.5
store_67,2015-08-27,549.085
store_67,2015-08-28,587.905
store_67,2015-08-29,572.855
store_67,2015-08-30,0.0
store_670,2015-07-20,505.835
store_670,2015-07-21,445.825
store_670,2015-07-22,455.88
store_670,2015-07-23,467.31
store_670,2015-07-24,471.595
store_670,2015-07-25,450.8
store_670,2015-07-26,0.0
store_670,2015-07-27,728.615
store_670,2015-07-28,616.675
store_670,2015-07-29,601.705
store_670,2015-07-30,609.76
store_670,2015-07-31,560.365
store_670,2015-08-01,486.18
store_670,2015-08-02,0.0
store_670,2015-08-03,823.1
store_670,2015-08-04,631.52
store_670,2015-08-05,579.01
store_670,2015-08-06,559.065
store_670,2015-08-07,549.225
store_670,2015-08-08,476.22
store_670,2015-08-09,0.0
store_670,2015-08-10,614.08
store_670,2015-08-11,581.32
store_670,2015-08-12,551.345
store_670,2015-08-13,542.705
store_670,2015-08-14,536.545
store_670,2015-08-15,490.13
store_670,2015-08-16,0.0
store_670,2015-08-17,801.6
store_670,2015-08-18,706.045
store_670,2015-08-19,666.795
store_670,2015-08-20,666.96
store_670,2015-08-21,646.575
store_670,2015-08-22,517.84
store_670,2015-08-23,0.0
store_670,2015-08-24,696.33
store_670,2015-08-25,625.77
store_670,2015-08-26,615.54
store_670,2015-08-27,601.655
store_670,2015-08-28,595.65
store_670,2015-08-29,500.62
store_670,2015-08-30,0.0
store_671,2015-07-20,548.63
store_671,2015-07-21,518.225
store_671,2015-07-22,516.54
store_671,2015-07-23,542.71
store_671,2015-07-24,575.79
store_671,2015-07-25,346.705
store_671,2015-07-26,0.0
store_671,2015-07-27,680.2
store_671,2015-07-28,610.04
store_671,2015-07-29,594.625
store_671,2015-07-30,615.765
store_671,2015-07-31,631.705
store_671,2015-08-01,365.15
store_671,2015-08-02,0.0
store_671,2015-08-03,732.525
store_671,2015-08-04,621.7
store_671,2015-08-05,590.59
store_671,2015-08-06,598.0
store_671,2015-08-07,612.275
store_671,2015-08-08,363.735
store_671,2015-08-09,0.0
store_671,2015-08-10,565.47
store_671,2015-08-11,521.815
store_671,2015-08-12,510.905
store_671,2015-08-13,545.295
store_671,2015-08-14,567.98
store_671,2015-08-15,355.76
store_671,2015-08-16,0.0
store_671,2015-08-17,724.335
store_671,2015-08-18,634.135
store_671,2015-08-19,616.73
store_671,2015-08-20,619.0
store_671,2015-08-21,640.22
store_671,2015-08-22,374.715
store_671,2015-08-23,0.0
store_671,2015-08-24,569.73
store_671,2015-08-25,515.23
store_671,2015-08-26,518.035
store_671,2015-08-27,548.955
store_671,2015-08-28,596.235
store_671,2015-08-29,363.29
store_671,2015-08-30,0.0
store_672,2015-07-20,418.215
store_672,2015-07-21,359.185
store_672,2015-07-22,352.215
store_672,2015-07-23,376.505
store_672,2015-07-24,380.64
store_672,2015-07-25,234.64
store_672,2015-07-26,0.0
store_672,2015-07-27,563.665
store_672,2015-07-28,474.945
store_672,2015-07-29,457.785
store_672,2015-07-30,458.88
store_672,2015-07-31,434.14
store_672,2015-08-01,228.215
store_672,2015-08-02,0.0
store_672,2015-08-03,566.855
store_672,2015-08-04,471.145
store_672,2015-08-05,441.54
store_672,2015-08-06,459.5
store_672,2015-08-07,454.375
store_672,2015-08-08,237.69
store_672,2015-08-09,0.0
store_672,2015-08-10,431.125
store_672,2015-08-11,399.39
store_672,2015-08-12,401.66
store_672,2015-08-13,413.305
store_672,2015-08-14,421.99
store_672,2015-08-15,233.55
store_672,2015-08-16,0.0
store_672,2015-08-17,574.65
store_672,2015-08-18,505.185
store_672,2015-08-19,483.025
store_672,2015-08-20,485.82
store_672,2015-08-21,473.765
store_672,2015-08-22,234.24
store_672,2015-08-23,0.0
store_672,2015-08-24,446.61
store_672,2015-08-25,400.55
store_672,2015-08-26,395.9
store_672,2015-08-27,401.26
store_672,2015-08-28,424.95
store_672,2015-08-29,238.2
store_672,2015-08-30,0.0
store_673,2015-07-20,653.11
store_673,2015-07-21,609.42
store_673,2015-07-22,591.68
store_673,2015-07-23,591.345
store_673,2015-07-24,596.895
store_673,2015-07-25,579.885
store_673,2015-07-26,0.0
store_673,2015-07-27,859.605
store_673,2015-07-28,808.875
store_673,2015-07-29,816.14
store_673,2015-07-30,811.31
store_673,2015-07-31,758.68
store_673,2015-08-01,639.905
store_673,2015-08-02,0.0
store_673,2015-08-03,902.425
store_673,2015-08-04,761.51
store_673,2015-08-05,727.59
store_673,2015-08-06,725.3
store_673,2015-08-07,709.205
store_673,2015-08-08,638.235
store_673,2015-08-09,0.0
store_673,2015-08-10,672.29
store_673,2015-08-11,625.715
store_673,2015-08-12,623.01
store_673,2015-08-13,645.51
store_673,2015-08-14,676.515
store_673,2015-08-15,659.815
store_673,2015-08-16,0.0
store_673,2015-08-17,899.33
store_673,2015-08-18,764.415
store_673,2015-08-19,739.145
store_673,2015-08-20,745.715
store_673,2015-08-21,747.835
store_673,2015-08-22,680.45
store_673,2015-08-23,0.0
store_673,2015-08-24,664.73
store_673,2015-08-25,609.55
store_673,2015-08-26,620.995
store_673,2015-08-27,633.965
store_673,2015-08-28,674.28
store_673,2015-08-29,676.875
store_673,2015-08-30,0.0
store_674,2015-07-20,717.26
store_674,2015-07-21,656.34
store_674,2015-07-22,619.295
store_674,2015-07-23,669.185
store_674,2015-07-24,679.66
store_674,2015-07-25,556.025
store_674,2015-07-26,0.0
store_674,2015-07-27,874.175
store_674,2015-07-28,760.775
store_674,2015-07-29,735.98
store_674,2015-07-30,773.87
store_674,2015-07-31,786.355
store_674,2015-08-01,588.82
store_674,2015-08-02,0.0
store_674,2015-08-03,923.68
store_674,2015-08-04,789.49
store_674,2015-08-05,719.335
store_674,2015-08-06,743.69
store_674,2015-08-07,742.65
store_674,2015-08-08,570.06
store_674,2015-08-09,0.0
store_674,2015-08-10,731.01
store_674,2015-08-11,686.255
store_674,2015-08-12,633.95
store_674,2015-08-13,667.515
store_674,2015-08-14,679.605
store_674,2015-08-15,567.29
store_674,2015-08-16,0.0
store_674,2015-08-17,914.28
store_674,2015-08-18,809.27
store_674,2015-08-19,747.57
store_674,2015-08-20,775.83
store_674,2015-08-21,763.875
store_674,2015-08-22,573.73
store_674,2015-08-23,0.0
store_674,2015-08-24,720.125
store_674,2015-08-25,640.64
store_674,2015-08-26,627.5
store_674,2015-08-27,655.185
store_674,2015-08-28,667.895
store_674,2015-08-29,543.365
store_674,2015-08-30,0.0
store_675,2015-07-20,3353.615
store_675,2015-07-21,3229.525
store_675,2015-07-22,3218.97
store_675,2015-07-23,3229.6
store_675,2015-07-24,3434.805
store_675,2015-07-25,3482.695
store_675,2015-07-26,0.0
store_675,2015-07-27,3668.74
store_675,2015-07-28,3491.03
store_675,2015-07-29,3476.14
store_675,2015-07-30,3472.995
store_675,2015-07-31,3720.405
store_675,2015-08-01,3607.63
store_675,2015-08-02,0.0
store_675,2015-08-03,3568.365
store_675,2015-08-04,3508.755
store_675,2015-08-05,3519.035
store_675,2015-08-06,3529.22
store_675,2015-08-07,3701.265
store_675,2015-08-08,3581.08
store_675,2015-08-09,0.0
store_675,2015-08-10,3361.895
store_675,2015-08-11,3281.98
store_675,2015-08-12,3292.835
store_675,2015-08-13,3268.68
store_675,2015-08-14,3593.895
store_675,2015-08-15,3582.08
store_675,2015-08-16,0.0
store_675,2015-08-17,3582.66
store_675,2015-08-18,3416.375
store_675,2015-08-19,3406.085
store_675,2015-08-20,3415.945
store_675,2015-08-21,3698.74
store_675,2015-08-22,3602.805
store_675,2015-08-23,0.0
store_675,2015-08-24,3284.92
store_675,2015-08-25,3157.53
store_675,2015-08-26,3148.2
store_675,2015-08-27,3130.505
store_675,2015-08-28,3454.295
store_675,2015-08-29,3603.625
store_675,2015-08-30,0.0
store_676,2015-07-20,461.505
store_676,2015-07-21,408.465
store_676,2015-07-22,406.025
store_676,2015-07-23,410.215
store_676,2015-07-24,440.8
store_676,2015-07-25,485.45
store_676,2015-07-26,0.0
store_676,2015-07-27,644.365
store_676,2015-07-28,561.835
store_676,2015-07-29,518.3
store_676,2015-07-30,510.94
store_676,2015-07-31,530.44
store_676,2015-08-01,508.845
store_676,2015-08-02,0.0
store_676,2015-08-03,668.97
store_676,2015-08-04,538.195
store_676,2015-08-05,499.52
store_676,2015-08-06,485.405
store_676,2015-08-07,498.185
store_676,2015-08-08,495.58
store_676,2015-08-09,0.0
store_676,2015-08-10,511.755
store_676,2015-08-11,460.505
store_676,2015-08-12,438.865
store_676,2015-08-13,459.24
store_676,2015-08-14,474.71
store_676,2015-08-15,502.975
store_676,2015-08-16,0.0
store_676,2015-08-17,662.075
store_676,2015-08-18,534.42
store_676,2015-08-19,517.655
store_676,2015-08-20,526.005
store_676,2015-08-21,536.96
store_676,2015-08-22,514.5
store_676,2015-08-23,0.0
store_676,2015-08-24,481.72
store_676,2015-08-25,412.725
store_676,2015-08-26,428.345
store_676,2015-08-27,454.14
store_676,2015-08-28,474.05
store_676,2015-08-29,516.44
store_676,2015-08-30,0.0
store_68,2015-07-20,737.91
store_68,2015-07-21,686.885
store_68,2015-07-22,681.08
store_68,2015-07-23,674.895
store_68,2015-07-24,705.865
store_68,2015-07-25,706.77
store_68,2015-07-26,0.0
store_68,2015-07-27,834.12
store_68,2015-07-28,774.795
store_68,2015-07-29,782.29
store_68,2015-07-30,784.46
store_68,2015-07-31,786.22
store_68,2015-08-01,750.635
store_68,2015-08-02,0.0
store_68,2015-08-03,902.18
store_68,2015-08-04,799.04
store_68,2015-08-05,761.505
store_68,2015-08-06,754.095
store_68,2015-08-07,751.37
store_68,2015-08-08,723.63
store_68,2015-08-09,0.0
store_68,2015-08-10,768.47
store_68,2015-08-11,701.39
store_68,2015-08-12,673.925
store_68,2015-08-13,662.225
store_68,2015-08-14,678.005
store_68,2015-08-15,712.825
store_68,2015-08-16,0.0
store_68,2015-08-17,850.61
store_68,2015-08-18,779.23
store_68,2015-08-19,755.425
store_68,2015-08-20,757.57
store_68,2015-08-21,749.255
store_68,2015-08-22,701.8
store_68,2015-08-23,0.0
store_68,2015-08-24,734.995
store_68,2015-08-25,669.415
store_68,2015-08-26,644.78
store_68,2015-08-27,661.91
store_68,2015-08-28,661.265
store_68,2015-08-29,694.585
store_68,2015-08-30,0.0
store_69,2015-07-20,421.305
store_69,2015-07-21,384.555
store_69,2015-07-22,405.055
store_69,2015-07-23,422.555
store_69,2015-07-24,444.215
store_69,2015-07-25,271.935
store_69,2015-07-26,0.0
store_69,2015-07-27,576.21
store_69,2015-07-28,494.365
store_69,2015-07-29,490.23
store_69,2015-07-30,494.17
store_69,2015-07-31,521.07
store_69,2015-08-01,288.26
store_69,2015-08-02,0.0
store_69,2015-08-03,634.15
store_69,2015-08-04,516.125
store_69,2015-08-05,472.845
store_69,2015-08-06,482.01
store_69,2015-08-07,487.585
store_69,2015-08-08,281.005
store_69,2015-08-09,0.0
store_69,2015-08-10,487.02
store_69,2015-08-11,454.84
store_69,2015-08-12,434.555
store_69,2015-08-13,456.51
store_69,2015-08-14,456.825
store_69,2015-08-15,279.46
store_69,2015-08-16,0.0
store_69,2015-08-17,638.15
store_69,2015-08-18,541.775
store_69,2015-08-19,508.985
store_69,2015-08-20,514.445
store_69,2015-08-21,526.01
store_69,2015-08-22,291.33
store_69,2015-08-23,0.0
store_69,2015-08-24,500.865
store_69,2015-08-25,454.855
store_69,2015-08-26,443.835
store_69,2015-08-27,458.14
store_69,2015-08-28,467.185
store_69,2015-08-29,295.65
store_69,2015-08-30,0.0
store_7,2015-07-20,1016.97
store_7,2015-07-21,1008.06
store_7,2015-07-22,1022.385
store_7,2015-07-23,1013.19
store_7,2015-07-24,973.19
store_7,2015-07-25,768.61
store_7,2015-07-26,0.0
store_7,2015-07-27,1255.045
store_7,2015-07-28,1191.74
store_7,2015-07-29,1172.625
store_7,2015-07-30,1136.125
store_7,2015-07-31,1105.415
store_7,2015-08-01,809.47
store_7,2015-08-02,0.0
store_7,2015-08-03,1310.075
store_7,2015-08-04,1165.585
store_7,2015-08-05,1119.295
store_7,2015-08-06,1102.375
store_7,2015-08-07,1060.39
store_7,2015-08-08,822.56
store_7,2015-08-09,0.0
store_7,2015-08-10,1085.865
store_7,2015-08-11,1018.21
store_7,2015-08-12,1011.075
store_7,2015-08-13,1015.8
store_7,2015-08-14,1020.055
store_7,2015-08-15,826.825
store_7,2015-08-16,0.0
store_7,2015-08-17,1292.315
store_7,2015-08-18,1197.44
store_7,2015-08-19,1142.575
store_7,2015-08-20,1163.955
store_7,2015-08-21,1119.78
store_7,2015-08-22,835.655
store_7,2015-08-23,0.0
store_7,2015-08-24,1034.7
store_7,2015-08-25,982.545
store_7,2015-08-26,983.315
store_7,2015-08-27,1005.055
store_7,2015-08-28,1047.23
store_7,2015-08-29,848.16
store_7,2015-08-30,0.0
store_70,2015-07-20,723.695
store_70,2015-07-21,644.495
store_70,2015-07-22,636.655
store_70,2015-07-23,650.88
store_70,2015-07-24,639.645
store_70,2015-07-25,710.075
store_70,2015-07-26,0.0
store_70,2015-07-27,927.885
store_70,2015-07-28,809.135
store_70,2015-07-29,823.35
store_70,2015-07-30,813.95
store_70,2015-07-31,774.015
store_70,2015-08-01,714.66
store_70,2015-08-02,0.0
store_70,2015-08-03,976.95
store_70,2015-08-04,799.965
store_70,2015-08-05,743.94
store_70,2015-08-06,743.45
store_70,2015-08-07,733.99
store_70,2015-08-08,712.235
store_70,2015-08-09,0.0
store_70,2015-08-10,724.61
store_70,2015-08-11,652.36
store_70,2015-08-12,654.28
store_70,2015-08-13,661.795
store_70,2015-08-14,683.935
store_70,2015-08-15,718.005
store_70,2015-08-16,0.0
store_70,2015-08-17,948.025
store_70,2015-08-18,816.99
store_70,2015-08-19,754.635
store_70,2015-08-20,764.86
store_70,2015-08-21,755.905
store_70,2015-08-22,738.885
store_70,2015-08-23,0.0
store_70,2015-08-24,741.96
store_70,2015-08-25,645.26
store_70,2015-08-26,634.355
store_70,2015-08-27,657.46
store_70,2015-08-28,681.11
store_70,2015-08-29,724.09
store_70,2015-08-30,0.0
store_71,2015-07-20,640.705
store_71,2015-07-21,589.83
store_71,2015-07-22,569.25
store_71,2015-07-23,577.865
store_71,2015-07-24,619.78
store_71,2015-07-25,494.61
store_71,2015-07-26,0.0
store_71,2015-07-27,785.55
store_71,2015-07-28,717.87
store_71,2015-07-29,705.655
store_71,2015-07-30,693.395
store_71,2015-07-31,699.655
store_71,2015-08-01,505.635
store_71,2015-08-02,0.0
store_71,2015-08-03,830.26
store_71,2015-08-04,724.1
store_71,2015-08-05,682.625
store_71,2015-08-06,666.315
store_71,2015-08-07,657.865
store_71,2015-08-08,507.05
store_71,2015-08-09,0.0
store_71,2015-08-10,690.12
store_71,2015-08-11,629.515
store_71,2015-08-12,627.615
store_71,2015-08-13,627.84
store_71,2015-08-14,630.515
store_71,2015-08-15,504.43
store_71,2015-08-16,0.0
store_71,2015-08-17,848.545
store_71,2015-08-18,763.1
store_71,2015-08-19,719.515
store_71,2015-08-20,717.105
store_71,2015-08-21,697.58
store_71,2015-08-22,517.49
store_71,2015-08-23,0.0
store_71,2015-08-24,726.0
store_71,2015-08-25,657.84
store_71,2015-08-26,629.34
store_71,2015-08-27,642.855
store_71,2015-08-28,648.665
store_71,2015-08-29,518.68
store_71,2015-08-30,0.0
store_72,2015-07-20,611.36
store_72,2015-07-21,537.56
store_72,2015-07-22,542.03
store_72,2015-07-23,563.87
store_72,2015-07-24,580.43
store_72,2015-07-25,519.03
store_72,2015-07-26,0.0
store_72,2015-07-27,746.87
store_72,2015-07-28,662.545
store_72,2015-07-29,648.74
store_72,2015-07-30,667.865
store_72,2015-07-31,677.13
store_72,2015-08-01,545.665
store_72,2015-08-02,0.0
store_72,2015-08-03,759.66
store_72,2015-08-04,656.825
store_72,2015-08-05,627.47
store_72,2015-08-06,628.105
store_72,2015-08-07,626.655
store_72,2015-08-08,558.995
store_72,2015-08-09,0.0
store_72,2015-08-10,579.69
store_72,2015-08-11,533.09
store_72,2015-08-12,523.11
store_72,2015-08-13,532.54
store_72,2015-08-14,559.345
store_72,2015-08-15,571.795
store_72,2015-08-16,0.0
store_72,2015-08-17,767.025
store_72,2015-08-18,662.07
store_72,2015-08-19,625.625
store_72,2015-08-20,648.045
store_72,2015-08-21,666.76
store_72,2015-08-22,568.575
store_72,2015-08-23,0.0
store_72,2015-08-24,540.455
store_72,2015-08-25,476.335
store_72,2015-08-26,493.08
store_72,2015-08-27,518.34
store_72,2015-08-28,552.75
store_72,2015-08-29,552.975
store_72,2015-08-30,0.0
store_73,2015-07-20,1275.08
store_73,2015-07-21,1076.205
store_73,2015-07-22,1000.75
store_73,2015-07-23,986.485
store_73,2015-07-24,1037.49
store_73,2015-07-25,1047.575
store_73,2015-07-26,624.03
store_73,2015-07-27,1387.08
store_73,2015-07-28,1221.94
store_73,2015-07-29,1140.155
store_73,2015-07-30,1136.64
store_73,2015-07-31,1171.77
store_73,2015-08-01,1059.805
store_73,2015-08-02,649.08
store_73,2015-08-03,1416.23
store_73,2015-08-04,1265.2
store_73,2015-08-05,1167.15
store_73,2015-08-06,1174.9
store_73,2015-08-07,1148.37
store_73,2015-08-08,1042.525
store_73,2015-08-09,727.385
store_73,2015-08-10,1233.075
store_73,2015-08-11,1219.1
store_73,2015-08-12,1165.955
store_73,2015-08-13,1122.105
store_73,2015-08-14,1096.21
store_73,2015-08-15,972.01
store_73,2015-08-16,742.645
store_73,2015-08-17,1289.61
store_73,2015-08-18,1188.685
store_73,2015-08-19,1120.225
store_73,2015-08-20,1135.81
store_73,2015-08-21,1139.91
store_73,2015-08-22,1030.535
store_73,2015-08-23,829.515
store_73,2015-08-24,1231.025
store_73,2015-08-25,1192.7
store_73,2015-08-26,1088.2
store_73,2015-08-27,1035.17
store_73,2015-08-28,1018.42
store_73,2015-08-29,983.05
store_73,2015-08-30,781.815
store_74,2015-07-20,452.55
store_74,2015-07-21,480.36
store_74,2015-07-22,478.75
store_74,2015-07-23,482.38
store_74,2015-07-24,514.465
store_74,2015-07-25,301.81
store_74,2015-07-26,0.0
store_74,2015-07-27,542.575
store_74,2015-07-28,552.395
store_74,2015-07-29,529.08
store_74,2015-07-30,525.385
store_74,2015-07-31,538.055
store_74,2015-08-01,303.3
store_74,2015-08-02,0.0
store_74,2015-08-03,578.815
store_74,2015-08-04,546.1
store_74,2015-08-05,502.83
store_74,2015-08-06,518.27
store_74,2015-08-07,540.36
store_74,2015-08-08,303.385
store_74,2015-08-09,0.0
store_74,2015-08-10,472.77
store_74,2015-08-11,446.545
store_74,2015-08-12,424.495
store_74,2015-08-13,451.77
store_74,2015-08-14,468.48
store_74,2015-08-15,289.22
store_74,2015-08-16,0.0
store_74,2015-08-17,629.55
store_74,2015-08-18,567.505
store_74,2015-08-19,527.265
store_74,2015-08-20,534.15
store_74,2015-08-21,542.315
store_74,2015-08-22,289.335
store_74,2015-08-23,0.0
store_74,2015-08-24,466.245
store_74,2015-08-25,445.03
store_74,2015-08-26,437.055
store_74,2015-08-27,461.625
store_74,2015-08-28,475.415
store_74,2015-08-29,283.92
store_74,2015-08-30,0.0
store_75,2015-07-20,468.515
store_75,2015-07-21,438.16
store_75,2015-07-22,449.65
store_75,2015-07-23,461.035
store_75,2015-07-24,456.52
store_75,2015-07-25,368.94
store_75,2015-07-26,0.0
store_75,2015-07-27,600.95
store_75,2015-07-28,522.33
store_75,2015-07-29,528.095
store_75,2015-07-30,544.825
store_75,2015-07-31,553.23
store_75,2015-08-01,366.14
store_75,2015-08-02,0.0
store_75,2015-08-03,634.47
store_75,2015-08-04,530.52
store_75,2015-08-05,505.21
store_75,2015-08-06,521.4
store_75,2015-08-07,524.54
store_75,2015-08-08,368.11
store_75,2015-08-09,0.0
store_75,2015-08-10,453.335
store_75,2015-08-11,432.07
store_75,2015-08-12,422.92
store_75,2015-08-13,451.34
store_75,2015-08-14,493.865
store_75,2015-08-15,366.39
store_75,2015-08-16,0.0
store_75,2015-08-17,628.015
store_75,2015-08-18,537.54
store_75,2015-08-19,516.65
store_75,2015-08-20,538.695
store_75,2015-08-21,556.21
store_75,2015-08-22,367.765
store_75,2015-08-23,0.0
store_75,2015-08-24,442.025
store_75,2015-08-25,407.225
store_75,2015-08-26,409.68
store_75,2015-08-27,437.285
store_75,2015-08-28,515.61
store_75,2015-08-29,374.51
store_75,2015-08-30,0.0
store_76,2015-07-20,635.31
store_76,2015-07-21,566.53
store_76,2015-07-22,583.89
store_76,2015-07-23,602.73
store_76,2015-07-24,622.85
store_76,2015-07-25,613.33
store_76,2015-07-26,0.0
store_76,2015-07-27,845.25
store_76,2015-07-28,728.895
store_76,2015-07-29,722.85
store_76,2015-07-30,701.985
store_76,2015-07-31,726.11
store_76,2015-08-01,668.625
store_76,2015-08-02,0.0
store_76,2015-08-03,890.275
store_76,2015-08-04,723.585
store_76,2015-08-05,691.62
store_76,2015-08-06,674.22
store_76,2015-08-07,684.01
store_76,2015-08-08,651.455
store_76,2015-08-09,0.0
store_76,2015-08-10,667.11
store_76,2015-08-11,592.855
store_76,2015-08-12,593.515
store_76,2015-08-13,599.13
store_76,2015-08-14,651.725
store_76,2015-08-15,672.035
store_76,2015-08-16,0.0
store_76,2015-08-17,880.88
store_76,2015-08-18,751.095
store_76,2015-08-19,739.625
store_76,2015-08-20,712.58
store_76,2015-08-21,727.175
store_76,2015-08-22,675.635
store_76,2015-08-23,0.0
store_76,2015-08-24,633.81
store_76,2015-08-25,568.745
store_76,2015-08-26,577.28
store_76,2015-08-27,600.365
store_76,2015-08-28,652.14
store_76,2015-08-29,678.08
store_76,2015-08-30,0.0
store_77,2015-07-20,555.425
store_77,2015-07-21,508.76
store_77,2015-07-22,507.19
store_77,2015-07-23,531.61
store_77,2015-07-24,526.105
store_77,2015-07-25,475.125
store_77,2015-07-26,0.0
store_77,2015-07-27,641.35
store_77,2015-07-28,600.925
store_77,2015-07-29,587.31
store_77,2015-07-30,602.79
store_77,2015-07-31,599.125
store_77,2015-08-01,481.86
store_77,2015-08-02,0.0
store_77,2015-08-03,708.625
store_77,2015-08-04,607.25
store_77,2015-08-05,574.83
store_77,2015-08-06,557.475
store_77,2015-08-07,559.845
store_77,2015-08-08,485.105
store_77,2015-08-09,0.0
store_77,2015-08-10,562.18
store_77,2015-08-11,525.195
store_77,2015-08-12,500.185
store_77,2015-08-13,492.235
store_77,2015-08-14,496.12
store_77,2015-08-15,470.765
store_77,2015-08-16,0.0
store_77,2015-08-17,704.35
store_77,2015-08-18,624.18
store_77,2015-08-19,599.685
store_77,2015-08-20,579.935
store_77,2015-08-21,585.44
store_77,2015-08-22,497.42
store_77,2015-08-23,0.0
store_77,2015-08-24,589.07
store_77,2015-08-25,501.795
store_77,2015-08-26,500.525
store_77,2015-08-27,502.195
store_77,2015-08-28,513.995
store_77,2015-08-29,478.845
store_77,2015-08-30,0.0
store_78,2015-07-20,513.005
store_78,2015-07-21,450.375
store_78,2015-07-22,458.045
store_78,2015-07-23,458.61
store_78,2015-07-24,441.5
store_78,2015-07-25,468.685
store_78,2015-07-26,0.0
store_78,2015-07-27,642.945
store_78,2015-07-28,556.72
store_78,2015-07-29,561.925
store_78,2015-07-30,561.625
store_78,2015-07-31,537.01
store_78,2015-08-01,497.855
store_78,2015-08-02,0.0
store_78,2015-08-03,701.085
store_78,2015-08-04,575.945
store_78,2015-08-05,536.63
store_78,2015-08-06,535.345
store_78,2015-08-07,501.815
store_78,2015-08-08,472.3
store_78,2015-08-09,0.0
store_78,2015-08-10,542.725
store_78,2015-08-11,508.095
store_78,2015-08-12,484.615
store_78,2015-08-13,489.34
store_78,2015-08-14,494.57
store_78,2015-08-15,490.29
store_78,2015-08-16,0.0
store_78,2015-08-17,710.525
store_78,2015-08-18,621.705
store_78,2015-08-19,589.115
store_78,2015-08-20,550.815
store_78,2015-08-21,556.115
store_78,2015-08-22,491.965
store_78,2015-08-23,0.0
store_78,2015-08-24,591.745
store_78,2015-08-25,524.635
store_78,2015-08-26,517.935
store_78,2015-08-27,505.8
store_78,2015-08-28,499.215
store_78,2015-08-29,484.81
store_78,2015-08-30,0.0
store_79,2015-07-20,522.025
store_79,2015-07-21,463.51
store_79,2015-07-22,465.285
store_79,2015-07-23,485.995
store_79,2015-07-24,515.29
store_79,2015-07-25,575.77
store_79,2015-07-26,0.0
store_79,2015-07-27,660.15
store_79,2015-07-28,567.485
store_79,2015-07-29,542.495
store_79,2015-07-30,559.6
store_79,2015-07-31,572.665
store_79,2015-08-01,587.625
store_79,2015-08-02,0.0
store_79,2015-08-03,684.665
store_79,2015-08-04,560.87
store_79,2015-08-05,538.375
store_79,2015-08-06,547.505
store_79,2015-08-07,557.815
store_79,2015-08-08,553.23
store_79,2015-08-09,0.0
store_79,2015-08-10,515.97
store_79,2015-08-11,471.29
store_79,2015-08-12,466.17
store_79,2015-08-13,489.31
store_79,2015-08-14,515.63
store_79,2015-08-15,563.375
store_79,2015-08-16,0.0
store_79,2015-08-17,649.48
store_79,2015-08-18,566.54
store_79,2015-08-19,546.17
store_79,2015-08-20,556.79
store_79,2015-08-21,581.405
store_79,2015-08-22,570.455
store_79,2015-08-23,0.0
store_79,2015-08-24,491.36
store_79,2015-08-25,445.69
store_79,2015-08-26,456.69
store_79,2015-08-27,481.89
store_79,2015-08-28,514.875
store_79,2015-08-29,559.31
store_79,2015-08-30,0.0
store_8,2015-07-20,864.585
store_8,2015-07-21,777.135
store_8,2015-07-22,801.045
store_8,2015-07-23,787.405
store_8,2015-07-24,792.405
store_8,2015-07-25,784.76
store_8,2015-07-26,0.0
store_8,2015-07-27,1099.105
store_8,2015-07-28,956.38
store_8,2015-07-29,940.535
store_8,2015-07-30,983.39
store_8,2015-07-31,988.375
store_8,2015-08-01,814.29
store_8,2015-08-02,0.0
store_8,2015-08-03,1181.3
store_8,2015-08-04,970.095
store_8,2015-08-05,945.75
store_8,2015-08-06,943.805
store_8,2015-08-07,932.43
store_8,2015-08-08,797.115
store_8,2015-08-09,0.0
store_8,2015-08-10,963.07
store_8,2015-08-11,868.9
store_8,2015-08-12,814.99
store_8,2015-08-13,819.45
store_8,2015-08-14,872.955
store_8,2015-08-15,783.32
store_8,2015-08-16,0.0
store_8,2015-08-17,1257.285
store_8,2015-08-18,1075.71
store_8,2015-08-19,981.6
store_8,2015-08-20,965.66
store_8,2015-08-21,951.015
store_8,2015-08-22,748.2
store_8,2015-08-23,0.0
store_8,2015-08-24,978.45
store_8,2015-08-25,860.4
store_8,2015-08-26,816.17
store_8,2015-08-27,839.595
store_8,2015-08-28,845.625
store_8,2015-08-29,776.26
store_8,2015-08-30,0.0
store_80,2015-07-20,876.115
store_80,2015-07-21,822.53
store_80,2015-07-22,896.1
store_80,2015-07-23,918.115
store_80,2015-07-24,882.445
store_80,2015-07-25,782.865
store_80,2015-07-26,0.0
store_80,2015-07-27,1016.01
store_80,2015-07-28,978.87
store_80,2015-07-29,1008.48
store_80,2015-07-30,1027.41
store_80,2015-07-31,1013.335
store_80,2015-08-01,809.61
store_80,2015-08-02,0.0
store_80,2015-08-03,1095.665
store_80,2015-08-04,971.685
store_80,2015-08-05,932.045
store_80,2015-08-06,938.4
store_80,2015-08-07,916.145
store_80,2015-08-08,764.36
store_80,2015-08-09,0.0
store_80,2015-08-10,869.54
store_80,2015-08-11,809.96
store_80,2015-08-12,798.955
store_80,2015-08-13,821.98
store_80,2015-08-14,875.985
store_80,2015-08-15,785.0
store_80,2015-08-16,0.0
store_80,2015-08-17,1066.27
store_80,2015-08-18,971.27
store_80,2015-08-19,928.095
store_80,2015-08-20,914.705
store_80,2015-08-21,908.855
store_80,2015-08-22,805.185
store_80,2015-08-23,0.0
store_80,2015-08-24,887.22
store_80,2015-08-25,748.9
store_80,2015-08-26,748.06
store_80,2015-08-27,771.6
store_80,2015-08-28,827.46
store_80,2015-08-29,768.69
store_80,2015-08-30,0.0
store_81,2015-07-20,631.095
store_81,2015-07-21,583.43
store_81,2015-07-22,595.43
store_81,2015-07-23,598.185
store_81,2015-07-24,603.185
store_81,2015-07-25,528.71
store_81,2015-07-26,0.0
store_81,2015-07-27,777.055
store_81,2015-07-28,704.585
store_81,2015-07-29,676.595
store_81,2015-07-30,702.435
store_81,2015-07-31,691.775
store_81,2015-08-01,574.12
store_81,2015-08-02,0.0
store_81,2015-08-03,804.805
store_81,2015-08-04,692.105
store_81,2015-08-05,660.245
store_81,2015-08-06,658.845
store_81,2015-08-07,651.385
store_81,2015-08-08,565.35
store_81,2015-08-09,0.0
store_81,2015-08-10,629.305
store_81,2015-08-11,578.2
store_81,2015-08-12,559.775
store_81,2015-08-13,563.385
store_81,2015-08-14,593.14
store_81,2015-08-15,565.66
store_81,2015-08-16,0.0
store_81,2015-08-17,799.525
store_81,2015-08-18,698.15
store_81,2015-08-19,658.22
store_81,2015-08-20,673.435
store_81,2015-08-21,678.88
store_81,2015-08-22,597.88
store_81,2015-08-23,0.0
store_81,2015-08-24,627.235
store_81,2015-08-25,567.12
store_81,2015-08-26,553.95
store_81,2015-08-27,567.29
store_81,2015-08-28,584.43
store_81,2015-08-29,565.46
store_81,2015-08-30,0.0
store_82,2015-07-20,498.565
store_82,2015-07-21,461.425
store_82,2015-07-22,456.095
store_82,2015-07-23,467.165
store_82,2015-07-24,505.19
store_82,2015-07-25,364.435
store_82,2015-07-26,0.0
store_82,2015-07-27,590.93
store_82,2015-07-28,543.04
store_82,2015-07-29,540.585
store_82,2015-07-30,543.605
store_82,2015-07-31,543.785
store_82,2015-08-01,376.155
store_82,2015-08-02,0.0
store_82,2015-08-03,629.175
store_82,2015-08-04,555.15
store_82,2015-08-05,504.975
store_82,2015-08-06,505.35
store_82,2015-08-07,521.965
store_82,2015-08-08,365.01
store_82,2015-08-09,0.0
store_82,2015-08-10,511.24
store_82,2015-08-11,482.34
store_82,2015-08-12,457.63
store_82,2015-08-13,472.335
store_82,2015-08-14,486.85
store_82,2015-08-15,360.29
store_82,2015-08-16,0.0
store_82,2015-08-17,633.67
store_82,2015-08-18,566.9
store_82,2015-08-19,525.735
store_82,2015-08-20,531.11
store_82,2015-08-21,547.38
store_82,2015-08-22,355.72
store_82,2015-08-23,0.0
store_82,2015-08-24,524.435
store_82,2015-08-25,481.315
store_82,2015-08-26,460.99
store_82,2015-08-27,466.89
store_82,2015-08-28,478.245
store_82,2015-08-29,354.025
store_82,2015-08-30,0.0
store_83,2015-07-20,536.295
store_83,2015-07-21,491.11
store_83,2015-07-22,509.86
store_83,2015-07-23,511.165
store_83,2015-07-24,516.84
store_83,2015-07-25,504.515
store_83,2015-07-26,0.0
store_83,2015-07-27,846.305
store_83,2015-07-28,705.6
store_83,2015-07-29,683.395
store_83,2015-07-30,653.635
store_83,2015-07-31,658.945
store_83,2015-08-01,526.41
store_83,2015-08-02,0.0
store_83,2015-08-03,833.645
store_83,2015-08-04,690.49
store_83,2015-08-05,634.25
store_83,2015-08-06,611.445
store_83,2015-08-07,616.025
store_83,2015-08-08,526.215
store_83,2015-08-09,0.0
store_83,2015-08-10,613.725
store_83,2015-08-11,556.79
store_83,2015-08-12,541.92
store_83,2015-08-13,546.615
store_83,2015-08-14,559.88
store_83,2015-08-15,512.06
store_83,2015-08-16,0.0
store_83,2015-08-17,816.43
store_83,2015-08-18,697.635
store_83,2015-08-19,648.46
store_83,2015-08-20,656.355
store_83,2015-08-21,674.295
store_83,2015-08-22,525.76
store_83,2015-08-23,0.0
store_83,2015-08-24,595.825
store_83,2015-08-25,519.91
store_83,2015-08-26,525.725
store_83,2015-08-27,537.34
store_83,2015-08-28,577.315
store_83,2015-08-29,514.2
store_83,2015-08-30,0.0
store_84,2015-07-20,591.925
store_84,2015-07-21,557.295
store_84,2015-07-22,572.16
store_84,2015-07-23,617.36
store_84,2015-07-24,667.315
store_84,2015-07-25,646.86
store_84,2015-07-26,0.0
store_84,2015-07-27,778.28
store_84,2015-07-28,680.915
store_84,2015-07-29,680.44
store_84,2015-07-30,716.275
store_84,2015-07-31,771.125
store_84,2015-08-01,676.715
store_84,2015-08-02,0.0
store_84,2015-08-03,812.275
store_84,2015-08-04,670.33
store_84,2015-08-05,636.49
store_84,2015-08-06,665.265
store_84,2015-08-07,723.135
store_84,2015-08-08,672.87
store_84,2015-08-09,0.0
store_84,2015-08-10,664.53
store_84,2015-08-11,574.44
store_84,2015-08-12,554.605
store_84,2015-08-13,570.905
store_84,2015-08-14,647.27
store_84,2015-08-15,684.46
store_84,2015-08-16,0.0
store_84,2015-08-17,860.525
store_84,2015-08-18,723.79
store_84,2015-08-19,690.56
store_84,2015-08-20,695.655
store_84,2015-08-21,730.21
store_84,2015-08-22,672.96
store_84,2015-08-23,0.0
store_84,2015-08-24,651.0
store_84,2015-08-25,582.955
store_84,2015-08-26,580.705
store_84,2015-08-27,592.525
store_84,2015-08-28,652.64
store_84,2015-08-29,678.235
store_84,2015-08-30,0.0
store_85,2015-07-20,759.14
store_85,2015-07-21,672.425
store_85,2015-07-22,696.04
store_85,2015-07-23,703.105
store_85,2015-07-24,751.54
store_85,2015-07-25,810.965
store_85,2015-07-26,0.0
store_85,2015-07-27,1085.22
store_85,2015-07-28,890.77
store_85,2015-07-29,883.42
store_85,2015-07-30,907.71
store_85,2015-07-31,895.545
store_85,2015-08-01,813.43
store_85,2015-08-02,0.0
store_85,2015-08-03,1076.78
store_85,2015-08-04,894.715
store_85,2015-08-05,847.96
store_85,2015-08-06,820.625
store_85,2015-08-07,818.93
store_85,2015-08-08,840.07
store_85,2015-08-09,0.0
store_85,2015-08-10,854.915
store_85,2015-08-11,756.445
store_85,2015-08-12,737.855
store_85,2015-08-13,753.265
store_85,2015-08-14,776.4
store_85,2015-08-15,821.64
store_85,2015-08-16,0.0
store_85,2015-08-17,1105.12
store_85,2015-08-18,946.81
store_85,2015-08-19,887.215
store_85,2015-08-20,894.815
store_85,2015-08-21,883.885
store_85,2015-08-22,826.645
store_85,2015-08-23,0.0
store_85,2015-08-24,864.9
store_85,2015-08-25,771.3
store_85,2015-08-26,758.02
store_85,2015-08-27,783.225
store_85,2015-08-28,807.735
store_85,2015-08-29,849.055
store_85,2015-08-30,0.0
store_86,2015-07-20,832.085
store_86,2015-07-21,735.8
store_86,2015-07-22,697.7
store_86,2015-07-23,735.975
store_86,2015-07-24,812.49
store_86,2015-07-25,723.94
store_86,2015-07-26,0.0
store_86,2015-07-27,1073.875
store_86,2015-07-28,917.775
store_86,2015-07-29,882.0
store_86,2015-07-30,903.97
store_86,2015-07-31,901.0
store_86,2015-08-01,782.44
store_86,2015-08-02,0.0
store_86,2015-08-03,1143.06
store_86,2015-08-04,954.77
store_86,2015-08-05,893.38
store_86,2015-08-06,880.41
store_86,2015-08-07,866.68
store_86,2015-08-08,767.295
store_86,2015-08-09,0.0
store_86,2015-08-10,891.14
store_86,2015-08-11,801.955
store_86,2015-08-12,788.36
store_86,2015-08-13,814.42
store_86,2015-08-14,818.055
store_86,2015-08-15,761.8
store_86,2015-08-16,0.0
store_86,2015-08-17,1059.335
store_86,2015-08-18,933.355
store_86,2015-08-19,877.2
store_86,2015-08-20,893.905
store_86,2015-08-21,897.1
store_86,2015-08-22,764.66
store_86,2015-08-23,0.0
store_86,2015-08-24,916.7
store_86,2015-08-25,825.165
store_86,2015-08-26,804.14
store_86,2015-08-27,837.26
store_86,2015-08-28,832.14
store_86,2015-08-29,757.43
store_86,2015-08-30,0.0
store_87,2015-07-20,551.505
store_87,2015-07-21,512.64
store_87,2015-07-22,557.025
store_87,2015-07-23,536.1
store_87,2015-07-24,541.82
store_87,2015-07-25,378.35
store_87,2015-07-26,0.0
store_87,2015-07-27,689.185
store_87,2015-07-28,658.33
store_87,2015-07-29,656.955
store_87,2015-07-30,657.405
store_87,2015-07-31,648.595
store_87,2015-08-01,389.785
store_87,2015-08-02,0.0
store_87,2015-08-03,731.805
store_87,2015-08-04,627.4
store_87,2015-08-05,605.96
store_87,2015-08-06,606.195
store_87,2015-08-07,586.475
store_87,2015-08-08,364.765
store_87,2015-08-09,0.0
store_87,2015-08-10,560.28
store_87,2015-08-11,525.35
store_87,2015-08-12,509.145
store_87,2015-08-13,514.79
store_87,2015-08-14,523.72
store_87,2015-08-15,375.65
store_87,2015-08-16,0.0
store_87,2015-08-17,730.11
store_87,2015-08-18,652.17
store_87,2015-08-19,621.63
store_87,2015-08-20,613.205
store_87,2015-08-21,615.16
store_87,2015-08-22,393.475
store_87,2015-08-23,0.0
store_87,2015-08-24,577.92
store_87,2015-08-25,501.245
store_87,2015-08-26,498.45
store_87,2015-08-27,513.96
store_87,2015-08-28,545.935
store_87,2015-08-29,383.645
store_87,2015-08-30,0.0
store_88,2015-07-20,491.68
store_88,2015-07-21,445.465
store_88,2015-07-22,486.765
store_88,2015-07-23,518.86
store_88,2015-07-24,529.75
store_88,2015-07-25,349.51
store_88,2015-07-26,0.0
store_88,2015-07-27,597.015
store_88,2015-07-28,544.12
store_88,2015-07-29,561.37
store_88,2015-07-30,597.97
store_88,2015-07-31,597.07
store_88,2015-08-01,353.825
store_88,2015-08-02,0.0
store_88,2015-08-03,646.865
store_88,2015-08-04,549.265
store_88,2015-08-05,518.24
store_88,2015-08-06,546.505
store_88,2015-08-07,569.125
store_88,2015-08-08,352.46
store_88,2015-08-09,0.0
store_88,2015-08-10,538.185
store_88,2015-08-11,501.325
store_88,2015-08-12,483.185
store_88,2015-08-13,493.085
store_88,2015-08-14,533.425
store_88,2015-08-15,349.765
store_88,2015-08-16,0.0
store_88,2015-08-17,659.165
store_88,2015-08-18,594.45
store_88,2015-08-19,547.935
store_88,2015-08-20,561.87
store_88,2015-08-21,592.92
store_88,2015-08-22,356.64
store_88,2015-08-23,0.0
store_88,2015-08-24,558.285
store_88,2015-08-25,489.685
store_88,2015-08-26,485.75
store_88,2015-08-27,504.045
store_88,2015-08-28,520.015
store_88,2015-08-29,355.175
store_88,2015-08-30,0.0
store_89,2015-07-20,734.12
store_89,2015-07-21,635.28
store_89,2015-07-22,602.34
store_89,2015-07-23,677.235
store_89,2015-07-24,695.125
store_89,2015-07-25,650.0
store_89,2015-07-26,0.0
store_89,2015-07-27,923.625
store_89,2015-07-28,806.315
store_89,2015-07-29,782.05
store_89,2015-07-30,794.325
store_89,2015-07-31,810.485
store_89,2015-08-01,649.34
store_89,2015-08-02,0.0
store_89,2015-08-03,949.965
store_89,2015-08-04,785.885
store_89,2015-08-05,740.33
store_89,2015-08-06,752.55
store_89,2015-08-07,762.05
store_89,2015-08-08,670.165
store_89,2015-08-09,0.0
store_89,2015-08-10,709.045
store_89,2015-08-11,633.125
store_89,2015-08-12,630.24
store_89,2015-08-13,657.6
store_89,2015-08-14,684.09
store_89,2015-08-15,636.86
store_89,2015-08-16,0.0
store_89,2015-08-17,951.385
store_89,2015-08-18,811.46
store_89,2015-08-19,771.55
store_89,2015-08-20,773.035
store_89,2015-08-21,789.655
store_89,2015-08-22,629.77
store_89,2015-08-23,0.0
store_89,2015-08-24,681.96
store_89,2015-08-25,615.395
store_89,2015-08-26,623.94
store_89,2015-08-27,654.295
store_89,2015-08-28,714.385
store_89,2015-08-29,644.755
store_89,2015-08-30,0.0
store_9,2015-07-20,561.315
store_9,2015-07-21,530.375
store_9,2015-07-22,546.605
store_9,2015-07-23,563.235
store_9,2015-07-24,550.49
store_9,2015-07-25,359.64
store_9,2015-07-26,0.0
store_9,2015-07-27,724.315
store_9,2015-07-28,672.2
store_9,2015-07-29,661.24
store_9,2015-07-30,680.72
store_9,2015-07-31,640.52
store_9,2015-08-01,368.165
store_9,2015-08-02,0.0
store_9,2015-08-03,756.47
store_9,2015-08-04,649.31
store_9,2015-08-05,610.985
store_9,2015-08-06,633.96
store_9,2015-08-07,599.295
store_9,2015-08-08,361.71
store_9,2015-08-09,0.0
store_9,2015-08-10,576.175
store_9,2015-08-11,545.49
store_9,2015-08-12,525.095
store_9,2015-08-13,550.01
store_9,2015-08-14,546.645
store_9,2015-08-15,359.085
store_9,2015-08-16,0.0
store_9,2015-08-17,747.83
store_9,2015-08-18,672.625
store_9,2015-08-19,617.54
store_9,2015-08-20,640.315
store_9,2015-08-21,637.835
store_9,2015-08-22,372.905
store_9,2015-08-23,0.0
store_9,2015-08-24,569.305
store_9,2015-08-25,526.95
store_9,2015-08-26,532.055
store_9,2015-08-27,551.755
store_9,2015-08-28,564.58
store_9,2015-08-29,368.265
store_9,2015-08-30,0.0
store_90,2015-07-20,887.175
store_90,2015-07-21,849.91
store_90,2015-07-22,803.64
store_90,2015-07-23,895.725
store_90,2015-07-24,867.285
store_90,2015-07-25,716.93
store_90,2015-07-26,0.0
store_90,2015-07-27,1094.425
store_90,2015-07-28,1030.175
store_90,2015-07-29,1043.42
store_90,2015-07-30,1065.145
store_90,2015-07-31,977.34
store_90,2015-08-01,763.76
store_90,2015-08-02,0.0
store_90,2015-08-03,1208.375
store_90,2015-08-04,1026.04
store_90,2015-08-05,948.39
store_90,2015-08-06,970.805
store_90,2015-08-07,946.785
store_90,2015-08-08,757.67
store_90,2015-08-09,0.0
store_90,2015-08-10,947.74
store_90,2015-08-11,881.265
store_90,2015-08-12,842.395
store_90,2015-08-13,845.43
store_90,2015-08-14,868.015
store_90,2015-08-15,763.975
store_90,2015-08-16,0.0
store_90,2015-08-17,1212.51
store_90,2015-08-18,1066.12
store_90,2015-08-19,972.64
store_90,2015-08-20,997.59
store_90,2015-08-21,989.395
store_90,2015-08-22,776.635
store_90,2015-08-23,0.0
store_90,2015-08-24,958.83
store_90,2015-08-25,866.285
store_90,2015-08-26,830.445
store_90,2015-08-27,882.715
store_90,2015-08-28,902.765
store_90,2015-08-29,773.17
store_90,2015-08-30,0.0
store_91,2015-07-20,502.12
store_91,2015-07-21,449.185
store_91,2015-07-22,416.71
store_91,2015-07-23,445.6
store_91,2015-07-24,490.905
store_91,2015-07-25,563.82
store_91,2015-07-26,0.0
store_91,2015-07-27,605.14
store_91,2015-07-28,550.525
store_91,2015-07-29,516.235
store_91,2015-07-30,533.61
store_91,2015-07-31,561.74
store_91,2015-08-01,582.655
store_91,2015-08-02,0.0
store_91,2015-08-03,618.05
store_91,2015-08-04,532.065
store_91,2015-08-05,499.925
store_91,2015-08-06,514.12
store_91,2015-08-07,541.775
store_91,2015-08-08,557.81
store_91,2015-08-09,0.0
store_91,2015-08-10,501.74
store_91,2015-08-11,462.455
store_91,2015-08-12,445.805
store_91,2015-08-13,473.035
store_91,2015-08-14,492.085
store_91,2015-08-15,548.65
store_91,2015-08-16,0.0
store_91,2015-08-17,632.015
store_91,2015-08-18,538.74
store_91,2015-08-19,512.735
store_91,2015-08-20,536.555
store_91,2015-08-21,556.12
store_91,2015-08-22,544.97
store_91,2015-08-23,0.0
store_91,2015-08-24,527.11
store_91,2015-08-25,448.835
store_91,2015-08-26,453.335
store_91,2015-08-27,470.15
store_91,2015-08-28,501.68
store_91,2015-08-29,551.14
store_91,2015-08-30,0.0
store_92,2015-07-20,559.775
store_92,2015-07-21,488.385
store_92,2015-07-22,490.26
store_92,2015-07-23,517.62
store_92,2015-07-24,548.095
store_92,2015-07-25,524.725
store_92,2015-07-26,0.0
store_92,2015-07-27,712.54
store_92,2015-07-28,587.795
store_92,2015-07-29,586.515
store_92,2015-07-30,619.465
store_92,2015-07-31,633.195
store_92,2015-08-01,544.975
store_92,2015-08-02,0.0
store_92,2015-08-03,763.9
store_92,2015-08-04,631.055
store_92,2015-08-05,579.075
store_92,2015-08-06,582.965
store_92,2015-08-07,592.605
store_92,2015-08-08,535.365
store_92,2015-08-09,0.0
store_92,2015-08-10,595.0
store_92,2015-08-11,541.04
store_92,2015-08-12,524.565
store_92,2015-08-13,551.405
store_92,2015-08-14,568.72
store_92,2015-08-15,519.11
store_92,2015-08-16,0.0
store_92,2015-08-17,757.03
store_92,2015-08-18,644.015
store_92,2015-08-19,618.585
store_92,2015-08-20,620.005
store_92,2015-08-21,632.78
store_92,2015-08-22,556.705
store_92,2015-08-23,0.0
store_92,2015-08-24,594.775
store_92,2015-08-25,523.425
store_92,2015-08-26,531.41
store_92,2015-08-27,543.635
store_92,2015-08-28,592.325
store_92,2015-08-29,544.3
store_92,2015-08-30,0.0
store_93,2015-07-20,726.585
store_93,2015-07-21,679.785
store_93,2015-07-22,686.69
store_93,2015-07-23,678.23
store_93,2015-07-24,733.995
store_93,2015-07-25,700.425
store_93,2015-07-26,0.0
store_93,2015-07-27,861.55
store_93,2015-07-28,799.66
store_93,2015-07-29,796.075
store_93,2015-07-30,793.815
store_93,2015-07-31,843.53
store_93,2015-08-01,714.66
store_93,2015-08-02,0.0
store_93,2015-08-03,965.425
store_93,2015-08-04,819.585
store_93,2015-08-05,776.07
store_93,2015-08-06,743.74
store_93,2015-08-07,779.57
store_93,2015-08-08,722.325
store_93,2015-08-09,0.0
store_93,2015-08-10,796.035
store_93,2015-08-11,729.865
store_93,2015-08-12,698.4
store_93,2015-08-13,697.155
store_93,2015-08-14,722.76
store_93,2015-08-15,714.115
store_93,2015-08-16,0.0
store_93,2015-08-17,932.6
store_93,2015-08-18,846.94
store_93,2015-08-19,773.33
store_93,2015-08-20,772.815
store_93,2015-08-21,799.66
store_93,2015-08-22,715.07
store_93,2015-08-23,0.0
store_93,2015-08-24,798.155
store_93,2015-08-25,713.885
store_93,2015-08-26,689.625
store_93,2015-08-27,694.535
store_93,2015-08-28,743.585
store_93,2015-08-29,731.025
store_93,2015-08-30,0.0
store_94,2015-07-20,517.265
store_94,2015-07-21,464.055
store_94,2015-07-22,466.01
store_94,2015-07-23,493.845
store_94,2015-07-24,566.22
store_94,2015-07-25,545.94
store_94,2015-07-26,0.0
store_94,2015-07-27,750.295
store_94,2015-07-28,633.775
store_94,2015-07-29,601.77
store_94,2015-07-30,596.035
store_94,2015-07-31,629.4
store_94,2015-08-01,583.99
store_94,2015-08-02,0.0
store_94,2015-08-03,758.11
store_94,2015-08-04,617.075
store_94,2015-08-05,577.42
store_94,2015-08-06,561.14
store_94,2015-08-07,585.985
store_94,2015-08-08,565.185
store_94,2015-08-09,0.0
store_94,2015-08-10,577.275
store_94,2015-08-11,523.795
store_94,2015-08-12,520.935
store_94,2015-08-13,537.215
store_94,2015-08-14,553.05
store_94,2015-08-15,561.82
store_94,2015-08-16,0.0
store_94,2015-08-17,763.4
store_94,2015-08-18,638.685
store_94,2015-08-19,615.97
store_94,2015-08-20,598.54
store_94,2015-08-21,621.935
store_94,2015-08-22,570.33
store_94,2015-08-23,0.0
store_94,2015-08-24,541.82
store_94,2015-08-25,495.285
store_94,2015-08-26,519.485
store_94,2015-08-27,530.58
store_94,2015-08-28,556.74
store_94,2015-08-29,565.92
store_94,2015-08-30,0.0
store_95,2015-07-20,720.52
store_95,2015-07-21,647.1
store_95,2015-07-22,662.855
store_95,2015-07-23,684.75
store_95,2015-07-24,672.4
store_95,2015-07-25,701.57
store_95,2015-07-26,0.0
store_95,2015-07-27,890.295
store_95,2015-07-28,799.415
store_95,2015-07-29,797.785
store_95,2015-07-30,833.595
store_95,2015-07-31,788.43
store_95,2015-08-01,685.365
store_95,2015-08-02,0.0
store_95,2015-08-03,992.835
store_95,2015-08-04,821.235
store_95,2015-08-05,755.575
store_95,2015-08-06,759.14
store_95,2015-08-07,742.075
store_95,2015-08-08,687.675
store_95,2015-08-09,0.0
store_95,2015-08-10,772.2
store_95,2015-08-11,706.875
store_95,2015-08-12,670.675
store_95,2015-08-13,664.35
store_95,2015-08-14,664.73
store_95,2015-08-15,667.845
store_95,2015-08-16,0.0
store_95,2015-08-17,1007.82
store_95,2015-08-18,885.49
store_95,2015-08-19,798.395
store_95,2015-08-20,798.63
store_95,2015-08-21,768.335
store_95,2015-08-22,653.655
store_95,2015-08-23,0.0
store_95,2015-08-24,781.425
store_95,2015-08-25,693.765
store_95,2015-08-26,674.795
store_95,2015-08-27,674.56
store_95,2015-08-28,708.18
store_95,2015-08-29,634.255
store_95,2015-08-30,0.0
store_96,2015-07-20,721.615
store_96,2015-07-21,645.315
store_96,2015-07-22,690.1
store_96,2015-07-23,703.565
store_96,2015-07-24,716.865
store_96,2015-07-25,463.195
store_96,2015-07-26,0.0
store_96,2015-07-27,938.87
store_96,2015-07-28,843.795
store_96,2015-07-29,824.765
store_96,2015-07-30,806.665
store_96,2015-07-31,791.585
store_96,2015-08-01,461.63
store_96,2015-08-02,0.0
store_96,2015-08-03,952.185
store_96,2015-08-04,794.555
store_96,2015-08-05,749.475
store_96,2015-08-06,760.22
store_96,2015-08-07,756.72
store_96,2015-08-08,445.145
store_96,2015-08-09,0.0
store_96,2015-08-10,733.24
store_96,2015-08-11,672.46
store_96,2015-08-12,646.62
store_96,2015-08-13,639.72
store_96,2015-08-14,682.11
store_96,2015-08-15,440.385
store_96,2015-08-16,0.0
store_96,2015-08-17,976.975
store_96,2015-08-18,820.945
store_96,2015-08-19,750.14
store_96,2015-08-20,757.86
store_96,2015-08-21,773.055
store_96,2015-08-22,436.36
store_96,2015-08-23,0.0
store_96,2015-08-24,725.99
store_96,2015-08-25,648.14
store_96,2015-08-26,629.87
store_96,2015-08-27,643.435
store_96,2015-08-28,666.855
store_96,2015-08-29,437.87
store_96,2015-08-30,0.0
store_97,2015-07-20,495.98
store_97,2015-07-21,451.935
store_97,2015-07-22,452.43
store_97,2015-07-23,464.64
store_97,2015-07-24,483.075
store_97,2015-07-25,474.265
store_97,2015-07-26,0.0
store_97,2015-07-27,703.93
store_97,2015-07-28,589.9
store_97,2015-07-29,557.035
store_97,2015-07-30,573.615
store_97,2015-07-31,562.48
store_97,2015-08-01,491.435
store_97,2015-08-02,0.0
store_97,2015-08-03,740.355
store_97,2015-08-04,594.875
store_97,2015-08-05,539.98
store_97,2015-08-06,539.415
store_97,2015-08-07,538.24
store_97,2015-08-08,492.18
store_97,2015-08-09,0.0
store_97,2015-08-10,516.06
store_97,2015-08-11,470.505
store_97,2015-08-12,466.535
store_97,2015-08-13,486.78
store_97,2015-08-14,513.575
store_97,2015-08-15,489.455
store_97,2015-08-16,0.0
store_97,2015-08-17,713.03
store_97,2015-08-18,601.67
store_97,2015-08-19,579.465
store_97,2015-08-20,570.02
store_97,2015-08-21,579.065
store_97,2015-08-22,493.7
store_97,2015-08-23,0.0
store_97,2015-08-24,496.445
store_97,2015-08-25,473.405
store_97,2015-08-26,466.315
store_97,2015-08-27,487.89
store_97,2015-08-28,513.51
store_97,2015-08-29,499.155
store_97,2015-08-30,0.0
store_98,2015-07-20,443.33
store_98,2015-07-21,405.8
store_98,2015-07-22,403.5
store_98,2015-07-23,405.42
store_98,2015-07-24,418.015
store_98,2015-07-25,351.405
store_98,2015-07-26,0.0
store_98,2015-07-27,567.33
store_98,2015-07-28,499.445
store_98,2015-07-29,491.78
store_98,2015-07-30,504.89
store_98,2015-07-31,495.865
store_98,2015-08-01,360.0
store_98,2015-08-02,0.0
store_98,2015-08-03,602.57
store_98,2015-08-04,509.995
store_98,2015-08-05,468.86
store_98,2015-08-06,471.4
store_98,2015-08-07,464.245
store_98,2015-08-08,331.935
store_98,2015-08-09,0.0
store_98,2015-08-10,463.05
store_98,2015-08-11,423.45
store_98,2015-08-12,414.525
store_98,2015-08-13,425.735
store_98,2015-08-14,430.78
store_98,2015-08-15,338.63
store_98,2015-08-16,0.0
store_98,2015-08-17,611.165
store_98,2015-08-18,515.455
store_98,2015-08-19,487.295
store_98,2015-08-20,480.965
store_98,2015-08-21,467.215
store_98,2015-08-22,345.12
store_98,2015-08-23,0.0
store_98,2015-08-24,469.125
store_98,2015-08-25,421.845
store_98,2015-08-26,425.595
store_98,2015-08-27,422.615
store_98,2015-08-28,438.635
store_98,2015-08-29,345.58
store_98,2015-08-30,0.0
store_99,2015-07-20,734.41
store_99,2015-07-21,639.105
store_99,2015-07-22,640.1
store_99,2015-07-23,681.455
store_99,2015-07-24,663.12
store_99,2015-07-25,555.86
store_99,2015-07-26,0.0
store_99,2015-07-27,980.575
store_99,2015-07-28,838.435
store_99,2015-07-29,823.515
store_99,2015-07-30,848.25
store_99,2015-07-31,845.185
store_99,2015-08-01,596.41
store_99,2015-08-02,0.0
store_99,2015-08-03,999.985
store_99,2015-08-04,837.605
store_99,2015-08-05,772.925
store_99,2015-08-06,769.265
store_99,2015-08-07,746.64
store_99,2015-08-08,573.64
store_99,2015-08-09,0.0
store_99,2015-08-10,780.01
store_99,2015-08-11,719.925
store_99,2015-08-12,692.25
store_99,2015-08-13,705.875
store_99,2015-08-14,724.235
store_99,2015-08-15,565.99
store_99,2015-08-16,0.0
store_99,2015-08-17,995.98
store_99,2015-08-18,866.725
store_99,2015-08-19,792.215
store_99,2015-08-20,809.34
store_99,2015-08-21,774.33
store_99,2015-08-22,558.725
store_99,2015-08-23,0.0
store_99,2015-08-24,777.15
store_99,2015-08-25,689.55
store_99,2015-08-26,680.11
store_99,2015-08-27,692.755
store_99,2015-08-28,695.065
store_99,2015-08-29,546.055
store_99,2015-08-30,0.0
