store_id,forecast_week,sales_prediction
1,1,30246.860666882076
1,2,29050.25706434067
1,3,29379.44582705172
1,4,30096.316346583793
1,5,29724.647470482312
1,6,29106.323036789036
1,7,29548.050527477113
1,8,31099.68003927613
1,9,17575.62536923209
2,1,47813.29869527923
2,2,47589.51414020777
2,3,47842.676890888586
2,4,48040.809383574284
2,5,48026.75010616445
2,6,48170.83217362799
2,7,48195.48625162573
2,8,48228.14086594265
2,9,27583.95461957632
3,1,46766.266138307954
3,2,46057.787362405776
3,3,44748.73202751124
3,4,44716.96497938665
3,5,45124.27663739905
3,6,45715.99045963171
3,7,45103.73108914012
3,8,44985.25395426626
3,9,25686.32287985042
4,1,46691.901185010756
4,2,46712.35288642821
4,3,46589.88054668302
4,4,46593.79369414939
4,5,46550.93381216446
4,6,46573.29259998465
4,7,46895.62084569322
4,8,46902.2126359429
4,9,26827.74572347464
5,1,47059.707997628786
5,2,47132.89957009703
5,3,46764.95683655638
5,4,47109.095405825705
5,5,47015.31984815727
5,6,47071.31054844932
5,7,46593.377198804075
5,8,46814.687541993466
5,9,26913.88715632433
6,1,46032.9780368062
6,2,45775.8075908109
6,3,46243.62873421649
6,4,46058.30269906502
6,5,45964.236951845465
6,6,45807.114337320345
6,7,45658.972462715676
6,8,45809.95473091443
6,9,26175.87335462695
7,1,38528.62530561569
7,2,38575.70135560293
7,3,37802.939066916704
7,4,37667.40856157285
7,5,38197.19194609442
7,6,38274.7169702069
7,7,37459.26469664109
7,8,36730.94331602642
7,9,21181.816462464303
8,1,51266.28227800389
8,2,50447.02738693195
8,3,49376.27535267618
8,4,50234.25520532161
8,5,50429.418306689164
8,6,51011.41242855073
8,7,49100.97021130874
8,8,49660.0267899862
8,9,28220.791063456516
9,1,34611.406534127666
9,2,34640.53596187963
9,3,35624.06329960481
9,4,35532.61143544194
9,5,35617.24381443059
9,6,35794.11972287391
9,7,36001.89614637182
9,8,35952.90364836523
9,9,20492.670157533325
10,1,45488.44881946058
10,2,45089.94415553003
10,3,44998.61448433322
10,4,45384.908163114655
10,5,45099.49751312582
10,6,45048.63129739733
10,7,44867.74430390252
10,8,44907.081921941084
10,9,25611.751274110906
11,1,41698.464694535636
11,2,42270.45193307633
11,3,42921.730642667666
11,4,42950.78570437757
11,5,42770.48243503158
11,6,43293.97827116936
11,7,43221.40928453591
11,8,43408.844515551864
11,9,24498.29594800183
12,1,45613.73860233337
12,2,45667.26267664724
12,3,46189.78605087747
12,4,46255.15016412246
12,5,45926.64279832113
12,6,45868.942991156924
12,7,46241.594913631416
12,8,46347.32036247439
12,9,26338.1890002425
13,1,45861.18222921319
13,2,45727.17882714227
13,3,45886.69902833583
13,4,46234.024386352045
13,5,45911.857218552555
13,6,46157.220572340404
13,7,46347.54246846756
13,8,46677.50055609902
13,9,26585.008823524127
14,1,48371.433848270695
14,2,47771.48653687989
14,3,47505.20886905664
14,4,47287.39239792159
14,5,47253.236078751754
14,6,47167.400576218744
14,7,46701.072703750615
14,8,46779.58805081794
14,9,26799.713282242556
15,1,24482.608410541456
15,2,24603.441751190967
15,3,24691.22290297449
15,4,24957.297201367965
15,5,25375.108254802883
15,6,25938.576484933186
15,7,26092.050682888857
15,8,25709.457812601682
15,9,14813.047843832735
16,1,37785.99015045673
16,2,37837.13326305468
16,3,37618.56697796014
16,4,37298.072428548374
16,5,37130.09486213905
16,6,37133.219982459486
16,7,37360.512538852876
16,8,37239.67677847106
16,9,21215.399438573524
17,1,10388.29693173232
17,2,11163.60366581476
17,3,11348.140753519448
17,4,11077.670573674475
17,5,11170.883137725948
17,6,11604.672291744662
17,7,12371.047209621813
17,8,11575.618364924012
17,9,6473.231569751432
18,1,47321.13000316764
18,2,47109.62486178632
18,3,46382.137544461075
18,4,46847.24935457364
18,5,47488.40791872935
18,6,47510.24028174131
18,7,46810.30790744927
18,8,47053.355267783125
18,9,26974.296325133575
19,1,49453.64909144385
19,2,49407.70053907794
19,3,49463.94158722894
19,4,49797.73341413008
19,5,49519.992012535055
19,6,49677.07344414641
19,7,49717.43238263015
19,8,49901.948916723646
19,9,28377.47925343527
20,1,25123.59793890381
20,2,27193.22298716429
20,3,28136.626810589212
20,4,27442.50552735978
20,5,28119.63588947051
20,6,27640.23205457111
20,7,27806.5894305341
20,8,27422.893215814252
20,9,15681.894114304978
21,1,33626.206553954755
21,2,34058.926940791454
21,3,34325.85539296561
21,4,33836.79424704334
21,5,33792.20050615353
21,6,34247.33541116005
21,7,35135.12683605788
21,8,34717.78884935285
21,9,19599.923497157008
22,1,52324.80651398162
22,2,52303.832246550875
22,3,52445.930634377655
22,4,52268.23890123774
22,5,52049.731148591396
22,6,51708.9939138479
22,7,52099.36038722979
22,8,51924.53032885235
22,9,29720.9078970684
23,1,21528.13679842819
23,2,22211.45409322546
23,3,21923.3693415979
23,4,21766.943247671887
23,5,22514.791579222383
23,6,22814.311524390345
23,7,23106.591918319245
23,8,22350.682241926977
23,9,13061.108302514633
24,1,55021.368533968096
24,2,55019.17690105138
24,3,55007.55419346736
24,4,54790.72885212618
24,5,55297.31178546991
24,6,54669.25904513022
24,7,54890.08663565659
24,8,54512.84141260497
24,9,31363.78994825017
25,1,53456.95116331198
25,2,53181.839930979084
25,3,53619.277261776566
25,4,53957.70144752101
25,5,53533.807592076155
25,6,53276.12637165381
25,7,53309.67506607539
25,8,53585.00788092583
25,9,30443.377167242772
26,1,40178.288430327826
26,2,40543.96138016305
26,3,40990.05360052014
26,4,40505.636166793134
26,5,40589.01101763094
26,6,40644.50230730946
26,7,41528.86491222576
26,8,40837.39856950125
26,9,23489.22180085117
27,1,25063.00844553727
27,2,25921.79450292991
27,3,26316.40227931887
27,4,26267.631533905937
27,5,26475.824277273223
27,6,26482.67273463288
27,7,27381.459617574903
27,8,26945.567731981293
27,9,15206.76172118642
28,1,38710.771679369514
28,2,38392.612512982145
28,3,37877.937602437734
28,4,37872.29465544062
28,5,37197.593667043104
28,6,36459.55952663815
28,7,35659.8525710913
28,8,35207.98491117378
28,9,20093.693013456286
29,1,30061.99119294402
29,2,30436.757165171737
29,3,30085.828921222528
29,4,29875.30618779136
29,5,30168.5944603026
29,6,30798.01590068255
29,7,31007.411620689327
29,8,30669.3673046982
29,9,17676.568486459844
30,1,50118.36586566664
30,2,49548.92543690487
30,3,50081.927864117766
30,4,50305.11426086145
30,5,49872.575811048395
30,6,49901.6881884479
30,7,49757.36572746947
30,8,50117.0658783522
30,9,28460.38043851169
31,1,52678.5644518467
31,2,51302.808271243615
31,3,50342.08709014629
31,4,51173.44672076769
31,5,51018.188866760276
31,6,51218.202699421905
31,7,50328.03331058738
31,8,50984.472088240465
31,9,29359.05746541502
32,1,32352.044812839755
32,2,32706.379670743503
32,3,33035.725984165845
32,4,32990.36077307593
32,5,33114.538807823235
32,6,33292.432607787734
32,7,34148.89926358808
32,8,34014.662227373265
32,9,19853.11367832595
33,1,37996.74713471138
33,2,37598.888461536706
33,3,37453.12859568391
33,4,37109.11336576943
33,5,37090.97276554696
33,6,36883.24478104294
33,7,36390.521384869695
33,8,36336.53888891253
33,9,20906.35910543751
34,1,44359.60039130108
34,2,44762.2977128244
34,3,44434.17283418958
34,4,44117.297167538694
34,5,43819.1649388494
34,6,43901.08521590485
34,7,43617.843577722524
34,8,42961.79319457338
34,9,24292.888039688158
35,1,47834.47445120668
35,2,47649.11015084124
35,3,48011.917250856066
35,4,47903.3486197614
35,5,47818.803790071295
35,6,47465.51287751471
35,7,48046.145873035166
35,8,48121.41817946081
35,9,27769.176456707268
36,1,46415.41556713667
36,2,46457.40068744136
36,3,46347.15618163493
36,4,46086.1194955807
36,5,45997.64322857273
36,6,45982.075464372814
36,7,46166.8530981185
36,8,46010.29168678395
36,9,26047.09234395314
37,1,46357.609066171615
37,2,46435.83301412035
37,3,46493.31736105698
37,4,46400.14810337859
37,5,46135.040200036085
37,6,45742.35675025977
37,7,46062.07463611233
37,8,46295.05893515835
37,9,26277.14964672016
38,1,56557.83458967567
38,2,56291.7146897467
38,3,55828.051958997545
38,4,55631.33193047628
38,5,55720.75186860178
38,6,55908.864237424124
38,7,55921.497455470846
38,8,55660.01606579376
38,9,31792.1368037741
39,1,24117.53539843243
39,2,25615.32356999049
39,3,27206.05270227894
39,4,26588.062770334513
39,5,26945.01981539858
39,6,27171.64024580111
39,7,28686.58538251794
39,8,28390.381459823668
39,9,15889.64848553452
40,1,28348.77717807208
40,2,29331.15124219783
40,3,30266.923072925303
40,4,29987.747666811683
40,5,30026.022085657736
40,6,30476.435141450933
40,7,30872.81322364434
40,8,30798.541335652324
40,9,17141.176650479512
41,1,40603.19656141032
41,2,40438.413024636
41,3,40622.38235584473
41,4,40618.05493255443
41,5,40364.94422800822
41,6,40395.730975649574
41,7,40873.347650127565
41,8,40977.72572135149
41,9,23169.916633658107
42,1,48715.55195511511
42,2,48193.98691206326
42,3,47720.172866712426
42,4,48012.72300850726
42,5,48143.91282487585
42,6,48087.23210196369
42,7,47718.442709348805
42,8,47982.80370013531
42,9,27518.3543727177
43,1,49549.0671001696
43,2,49891.010154555595
43,3,50413.95755712979
43,4,50113.14923541666
43,5,49790.72919097922
43,6,49162.182937303165
43,7,50087.90337044421
43,8,49919.68687118372
43,9,28293.623838917192
44,1,42292.21140363119
44,2,42779.82501746507
44,3,42776.90576705275
44,4,43035.15202492074
44,5,43632.831365650054
44,6,43515.34960500366
44,7,43718.63474699022
44,8,43315.68778845279
44,9,25160.178088593908
45,1,31302.624542270787
45,2,31112.895044762223
45,3,30396.663791834748
45,4,30395.872467679543
45,5,30207.53126898307
45,6,30499.71097448449
45,7,30525.32214553189
45,8,30330.493333312086
45,9,17083.644090922353
46,1,40032.825942902564
46,2,40199.7117716268
46,3,40647.517886565336
46,4,40622.32149835583
46,5,39934.61999216729
46,6,39801.43077406637
46,7,40196.30681326195
46,8,40478.297741510134
46,9,22691.31636875515
47,1,40704.073376701854
47,2,40760.00784113579
47,3,40640.30972679218
47,4,40377.62581667333
47,5,40418.62511216291
47,6,40594.082527595194
47,7,40064.4418738669
47,8,39761.33013733272
47,9,22443.393364321964
48,1,55493.28556414109
48,2,54146.47303483531
48,3,54196.22611872399
48,4,54474.91749238211
48,5,54212.762628718534
48,6,53925.461526653155
48,7,53419.90053782721
48,8,54088.6882737786
48,9,30776.916035306527
49,1,54467.004325189235
49,2,53616.154412030846
49,3,53585.40449610721
49,4,54032.03920521656
49,5,53622.58380838664
49,6,53029.246131116546
49,7,53380.28659255714
49,8,54049.795952651155
49,9,31351.435950980085
50,1,22615.59260522576
50,2,23805.97168820708
50,3,23326.75207206457
50,4,23521.001983840422
50,5,23103.325041358752
50,6,23729.04403984705
50,7,22897.562477971213
50,8,22152.511333548315
50,9,12187.223565479831
51,1,49812.58387285266
51,2,49164.00196390781
51,3,49138.135012075
51,4,49524.66615932885
51,5,49489.64671727046
51,6,49216.05166338883
51,7,49236.32845966257
51,8,49862.472065439266
51,9,28517.37626062765
52,1,46064.938188535794
52,2,45813.88918957703
52,3,46375.06652907159
52,4,46407.03309387587
52,5,46115.30493619548
52,6,45667.862734200186
52,7,45779.009913159025
52,8,46139.67824212371
52,9,26353.453778783045
53,1,25287.761120457908
53,2,25661.728461626957
53,3,25161.445371183872
53,4,25826.28060935631
53,5,26361.29767831335
53,6,27269.166723788032
53,7,26559.60507379474
53,8,26283.328885296243
53,9,15172.991024129942
54,1,36920.013862415144
54,2,37369.373644063046
54,3,36862.0160068136
54,4,36622.92627776848
54,5,37053.18034236967
54,6,37283.52436220421
54,7,37689.49885517043
54,8,37202.66129126558
54,9,21450.417945957684
55,1,39448.8631564226
55,2,39645.99760362082
55,3,39305.04049243755
55,4,39388.57554572043
55,5,39744.982638997164
55,6,39689.15837623413
55,7,38883.72496700639
55,8,38559.07792615305
55,9,22220.285847916177
56,1,37984.615456603366
56,2,38721.257912660534
56,3,38959.122960945264
56,4,38602.85030623641
56,5,38648.385760403384
56,6,38571.807211868494
56,7,39449.49034700284
56,8,39207.247573819426
56,9,22630.075399559555
57,1,25736.7319027419
57,2,26482.05994903709
57,3,26761.04978669044
57,4,26660.61849528192
57,5,27409.08138023781
57,6,27730.966349228504
57,7,27513.054903122556
57,8,27130.825396356522
57,9,15635.696909470975
58,1,42707.75391811364
58,2,43078.33475745318
58,3,42833.353636408676
58,4,42403.17532654404
58,5,42705.04514135709
58,6,43038.42449526046
58,7,43107.99278420503
58,8,42437.57296858099
58,9,24472.04328822071
59,1,48278.227505820905
59,2,48394.10787054687
59,3,48885.122230273264
59,4,48656.17277406376
59,5,48347.346427877055
59,6,48476.696057172005
59,7,48834.69244945577
59,8,48660.732658366345
59,9,27161.610749272397
60,1,43085.05549957432
60,2,43207.56770806641
60,3,43688.15067130509
60,4,43265.34722721276
60,5,43107.45291365599
60,6,43024.458641388104
60,7,43369.43393085816
60,8,43371.91332179934
60,9,24514.659021748717
61,1,48721.420696265784
61,2,47968.68778673293
61,3,47568.22355617053
61,4,48208.13776692545
61,5,48300.59346043397
61,6,47844.51278897251
61,7,47171.624893523345
61,8,47607.714051945935
61,9,27166.460671049375
62,1,26066.376925924396
62,2,26793.039529026657
62,3,26912.362253244526
62,4,27022.97917120458
62,5,27301.091939474107
62,6,27576.012320797505
62,7,27824.42304262882
62,8,27779.73842007118
62,9,15954.362302554255
63,1,45593.83054080207
63,2,45685.65183601689
63,3,44982.509097357666
63,4,44870.7698393977
63,5,45522.97755324814
63,6,45697.60320128012
63,7,45194.47547526038
63,8,44815.09047403482
63,9,25759.78802735446
64,1,39613.046615771804
64,2,39728.46363484809
64,3,39428.19605261758
64,4,39438.8361044279
64,5,39362.64578192143
64,6,39593.37885038507
64,7,39118.00541761058
64,8,39076.76843346623
64,9,22428.47717943423
65,1,43203.841286493654
65,2,43597.154597543195
65,3,43252.41283453263
65,4,43295.750885311165
65,5,43307.367042515005
65,6,43285.045119709306
65,7,43307.28943643492
65,8,43342.08026593452
65,9,24808.96417335255
66,1,39155.86570920568
66,2,38346.76128487459
66,3,37499.07116691557
66,4,37698.16108457672
66,5,37648.92171912982
66,6,37679.47323389747
66,7,36872.04910521903
66,8,37085.340353661
66,9,21233.271816875
67,1,44811.319346580174
67,2,43860.5526471771
67,3,43811.75658494881
67,4,43983.247803266364
67,5,43833.35045822452
67,6,43569.44934855371
67,7,43627.91732147896
67,8,43941.99439624906
67,9,24952.12878636344
68,1,44029.55573407969
68,2,43813.484416066996
68,3,43803.3078100799
68,4,44229.482679257795
68,5,44392.845968881986
68,6,44607.82258612031
68,7,43695.96432719193
68,8,43716.75820005706
68,9,24937.22158530748
69,1,45952.26945608726
69,2,45992.39749434511
69,3,46604.05583685302
69,4,46514.71630450527
69,5,46351.30783061957
69,6,45825.1743275744
69,7,46716.8208956379
69,8,46706.71642027546
69,9,26616.415677684246
70,1,52840.46191466869
70,2,52183.56252959814
70,3,52922.334527174404
70,4,53367.18680383559
70,5,52730.59697258635
70,6,52521.06696887073
70,7,52723.27270311768
70,8,52853.25246024248
70,9,29993.95311608284
71,1,26066.47488954784
71,2,26706.360895051555
71,3,26464.01075893115
71,4,26613.821945540243
71,5,26933.594488788724
71,6,27521.970521645122
71,7,26600.364461300604
71,8,26658.846012142127
71,9,15248.71929385281
72,1,37912.786085654414
72,2,38357.23422132462
72,3,38904.14737614209
72,4,38661.18837037211
72,5,38871.250431456894
72,6,38564.02624736254
72,7,39215.55013845672
72,8,38875.80002983971
72,9,22185.75296648004
73,1,37258.86615174188
73,2,37334.07690134568
73,3,37187.62174396258
73,4,37135.541724292416
73,5,37183.05267668934
73,6,37308.2005683108
73,7,37742.66928696374
73,8,37625.294679461076
73,9,21609.9796834198
74,1,37046.955957499486
74,2,37413.40025515319
74,3,37808.21412971625
74,4,37169.459673444966
74,5,37258.88413846134
74,6,37477.67405850437
74,7,38227.26244288597
74,8,37627.40802217905
74,9,21512.06415622471
75,1,47411.17655549858
75,2,47234.33380339057
75,3,47222.536558601205
75,4,47457.680316390986
75,5,47617.448716951585
75,6,47234.6212688783
75,7,47082.897169422955
75,8,46893.61670469037
75,9,27059.4454459962
76,1,29001.52807921325
76,2,29633.25806164517
76,3,29875.102261418353
76,4,29422.20986883911
76,5,29812.025077619906
76,6,29627.512415365913
76,7,30888.794757431526
76,8,30323.996232253558
76,9,16912.8674341304
77,1,41052.970085465335
77,2,40597.30918666514
77,3,40335.905879263184
77,4,40118.159303175555
77,5,40174.9283769771
77,6,39823.79701995117
77,7,40008.2413116148
77,8,40011.90979358211
77,9,22742.048773809307
78,1,38262.5265417088
78,2,39061.029362320056
78,3,38845.23189771545
78,4,38473.45567970286
78,5,38498.90337132917
78,6,38464.64792611721
78,7,38655.19584260082
78,8,38442.06188290971
78,9,21894.943488006284
79,1,40623.06437372098
79,2,39562.10813730169
79,3,39560.146221299314
79,4,39433.747339758374
79,5,39211.73645546105
79,6,38858.85807157321
79,7,39696.34647930294
79,8,39522.73045617952
79,9,22601.13265197316
80,1,32923.91195082085
80,2,33722.94547326419
80,3,32899.08042371867
80,4,32830.60117375762
80,5,33554.978322607654
80,6,33343.929110734396
80,7,33277.25567420622
80,8,32603.024789319097
80,9,19177.115139263948
81,1,38896.59315424877
81,2,39238.22891161383
81,3,39358.95921361391
81,4,39708.41880469653
81,5,39628.5680543527
81,6,39610.444708425355
81,7,39688.92472391866
81,8,39927.520496957266
81,9,22771.817502364924
82,1,42398.11155573778
82,2,42319.899791605494
82,3,42320.64414299917
82,4,42732.27105980118
82,5,42793.54842449469
82,6,43012.37459056091
82,7,43081.480178314974
82,8,43190.36132611406
82,9,24600.20558170341
83,1,34090.4607474094
83,2,34221.422261078944
83,3,33886.198370433915
83,4,33400.11853789723
83,5,33528.52326270046
83,6,33904.82660708713
83,7,33594.36351103548
83,8,33081.47374672515
83,9,18806.55502171979
84,1,42855.013410008905
84,2,42633.31325377462
84,3,41970.207175991716
84,4,42234.05544896984
84,5,42519.125007905306
84,6,43250.410040080424
84,7,42161.71985713752
84,8,42143.019052928394
84,9,24182.859873273814
85,1,29191.612952335818
85,2,30034.788769032442
85,3,28855.02975740186
85,4,28882.46683806136
85,5,29279.439708132435
85,6,30071.46091526825
85,7,29183.197763371376
85,8,28839.71045679939
85,9,16726.752937626803
86,1,37160.74154017638
86,2,37280.75632414892
86,3,36575.21504707768
86,4,36561.15706747298
86,5,36662.91171063725
86,6,36981.44436286293
86,7,36589.79827888834
86,8,36652.038980443285
86,9,20798.8382941199
87,1,44015.2307594397
87,2,43352.88981084271
87,3,43044.94300634562
87,4,43849.42909703145
87,5,43504.23773171046
87,6,43474.11003871882
87,7,42858.80938523198
87,8,43347.72847164424
87,9,24549.26684207352
88,1,42760.59258203518
88,2,43033.21804876763
88,3,42626.83729556474
88,4,42029.50933297742
88,5,41989.5954061411
88,6,42385.93430066017
88,7,42249.84778327892
88,8,41826.55660532861
88,9,23681.137349097364
89,1,48704.402405885245
89,2,49037.261026636996
89,3,49018.20833013526
89,4,49009.52617451272
89,5,49282.01321113282
89,6,49083.68953518162
89,7,48415.44711068708
89,8,47955.543002852835
89,9,27506.755372677704
90,1,40856.15761065804
90,2,40896.519647439985
90,3,40974.471684382734
90,4,40946.12824386286
90,5,40641.156024519754
90,6,40610.97131239554
90,7,41099.678973181675
90,8,41032.105225534935
90,9,23318.268315586596
91,1,41126.50755189231
91,2,41413.94973018492
91,3,40960.539281519625
91,4,40758.146092190414
91,5,41435.306440459935
91,6,41939.755851535214
91,7,41407.74598041564
91,8,40676.58703960127
91,9,23074.960940771412
92,1,32741.42534144917
92,2,33742.42839076814
92,3,34508.952917389164
92,4,33889.54149903591
92,5,34359.98710459643
92,6,33470.91515046253
92,7,34390.946549413056
92,8,34115.92665558297
92,9,19968.720929921237
93,1,33372.64281422204
93,2,33044.87863604944
93,3,32235.92150510455
93,4,32690.832001621264
93,5,32780.12935750879
93,6,33176.11219400822
93,7,32628.119539045627
93,8,32702.594201129934
93,9,18881.873252557747
94,1,40140.36969740825
94,2,40231.571826597145
94,3,39297.2905670384
94,4,39854.05467081439
94,5,40276.61350844213
94,6,41124.0738554232
94,7,39581.77040137198
94,8,39742.50321853324
94,9,22863.177365122858
95,1,30503.04472659902
95,2,30772.180626544945
95,3,30941.356191304647
95,4,31050.073997495707
95,5,31015.836775451895
95,6,31346.10055665607
95,7,31653.67933445147
95,8,31557.10613406185
95,9,17926.04182552285
96,1,50484.56248270063
96,2,50484.93995825065
96,3,50595.4545596137
96,4,50384.165054723606
96,5,50581.33876154853
96,6,50309.849825023426
96,7,49931.54942847723
96,8,49909.28918950418
96,9,28555.728905789438
97,1,36848.34398781224
97,2,36579.115861523074
97,3,35583.60775535063
97,4,34852.85720581661
97,5,34899.037051054045
97,6,34569.760999518985
97,7,35883.86520383705
97,8,35537.92320855917
97,9,20309.751038185568
98,1,41852.77135289126
98,2,41940.769218655994
98,3,41643.650846120516
98,4,41915.24977077919
98,5,41975.62184334628
98,6,42041.878393720224
98,7,41879.80250232986
98,8,42313.11850519361
98,9,24113.127204694225
99,1,56720.941073482216
99,2,57055.74857745406
99,3,57471.646231358405
99,4,57213.625564534515
99,5,57473.27478825773
99,6,56212.28604324597
99,7,57071.18534150546
99,8,56783.26389640033
99,9,33012.573261784695
100,1,40523.69269667429
100,2,40488.841712830195
100,3,40603.199877862346
100,4,40906.57806806193
100,5,41070.70274684647
100,6,41138.65355969948
100,7,41252.07642211405
100,8,41400.40857541637
100,9,23478.771505781024
101,1,45612.103414873956
101,2,45855.75448717804
101,3,46002.94767365225
101,4,45844.99647228647
101,5,46052.68492547711
101,6,45766.23948064789
101,7,46653.40601374457
101,8,46509.790913137535
101,9,26638.31708661183
102,1,46866.02730927098
102,2,46541.806896236325
102,3,46081.935615193936
102,4,46833.867893994095
102,5,46805.567330646634
102,6,46706.08618637098
102,7,46163.08831203213
102,8,46471.32421769791
102,9,26493.032207786036
103,1,38435.138635614436
103,2,38468.17953700713
103,3,37479.41159301632
103,4,37604.859928319085
103,5,36648.284496996464
103,6,36814.33314214419
103,7,35922.312635734816
103,8,35343.12724729752
103,9,19753.584186281238
104,1,37551.416353692766
104,2,37707.30051937877
104,3,38307.091462902645
104,4,39008.78014442235
104,5,38851.60533661045
104,6,38804.53417948951
104,7,38184.90563221523
104,8,38672.13067458748
104,9,21613.533688080064
105,1,43505.911526769174
105,2,43288.81307019274
105,3,43380.015863039574
105,4,42704.18632725675
105,5,42489.54489764376
105,6,42455.92861210828
105,7,43045.32157806327
105,8,43016.927917391185
105,9,24325.083511729896
106,1,41346.87704060717
106,2,41368.97340973685
106,3,41395.65921283341
106,4,41315.44064883424
106,5,41364.82043042499
106,6,41596.74315265835
106,7,41707.921447714405
106,8,41660.61739797732
106,9,23753.490488892294
107,1,42223.851036277556
107,2,41908.56094211195
107,3,41109.173195228504
107,4,41286.74067400457
107,5,41396.11482133565
107,6,41453.24813185558
107,7,41444.08877889839
107,8,41472.02983787936
107,9,23916.090517279234
108,1,31227.461478204958
108,2,32471.268027923532
108,3,32454.95091973455
108,4,32125.870076188752
108,5,31533.140850494587
108,6,31234.07205427849
108,7,31576.748623313302
108,8,30205.898176797393
108,9,16771.352135119287
109,1,40667.668102283395
109,2,40366.311064355665
109,3,40397.00830883028
109,4,40220.58288118345
109,5,39839.80479272664
109,6,39611.64650039008
109,7,40296.021452540954
109,8,40569.10191467292
109,9,23214.20994925802
110,1,50335.3634144236
110,2,49569.0029875789
110,3,49368.24603195293
110,4,49740.396653795804
110,5,49683.74824162912
110,6,49471.87678088737
110,7,49210.25457550484
110,8,49473.97577814219
110,9,28445.0827498934
111,1,57140.762385294525
111,2,56510.56581364662
111,3,56392.36461296455
111,4,56341.87722350748
111,5,56195.51057746699
111,6,56222.18714181836
111,7,56360.254245077194
111,8,56538.93690689811
111,9,32185.28507280621
112,1,25571.69211359981
112,2,26247.176865850342
112,3,26174.191419799332
112,4,26035.39032529
112,5,26699.85902892297
112,6,27527.08105049896
112,7,27432.1162323901
112,8,26829.603808301097
112,9,15778.446784145606
113,1,41295.26870834833
113,2,40839.33972678589
113,3,40583.75259673463
113,4,41161.21564100222
113,5,41139.92827446987
113,6,40956.99417070629
113,7,40403.95314940957
113,8,40701.6641387534
113,9,23385.975053258833
114,1,42125.66858797082
114,2,42374.41366507673
114,3,41728.1087227407
114,4,41469.835996434034
114,5,42154.08861220725
114,6,41941.67470046348
114,7,41627.715194247925
114,8,41492.308872330796
114,9,23847.140480205017
115,1,40887.24763981789
115,2,40995.1865185818
115,3,40695.36505956396
115,4,40698.45296591197
115,5,40495.458421092866
115,6,40275.825515624056
115,7,39737.20586959724
115,8,39689.091246277814
115,9,22595.22043194337
116,1,35566.163092194576
116,2,34288.56704634418
116,3,33074.11655658468
116,4,33223.275625516224
116,5,33158.92000039709
116,6,33507.07667674086
116,7,32499.607098264343
116,8,32674.27424215469
116,9,18636.6643263064
117,1,26638.96789463601
117,2,26904.21958794642
117,3,26795.091555239982
117,4,26807.509519045074
117,5,27297.231030963518
117,6,27871.47094804827
117,7,27583.684125200343
117,8,27440.945606004614
117,9,15679.805063793166
118,1,43244.09444756957
118,2,42639.040430613604
118,3,42670.96358231495
118,4,42843.966389773836
118,5,42285.70007554271
118,6,42927.99951784219
118,7,43298.99613310496
118,8,43247.90686156093
118,9,24507.122320131333
119,1,47278.08997334524
119,2,47356.304621791045
119,3,47558.40584116772
119,4,47685.95370412184
119,5,47602.42401235341
119,6,47627.630152583646
119,7,47463.69628091815
119,8,47538.93757942539
119,9,27007.623524425584
120,1,56536.38741704946
120,2,56277.53760587572
120,3,56264.63653421798
120,4,56162.80314833715
120,5,55920.43679468974
120,6,55609.91809535459
120,7,55643.61190800179
120,8,55537.99827606818
120,9,31730.57769126966
121,1,20821.34775866676
121,2,21647.529922621616
121,3,20615.099705498924
121,4,19881.6429063446
121,5,20193.702149374847
121,6,20823.688665099267
121,7,21109.118912310736
121,8,20787.270476465175
121,9,11943.685994186892
122,1,45732.296188679145
122,2,45533.34755515804
122,3,45149.62782776912
122,4,45215.29961288475
122,5,45491.094453271704
122,6,45839.033878860595
122,7,45238.05049616051
122,8,45174.03480320388
122,9,25868.256884622144
123,1,40381.879983757186
123,2,40714.9035954854
123,3,40585.35325225528
123,4,40406.560289458816
123,5,40254.40250841881
123,6,40005.20015154393
123,7,39724.54732680588
123,8,39680.53671737309
123,9,22645.117694525343
124,1,37905.98873822822
124,2,38326.21005025392
124,3,38299.43705202509
124,4,38055.72099199944
124,5,37783.356373005496
124,6,38124.349607771364
124,7,38022.31771929212
124,8,38006.48407353304
124,9,21508.65754046192
125,1,43476.24025705245
125,2,43381.867256849284
125,3,43100.25664843393
125,4,43218.86627689434
125,5,43230.79819715665
125,6,43162.00347292907
125,7,43234.305207438076
125,8,42885.268852056106
125,9,24762.64932222008
126,1,36877.77396373285
126,2,37392.675350023055
126,3,38023.74780866753
126,4,38161.68132757203
126,5,38297.349339874265
126,6,38425.786181704825
126,7,39047.501990451026
126,8,38876.396679494086
126,9,22087.55750168907
127,1,40382.22628114285
127,2,40857.32655080632
127,3,41860.81377229802
127,4,41758.6504108267
127,5,41713.54623661628
127,6,41339.2944091433
127,7,42130.28805882462
127,8,41785.29275803743
127,9,24033.456423755888
128,1,37348.65887172045
128,2,38173.53285578473
128,3,38479.89019124712
128,4,37888.49206245573
128,5,38072.076972785886
128,6,38215.97738234601
128,7,38780.37558892812
128,8,38468.775376743986
128,9,21836.26527160471
129,1,48583.99627036175
129,2,48366.914972559745
129,3,47923.75559459047
129,4,48585.76984772933
129,5,48290.94582806516
129,6,48127.80750877732
129,7,47492.38650755605
129,8,48009.9682928909
129,9,27384.5284592398
130,1,38353.240310022724
130,2,40766.31104885427
130,3,42153.71602471739
130,4,41563.24303446607
130,5,41886.48391615312
130,6,42164.570341087034
130,7,43230.31097480201
130,8,42573.25998566726
130,9,24099.578035760132
131,1,43648.4364207991
131,2,43302.57270542478
131,3,42790.84722187153
131,4,42900.13135866367
131,5,42821.75776872961
131,6,43037.09704176069
131,7,42793.72458005675
131,8,42753.08369047715
131,9,24494.842385371427
132,1,47107.910950065234
132,2,47011.352765209194
132,3,47177.835849221614
132,4,46825.766149810406
132,5,46780.99722085316
132,6,46833.526804068875
132,7,46779.89514960391
132,8,46666.12018532398
132,9,26500.19579654411
133,1,46437.76212471869
133,2,46271.355660328474
133,3,46340.83390274701
133,4,46315.0268696466
133,5,46343.05087592376
133,6,45882.86769340897
133,7,46003.90831450061
133,8,45979.82001149139
133,9,26335.21726517823
134,1,44910.78462603588
134,2,44655.03347624605
134,3,44604.27594161255
134,4,44893.658741392865
134,5,45100.61348369909
134,6,45069.463074172505
134,7,44910.466358582016
134,8,44748.07220874432
134,9,25677.651882551923
135,1,30717.125261667785
135,2,31357.302897509737
135,3,30927.905000994662
135,4,30828.79102323717
135,5,31156.88433866845
135,6,31607.599181425016
135,7,31851.915134811607
135,8,31787.09184348773
135,9,18256.010748094817
136,1,32959.4709709563
136,2,32631.69017763174
136,3,32228.40237495767
136,4,32587.804054562745
136,5,32311.537093765277
136,6,31960.855233657305
136,7,31650.69668707876
136,8,31921.91497090993
136,9,18309.58373539281
137,1,42407.59891466531
137,2,42675.97792701098
137,3,43014.7681010246
137,4,43014.04946422323
137,5,42821.73664044089
137,6,43043.57235480505
137,7,42626.004233112704
137,8,42301.520074060456
137,9,24116.53014800042
138,1,44794.912441049484
138,2,44839.38528681701
138,3,44903.45837438485
138,4,44749.5247664529
138,5,44863.32112652262
138,6,44818.77425798215
138,7,44987.8363617459
138,8,44857.50380373132
138,9,25671.17660571789
139,1,42730.203625550675
139,2,42387.47424856018
139,3,42824.75406175292
139,4,43008.261598213314
139,5,43257.28888624925
139,6,43122.95400546055
139,7,42750.44855744889
139,8,43035.307457386734
139,9,24405.369378787414
140,1,30677.702788190865
140,2,29837.369938352385
140,3,28852.127354278342
140,4,28160.225352509162
140,5,27927.985835876512
140,6,27953.536161351516
140,7,28686.052849698943
140,8,28488.33064542436
140,9,16302.42501425695
141,1,43024.1242665473
141,2,43309.066168592195
141,3,43785.675273112494
141,4,43689.87498724868
141,5,43384.62763948092
141,6,43558.74998107438
141,7,44164.75674222801
141,8,43708.62201625931
141,9,24727.403726410354
142,1,20666.028410896415
142,2,21290.257267304314
142,3,21554.44707465853
142,4,21089.34722727139
142,5,21914.580146357832
142,6,21849.51821850582
142,7,22412.8540787304
142,8,21518.250700900848
142,9,12545.005164348413
143,1,43889.81947623095
143,2,43900.463110597804
143,3,43698.908570801395
143,4,43655.6714946174
143,5,43653.25927862526
143,6,44086.49254509737
143,7,44196.090048466256
143,8,44188.07788299574
143,9,25398.168602052465
144,1,37913.80674211584
144,2,37495.296307706805
144,3,37006.78219563526
144,4,37424.04003571101
144,5,37498.20831763099
144,6,37951.13701516758
144,7,37193.54412075839
144,8,37447.971378463575
144,9,21482.89272732966
145,1,29093.306956733242
145,2,28122.87932246054
145,3,26892.575591779303
145,4,26300.72173355528
145,5,25363.48661070675
145,6,24837.06175795789
145,7,25445.570188680278
145,8,25282.105204285057
145,9,14027.600044435912
146,1,39613.224811261534
146,2,39672.24681920123
146,3,39714.49486909291
146,4,39926.04940979196
146,5,39738.68988090204
146,6,40133.53475367064
146,7,40564.03150429272
146,8,40787.42138610323
146,9,23109.198281982433
147,1,39965.983498436326
147,2,40660.5896759488
147,3,41103.96191569095
147,4,40987.11090576199
147,5,41008.285391206424
147,6,40811.684111085575
147,7,41146.33514517688
147,8,40951.69356428854
147,9,23535.91251280017
148,1,51898.449730919696
148,2,51745.43092788884
148,3,52110.60730554439
148,4,52188.75773746533
148,5,51986.12961268711
148,6,51444.45475900621
148,7,51177.20768378036
148,8,51292.93278271105
148,9,29339.522690336584
149,1,58677.34064872263
149,2,58703.391173008065
149,3,58646.54174153687
149,4,58851.83127693103
149,5,58540.25936535396
149,6,59049.01432480431
149,7,58723.36169043704
149,8,58870.38409440288
149,9,33396.814823852816
150,1,29614.00114788619
150,2,30597.59488936973
150,3,31171.177206532535
150,4,31171.499302026943
150,5,31842.19992806602
150,6,32473.725373552872
150,7,32773.472051088465
150,8,33015.48869214484
150,9,18939.844285981482
151,1,54156.00639548945
151,2,53536.26152586462
151,3,53421.843054761775
151,4,53282.20157214659
151,5,53446.99111363384
151,6,53032.069537435105
151,7,53093.1595821593
151,8,53084.95773176697
151,9,30472.67960479232
152,1,51245.63352660683
152,2,50952.5888390375
152,3,50736.18591475719
152,4,50858.167989172405
152,5,50523.590752810895
152,6,50517.574737514384
152,7,50389.66320587118
152,8,50539.89869513118
152,9,28928.13519127044
153,1,54784.25305032605
153,2,54704.14056724628
153,3,54500.87339058906
153,4,54337.90018987628
153,5,55008.56679563745
153,6,54640.112326740185
153,7,54678.711321084425
153,8,54310.12001907207
153,9,31107.778146739805
154,1,25424.188661013428
154,2,25349.907821270263
154,3,25259.12090256979
154,4,25196.23264641858
154,5,25622.364880654233
154,6,25603.95678994606
154,7,25620.138716221125
154,8,25496.420229240022
154,9,14475.443081657975
155,1,39330.08342275478
155,2,39688.94698880688
155,3,39879.09849660653
155,4,39485.890171947496
155,5,39483.02742484375
155,6,39458.98771367676
155,7,40061.385218755655
155,8,39574.0598235357
155,9,22529.79246207348
156,1,40608.399476918086
156,2,40785.96394100077
156,3,40727.95735954459
156,4,40649.2952855708
156,5,40710.640188193545
156,6,40867.349344541915
156,7,40832.994090165485
156,8,40728.536289684984
156,9,23127.275285134518
157,1,39827.73781999476
157,2,40038.69821869623
157,3,40432.19077018817
157,4,40598.50701379422
157,5,40362.25221583126
157,6,40471.58355160098
157,7,40610.026803335146
157,8,40751.480570659216
157,9,23332.82642097094
158,1,39204.13682796513
158,2,38965.8242655563
158,3,38850.32726270428
158,4,39043.75319148094
158,5,38966.758835371176
158,6,39261.88789785599
158,7,38487.59063581332
158,8,38831.90706120661
158,9,22105.21022345321
159,1,28739.150622770234
159,2,29846.568611059665
159,3,30120.887467441557
159,4,30087.45528712385
159,5,30756.144960967555
159,6,30999.361774853052
159,7,31737.40588062494
159,8,31133.292675428704
159,9,18117.536785074397
160,1,37299.188237099166
160,2,37006.59784860116
160,3,36901.937711052
160,4,36697.13388263938
160,5,36760.70218697411
160,6,36182.11872849807
160,7,36578.51666382906
160,8,36352.62143966685
160,9,20760.968721106365
161,1,49360.53839603955
161,2,49004.63805569211
161,3,49321.983803770825
161,4,49368.11413265168
161,5,49192.3968404574
161,6,49299.90418237259
161,7,49222.90321745669
161,8,49463.82650937969
161,9,28276.94272949156
162,1,41838.670681694064
162,2,41759.97091281772
162,3,41291.20103140949
162,4,41007.52165790525
162,5,41589.11523933801
162,6,41244.00336428568
162,7,41068.37011845625
162,8,40869.893955960506
162,9,23513.563645613285
163,1,19050.37782027226
163,2,19953.250967945845
163,3,19983.623740014278
163,4,19843.563822024324
163,5,19948.42795259342
163,6,19967.85827919571
163,7,20042.52877074463
163,8,19751.117932160545
163,9,11212.161871913051
164,1,41182.98299714667
164,2,41102.441322734594
164,3,41030.82917867106
164,4,41095.417377211816
164,5,41193.62421969572
164,6,41268.87558672541
164,7,41337.106183433716
164,8,41331.57011578357
164,9,23550.49040512578
165,1,40747.504332668854
165,2,41119.853547356695
165,3,40924.30833981621
165,4,40586.96097497989
165,5,40866.69111357003
165,6,40889.07487070775
165,7,41207.58509249224
165,8,40759.7795563935
165,9,23211.519171180516
166,1,43350.476633503866
166,2,43293.831561766725
166,3,43511.74883923006
166,4,43489.148107425535
166,5,43490.24514942734
166,6,43537.254308511016
166,7,43564.105846724124
166,8,43699.24968587755
166,9,24947.58032593557
167,1,43905.71042824708
167,2,44197.903250901254
167,3,44113.44734256285
167,4,44451.42352590221
167,5,44493.20902387751
167,6,44566.6151319371
167,7,44098.765435220346
167,8,44252.08361124376
167,9,25064.61733297628
168,1,24596.621685254595
168,2,26263.574472483597
168,3,26530.34374856218
168,4,25952.941825629365
168,5,25639.623702963654
168,6,26189.464274723276
168,7,26437.90360125181
168,8,25086.244159531696
168,9,14202.583792193762
169,1,44673.16634531361
169,2,44160.1777527777
169,3,43821.14776014541
169,4,43947.69970391358
169,5,44341.32625795527
169,6,43999.60227657484
169,7,43358.43199984646
169,8,43056.607303741606
169,9,24650.973327047956
170,1,58750.29588494574
170,2,57081.02250377073
170,3,56374.63186910111
170,4,57271.92012192691
170,5,57109.08266298567
170,6,57168.3625737186
170,7,55997.54747272786
170,8,56388.29568731387
170,9,32532.321440264997
171,1,50982.666984130265
171,2,50232.837660766076
171,3,50187.79368867613
171,4,50646.76439077938
171,5,50651.76491340084
171,6,50666.37352047483
171,7,50122.167500981275
171,8,50554.490933035864
171,9,28447.198406406664
172,1,44594.9365954156
172,2,45769.696260335055
172,3,45086.96167410748
172,4,45122.6777801801
172,5,45099.589035850615
172,6,46258.56434230074
172,7,45892.89345154849
172,8,45650.24272309849
172,9,25893.53857792989
173,1,39128.45227618078
173,2,39650.48285922473
173,3,40209.96198476038
173,4,39700.01294889111
173,5,39400.95758844132
173,6,38953.31051588872
173,7,39876.244719203314
173,8,39641.09752985871
173,9,22448.663915411013
174,1,40637.813658257575
174,2,40732.128987817814
174,3,40929.05775836835
174,4,40934.569974565886
174,5,40895.31018192873
174,6,40699.69868750251
174,7,41535.87276002421
174,8,41491.704285025735
174,9,23750.393757937345
175,1,37613.71021583624
175,2,38043.55606089012
175,3,37790.42399049382
175,4,37897.26859446901
175,5,37958.76488792258
175,6,37303.93557630384
175,7,37194.43868274285
175,8,36779.1885690636
175,9,21038.538616762777
176,1,41572.239367328904
176,2,41893.132259787606
176,3,41995.99305896093
176,4,41485.339488710146
176,5,42010.895332320775
176,6,41173.3943774292
176,7,41748.034386956366
176,8,41298.973101450196
176,9,24003.055908363414
177,1,40090.966507931844
177,2,39751.271943466534
177,3,39972.85750155931
177,4,39806.52143676241
177,5,39864.918140214046
177,6,39889.91949802539
177,7,39904.46954280934
177,8,39648.56977513831
177,9,22666.89893840415
178,1,41575.49405436943
178,2,41675.438325154544
178,3,41210.41402933574
178,4,40569.41218476646
178,5,40901.8692194256
178,6,40648.85250156397
178,7,40698.74465483584
178,8,40052.65606321924
178,9,23147.774303957623
179,1,40764.041519230566
179,2,40858.34496643935
179,3,40879.56551263631
179,4,41047.318765376396
179,5,41221.346768575844
179,6,41414.67435720977
179,7,41173.50024544456
179,8,41272.84468422393
179,9,23530.03580985907
180,1,47620.70451574437
180,2,47674.60168495175
180,3,47688.446783895895
180,4,47491.34235023147
180,5,47773.76063580951
180,6,47450.98491846931
180,7,47842.325420601686
180,8,47628.02517018182
180,9,27309.229460870658
181,1,50297.76582163341
181,2,50009.595698014695
181,3,49895.25327966374
181,4,50403.31833244082
181,5,50568.08323658234
181,6,50292.41464561192
181,7,50266.450729617034
181,8,50297.89069474739
181,9,28981.692158216552
182,1,36357.427352348364
182,2,35942.05101267782
182,3,35578.37347070908
182,4,35707.35621776276
182,5,35195.569372018355
182,6,34576.106317741236
182,7,34134.112559162255
182,8,34069.15730658746
182,9,19555.00973761954
183,1,46142.88051979763
183,2,46205.192461416555
183,3,45902.893646518045
183,4,45917.15620966918
183,5,45815.29817632825
183,6,45783.383868439814
183,7,45836.98266824003
183,8,45631.28581156337
183,9,26123.702239922924
184,1,39127.813656240636
184,2,38996.46222381387
184,3,37750.70225417049
184,4,38096.10507716187
184,5,37506.77603294185
184,6,37760.95564302426
184,7,37447.36837660498
184,8,37803.31154850355
184,9,21457.15498893887
185,1,42354.027743747625
185,2,42188.21303798952
185,3,41204.76675304265
185,4,41011.069874846326
185,5,41211.655614587435
185,6,41510.07408889998
185,7,40694.590965248986
185,8,40520.69510334848
185,9,23236.092983400744
186,1,42990.443150693754
186,2,43721.11265371501
186,3,43191.28501182146
186,4,42717.69474430954
186,5,43294.300286638405
186,6,43396.61129613973
186,7,43282.21343822927
186,8,42986.595968112495
186,9,24960.76838807318
187,1,11536.981111403435
187,2,11622.645796231367
187,3,11451.212325222272
187,4,11512.715385972508
187,5,11395.0267889552
187,6,11459.863340931282
187,7,11725.390829258027
187,8,11706.791477671479
187,9,6551.375240338498
188,1,46451.895994307175
188,2,45076.89097505352
188,3,44862.10971914632
188,4,45434.375368497385
188,5,45388.051662593345
188,6,44965.757266510525
188,7,44751.84681092378
188,8,45279.274070426116
188,9,25492.980116149574
189,1,41877.03927509436
189,2,41295.782469058344
189,3,40927.65970548008
189,4,40938.98978210136
189,5,40774.10146147252
189,6,40703.45342425023
189,7,40444.627178644696
189,8,40182.89445903761
189,9,23104.008429378635
190,1,48703.40218232684
190,2,48539.550109207215
190,3,47990.38557517131
190,4,48513.57644098005
190,5,48144.37608038385
190,6,48625.88916382973
190,7,48811.71457578993
190,8,49147.90201385844
190,9,28176.025659115156
191,1,26749.93070609721
191,2,27331.985215238397
191,3,27450.659133269808
191,4,27034.860978076587
191,5,27412.24859767702
191,6,27294.79785075743
191,7,28990.54641880644
191,8,28512.278287080837
191,9,16534.113913610217
192,1,41531.65756428995
192,2,41410.615321234705
192,3,41419.41654753669
192,4,41602.3481238625
192,5,41581.05453498962
192,6,41480.32552888298
192,7,41573.52363893096
192,8,41650.91518796145
192,9,23893.571002741654
193,1,39541.982987658994
193,2,40052.121192852486
193,3,39784.51476932581
193,4,39643.22915021476
193,5,39735.631263060626
193,6,39266.71050473366
193,7,38112.24702759136
193,8,37917.503665234086
193,9,21476.97972041554
194,1,34419.80913005952
194,2,34541.66749787818
194,3,34040.10099009181
194,4,34393.3901344812
194,5,34720.15490935933
194,6,34723.503842252096
194,7,34602.27139613868
194,8,34643.02340576526
194,9,19895.848389223862
195,1,37980.11953725046
195,2,38856.166541324536
195,3,39860.49266634282
195,4,39382.71973434859
195,5,38966.33102807444
195,6,38619.67167471562
195,7,39445.264869131955
195,8,39408.54740901684
195,9,22249.713119670545
196,1,25399.251874489775
196,2,26479.401699237194
196,3,26115.615608761655
196,4,26463.322250329024
196,5,26248.657629461486
196,6,27670.810634116173
196,7,26930.883793747336
196,8,27087.88159205112
196,9,14966.548534483885
197,1,35497.9888977905
197,2,35450.502663651096
197,3,35271.95186793274
197,4,35786.77921561718
197,5,35536.38571203663
197,6,36139.9087197651
197,7,35393.115327532614
197,8,35508.42398268453
197,9,20107.6998756046
198,1,48802.441909632034
198,2,48116.5244200776
198,3,47337.72819934025
198,4,47691.94411443485
198,5,47821.73239805877
198,6,48220.76442126589
198,7,47444.40227036631
198,8,47573.89257414087
198,9,27234.550825768318
199,1,42648.14814884801
199,2,42576.371064193154
199,3,42702.229467386715
199,4,43180.96734646759
199,5,42689.86205648858
199,6,42640.58825942704
199,7,42794.04983347564
199,8,42991.422228921234
199,9,24415.58395942758
200,1,39706.33413281721
200,2,39673.057796916335
200,3,39367.27861745636
200,4,39025.12252251971
200,5,39183.52143950616
200,6,39167.2441006806
200,7,38930.592279211305
200,8,38599.853298437505
200,9,21940.85269628646
201,1,34230.22566233648
201,2,34209.97987269508
201,3,34107.666070489606
201,4,34012.268830743385
201,5,34022.74864368353
201,6,34317.366535811336
201,7,34047.83245421989
201,8,33840.40545271256
201,9,19369.358764581862
202,1,41319.2493758175
202,2,40844.270004316255
202,3,41291.51893735048
202,4,41434.05424511171
202,5,41228.76024042008
202,6,41224.63293958198
202,7,40882.043042763165
202,8,40983.91739775567
202,9,22943.00134791836
203,1,38279.92742561425
203,2,38232.621708683626
203,3,38216.268077971865
203,4,38185.280144832344
203,5,37809.484244030056
203,6,38433.02563054679
203,7,38224.48459353873
203,8,38181.523505836594
203,9,21578.183513438613
204,1,22439.91041980665
204,2,23856.466150899032
204,3,23674.312804209614
204,4,22844.431987685093
204,5,23385.061724924337
204,6,23593.922992463144
204,7,23933.307873233298
204,8,22956.87316899894
204,9,13217.913836208187
205,1,43251.052129407624
205,2,43248.07205390853
205,3,43085.912230223796
205,4,43146.25894495333
205,5,43497.67163614649
205,6,43632.930807514575
205,7,43289.347856080465
205,8,43274.690351368336
205,9,24765.03917764598
206,1,46134.93979837437
206,2,45717.94366798903
206,3,46284.540276250475
206,4,46253.03960259847
206,5,46003.392251781515
206,6,45681.907372253256
206,7,45585.34086630607
206,8,45836.855122175926
206,9,25956.2714189258
207,1,54731.936095217075
207,2,54789.09753170913
207,3,54681.60878045262
207,4,54807.990417872876
207,5,55539.146138305456
207,6,55362.090871432934
207,7,55447.53556316255
207,8,55141.95671222724
207,9,31808.750324478497
208,1,41885.032325149776
208,2,41734.691435146604
208,3,41824.289222968335
208,4,42057.2124099434
208,5,41718.46922052436
208,6,42014.56539229811
208,7,41936.2101387011
208,8,42001.280429016086
208,9,23837.006463502403
209,1,30371.370819428637
209,2,30898.937454718754
209,3,31058.72331965124
209,4,31228.84393262725
209,5,31590.76720721243
209,6,31922.792772261975
209,7,31592.018945249623
209,8,31507.8223888586
209,9,17948.90699135906
210,1,44138.601510454944
210,2,43882.11715815842
210,3,44465.21089902752
210,4,44404.64339768775
210,5,44196.38380952444
210,6,44237.43609349608
210,7,44411.67478493847
210,8,44464.84963457286
210,9,24890.09499644595
211,1,41080.69675397607
211,2,41007.84347366154
211,3,39980.51262198676
211,4,39854.2995716073
211,5,39488.38785804743
211,6,39509.873569995805
211,7,39264.735087414905
211,8,38759.65813481719
211,9,22380.15190354112
212,1,46415.6952270758
212,2,46685.46710293306
212,3,47464.04001218676
212,4,46650.01846002768
212,5,46653.5243741625
212,6,46367.08783751686
212,7,47416.9628198335
212,8,46885.836562543824
212,9,26906.517613468903
213,1,43719.37566978532
213,2,42791.994978438226
213,3,42315.76026284346
213,4,42654.54712991759
213,5,42530.191502055844
213,6,42312.89922143428
213,7,42581.01526022646
213,8,42667.94170642423
213,9,24372.707709440547
214,1,38610.86669288902
214,2,38214.18122029249
214,3,37440.55886754278
214,4,37488.23991966903
214,5,37536.65235260974
214,6,37566.619772487946
214,7,37250.679359341404
214,8,37335.36518959027
214,9,21261.751398840508
215,1,39604.625078426136
215,2,39719.54234341234
215,3,39689.635437398356
215,4,39667.644336460886
215,5,39261.40495745637
215,6,39068.77248032891
215,7,38858.01128480847
215,8,38924.15552224628
215,9,21750.006658703216
216,1,42649.17973025535
216,2,42424.40624621017
216,3,42294.78298802319
216,4,42402.196026077116
216,5,41905.55175484331
216,6,42230.43329367765
216,7,42318.32896564706
216,8,42567.607902735326
216,9,24095.02104534979
217,1,41675.21660087241
217,2,41741.26334262191
217,3,41464.41791484493
217,4,41662.70512786315
217,5,41639.896652697455
217,6,41601.48823127055
217,7,41311.58571774625
217,8,41191.743494391216
217,9,23377.666099809485
218,1,47859.59709096698
218,2,47777.369876148325
218,3,48098.42235983882
218,4,48367.90085569356
218,5,48702.020728117255
218,6,48196.11368647576
218,7,48676.76009430003
218,8,48673.94663244055
218,9,27912.809868726235
219,1,29324.168084728146
219,2,29142.238127872344
219,3,28273.416391830742
219,4,28288.71192618305
219,5,28453.97603374019
219,6,28271.656192120332
219,7,27780.141838109907
219,8,27265.527982470085
219,9,15637.241955061772
220,1,45373.02754299405
220,2,45365.90379719595
220,3,45210.7905003555
220,4,45350.13020408727
220,5,45444.90038078026
220,6,45180.970303429196
220,7,44889.94829124011
220,8,44805.79011356071
220,9,25849.57036727027
221,1,42311.845261984294
221,2,41458.218191130865
221,3,40693.2255441888
221,4,40777.769357590354
221,5,41150.9693107007
221,6,41461.831222164576
221,7,41066.730180615064
221,8,41049.007854773816
221,9,23483.383548897495
222,1,46265.17973244324
222,2,46156.490199222324
222,3,46259.17020999159
222,4,46008.530832243065
222,5,46110.94951373754
222,6,45779.18056181226
222,7,45248.205343136404
222,8,45277.77298145015
222,9,25842.391819737895
223,1,21507.903487962016
223,2,22189.22022963479
223,3,23078.519569923294
223,4,23338.695744257748
223,5,23410.88120710598
223,6,23582.3469035546
223,7,24098.354942860133
223,8,24154.752020399952
223,9,13183.340651543265
224,1,44882.79220544426
224,2,44108.83284633076
224,3,44016.00166018431
224,4,44160.979066954635
224,5,44296.29499865121
224,6,43768.55698423787
224,7,43670.19170180174
224,8,44326.89125987275
224,9,25392.384552264386
225,1,45089.75916662759
225,2,45179.32232101336
225,3,44995.22979943501
225,4,45279.69261128262
225,5,45389.14334666365
225,6,45192.4153184849
225,7,45064.22590059527
225,8,45309.137947897354
225,9,25881.16383287284
226,1,42213.857021951306
226,2,42189.39221619586
226,3,42156.56870827774
226,4,42091.835240276094
226,5,42080.98353953519
226,6,42333.557008336065
226,7,41611.981344374086
226,8,41444.55599196615
226,9,23446.00833758791
227,1,53155.9682365297
227,2,53425.92138513684
227,3,53919.049976413575
227,4,53628.48246734306
227,5,53966.24840225815
227,6,53344.23494362382
227,7,52852.802656968044
227,8,52412.91070956704
227,9,30156.074422550308
228,1,19203.5397396938
228,2,19862.937182949085
228,3,19502.294739338977
228,4,19622.266035789315
228,5,19942.1392734508
228,6,21228.87015079911
228,7,21006.117854411168
228,8,20994.049872557098
228,9,12119.67401824617
229,1,36135.165120883656
229,2,36330.72513028702
229,3,36452.24652598614
229,4,36191.48871619285
229,5,36086.11432303386
229,6,35264.30398891312
229,7,36120.00272519382
229,8,35881.57660763288
229,9,20252.56111219265
230,1,35031.92409350876
230,2,35099.61887555146
230,3,35017.56350520989
230,4,35163.46678494339
230,5,34802.47685103147
230,6,35244.51093601667
230,7,34927.34245200176
230,8,34996.49105412168
230,9,19844.586826723993
231,1,48153.56354345057
231,2,48436.751137153195
231,3,49362.86642117957
231,4,49151.11893220274
231,5,48706.5568532
231,6,48390.85969701395
231,7,49250.471140286405
231,8,49068.27915269227
231,9,27803.101663652185
232,1,16314.75526849991
232,2,16515.334372089135
232,3,16510.679678361303
232,4,16231.039011188741
232,5,16540.471368627197
232,6,16572.121880572806
232,7,16812.399510956166
232,8,16422.92017572775
232,9,9597.194996876491
233,1,25601.973490733268
233,2,26628.67466471563
233,3,27337.640493705447
233,4,27709.69336988851
233,5,28232.872764447344
233,6,29462.435410903458
233,7,30026.590671068123
233,8,30051.922767100663
233,9,17199.239306756783
234,1,26312.60656763806
234,2,27187.77680738133
234,3,27095.435028013377
234,4,27071.769402753984
234,5,26736.939345791863
234,6,27294.9811827711
234,7,27641.232915309014
234,8,27264.482905907083
234,9,15598.19348264218
235,1,37922.67685387263
235,2,37922.91992995261
235,3,37762.20061112071
235,4,37760.995082222165
235,5,38088.943455768276
235,6,37851.17806302232
235,7,37422.93222523273
235,8,37385.376638196656
235,9,21599.984153873123
236,1,63263.50222409246
236,2,62549.59746619784
236,3,62257.874520410856
236,4,63073.72473740872
236,5,63151.61491910092
236,6,62657.23562320546
236,7,62252.9199104587
236,8,62841.685658642105
236,9,36007.699943935506
237,1,29503.890961749283
237,2,30232.23211508587
237,3,30417.52128110677
237,4,30019.588375909934
237,5,30292.4773201155
237,6,30857.62917739249
237,7,31782.44218967465
237,8,31462.51045882747
237,9,17958.761918726155
238,1,43174.808021284916
238,2,43312.84865356884
238,3,43455.57507709449
238,4,42742.05823042462
238,5,42824.51619654236
238,6,42800.09846656425
238,7,42908.60739508842
238,8,42880.341008517986
238,9,24619.297354329334
239,1,63307.6762784546
239,2,62763.38146289686
239,3,62575.03965188512
239,4,62597.18518058928
239,5,63233.1252769429
239,6,62558.54881479216
239,7,62038.37848229571
239,8,62018.38857298353
239,9,35505.114480394695
240,1,50262.72261696605
240,2,50058.41769745711
240,3,49807.84831979998
240,4,49489.50891587918
240,5,49698.120812275694
240,6,49500.738166838746
240,7,49509.822749048755
240,8,49305.197476315945
240,9,28271.035070667298
241,1,25138.283704420955
241,2,27835.24726163698
241,3,28761.142696977575
241,4,28350.576598085867
241,5,28990.657940793517
241,6,29000.512581768042
241,7,29131.855293960023
241,8,28128.759866577526
241,9,16095.676668961618
242,1,42899.16157715819
242,2,42706.77829270125
242,3,43174.357202308835
242,4,43181.26529971037
242,5,43275.94252172038
242,6,42748.34897976975
242,7,43252.28690364436
242,8,43459.30115691801
242,9,24955.57305009907
243,1,43422.39747699441
243,2,43703.874516159754
243,3,44149.89275976012
243,4,43873.43540158554
243,5,43460.78408500873
243,6,43235.35141904833
243,7,43874.48572282309
243,8,43980.662897154965
243,9,25035.473280271442
244,1,43722.367862926694
244,2,44005.432067062495
244,3,43935.13870714691
244,4,43901.210144415054
244,5,44072.3756591805
244,6,43953.80061547743
244,7,44049.468598676816
244,8,43944.48871801882
244,9,25256.11472221701
245,1,46554.44090652991
245,2,46546.43499190016
245,3,46363.519280744964
245,4,46299.24455594971
245,5,46347.78188789683
245,6,46223.79315356318
245,7,45433.52385394206
245,8,45584.7487209391
245,9,25940.48925464197
246,1,24223.998353396008
246,2,25527.456405012068
246,3,25630.116884282503
246,4,25083.376103690207
246,5,25708.336736633362
246,6,26157.304246789958
246,7,26136.724771760928
246,8,25595.284235860032
246,9,14603.966622718057
247,1,40681.155578728
247,2,41147.352982212375
247,3,41344.638596225406
247,4,40599.51703005185
247,5,40965.635662797096
247,6,40917.42962745352
247,7,41172.47514582237
247,8,40705.48650817561
247,9,23336.923821737953
248,1,40041.170549112045
248,2,39620.439881144535
248,3,39565.33991893062
248,4,39171.73566170374
248,5,39644.47960397393
248,6,38747.943691976776
248,7,39391.043422079994
248,8,39243.70668668888
248,9,22823.311666094072
249,1,41071.87985155084
249,2,41444.47440915217
249,3,41038.6716829717
249,4,40885.57268291904
249,5,40592.62124062641
249,6,40727.166436870204
249,7,40859.74923071907
249,8,40670.65423649426
249,9,23442.340945704684
250,1,46819.17598565872
250,2,45747.063144915504
250,3,44777.25502465393
250,4,44769.743138479644
250,5,44724.32481392618
250,6,44412.98769667224
250,7,44924.52032012415
250,8,45002.881887752876
250,9,25652.34745314484
251,1,37654.823469937204
251,2,37732.94557052118
251,3,37054.90752032648
251,4,37414.41853240416
251,5,37563.85684888878
251,6,38138.38396599786
251,7,37158.435789256604
251,8,37077.2561469568
251,9,21117.9687771788
252,1,51494.442761283004
252,2,52170.09132876501
252,3,53245.883613011014
252,4,53228.923587114754
252,5,52709.93104983102
252,6,52554.907333607094
252,7,52070.12596141332
252,8,51684.98659128255
252,9,29409.22859002974
253,1,45874.12886809463
253,2,44960.54581787557
253,3,44292.87194256413
253,4,44485.69880871178
253,5,44568.54461172185
253,6,44190.68203485248
253,7,44003.82668940934
253,8,44479.53836126959
253,9,25452.137971018765
254,1,45201.180245625066
254,2,45568.5228811329
254,3,45435.76200212902
254,4,45589.5007370556
254,5,45782.78298349161
254,6,45937.91544382657
254,7,45918.25080503813
254,8,45860.04313930056
254,9,25957.212114567716
255,1,51453.98491111561
255,2,50606.88998401439
255,3,49965.619410036525
255,4,50489.5285875873
255,5,50406.90830314756
255,6,50528.22254509766
255,7,50757.38249414114
255,8,50924.75601095399
255,9,29066.822552665944
256,1,44978.07257882641
256,2,44638.0727881144
256,3,44041.89813782741
256,4,44823.79531553308
256,5,44992.03783330658
256,6,45078.64507579984
256,7,44142.9367541533
256,8,44429.77286052081
256,9,25286.221606826235
257,1,40825.89802094603
257,2,40803.45259077176
257,3,41256.33870549448
257,4,41218.987851674254
257,5,40884.34404892177
257,6,40541.647027063525
257,7,40937.29479010665
257,8,40964.43965732338
257,9,23693.265971073382
258,1,45209.96341420375
258,2,45655.182545993455
258,3,46064.04194838844
258,4,45559.58268579036
258,5,45197.598601574085
258,6,44980.79003193025
258,7,45832.777007569326
258,8,45569.48669087882
258,9,25853.374756712445
259,1,34037.038407183965
259,2,33957.55780313621
259,3,33835.722167801236
259,4,33906.6718325837
259,5,34040.27199061774
259,6,33813.22224229625
259,7,33678.79566560327
259,8,33610.603158849975
259,9,19387.94892012949
260,1,35502.227527908435
260,2,35846.57387272816
260,3,36189.14345387102
260,4,36247.82448110373
260,5,36049.273614074016
260,6,35943.25683729289
260,7,36296.58231808154
260,8,36541.815425696055
260,9,20923.17217645115
261,1,45153.133221784396
261,2,45291.43356548189
261,3,45518.169699681006
261,4,45300.75491522176
261,5,45424.078671293966
261,6,45115.67584464363
261,7,45418.57091463011
261,8,45307.13425552228
261,9,25851.30545043564
262,1,48690.196987888565
262,2,49158.67215262818
262,3,49864.12866983591
262,4,49118.08782227266
262,5,49166.17721317267
262,6,48593.18484544046
262,7,49423.0602598778
262,8,49216.2852719284
262,9,28078.19136137533
263,1,47197.8287294555
263,2,47484.8688762455
263,3,48149.77384181522
263,4,48069.13552034049
263,5,47398.75246302082
263,6,47509.04403024721
263,7,47160.4788672794
263,8,47529.3582160252
263,9,26943.39139154353
264,1,51905.07119244041
264,2,51697.374745941735
264,3,52038.47764562371
264,4,51978.756594493774
264,5,51774.86819894397
264,6,51720.50542574458
264,7,52193.74594044593
264,8,52185.55092995882
264,9,29903.057707812513
265,1,29486.873633051597
265,2,29601.40259540751
265,3,30032.727117085407
265,4,30019.52834615086
265,5,29729.75511249854
265,6,29921.201229302333
265,7,30284.205943159173
265,8,30367.47237558475
265,9,17183.401477929452
266,1,48218.92476297224
266,2,47285.852648666274
266,3,46859.396842940514
266,4,46706.076487413025
266,5,46556.11209921865
266,6,45779.08840004402
266,7,46085.96642643701
266,8,46363.54000229696
266,9,26432.396195166402
267,1,50059.814436566456
267,2,49814.78709785089
267,3,49662.737081264524
267,4,49924.54541879257
267,5,49246.29198769831
267,6,49192.9760968398
267,7,48657.4984779233
267,8,48923.81306301878
267,9,27967.832009006226
268,1,40997.00621240983
268,2,40319.93532672414
268,3,39248.232358024536
268,4,39128.75734610518
268,5,39441.6228010486
268,6,39480.79604903889
268,7,39418.5399983717
268,8,38953.656259503325
268,9,22176.784835253344
269,1,43196.49963617293
269,2,42751.69029493693
269,3,42060.74512331277
269,4,41666.328602923204
269,5,41356.054923718024
269,6,41528.44400337483
269,7,41355.25671955824
269,8,41368.28971369381
269,9,23612.183489416126
270,1,35212.7762299687
270,2,35228.07939219264
270,3,34345.67186217722
270,4,33986.59159210653
270,5,34149.193321861225
270,6,33975.57691863036
270,7,33192.35331662628
270,8,32909.553043141466
270,9,18966.564784333463
271,1,46165.11016883566
271,2,46257.33607802866
271,3,46082.22196482275
271,4,45962.23374661068
271,5,45934.89893445688
271,6,45931.97756718934
271,7,46078.89815312447
271,8,45712.275394756325
271,9,26096.023498685157
272,1,33508.97428476961
272,2,33651.09187358061
272,3,33469.39841211532
272,4,32797.53617505152
272,5,33218.599371656346
272,6,33193.38062699489
272,7,33083.103864820456
272,8,33015.788503173324
272,9,18657.045360002838
273,1,37267.05342670057
273,2,37852.55769782589
273,3,37825.128099457535
273,4,37716.77541577454
273,5,37640.953025356815
273,6,37655.01777501647
273,7,38483.53520159073
273,8,38275.98834552407
273,9,21799.655903465085
274,1,17992.372705301743
274,2,18392.403583828036
274,3,18101.88231172713
274,4,17822.872104596925
274,5,18241.481125977592
274,6,18524.956014247564
274,7,18390.033454859193
274,8,17775.127538528795
274,9,10157.935353717421
275,1,37525.552288788356
275,2,37438.17750772597
275,3,37017.396423174214
275,4,36729.89711205958
275,5,36968.6787826367
275,6,37032.39648654447
275,7,36910.16948872027
275,8,36605.44659659204
275,9,20843.726051717807
276,1,39060.70336218164
276,2,38619.6396588908
276,3,39009.48035112031
276,4,39053.331410599836
276,5,38977.029534987996
276,6,38906.12121784062
276,7,39082.069282993296
276,8,39679.244592893
276,9,22364.145696525648
277,1,39152.502805596516
277,2,39056.976500262215
277,3,38837.079167119366
277,4,38983.21555951262
277,5,39424.45129644564
277,6,39505.61208252594
277,7,39639.91500514771
277,8,39611.64098742248
277,9,22680.637092526682
278,1,47351.84032819482
278,2,47192.70416208735
278,3,47335.57650028446
278,4,47321.80427983515
278,5,47387.125879256215
278,6,47290.818757017085
278,7,46990.65190022716
278,8,46820.9900776797
278,9,26843.56620312668
279,1,32365.626081484705
279,2,33643.081170479956
279,3,34358.97397268563
279,4,33438.013128220344
279,5,34083.96291711519
279,6,34109.66797012612
279,7,34914.126862378704
279,8,34026.741489322536
279,9,18967.39477187214
280,1,40850.984185478505
280,2,40963.56458543023
280,3,41078.32153915085
280,4,41221.41508648336
280,5,41130.39354797265
280,6,41303.59864098791
280,7,41220.072428194064
280,8,41303.67723169968
280,9,23394.490833528806
281,1,37886.478658318985
281,2,37671.379525365206
281,3,37696.47527497101
281,4,37626.5855740263
281,5,37570.19632566368
281,6,37793.11932517209
281,7,37841.903252542295
281,8,37936.33607224529
281,9,21360.76847562515
282,1,42432.448322407814
282,2,42687.78459201499
282,3,42512.411221449656
282,4,42691.45990985094
282,5,42999.21979179382
282,6,42633.944230285684
282,7,42906.76413130327
282,8,42894.36788984517
282,9,25216.44237924686
283,1,24552.37001941785
283,2,25621.377203728178
283,3,25665.39496291601
283,4,25099.67574192619
283,5,25915.49444075277
283,6,26436.354282529344
283,7,26926.301687260453
283,8,26269.50975805481
283,9,14855.02065209665
284,1,41569.63009690045
284,2,41476.20579635528
284,3,41480.220879775705
284,4,41156.11997520357
284,5,41093.85083913461
284,6,41200.465274872455
284,7,41590.08546360799
284,8,41339.75645499524
284,9,23552.093907449653
285,1,49134.834502206315
285,2,49178.10124522231
285,3,49103.55149688705
285,4,49194.056000331846
285,5,48998.32171303773
285,6,49041.38535957871
285,7,48711.10689393361
285,8,48574.30086028201
285,9,27902.002982287333
286,1,41811.731603746775
286,2,41926.09421640563
286,3,41763.75857820273
286,4,41857.08486797755
286,5,41958.37213293786
286,6,41798.01993058163
286,7,41930.570658396304
286,8,42042.172244694964
286,9,23925.24316537402
287,1,51238.40285721973
287,2,51149.161303282905
287,3,51179.66580120913
287,4,51276.30987993362
287,5,51276.00079052415
287,6,51205.16332957729
287,7,50883.99429734371
287,8,50872.66840870878
287,9,29186.149686236568
288,1,33639.29613596139
288,2,34861.60280658835
288,3,34253.00570984827
288,4,33983.66147629316
288,5,35087.61293663311
288,6,35610.45544055895
288,7,35033.9032747218
288,8,34839.41904587124
288,9,20141.314491046072
289,1,37626.16289910515
289,2,37145.190759051206
289,3,37010.02281664863
289,4,36698.937043848025
289,5,36483.25242577804
289,6,35891.51060749749
289,7,36543.590914860164
289,8,36462.59385394282
289,9,20903.159809654517
290,1,48354.65710597241
290,2,48363.54672502107
290,3,48343.13261945331
290,4,48507.67707972478
290,5,48616.73594433806
290,6,48279.94474369444
290,7,48554.660438299434
290,8,48958.587564139
290,9,27859.836220538782
291,1,55248.1888590906
291,2,55328.50481100594
291,3,54816.95380659293
291,4,55131.26479714329
291,5,55521.53173869722
291,6,55772.49965114158
291,7,55235.53921823302
291,8,54968.737286723896
291,9,31401.929967850458
292,1,50139.03470630187
292,2,49744.97216559143
292,3,50214.43520109681
292,4,49977.827443528775
292,5,49700.83563084741
292,6,49684.68031794553
292,7,49678.813355221064
292,8,49566.138385101
292,9,28232.266915993117
293,1,32637.691352001242
293,2,31179.151080979616
293,3,29180.83079933455
293,4,28938.77067591239
293,5,29336.964059761653
293,6,29494.83333782905
293,7,29373.48276363512
293,8,29197.4727216375
293,9,16626.167524416614
294,1,34732.39174727017
294,2,34678.67273188192
294,3,34947.369875386925
294,4,34741.94123235848
294,5,34734.77480698554
294,6,34834.912020940086
294,7,35212.14083011055
294,8,35387.50672670495
294,9,20128.79470167796
295,1,36977.81480650832
295,2,37341.87155789833
295,3,37302.196088144425
295,4,37012.34980303387
295,5,37477.68887399911
295,6,37422.3966166108
295,7,37781.748228926495
295,8,37283.12197567555
295,9,21502.358326062356
296,1,42797.3198105203
296,2,42691.579941344906
296,3,42167.59640438886
296,4,42351.35465611498
296,5,42534.62362357193
296,6,42869.3789736044
296,7,42295.211338358175
296,8,42322.271387113535
296,9,24197.054273978967
297,1,42063.42916099662
297,2,41935.87807896767
297,3,42233.06024504066
297,4,42453.914226457906
297,5,42289.56414262081
297,6,42550.8801557068
297,7,42854.48214480139
297,8,43095.58271811579
297,9,24587.934117965015
298,1,37705.694182939005
298,2,37850.54741467906
298,3,37461.01323457423
298,4,37379.884521127504
298,5,37811.87599659503
298,6,37630.03649281495
298,7,38039.837276062215
298,8,37687.941112958746
298,9,21395.319751507202
299,1,42113.62591727762
299,2,42252.70558837514
299,3,41693.5833114025
299,4,41631.87836252532
299,5,40892.62521756893
299,6,41213.807360208026
299,7,40678.0938044351
299,8,40430.51361666756
299,9,22269.360590462704
300,1,45648.20960633006
300,2,45197.89257228085
300,3,44955.91073069439
300,4,45765.98500530289
300,5,45750.56566938014
300,6,45588.034651827766
300,7,44373.81588020861
300,8,44977.23425947172
300,9,25608.03818194387
301,1,21762.47224803757
301,2,23691.29404727797
301,3,24355.42332001875
301,4,24017.97583416424
301,5,23748.78128384739
301,6,23871.724940059714
301,7,24574.95720043695
301,8,24082.063496033363
301,9,13504.371654737812
302,1,38000.16173858117
302,2,38275.43645333535
302,3,38744.875955837764
302,4,38453.473628118074
302,5,38649.83335690757
302,6,38730.60214385867
302,7,38992.995096647006
302,8,38934.93744958481
302,9,21927.823554356743
303,1,42479.841950698785
303,2,42034.76417980401
303,3,42131.864824807
303,4,42604.00746128552
303,5,42446.080113306
303,6,42453.774857204255
303,7,42455.66517306019
303,8,42714.8585767692
303,9,24511.515029399205
304,1,42511.16428100781
304,2,42496.46434635644
304,3,42064.216978066
304,4,42205.72168041753
304,5,42080.75637458672
304,6,42494.94531985631
304,7,42447.78416790487
304,8,42494.77597922322
304,9,24012.84392431428
305,1,43911.97428167505
305,2,44325.83825342086
305,3,44861.276132355284
305,4,44583.27154696267
305,5,44489.20343681077
305,6,44006.244727161495
305,7,44980.799337352444
305,8,45087.21776827908
305,9,25459.62356819446
306,1,28517.798571736123
306,2,29242.608775618264
306,3,30008.75120059558
306,4,29369.359384272397
306,5,29689.649374095054
306,6,29833.93649208467
306,7,30435.36323240975
306,8,29920.529905397205
306,9,17423.586117288356
307,1,37581.72290384017
307,2,37160.02890591385
307,3,36616.44628303589
307,4,35871.2916004688
307,5,35869.46595709561
307,6,34907.38788485224
307,7,35275.772370975916
307,8,34919.68317013328
307,9,19818.817566092323
308,1,46035.291175665654
308,2,46075.07518262049
308,3,45882.61913128457
308,4,45882.26071952888
308,5,45768.47173418844
308,6,46001.30120760277
308,7,45654.84984239492
308,8,45600.268586015634
308,9,26150.617110574647
309,1,46837.386116041016
309,2,46910.27872577353
309,3,46794.391500450496
309,4,46531.053485200275
309,5,46526.7791069363
309,6,46621.07402654941
309,7,46874.1982082006
309,8,46663.17122810718
309,9,26724.53859683442
310,1,28689.027283033603
310,2,30123.92963321179
310,3,31907.278298933335
310,4,32028.524612061232
310,5,32141.652604748255
310,6,32799.306038398296
310,7,34019.08112774687
310,8,34272.6796744522
310,9,19440.387718360478
311,1,43406.643802876715
311,2,42964.64252066707
311,3,42576.98912600239
311,4,43146.946553873044
311,5,43513.24826982456
311,6,43448.0384473718
311,7,42689.69675543351
311,8,43113.32812420583
311,9,24692.210637000448
312,1,42120.079516974176
312,2,42517.460585655725
312,3,42895.58791334386
312,4,42489.78060116428
312,5,42131.33461191774
312,6,42442.73570898598
312,7,42583.93435471682
312,8,42527.99692057924
312,9,23963.501349465387
313,1,41462.44948052998
313,2,41797.09016533561
313,3,41765.84356995628
313,4,41894.59326720286
313,5,41518.536245350995
313,6,41862.72690747191
313,7,41688.577367615486
313,8,41633.29964818392
313,9,23801.25022782867
314,1,40366.28825083939
314,2,40498.069766433524
314,3,40638.93868391053
314,4,40476.43021302061
314,5,40246.19139416068
314,6,40115.12759273475
314,7,40685.57236322777
314,8,40674.227823290756
314,9,23403.22383222959
315,1,31529.498560581706
315,2,32420.034625195938
315,3,32847.226425210516
315,4,32891.704831567535
315,5,33034.38387610903
315,6,33513.180688165434
315,7,33565.9969681589
315,8,33369.38619205662
315,9,19064.785151196993
316,1,38326.51356349843
316,2,37958.93203000498
316,3,37865.555198305636
316,4,38303.87187143018
316,5,38247.823021608514
316,6,38025.903804489
316,7,38196.419969121984
316,8,38371.95684292295
316,9,21894.18629175348
317,1,44154.37310693207
317,2,44459.38453173817
317,3,44358.06600641952
317,4,44165.24700441185
317,5,44417.743059518856
317,6,44013.47957813612
317,7,44008.99728809261
317,8,43720.850854408636
317,9,24995.76188903718
318,1,39740.551553876416
318,2,39725.93652062592
318,3,40109.28346695484
318,4,39765.79796699293
318,5,39685.538411260626
318,6,39327.150669122486
318,7,40148.41755508974
318,8,40001.43263785405
318,9,23072.606884648838
319,1,56074.06947141762
319,2,55252.91765376731
319,3,55201.53316438414
319,4,55654.171561178395
319,5,55688.67362647068
319,6,55441.26727466576
319,7,55429.50389417285
319,8,55817.929295741415
319,9,31886.885231199656
320,1,40198.53035862206
320,2,40114.00251711277
320,3,40305.25800426058
320,4,40173.899131155216
320,5,39916.1295362198
320,6,39929.018368962774
320,7,40089.09168381236
320,8,40052.25760316518
320,9,22633.809942294123
321,1,42042.193628198904
321,2,41899.45793585973
321,3,41679.458675506015
321,4,41965.204607172476
321,5,41967.52312868902
321,6,42080.31234330948
321,7,41572.0140426012
321,8,41883.051609855305
321,9,23765.36242764652
322,1,40006.34152498067
322,2,39974.15118742047
322,3,39913.435490715245
322,4,39836.39378888986
322,5,39722.80244364216
322,6,39714.279076926716
322,7,39923.2094533496
322,8,39922.594395132546
322,9,22758.15166973405
323,1,38985.53455084107
323,2,39162.327112475716
323,3,39176.69786591681
323,4,39043.91675541295
323,5,38901.227768463825
323,6,39124.97661418647
323,7,39513.775881266374
323,8,39380.3808948119
323,9,22391.286654090014
324,1,35916.60107284337
324,2,35887.779065143324
324,3,36232.251610671185
324,4,36661.316260684776
324,5,36720.39322311722
324,6,37403.547548535294
324,7,37547.48097514338
324,8,37865.96820055566
324,9,21366.39579627585
325,1,43363.385431250405
325,2,42788.26678391186
325,3,42834.1833046461
325,4,42826.28671612895
325,5,42813.40770036256
325,6,42446.96858763064
325,7,43109.02699752917
325,8,43378.50396091455
325,9,24799.00321040193
326,1,45793.40449179492
326,2,46166.91705837821
326,3,45662.29638460081
326,4,45671.55138302666
326,5,45941.48154467351
326,6,45961.90534242464
326,7,45543.08503636319
326,8,45405.001920908195
326,9,26112.612410014124
327,1,40356.75681374138
327,2,40901.96859680567
327,3,41652.58754195849
327,4,41644.76182239046
327,5,41722.73724025971
327,6,41850.200848419205
327,7,42969.5312097201
327,8,43041.255203708875
327,9,24613.497454887238
328,1,42612.639524127066
328,2,42403.50304842562
328,3,42883.46757178336
328,4,42846.08195460844
328,5,43134.25585542009
328,6,42501.36045958084
328,7,42713.081325863364
328,8,42787.38838729674
328,9,24627.236598033218
329,1,45924.64058833833
329,2,45313.25881518435
329,3,45530.241046950825
329,4,46100.613063275036
329,5,45681.11504112285
329,6,45600.378468277304
329,7,45207.206623421254
329,8,45868.33739943079
329,9,26148.817341987495
330,1,43655.68506036691
330,2,43397.80810915326
330,3,43136.248390005014
330,4,43216.0045320211
330,5,42948.83347347807
330,6,43470.836080185385
330,7,42949.46604732776
330,8,42842.747987190785
330,9,24257.995939312183
331,1,56164.25620623247
331,2,56099.89819196688
331,3,56019.09850191173
331,4,56040.760747407265
331,5,56000.72363589552
331,6,55978.26638396846
331,7,55790.94438017749
331,8,55585.91710182222
331,9,31715.352384057245
332,1,47222.72914616199
332,2,47096.77643086597
332,3,46993.38710220563
332,4,47254.140488789635
332,5,47081.85403811788
332,6,46672.53294301597
332,7,46821.37006080513
332,8,46776.53335027803
332,9,26863.798503292517
333,1,44995.06897607625
333,2,44744.811941430526
333,3,45147.6169406931
333,4,45325.15074247577
333,5,45271.53966675509
333,6,45277.81296400361
333,7,45259.611047376864
333,8,45291.6373827333
333,9,25636.822004387985
334,1,33531.71699272438
334,2,33732.16203361101
334,3,33210.806090371305
334,4,33314.33934695119
334,5,33259.395148794014
334,6,33644.273642409
334,7,32844.287610105435
334,8,32684.1827772637
334,9,18743.15591902979
335,1,42677.09514265334
335,2,42911.014107854164
335,3,43048.7526704574
335,4,42952.376086750475
335,5,42815.10770714461
335,6,43025.09509285182
335,7,43191.32915781604
335,8,43147.44709223134
335,9,24411.606578015195
336,1,37215.177651794475
336,2,37627.70497231264
336,3,37780.28207738501
336,4,37785.24706047308
336,5,37984.82057818213
336,6,38062.982087939214
336,7,38050.222572838655
336,8,37994.75050795276
336,9,21845.660920256778
337,1,43176.72146201371
337,2,43206.82500380391
337,3,43395.814318284705
337,4,43043.41235479289
337,5,43418.6062816946
337,6,43039.67983652009
337,7,43684.75006139166
337,8,43727.47823994053
337,9,25048.92151553718
338,1,43671.96742525577
338,2,43793.370631409634
338,3,43214.559195565496
338,4,42939.10321357712
338,5,43074.22076407389
338,6,43272.27161385582
338,7,43392.910917401685
338,8,42710.814018420904
338,9,24443.194588619896
339,1,29725.871508431977
339,2,30345.840103101324
339,3,30600.8541305607
339,4,30407.59261883126
339,5,30564.025420063932
339,6,31101.4380663403
339,7,31615.483575641294
339,8,31475.460977064733
339,9,17820.892268482992
340,1,46838.306387916426
340,2,46949.25440783573
340,3,47213.438619004985
340,4,47394.456161921036
340,5,47244.27266955166
340,6,47384.77055870962
340,7,47638.197040388986
340,8,47809.787727134455
340,9,27217.991379839426
341,1,48965.17351637311
341,2,48438.12523454545
341,3,48781.36231259481
341,4,49234.96496368533
341,5,49151.17119328349
341,6,49152.48881644491
341,7,48608.72728122794
341,8,49066.28429504896
341,9,27783.213183388496
342,1,48639.25141044547
342,2,48564.789844960855
342,3,48769.48461976743
342,4,48706.583487709206
342,5,48348.94008600739
342,6,47931.287000497156
342,7,47925.071181158055
342,8,47934.02065225455
342,9,27168.397346775964
343,1,10484.87555889752
343,2,11040.643981878056
343,3,10907.80980558792
343,4,10998.901716256469
343,5,11474.536277768639
343,6,11215.87071040255
343,7,11372.156107031018
343,8,10938.729585019879
343,9,6479.95187210703
344,1,39904.40359373545
344,2,40378.81114390951
344,3,40274.92795258391
344,4,40348.03478489869
344,5,40438.892137878596
344,6,40263.877087731606
344,7,40673.49715997016
344,8,40460.642140448675
344,9,23184.963230478097
345,1,42607.451081466534
345,2,42353.070861372944
345,3,42262.55180812747
345,4,42045.11099159094
345,5,42818.500025904716
345,6,42951.31745295566
345,7,42603.24833414343
345,8,42542.169879727786
345,9,24432.685245145116
346,1,40492.95854093769
346,2,41069.91178938793
346,3,41398.79059059096
346,4,41104.57471604382
346,5,40848.876094954765
346,6,41123.18443662255
346,7,41623.386723806
346,8,41711.2696130557
346,9,23786.072087870067
347,1,42614.732944243675
347,2,42460.766008896346
347,3,42780.748949576504
347,4,42821.77678723275
347,5,42551.38655344477
347,6,42426.08621757016
347,7,42763.1823348987
347,8,42989.68527524028
347,9,24398.028351625748
348,1,30062.6627646841
348,2,31186.523790795836
348,3,31854.63749873824
348,4,31399.123343695424
348,5,31250.5612451069
348,6,31621.31796769268
348,7,32586.56359595569
348,8,32222.518041866
348,9,18112.498958174183
349,1,41682.06683497038
349,2,41981.216984046485
349,3,42271.893291202956
349,4,42043.25010351754
349,5,41908.779656208084
349,6,41793.05907170537
349,7,42297.60549137829
349,8,42178.565163542764
349,9,24220.20745987478
350,1,48334.24090460694
350,2,48022.37015578753
350,3,48347.63091040524
350,4,48796.431849801054
350,5,48440.846395630026
350,6,48731.25889001816
350,7,48932.20094994488
350,8,49102.433558684
350,9,27868.695643851603
351,1,52090.68082499926
351,2,50568.51701622118
351,3,50792.92232287059
351,4,51970.657826070856
351,5,51311.76266824525
351,6,50891.555866597504
351,7,49677.18833844956
351,8,50841.19628420085
351,9,28855.97474150895
352,1,29117.896624996923
352,2,31008.03523608314
352,3,33449.97738160317
352,4,32809.63205769016
352,5,32981.68621038593
352,6,32192.0770799585
352,7,33553.8451662069
352,8,33116.9304137456
352,9,18454.236232922205
353,1,32730.243778239128
353,2,32699.002976414777
353,3,32135.57046435492
353,4,32219.38568060605
353,5,32301.919556141904
353,6,32468.74588618488
353,7,31329.27887452677
353,8,31729.261581869425
353,9,17872.314976387355
354,1,41244.26678288459
354,2,41607.412576561175
354,3,41827.79618426036
354,4,41464.99094353569
354,5,41427.766302124975
354,6,41302.7266659554
354,7,41778.54950470541
354,8,41425.693281445296
354,9,23825.349911524496
355,1,39586.93509878672
355,2,39703.85852102182
355,3,39744.98410446846
355,4,39744.53613179151
355,5,39819.70760808079
355,6,39775.19287711464
355,7,39767.22280030015
355,8,39922.49614150322
355,9,22684.631446573017
356,1,41675.51824202805
356,2,41959.315569708444
356,3,42205.91676251863
356,4,42033.06878622946
356,5,42046.94041653501
356,6,42060.42968600743
356,7,42626.41858592931
356,8,42383.68567902275
356,9,24303.65953066447
357,1,27167.040989664772
357,2,28817.736323761972
357,3,29711.622516701354
357,4,29392.554790298098
357,5,29680.342200547235
357,6,29906.44517306581
357,7,31354.80222893469
357,8,30358.689866886958
357,9,17468.552146480044
358,1,45645.13992434119
358,2,45489.30669771015
358,3,45451.053605360736
358,4,45649.443422954464
358,5,45303.65127935691
358,6,45575.434631877666
358,7,45211.82271749525
358,8,45373.91578488802
358,9,25683.10069672527
359,1,42371.86849135748
359,2,42409.86140430759
359,3,42125.451790273495
359,4,42271.707110801755
359,5,42343.10755006934
359,6,42846.93259085851
359,7,42455.03840058888
359,8,42414.63545616359
359,9,24124.562153538558
360,1,45880.96799159567
360,2,45631.33618287646
360,3,46157.816094575035
360,4,46270.98422624828
360,5,45902.30907135239
360,6,45519.7902681357
360,7,45737.14860978832
360,8,46128.31238522426
360,9,26145.982847159215
361,1,35673.08417087095
361,2,35601.79396072642
361,3,35915.62609232249
361,4,36743.04770367313
361,5,36880.38652172478
361,6,37582.30421919761
361,7,37816.09373052988
361,8,38225.907942493264
361,9,21634.367485541752
362,1,41587.90389484207
362,2,41674.052695409795
362,3,41520.205992569834
362,4,41712.96139665547
362,5,42159.06755936887
362,6,42372.49365540623
362,7,42062.912724339694
362,8,41997.91970449305
362,9,23809.778812968696
363,1,37425.04089293728
363,2,37710.093837384746
363,3,37803.09260153062
363,4,37759.75109357457
363,5,37436.49856284832
363,6,37720.304539031196
363,7,37664.208272629236
363,8,37615.869737096655
363,9,21273.527333412378
364,1,40102.6156777435
364,2,40479.62320839854
364,3,40769.127455894966
364,4,40475.26570107271
364,5,40229.708432982705
364,6,39955.48355913368
364,7,40413.28805592658
364,8,40179.36603692308
364,9,22852.043959720086
365,1,42994.21496280143
365,2,43410.63466297954
365,3,43471.58975493804
365,4,43153.412658175286
365,5,43211.89265838668
365,6,43027.581274598
365,7,43445.61603975934
365,8,43343.3082558688
365,9,24491.448862680278
366,1,26310.561084221503
366,2,26350.466263175673
366,3,26065.975662973986
366,4,25912.335536201543
366,5,26432.10245929657
366,6,26817.294496327304
366,7,27158.26757039589
366,8,26556.73813967257
366,9,15389.561768972364
367,1,39009.73730143752
367,2,38296.03907804051
367,3,37434.41535287849
367,4,37620.298057559994
367,5,37290.38625798918
367,6,37282.607301481534
367,7,37610.14319669812
367,8,37668.85826643501
367,9,21498.21668529724
368,1,47087.15060747965
368,2,46866.92573694947
368,3,46680.46216625898
368,4,46705.9583793423
368,5,46885.58516097079
368,6,46491.55851071048
368,7,45750.61206844827
368,8,45562.47093936511
368,9,26236.74680304888
369,1,50095.85417403395
369,2,49542.86848864748
369,3,49760.36129746864
369,4,49989.90972925362
369,5,49918.049075049064
369,6,49538.4325041546
369,7,49774.05563075362
369,8,49789.646349752584
369,9,28367.757181518995
370,1,46158.26833681477
370,2,45960.74145517149
370,3,46564.24920839163
370,4,46212.81156462897
370,5,46328.36174971039
370,6,45546.265419691445
370,7,46606.179665784504
370,8,46549.25224358224
370,9,26684.07605065697
371,1,37735.1096923107
371,2,38857.55123736977
371,3,38747.5386917121
371,4,38143.86737843808
371,5,38521.96999345825
371,6,38243.62801869001
371,7,38690.031131706804
371,8,37715.31616402403
371,9,21626.420424596297
372,1,49860.29783366351
372,2,49610.881989238114
372,3,48542.77312256538
372,4,48877.326784745164
372,5,49215.591914557466
372,6,49294.19910836364
372,7,48538.08988332776
372,8,48651.58477099394
372,9,28192.785786682278
373,1,26670.981296752772
373,2,27720.39447117607
373,3,27895.15197109899
373,4,27745.99310536928
373,5,27643.663234954653
373,6,28184.704480915883
373,7,28829.854271726042
373,8,28367.359134793867
373,9,16284.400824529603
374,1,38788.19699038344
374,2,39067.101257297334
374,3,39276.49238993262
374,4,39503.475796194514
374,5,39886.93921951264
374,6,39495.916632343295
374,7,40270.07081931703
374,8,40198.15241515328
374,9,23278.444705060756
375,1,42176.18296929032
375,2,42739.99948266834
375,3,42599.427192760355
375,4,42474.77697644115
375,5,42720.078884343864
375,6,42519.29424280678
375,7,42469.75235827858
375,8,42210.66752688744
375,9,24120.822860558445
376,1,22911.639016294437
376,2,23960.078735692467
376,3,25356.107398619424
376,4,24874.7985217889
376,5,24441.98050922358
376,6,25230.528326934094
376,7,25798.113711116264
376,8,25532.960812539444
376,9,14124.091133776488
377,1,43525.76566481215
377,2,43321.43245162733
377,3,43709.37237669018
377,4,43744.312593685216
377,5,43229.387769007895
377,6,43120.21917615521
377,7,43079.71451431881
377,8,42968.20215714046
377,9,24520.275446865267
378,1,48394.33440922434
378,2,48683.234783922104
378,3,48388.869887608496
378,4,48128.83153638141
378,5,48000.297672844885
378,6,47801.94201864853
378,7,48108.00796859143
378,8,47704.1780908588
378,9,27356.361988698918
379,1,36944.43901554496
379,2,36927.368207339765
379,3,37716.934725591746
379,4,37376.623538061795
379,5,36854.659132397894
379,6,36166.26490311909
379,7,36874.12078791241
379,8,36702.63932324578
379,9,20865.51688146613
380,1,26644.862467870014
380,2,28065.761355109607
380,3,28559.749872006072
380,4,28081.267512892082
380,5,28354.079188355172
380,6,28891.772287857973
380,7,29290.511688730378
380,8,28486.20741655263
380,9,16438.357202697836
381,1,41551.0766511584
381,2,41662.691521169705
381,3,41215.93588759814
381,4,41650.01763975862
381,5,41736.513835564765
381,6,41651.83388971305
381,7,42004.642353736315
381,8,41857.48508214598
381,9,24100.110376572018
382,1,39012.2237793213
382,2,38831.809196123664
382,3,39105.42686855369
382,4,39129.1907594635
382,5,38811.40231715824
382,6,39301.03630202445
382,7,39191.796878977075
382,8,38991.857968846525
382,9,22006.77521817656
383,1,38048.89212682271
383,2,38460.94461376881
383,3,38432.10781262359
383,4,38426.14793374331
383,5,38547.82543636443
383,6,38380.78948059771
383,7,38767.633270878476
383,8,38676.3896831466
383,9,21658.60834551557
384,1,42976.21362799206
384,2,42601.95033812836
384,3,42504.365626233695
384,4,42920.25578277862
384,5,42591.37388972276
384,6,43243.04360024309
384,7,42945.88978793493
384,8,43283.38251373519
384,9,24558.944145449335
385,1,28866.849339266966
385,2,29273.878542230934
385,3,30374.835130487463
385,4,30161.194150237374
385,5,29793.893522687627
385,6,29501.189705236582
385,7,30916.666146061718
385,8,30959.20832103959
385,9,17581.12479104888
386,1,43375.04663676236
386,2,43152.26482527548
386,3,43009.15764645047
386,4,43252.69903641562
386,5,42621.815761211146
386,6,42763.53478984066
386,7,42815.43210313641
386,8,43107.5161103447
386,9,24714.782223232298
387,1,40250.16452954036
387,2,40825.02462943557
387,3,40492.07968683914
387,4,40403.112432972586
387,5,40581.09286237892
387,6,40516.110559592074
387,7,40928.67362715368
387,8,40462.20484280759
387,9,23411.301573479966
388,1,49098.92074722035
388,2,49129.42050803615
388,3,49113.545276624274
388,4,48945.24347411297
388,5,49019.887598468784
388,6,48725.59969032984
388,7,49058.69370204613
388,8,48711.94041396742
388,9,27910.267351282768
389,1,50952.17758679563
389,2,50766.91791868378
389,3,50620.095991368304
389,4,50687.35255247784
389,5,50797.0186302136
389,6,50482.599205920014
389,7,50596.40009467305
389,8,50568.57640998668
389,9,29057.38962100556
390,1,39919.69178472416
390,2,40596.26769195318
390,3,41264.97541968858
390,4,40825.06402399278
390,5,40775.27349567648
390,6,40578.253091220286
390,7,41526.26348131516
390,8,41545.664892899906
390,9,23715.445083618743
391,1,48569.759646383005
391,2,48041.99197826759
391,3,47171.8792181215
391,4,47286.78190741602
391,5,47903.3830927507
391,6,48303.87530863062
391,7,46658.42681873738
391,8,46494.973552755204
391,9,26569.306450993463
392,1,50566.63340478122
392,2,49551.2002540108
392,3,49120.075008563246
392,4,49316.120357997606
392,5,48795.50626482914
392,6,48960.75271492507
392,7,47970.03128315966
392,8,48351.07905153589
392,9,27574.635112442673
393,1,47658.88597921616
393,2,47840.3673556548
393,3,48221.62832938612
393,4,48197.636830514195
393,5,47835.7735882846
393,6,47530.7331408292
393,7,47857.19556296195
393,8,47925.36709962327
393,9,27215.33134071247
394,1,38479.20113318615
394,2,39464.93074094893
394,3,39612.17529246026
394,4,39556.98995221015
394,5,39498.686036040344
394,6,40050.35437542788
394,7,40276.753932226886
394,8,40241.94467425932
394,9,22910.922443374413
395,1,35886.61314947639
395,2,36743.39310275376
395,3,37482.411627842834
395,4,37126.25954987448
395,5,37121.8852374215
395,6,37326.29192655906
395,7,38239.47877084444
395,8,38021.932441751
395,9,21798.407512404603
396,1,42560.8943432099
396,2,42650.021062760476
396,3,42993.146892886754
396,4,42904.141611890904
396,5,42202.818285250134
396,6,42202.627614505356
396,7,42824.399651048654
396,8,42929.82568966726
396,9,24086.456339294175
397,1,42922.87516079653
397,2,43281.33148353765
397,3,43432.47129101978
397,4,43273.7116722387
397,5,43004.48774504337
397,6,42935.80042535097
397,7,42901.27944824413
397,8,42354.91973450001
397,9,24264.21752306917
398,1,42320.98015934189
398,2,42386.95673962943
398,3,42230.45833964869
398,4,42497.73421496031
398,5,42802.12748843606
398,6,43108.852398086114
398,7,42416.40061468101
398,8,42340.524759913336
398,9,24480.639324761323
399,1,23808.77086389072
399,2,23922.81731206755
399,3,23386.09672186563
399,4,22808.743241474476
399,5,23016.727446485052
399,6,23278.47340932148
399,7,23895.226865749722
399,8,23577.98059430301
399,9,13728.083952577308
400,1,51194.436990924034
400,2,50737.382712823324
400,3,50478.078313041085
400,4,50965.46131815882
400,5,50694.36218802941
400,6,50975.72154696796
400,7,50133.88261052565
400,8,50877.02099612993
400,9,28942.1813893124
401,1,46937.23720302924
401,2,45744.70159308878
401,3,45776.15149015261
401,4,45930.173776060015
401,5,45909.165509922794
401,6,45583.79495972877
401,7,45918.78304981046
401,8,46564.48764054457
401,9,26268.551388620646
402,1,60542.40007311347
402,2,59444.96609046542
402,3,59677.084207023756
402,4,60080.46914977674
402,5,60096.79107537006
402,6,59495.38913997287
402,7,59708.63058533449
402,8,60359.432413008806
402,9,34475.28225614817
403,1,43925.897062260185
403,2,44042.4973859647
403,3,44040.910380079564
403,4,43996.37645489871
403,5,44009.716095961485
403,6,44132.969698671375
403,7,44205.073569308675
403,8,44177.44255183668
403,9,24900.45091684113
404,1,38553.92191609432
404,2,38762.916288645574
404,3,38672.324900532985
404,4,38469.46472493562
404,5,38137.70103491645
404,6,37954.82195073748
404,7,38230.24270762546
404,8,38104.571462969834
404,9,21559.515235036273
405,1,39063.6635467659
405,2,39450.32477908041
405,3,39387.313495400515
405,4,39503.48243395881
405,5,39228.42878926943
405,6,39905.9979245477
405,7,39664.81775535215
405,8,39624.022673169384
405,9,22442.6879172372
406,1,41177.83454318222
406,2,41502.74223512471
406,3,42029.28225452045
406,4,41420.69399596163
406,5,41251.662384400755
406,6,40887.09794581139
406,7,41364.648338211045
406,8,40893.523164066086
406,9,23472.340229930902
407,1,45096.59125149196
407,2,45213.70663271833
407,3,45767.02493201902
407,4,45540.11532243359
407,5,45528.82219679001
407,6,45191.39312043265
407,7,45826.61611628114
407,8,45493.03129150836
407,9,25722.019398279954
408,1,43987.4587039614
408,2,44162.12882628684
408,3,43706.74063364432
408,4,42583.901487232186
408,5,42803.65053293851
408,6,42089.99933055807
408,7,42379.27838095514
408,8,41307.80840934189
408,9,23875.31829871917
409,1,46956.04998887756
409,2,47065.64689283763
409,3,47046.00988206399
409,4,46997.69914642152
409,5,47167.86116131262
409,6,47292.66810604923
409,7,47176.69002476622
409,8,47233.79005813877
409,9,27004.16078081761
410,1,51498.07548875598
410,2,51478.3273351323
410,3,51122.574337065525
410,4,51282.60636735683
410,5,51096.84398655933
410,6,51577.39204998454
410,7,51161.24831477785
410,8,51263.437229915755
410,9,29216.08185500471
411,1,60096.26290848153
411,2,58978.72543585929
411,3,57882.29091512812
411,4,58901.34707318547
411,5,59432.03805154913
411,6,59324.41434814388
411,7,57989.59564092029
411,8,58387.8116678843
411,9,33773.040614526326
412,1,33723.14209993445
412,2,34076.83788088681
412,3,34123.124765119865
412,4,33491.721788010705
412,5,32909.592218094665
412,6,33074.488041623015
412,7,33451.605283751654
412,8,32941.78013284074
412,9,18705.930261582744
413,1,39410.871956973
413,2,39327.45279478592
413,3,39614.867929045926
413,4,39645.51242761553
413,5,39549.517280817294
413,6,39399.12901752352
413,7,39807.98350777962
413,8,40089.88034403462
413,9,22896.483130094603
414,1,36224.10343957602
414,2,36482.65102084464
414,3,36671.88888817275
414,4,36644.29770968721
414,5,36865.55696208162
414,6,36614.17661057302
414,7,37010.8011223946
414,8,37024.21312483856
414,9,21340.50348735934
415,1,41723.35547041406
415,2,41948.42027373317
415,3,42102.7787940406
415,4,41949.98369536377
415,5,41688.27027738634
415,6,41749.941397869596
415,7,41625.43652322853
415,8,41519.525000102716
415,9,23853.63193843297
416,1,41462.69452771284
416,2,42370.514073120925
416,3,42487.7322380888
416,4,41852.60071672987
416,5,41751.803617192294
416,6,41421.08426639049
416,7,42495.99017790958
416,8,41744.6128360985
416,9,23623.181592181598
417,1,16321.17625440192
417,2,17059.05690726764
417,3,17045.37933590687
417,4,16549.28348685415
417,5,16557.47422445949
417,6,17018.67047805551
417,7,17340.759259955874
417,8,17079.330276726127
417,9,9726.538423265109
418,1,48249.6027895024
418,2,47929.061147300825
418,3,48203.55707213464
418,4,48367.27287053887
418,5,48237.56186510671
418,6,48063.15553264044
418,7,47282.93160517808
418,8,47360.50145959104
418,9,27220.56402574034
419,1,42307.753252196
419,2,42118.05566369786
419,3,41727.72498430873
419,4,41941.919902179296
419,5,41801.76074264701
419,6,41573.966559507564
419,7,40838.32429142229
419,8,41054.3167202342
419,9,23329.63285854381
420,1,56429.970638846986
420,2,54746.61885856621
420,3,54234.678668499684
420,4,54722.865505178954
420,5,55140.20858870468
420,6,54963.84440953576
420,7,54403.372769089285
420,8,55497.92562095621
420,9,32279.519787596775
421,1,21661.910607407084
421,2,22895.913800701495
421,3,23673.65347672019
421,4,23046.8781159232
421,5,22726.45035187342
421,6,22961.443867373368
421,7,24621.18313998582
421,8,23747.885057650885
421,9,13280.936472690224
422,1,39583.61125454198
422,2,39945.47283523177
422,3,39775.800945929754
422,4,40086.816904595595
422,5,40217.03846230377
422,6,40305.43838747504
422,7,40345.54875732116
422,8,40232.183535578835
422,9,23121.468199694034
423,1,36722.75610947286
423,2,36410.14429348997
423,3,36234.489907908464
423,4,36443.75650378864
423,5,36170.18179566528
423,6,36209.21127916242
423,7,36276.0230667371
423,8,36377.40483407038
423,9,20644.80290778878
424,1,41578.74170093384
424,2,41377.404634257415
424,3,41641.73598368767
424,4,41619.26208315446
424,5,42361.09541578054
424,6,41937.69601487771
424,7,41535.022601896824
424,8,41304.189503819834
424,9,23777.835238346266
425,1,37815.2133259336
425,2,37712.080792939
425,3,37321.57680766632
425,4,37614.19272528999
425,5,37571.040058145736
425,6,37954.566471162274
425,7,37888.273346283575
425,8,38235.62605602256
425,9,21962.08795600041
426,1,17198.50756970556
426,2,17534.236523732325
426,3,16787.177944636034
426,4,16682.06137242518
426,5,17128.59140030247
426,6,17773.863043437068
426,7,17326.95853559849
426,8,16971.401726453634
426,9,9802.514970105869
427,1,47717.13743980605
427,2,47856.400568261684
427,3,47737.12862600417
427,4,47833.56876623808
427,5,48358.02682587779
427,6,48115.988468775
427,7,47986.05946080885
427,8,47686.31952019699
427,9,27417.146350732204
428,1,43946.44751606742
428,2,43729.706856957884
428,3,43179.83491103449
428,4,43478.17633754837
428,5,43508.143091340804
428,6,43387.16271808376
428,7,43302.22418220427
428,8,43504.75914493628
428,9,24725.6671676751
429,1,45130.4284331313
429,2,44703.83358747512
429,3,44630.39124796334
429,4,44719.192861584685
429,5,44433.235344447545
429,6,44544.524710484766
429,7,44208.45492753185
429,8,44349.81987446989
429,9,25317.619453902753
430,1,26451.985823261697
430,2,26963.40112771599
430,3,27755.404714512206
430,4,27463.016968236956
430,5,27518.994638181633
430,6,27183.995042956747
430,7,27942.610151299134
430,8,27569.393066727695
430,9,15563.127625567926
431,1,40183.31399495754
431,2,40188.12117152908
431,3,40440.77902401379
431,4,40494.15296905374
431,5,40525.0838169118
431,6,40632.00144779619
431,7,40698.89212898335
431,8,40642.87803893111
431,9,23224.74996153183
432,1,42292.02792033214
432,2,42607.65699076771
432,3,42466.433943141026
432,4,42239.36501458166
432,5,42573.622189909445
432,6,42787.943823834976
432,7,42658.76746743569
432,8,42526.904397584585
432,9,24406.32380423526
433,1,41841.220186502556
433,2,41802.8739542727
433,3,41994.60159530106
433,4,42473.200957625944
433,5,42022.40106902954
433,6,41978.60590533729
433,7,42322.5914813871
433,8,42505.31436423625
433,9,23961.927036826226
434,1,37642.32770077824
434,2,37714.216645208515
434,3,37389.56559720568
434,4,37799.63739171961
434,5,38037.78344452775
434,6,38436.40852160631
434,7,37872.94887666716
434,8,38041.28048860552
434,9,21683.432771468404
435,1,25007.77546405061
435,2,25812.674382453326
435,3,25932.48143985725
435,4,25567.972553895037
435,5,25624.266214147505
435,6,25991.985047167942
435,7,26051.240460123994
435,8,25755.829621238012
435,9,14673.468691693983
436,1,44107.606617066696
436,2,43525.847994559204
436,3,43282.40130776472
436,4,43847.71700841286
436,5,43683.412823738654
436,6,43331.66738429464
436,7,42569.490979072536
436,8,42685.90886256769
436,9,24245.220741242338
437,1,46068.03826237242
437,2,45002.48304919262
437,3,44687.96552409354
437,4,45430.722006445685
437,5,45632.86662533418
437,6,44895.15224200354
437,7,45133.1200765755
437,8,45083.06941737157
437,9,25903.439269719078
438,1,43029.925839482035
438,2,43093.942840380296
438,3,42570.29626471399
438,4,42392.463832361565
438,5,42641.316919001496
438,6,42996.29138357181
438,7,42951.72203817881
438,8,42699.23676720347
438,9,24406.81589826874
439,1,42236.91199579065
439,2,42180.07320065349
439,3,42021.60468225481
439,4,42136.398663889806
439,5,42172.23778107811
439,6,42318.978880340255
439,7,41958.72070102118
439,8,41954.964529992816
439,9,23992.443900175807
440,1,39676.4561113439
440,2,39340.99372634551
440,3,38529.366104680725
440,4,38452.84775828895
440,5,38196.54912844143
440,6,37976.66605234686
440,7,37700.634833156575
440,8,37309.34568504883
440,9,21188.896931053954
441,1,45207.2965218401
441,2,45249.07392017406
441,3,45354.224696221296
441,4,45164.99665377096
441,5,44955.76244836764
441,6,45030.860347872964
441,7,45188.952955902234
441,8,45357.93672530073
441,9,25920.52536169032
442,1,45264.89942629846
442,2,45757.27090969249
442,3,46334.72975076403
442,4,45897.49422054455
442,5,46381.876725396374
442,6,45603.549137763075
442,7,46403.35773885448
442,8,45886.7209382051
442,9,26658.440977611048
443,1,34370.72544503709
443,2,34655.111707766766
443,3,34826.48740741894
443,4,34998.74762820425
443,5,35004.493178600715
443,6,34986.768749716146
443,7,35305.09290533698
443,8,35354.06239804413
443,9,20368.50109549273
444,1,39834.61173420902
444,2,40011.25315011453
444,3,39735.11826564655
444,4,39739.899004882944
444,5,39525.03044176382
444,6,39670.79060387849
444,7,39669.87377016246
444,8,39695.55972050886
444,9,22676.299078715427
445,1,40430.99475651121
445,2,40521.39818484397
445,3,41156.63711261103
445,4,40846.096978855276
445,5,40534.505447053976
445,6,40232.08534096557
445,7,41302.08332630766
445,8,41011.05886470618
445,9,23544.649941246895
446,1,42646.91481167187
446,2,42697.11499770443
446,3,42702.33062344376
446,4,42518.87804759304
446,5,42014.810779071406
446,6,42329.422950093394
446,7,42081.22699168595
446,8,42327.97566303094
446,9,23952.929385433898
447,1,45512.942919598456
447,2,45341.120456629986
447,3,44707.43462550113
447,4,45300.76967088065
447,5,45256.31002376817
447,6,45509.38791233621
447,7,45049.12501659595
447,8,44883.77049916619
447,9,25586.87110058408
448,1,45757.86250633699
448,2,44084.47158402451
448,3,43466.91781883648
448,4,44252.27163321408
448,5,42746.896187665
448,6,42934.341423312035
448,7,41488.997377408385
448,8,42223.03816151123
448,9,23293.463725093698
449,1,57722.835668358355
449,2,56374.63342958292
449,3,55740.450293220325
449,4,56790.39241083442
449,5,56980.64188416333
449,6,56665.39495897471
449,7,55742.85856059139
449,8,56796.879601449575
449,9,32402.27130864167
450,1,47524.9329308118
450,2,47555.07198032658
450,3,47667.9471242938
450,4,47607.91548784489
450,5,47424.92215964004
450,6,47017.61975524637
450,7,46846.30599404385
450,8,46847.49703447167
450,9,26857.306996466705
451,1,40391.779068622636
451,2,39757.373454417604
451,3,38853.468371434225
451,4,39430.95991094886
451,5,38957.44150963121
451,6,39171.51966702468
451,7,38751.8305209665
451,8,38897.09583540231
451,9,22351.995375538052
452,1,41158.47135288888
452,2,40571.66262052204
452,3,40886.349716973906
452,4,40541.63492935207
452,5,40397.7462615334
452,6,40094.57796109814
452,7,40255.32338297718
452,8,40486.11232112694
452,9,22989.67819113384
453,1,37576.702274438874
453,2,39446.32094752483
453,3,39490.29939217642
453,4,38698.4246191115
453,5,39192.366401391904
453,6,39128.98375661033
453,7,40172.60107369901
453,8,39065.674454429696
453,9,22413.68350244064
454,1,24527.539495334022
454,2,24875.310451138503
454,3,25109.903979773968
454,4,25680.967867032912
454,5,26076.56204693819
454,6,26291.780908586854
454,7,26850.878306045273
454,8,26746.06832255408
454,9,15308.196730834894
455,1,39718.89529487315
455,2,39701.070482257586
455,3,39356.67158682489
455,4,39398.74304256986
455,5,39409.06359454473
455,6,39613.90033324581
455,7,39994.518321191135
455,8,40098.980575751295
455,9,22879.11184418808
456,1,46839.365450530175
456,2,46736.57762780076
456,3,47266.806259368954
456,4,46958.71352525442
456,5,47018.93812123417
456,6,46444.208412627006
456,7,46928.30032028834
456,8,46985.25421835799
456,9,26638.807292329242
457,1,48658.25852991874
457,2,48377.882375417365
457,3,48231.89312084061
457,4,48481.727596395926
457,5,48417.02857554315
457,6,48448.06818091987
457,7,46674.92152814927
457,8,46628.573228689
457,9,26461.643818923545
458,1,43521.68468874007
458,2,43318.37109581514
458,3,42826.09806591159
458,4,43352.69160206494
458,5,43178.72605595347
458,6,43461.522326352286
458,7,42964.35774961681
458,8,43167.05483598163
458,9,24715.70262347
459,1,20452.25830757478
459,2,21930.661872958088
459,3,22854.59538727708
459,4,21957.40484371234
459,5,22261.435545602937
459,6,22101.320477308363
459,7,23347.22396823517
459,8,22381.598747991226
459,9,12314.320554530006
460,1,36513.00130357805
460,2,36434.43414169245
460,3,36156.123469602586
460,4,36220.91625970008
460,5,36073.34884091116
460,6,36183.86071589505
460,7,35676.97691747509
460,8,35718.63767877453
460,9,20409.06010002396
461,1,36799.124177575744
461,2,36835.35817505472
461,3,36972.68099299216
461,4,36877.84987337848
461,5,36937.72814321235
461,6,37227.43045329511
461,7,37022.57631410279
461,8,37030.17790473453
461,9,21081.460981497847
462,1,39515.51083304801
462,2,39314.837617282916
462,3,39294.40000455539
462,4,39544.38298122924
462,5,39355.24470903962
462,6,40148.646569733035
462,7,39821.29537173283
462,8,40122.43488061811
462,9,22573.588671190617
463,1,10752.163922157188
463,2,11364.318547206263
463,3,11310.16301403299
463,4,11062.085557512073
463,5,11119.87666290045
463,6,11335.297537521179
463,7,11792.72395295463
463,8,11458.592685068965
463,9,6425.068041758388
464,1,36556.54143500588
464,2,36323.01489154146
464,3,35839.77900358875
464,4,35723.03125023316
464,5,35728.54371049136
464,6,35569.472618145
464,7,36309.86424349101
464,8,36011.757836142795
464,9,20551.27807870628
465,1,43638.01552805303
465,2,43369.51643386902
465,3,43378.32675675543
465,4,43568.23301903014
465,5,43401.76627517066
465,6,43441.78453671443
465,7,43958.75351202069
465,8,43683.15015945967
465,9,24897.51973133768
466,1,46174.664952042105
466,2,45528.14161931841
466,3,45281.45771731016
466,4,46343.46504777371
466,5,46174.7509504349
466,6,46357.724428915135
466,7,45557.49209732338
466,8,46019.28846240886
466,9,26374.684256050008
467,1,52048.4383852991
467,2,52640.01803100365
467,3,53400.3985970871
467,4,52656.13734884751
467,5,52236.42953845429
467,6,51966.681954488515
467,7,53123.77164866857
467,8,52961.56761150326
467,9,30196.869711958545
468,1,24201.081664939007
468,2,24922.09570184524
468,3,25465.667615284812
468,4,25453.279699472678
468,5,25605.195888614646
468,6,26030.977526770606
468,7,26715.371225110575
468,8,26750.964764925455
468,9,15303.56481726235
469,1,40041.454488034535
469,2,40084.874170553296
469,3,40614.01118820565
469,4,40439.61923654919
469,5,40559.029532898414
469,6,39992.91491193567
469,7,40284.31425316525
469,8,40214.05079383277
469,9,22849.844857039803
470,1,27531.87043439603
470,2,28195.605763152853
470,3,28470.80494105379
470,4,27680.239718051158
470,5,28149.40873470317
470,6,27735.571376572196
470,7,28954.470596969226
470,8,28456.10062237912
470,9,16881.130952685744
471,1,34808.82586676382
471,2,34531.88172920338
471,3,34070.92329873543
471,4,34212.62639598211
471,5,34432.46149894843
471,6,35128.743348317934
471,7,34475.8199945655
471,8,34436.75919787474
471,9,19530.01401265594
472,1,30980.420311187623
472,2,32121.294696324738
472,3,32966.31530172625
472,4,32513.026295908858
472,5,31815.709868483416
472,6,32124.153320355716
472,7,33257.40761356155
472,8,33441.48020793452
472,9,18655.923270302264
473,1,35671.334217971955
473,2,36124.048226310944
473,3,36028.83187566264
473,4,36202.81381811794
473,5,36170.672375114766
473,6,36341.360548158125
473,7,36056.686662529755
473,8,35821.4292883624
473,9,20538.686308948585
474,1,44052.961159514314
474,2,44221.620143869426
474,3,44164.580553079184
474,4,44179.41360333396
474,5,44170.41474316603
474,6,44135.92719138794
474,7,45067.53158852187
474,8,45062.54000911375
474,9,25607.024772703488
475,1,28407.525236430065
475,2,29240.636127695387
475,3,29517.88975425606
475,4,29352.16040330342
475,5,29927.109615056183
475,6,30224.388431079955
475,7,29965.118805604434
475,8,29860.964735966932
475,9,17088.253718129192
476,1,39743.353341600654
476,2,39713.73533977818
476,3,39426.00091738992
476,4,39668.02412545541
476,5,40178.21300874488
476,6,40398.32252704112
476,7,40067.05051054359
476,8,39929.183188709234
476,9,23004.89650936825
477,1,35169.11455887762
477,2,35908.9275749536
477,3,37064.63999151706
477,4,36985.360958342266
477,5,36921.40801373703
477,6,37412.76646650695
477,7,37729.77487667643
477,8,37815.409034745884
477,9,21504.170329617104
478,1,46600.971826646666
478,2,45684.053543635535
478,3,46570.02995514819
478,4,46503.41427807945
478,5,45616.74990856098
478,6,45317.91867950701
478,7,46220.60994489721
478,8,46768.42690074284
478,9,26603.290587604715
479,1,56694.14296160636
479,2,56875.74783453822
479,3,56909.226787919295
479,4,56599.770290770095
479,5,56862.06046085868
479,6,55792.629744657046
479,7,56133.85398152521
479,8,55701.48442037133
479,9,32207.57096976187
480,1,61718.05967307361
480,2,61779.89808506869
480,3,62112.40039291481
480,4,62090.911847280375
480,5,62242.328201816876
480,6,62303.55069459682
480,7,62070.56884303499
480,8,62050.15473966125
480,9,35497.21499033826
481,1,71892.71041799284
481,2,71077.6410056299
481,3,70515.39066194532
481,4,71416.12968442147
481,5,71090.61286994541
481,6,71656.01377039669
481,7,70479.77220769785
481,8,71224.39610499938
481,9,40491.78050008217
482,1,36993.895355161076
482,2,37229.60138513677
482,3,37494.37044481281
482,4,37167.99181777938
482,5,37279.24128685557
482,6,37146.904557773334
482,7,37146.43701867843
482,8,37240.04304531549
482,9,21588.48151571873
483,1,38105.788664894506
483,2,38194.30081954684
483,3,37765.412673435814
483,4,37309.689560657265
483,5,38260.095093539865
483,6,38367.088130495504
483,7,37960.67751814527
483,8,37648.489885228526
483,9,21822.9354116913
484,1,45899.65361751536
484,2,45988.63938571954
484,3,46258.27522500854
484,4,46140.79845656255
484,5,45939.49728922449
484,6,46330.687673951725
484,7,46373.13185170975
484,8,46429.32219948974
484,9,26449.05030730269
485,1,42592.710843027635
485,2,42358.10746068804
485,3,42205.62001580689
485,4,42335.16273958464
485,5,42502.36133968328
485,6,42673.3668155817
485,7,42950.139300175804
485,8,43246.124188422
485,9,24856.60519989131
486,1,43730.22418373581
486,2,43717.310088171645
486,3,43780.086166512854
486,4,43929.254497036905
486,5,43243.20334096085
486,6,42971.25434235761
486,7,43274.311930345764
486,8,43066.566399818716
486,9,24534.52307834638
487,1,36884.49317778375
487,2,36026.014664274386
487,3,35135.944248487765
487,4,35882.21675133133
487,5,35105.63995166408
487,6,35570.76324121512
487,7,35276.44918399289
487,8,35643.21120124332
487,9,20131.416203212448
488,1,49764.672360788274
488,2,48492.45964175607
488,3,48542.89214380837
488,4,49071.49926909602
488,5,48664.264279329116
488,6,48627.282178526126
488,7,48676.76910612914
488,8,49200.51038380003
488,9,28060.069831848094
489,1,56974.92233406955
489,2,56359.03806705764
489,3,56102.55745760578
489,4,56147.29570835645
489,5,55885.0393540389
489,6,55889.37441135397
489,7,56035.93977831844
489,8,56218.965792382805
489,9,32049.36332310357
490,1,60433.33533182621
490,2,60384.42162598465
490,3,61011.494335860145
490,4,60848.21225954912
490,5,60675.66677476145
490,6,59516.31242558677
490,7,60453.54392469491
490,8,60891.594051163054
490,9,35028.154513353904
491,1,24393.708547336115
491,2,26051.556261862494
491,3,26862.49949372866
491,4,26247.8792459212
491,5,27138.714981299774
491,6,27189.929091942024
491,7,27554.105220187543
491,8,26751.24580009422
491,9,15378.125629792614
492,1,51502.63947437648
492,2,51064.994872692114
492,3,50856.89844407251
492,4,51178.90598381103
492,5,50914.83785187311
492,6,50893.60410315003
492,7,50741.75457508382
492,8,51050.7479309066
492,9,28997.02332963847
493,1,41870.38786422222
493,2,42036.132403846874
493,3,41792.39638661813
493,4,41735.56653076211
493,5,41637.52574643858
493,6,41719.352749641985
493,7,41218.774724372655
493,8,41058.411929731825
493,9,23709.139151040203
494,1,39985.176087139946
494,2,40087.112960705
494,3,40195.92030941044
494,4,40546.9212718221
494,5,40447.15470111447
494,6,40493.20701216635
494,7,40452.406399313586
494,8,40649.770860586
494,9,22991.213864227426
495,1,39346.9463650128
495,2,39157.558985192096
495,3,38584.617436511115
495,4,38760.32124921159
495,5,38476.19689289028
495,6,38378.19865289805
495,7,38619.13683202287
495,8,38183.75570430412
495,9,21855.432479160292
496,1,20682.11846325473
496,2,21516.722806831407
496,3,21222.865660267686
496,4,21261.600695893885
496,5,21309.168680309245
496,6,21837.048363701346
496,7,21403.561800955074
496,8,21237.761400219526
496,9,12059.55794963509
497,1,36164.117416801106
497,2,36315.014922815346
497,3,35906.88175632668
497,4,35800.79140442869
497,5,36283.13930348363
497,6,36093.229518307926
497,7,35379.49335298268
497,8,34905.36585185247
497,9,19899.53180841984
498,1,42030.244196753665
498,2,42058.05084699054
498,3,41628.38799816782
498,4,41659.81320173608
498,5,41794.6120853814
498,6,41996.75339210893
498,7,41178.36633873449
498,8,41015.95230048363
498,9,23205.931791272193
499,1,51044.45731497496
499,2,50819.663852479396
499,3,51074.62798393552
499,4,50876.46453215441
499,5,51014.978674592116
499,6,50619.990254782875
499,7,50702.80098029475
499,8,50818.99641238096
499,9,29097.190020518618
500,1,36523.04880713989
500,2,36815.33488088413
500,3,36737.633527547354
500,4,36618.82248412038
500,5,36504.77177973247
500,6,36505.5435698287
500,7,36850.846747610674
500,8,36878.99655355104
500,9,20850.622737483387
501,1,40062.52302159858
501,2,39849.98216136353
501,3,39774.780341665166
501,4,40386.75438091385
501,5,40206.283628203695
501,6,40366.152340660774
501,7,39710.24149836856
501,8,40379.12019727339
501,9,23078.420191637095
502,1,36284.00281878981
502,2,36133.009320156074
502,3,36007.94185503498
502,4,36131.61018941793
502,5,36014.79991388838
502,6,36073.855953872466
502,7,35895.7090102167
502,8,35782.23368428522
502,9,20440.21281548459
503,1,36576.20291180683
503,2,35920.67083658893
503,3,35414.937361142955
503,4,35208.96761734574
503,5,35560.97339342024
503,6,35471.939492111494
503,7,35576.98224245284
503,8,35289.407420534415
503,9,19825.601418203267
504,1,26820.974323174483
504,2,28610.218615088663
504,3,30075.861603066136
504,4,29656.835996210786
504,5,29778.922019937203
504,6,29702.110544260806
504,7,30249.42250535613
504,8,29669.123273743982
504,9,16949.37221852105
505,1,42842.5219888576
505,2,43022.47480166526
505,3,43057.21158125663
505,4,43209.18597474131
505,5,43085.157310470895
505,6,42505.791334602225
505,7,42821.94837532044
505,8,42931.65763858115
505,9,24793.722359460564
506,1,38960.97079703588
506,2,38724.98814311053
506,3,38831.73116101023
506,4,39148.050125647576
506,5,38920.123226803466
506,6,38693.491401030486
506,7,38537.294953358214
506,8,39048.86276059653
506,9,22311.29172600937
507,1,43228.249759698694
507,2,42804.80072011202
507,3,42521.901301062724
507,4,42728.10620594615
507,5,42528.0617242797
507,6,42950.11837884025
507,7,42549.97161013653
507,8,42673.07779593518
507,9,24017.618822033364
508,1,41931.23363161693
508,2,41693.77176803285
508,3,41744.33633892616
508,4,42055.283506594606
508,5,42042.10188614818
508,6,42033.03578503568
508,7,41976.1811242757
508,8,42259.22030874822
508,9,23889.519311804055
509,1,37006.543863470295
509,2,37198.22196439423
509,3,37287.67226546406
509,4,37468.943391895526
509,5,36952.58704178724
509,6,37086.917229199535
509,7,37208.46226888081
509,8,36942.192118455445
509,9,21089.075735455543
510,1,41144.471029607776
510,2,40805.98823570332
510,3,40769.08187242429
510,4,40750.76704250869
510,5,40596.63906673932
510,6,40786.01994944207
510,7,39833.88150081044
510,8,39840.594555578034
510,9,22627.992973025917
511,1,44953.471282134466
511,2,45257.519442311444
511,3,45420.70450954935
511,4,45227.04419604265
511,5,45458.49279388845
511,6,45188.61015405836
511,7,45641.41684981219
511,8,45749.23471640634
511,9,26161.421817224866
512,1,42646.57728167943
512,2,42771.42410247777
512,3,42630.22008285535
512,4,42854.23107756588
512,5,43042.10981952632
512,6,43205.46044702043
512,7,43171.437049574415
512,8,43065.60985605015
512,9,24670.261148636564
513,1,24487.178051713472
513,2,26708.129080489733
513,3,27480.099269698552
513,4,26949.421234190657
513,5,27614.730303844244
513,6,27892.389037372788
513,7,27717.552791609403
513,8,26755.073535382075
513,9,15321.071984197151
514,1,32599.61327008752
514,2,32996.71587664324
514,3,33175.75069131648
514,4,32965.836794680494
514,5,33181.118950368524
514,6,33375.59009555845
514,7,34051.574408600456
514,8,33608.229033620286
514,9,19244.48395537826
515,1,44017.406441829866
515,2,44333.79410427301
515,3,44667.295358149335
515,4,44544.08687179971
515,5,44364.28987538977
515,6,44304.78932281094
515,7,44511.112126204804
515,8,44510.765975384864
515,9,25343.851067337237
516,1,48684.168615995695
516,2,48952.97639058288
516,3,48251.09386309855
516,4,47937.67729792127
516,5,47970.40389738834
516,6,47794.98580134248
516,7,48314.87244285208
516,8,48331.13336163291
516,9,28068.034739684423
517,1,44191.37628747106
517,2,44168.62359189539
517,3,44543.74122894368
517,4,44350.69253776348
517,5,44405.11603828241
517,6,44298.40783053198
517,7,44585.35816953217
517,8,44180.889344285766
517,9,25278.42286086744
518,1,49046.468727973755
518,2,48616.933427823955
518,3,48823.988899250166
518,4,48987.270402737464
518,5,48972.89003382895
518,6,48305.04601408639
518,7,48073.6010797132
518,8,48439.478177912795
518,9,27418.416049092884
519,1,34723.61494535607
519,2,34638.92200760602
519,3,34780.86320607867
519,4,34368.986983048715
519,5,34286.40047977534
519,6,34003.70445766903
519,7,34240.542959738086
519,8,33919.93017460234
519,9,19258.44630146387
520,1,43923.34284390707
520,2,44172.7192095116
520,3,44402.74206001624
520,4,44673.23994754917
520,5,44401.531645869436
520,6,44409.35519607396
520,7,44497.233404438746
520,8,44894.980098511995
520,9,25431.653705716795
521,1,39799.358334694756
521,2,39997.45172018623
521,3,40268.41851867564
521,4,40011.51192580576
521,5,40483.68166189144
521,6,39891.61164328005
521,7,40333.16106064579
521,8,39893.29117503195
521,9,22870.046994962806
522,1,38540.427151537166
522,2,39048.82144932628
522,3,38710.727597964535
522,4,38344.695953321614
522,5,38686.07514812979
522,6,38449.798786345455
522,7,38721.1087663531
522,8,38558.38173408707
522,9,21896.767361677248
523,1,28991.362384254262
523,2,28898.490158092896
523,3,28905.792498654464
523,4,28948.757518185983
523,5,29011.133081250457
523,6,28700.415338159724
523,7,29107.621146033787
523,8,29034.22162092996
523,9,16708.868562063777
524,1,45401.21101714409
524,2,45065.37328549802
524,3,44903.57076328
524,4,45128.97329688484
524,5,45019.253188329305
524,6,45329.747202171595
524,7,44881.66301554786
524,8,45007.100049213244
524,9,25557.184642179593
525,1,43283.271154555645
525,2,42742.30100847063
525,3,42681.89828419588
525,4,43073.680142373574
525,5,42687.53295764506
525,6,43020.47553499411
525,7,42137.23001254821
525,8,42475.456765162715
525,9,23946.44496710124
526,1,41512.87025789015
526,2,40924.83776365243
526,3,40693.339155315414
526,4,40647.75055973709
526,5,40737.89438687237
526,6,40854.6209915027
526,7,40687.72578525379
526,8,40992.13388387202
526,9,23397.667907736097
527,1,59474.7919507366
527,2,59195.73768442037
527,3,59181.94958857045
527,4,59655.9125999567
527,5,59560.980434401354
527,6,59450.57895798009
527,7,59346.43180800488
527,8,59626.82639212981
527,9,34170.840159526604
528,1,23486.457389918112
528,2,24788.64943379696
528,3,26105.636681446435
528,4,25786.460228391763
528,5,25784.94054575512
528,6,25964.27007276475
528,7,27109.71540785097
528,8,26437.582265846824
528,9,14062.660698556054
529,1,41492.93154201686
529,2,40472.45346540242
529,3,40254.19207270096
529,4,40659.024805810775
529,5,40242.35691603109
529,6,40628.970536579014
529,7,40108.864393163014
529,8,40325.56513238023
529,9,23125.735766497186
530,1,40069.07033337395
530,2,40343.92828662754
530,3,40513.92513741119
530,4,40548.31594075616
530,5,40552.77358326138
530,6,40450.69717121351
530,7,40914.523844363735
530,8,40849.94034197612
530,9,23437.27690483001
531,1,42540.04657973282
531,2,43172.51256725445
531,3,42989.72912646339
531,4,42732.48060819397
531,5,42640.96819836415
531,6,42903.0877130754
531,7,42876.58371388332
531,8,42394.15753606383
531,9,24255.80941081803
532,1,25734.403107190523
532,2,26911.063208805197
532,3,26666.40024498721
532,4,26769.041495536152
532,5,26874.907915356587
532,6,28024.069534758117
532,7,28086.89137518867
532,8,27778.52043497646
532,9,15965.071866799766
533,1,41688.93996734149
533,2,41396.463756137695
533,3,41955.43398048627
533,4,42062.3993877179
533,5,41753.9917853749
533,6,41178.79081979076
533,7,42052.52600729637
533,8,41904.80831537854
533,9,23839.688187456482
534,1,38920.293651401844
534,2,39247.14576361512
534,3,39711.94649818114
534,4,39516.32979061059
534,5,39610.836430078976
534,6,39997.55655627817
534,7,39991.1716528998
534,8,39985.29930984447
534,9,22573.039775472538
535,1,47868.02111891732
535,2,47885.05583614955
535,3,47696.17465565334
535,4,48148.3447043612
535,5,48165.83094675805
535,6,48416.76168460242
535,7,48326.44701851008
535,8,48514.65397609789
535,9,27547.08168337731
536,1,52529.5856952665
536,2,52180.191033891664
536,3,52124.809775231435
536,4,51937.71953660916
536,5,51732.36202712072
536,6,51397.15746023984
536,7,51438.35405123656
536,8,51520.89625692091
536,9,29279.358432219116
537,1,32845.663018255545
537,2,33419.621219095825
537,3,33724.362603482245
537,4,33610.57235609167
537,5,33633.635200689954
537,6,33676.56005609784
537,7,33878.50203468
537,8,33870.90751280242
537,9,19154.969399532638
538,1,40791.8740324299
538,2,40980.400392423864
538,3,40699.41343489515
538,4,40551.26314334003
538,5,40599.790321989596
538,6,40744.76463584454
538,7,40334.40132597356
538,8,40186.50129458478
538,9,22988.61698065434
539,1,35901.38608430388
539,2,36537.637625522584
539,3,36064.89053669255
539,4,36001.20503259209
539,5,36108.47689583535
539,6,36580.768240969584
539,7,36170.24063001208
539,8,35973.675727437396
539,9,20532.176620444185
540,1,44759.27574146582
540,2,44510.118378124826
540,3,44808.017916148914
540,4,44595.286701617355
540,5,44653.07964530374
540,6,44648.161004049165
540,7,45433.338054966225
540,8,45804.23895856858
540,9,26069.815039712466
541,1,19053.986461863748
541,2,20248.790440123343
541,3,20883.722094024197
541,4,20237.885489625223
541,5,20656.133449822657
541,6,20556.356544698847
541,7,19162.268706501647
541,8,18635.84446068049
541,9,10464.162451191098
542,1,32502.257764996946
542,2,32512.305720635657
542,3,32439.73543096164
542,4,32538.125847808813
542,5,32341.402941927896
542,6,32400.160591819324
542,7,32479.954195901526
542,8,32300.40581939887
542,9,18378.853510123055
543,1,51739.12629473225
543,2,51527.87791677922
543,3,51095.61077484077
543,4,51201.110504716075
543,5,51358.770522385435
543,6,51197.00534490992
543,7,50923.33559016877
543,8,51056.19648429199
543,9,29121.325593751026
544,1,47202.336637956934
544,2,47146.00365361365
544,3,46533.02957293801
544,4,46416.196041803145
544,5,46066.49139305024
544,6,46279.50796714622
544,7,46352.71402456752
544,8,46355.50568672555
544,9,26479.845890051616
545,1,36298.54264566129
545,2,35889.92092373414
545,3,35508.298679285566
545,4,36053.46283141978
545,5,35599.94504773665
545,6,36128.71160042597
545,7,36308.2785030571
545,8,36400.68652126106
545,9,20949.631228814585
546,1,27792.074859879467
546,2,30286.738222724765
546,3,33047.244452651226
546,4,33183.77212280185
546,5,33594.60357357431
546,6,33420.99387486389
546,7,34443.80733224448
546,8,34040.50115491544
546,9,19477.41423007161
547,1,36062.5033763709
547,2,36355.38827882933
547,3,35785.87358006225
547,4,35787.978748729605
547,5,36279.5710787955
547,6,36212.494005052205
547,7,36648.38402772139
547,8,36345.7875639461
547,9,20869.397419009914
548,1,38878.14886569907
548,2,39110.860947232235
548,3,38901.2388746754
548,4,38940.795091783686
548,5,38682.89066313498
548,6,38750.76484844187
548,7,38315.59890262516
548,8,38565.938164899686
548,9,21804.394649457925
549,1,41088.36956919108
549,2,40407.0432493448
549,3,40342.91265805472
549,4,39940.74178632355
549,5,40195.28128670638
549,6,39716.96643836575
549,7,39574.58845466163
549,8,39433.978858002476
549,9,22702.040674036012
550,1,34979.214640525715
550,2,35142.71875272251
550,3,35382.19936365104
550,4,35600.289612212975
550,5,35494.18243674642
550,6,35408.95185507596
550,7,35951.82637724852
550,8,36147.48476983174
550,9,20805.956763757073
551,1,38755.69158776427
551,2,38918.998447430225
551,3,38937.08141393152
551,4,38824.28877454152
551,5,38816.37487895369
551,6,38603.407849526186
551,7,38552.91371583563
551,8,38388.619289849215
551,9,21955.564766667085
552,1,46635.24184630062
552,2,46133.507083645694
552,3,45689.77690615627
552,4,45811.11218720169
552,5,45537.366501979035
552,6,45386.445563580644
552,7,44908.42165657811
552,8,45048.18554199416
552,9,25561.568363807724
553,1,42821.901944161946
553,2,42977.54080370792
553,3,43109.37970754635
553,4,43273.168990422346
553,5,43197.4297291593
553,6,43483.939592211
553,7,42779.37668151385
553,8,42953.4820026473
553,9,24580.206792633406
554,1,48408.835068050845
554,2,48131.504380842816
554,3,48016.67985901153
554,4,47669.07740730153
554,5,48132.61772258215
554,6,47602.89322140747
554,7,47987.484190679505
554,8,47819.20822482232
554,9,27472.550394876256
555,1,52184.62836256201
555,2,51781.16597395962
555,3,51189.403754912724
555,4,51736.307563095375
555,5,51704.151928817344
555,6,51529.79946958948
555,7,51270.513429815175
555,8,51655.64807527196
555,9,29489.133920344917
556,1,27474.64033992182
556,2,27777.299414805926
556,3,27471.083348316428
556,4,27269.5366054263
556,5,27378.83831009272
556,6,27552.58610717757
556,7,27670.73985993518
556,8,27415.718228298443
556,9,15820.505549726651
557,1,43155.64296797428
557,2,43972.71671088423
557,3,44462.82164367044
557,4,44408.39913232819
557,5,44131.58361170016
557,6,44909.28548322775
557,7,45068.866587097946
557,8,44720.06166086985
557,9,25327.168457323547
558,1,37644.914397844055
558,2,37302.669534574175
558,3,36942.149562406
558,4,37332.19105512497
558,5,37418.283919605085
558,6,37088.19077280873
558,7,36969.22804521322
558,8,36885.24760399881
558,9,21240.3406367029
559,1,34370.696284826714
559,2,35609.27286742856
559,3,36310.94057640627
559,4,35596.065752926064
559,5,36001.40350658416
559,6,35636.2126668571
559,7,36837.1677152473
559,8,36042.391250078326
559,9,21000.877605813504
560,1,38676.99264984523
560,2,38620.448426817085
560,3,38498.51884351111
560,4,38686.231054259355
560,5,38919.125512916675
560,6,38798.900958210834
560,7,38384.81562891257
560,8,38407.252281179484
560,9,21831.544919948214
561,1,41885.12544285018
561,2,41415.92534393321
561,3,40867.83273312503
561,4,41608.286330150055
561,5,41425.71118510034
561,6,41744.30451851878
561,7,40973.285215677024
561,8,41612.28168401999
561,9,23601.933641238993
562,1,43320.16702430229
562,2,43454.19213135813
562,3,43763.59375384528
562,4,43969.344139759465
562,5,44096.82513052938
562,6,43705.66541406544
562,7,43609.09356268664
562,8,43693.06379470698
562,9,25218.324005594088
563,1,54741.289816836266
563,2,54492.90188689947
563,3,54825.292086042406
563,4,54589.16952734038
563,5,54987.022651613064
563,6,54325.24535701724
563,7,54193.02057928505
563,8,54049.19474749822
563,9,31040.710942272224
564,1,52380.5127360019
564,2,52336.980497257326
564,3,52265.15610040854
564,4,52412.29212099213
564,5,52191.93153755675
564,6,52223.07063276701
564,7,52091.973473266204
564,8,52154.05138846082
564,9,29552.550291174084
565,1,32475.624520124176
565,2,32284.454205746057
565,3,32123.72419071015
565,4,31723.59045035329
565,5,31059.11209630521
565,6,31297.130558035533
565,7,30953.671000485087
565,8,30849.223103352135
565,9,17437.049542532674
566,1,36878.47255100894
566,2,36703.37159858064
566,3,36645.06928927355
566,4,36780.23580441892
566,5,36649.05013252378
566,6,36896.89256680752
566,7,37054.483880105676
566,8,37113.215820537225
566,9,21000.541856002335
567,1,41336.07351077231
567,2,41395.04472171858
567,3,41449.912011030516
567,4,41633.394140764634
567,5,41379.26383891117
567,6,41451.09306882238
567,7,41846.01230963542
567,8,41861.07827415703
567,9,23848.279156635806
568,1,40236.080813926164
568,2,40143.20889404799
568,3,39766.6019751111
568,4,40110.00389485621
568,5,40246.34228360718
568,6,40382.63853994123
568,7,40021.527960266176
568,8,40036.57110416384
568,9,22822.164941857565
569,1,39535.54962189501
569,2,39882.828530024446
569,3,40002.42396197044
569,4,39708.58129983598
569,5,40402.1221950347
569,6,40518.277086632675
569,7,40807.384836618505
569,8,40545.51327053909
569,9,23051.531316962493
570,1,50148.95088485645
570,2,49402.76521104012
570,3,49790.83730590877
570,4,49959.94265601522
570,5,49559.15010762711
570,6,49534.64170219013
570,7,49805.01454518894
570,8,50155.13026277623
570,9,28526.65311452173
571,1,51793.204346138664
571,2,51713.538810687925
571,3,51205.22781938759
571,4,51444.08616813635
571,5,52092.732034122804
571,6,51817.62912272579
571,7,51413.877217232024
571,8,51599.7234106959
571,9,29795.862730797588
572,1,48394.37503251532
572,2,47916.441919113335
572,3,47407.7509590347
572,4,47502.819244167185
572,5,47492.85717506358
572,6,47614.67323777651
572,7,47829.68593647072
572,8,47727.19109456752
572,9,27159.04222833013
573,1,51896.04619492355
573,2,50929.8800047259
573,3,50474.116601665955
573,4,50966.49324771771
573,5,50745.55830496626
573,6,50783.29960791351
573,7,50149.33269299599
573,8,50665.13722784943
573,9,28672.688844441804
574,1,19485.70061027303
574,2,19806.115856476557
574,3,20056.003028872463
574,4,20355.518776975623
574,5,20631.83670080199
574,6,21088.837072210426
574,7,21950.361542662326
574,8,21549.03369286295
574,9,12368.770479363502
575,1,40459.96912195676
575,2,40455.0379124368
575,3,39865.398375002216
575,4,39911.244952842375
575,5,40547.34340035165
575,6,40659.17726527101
575,7,39827.06560660659
575,8,39910.086116262544
575,9,22832.50499540359
576,1,35991.38014222455
576,2,36208.72254699592
576,3,36139.45515018033
576,4,36148.23371811843
576,5,35970.32800319177
576,6,35903.96676815242
576,7,36219.75161143635
576,8,36095.73600770429
576,9,20613.633162056452
577,1,39283.29834954018
577,2,39665.968631066506
577,3,39341.950917057286
577,4,39899.205450835696
577,5,39715.07391780459
577,6,39717.45724695665
577,7,39807.57108438979
577,8,39915.96259560223
577,9,23099.06528553413
578,1,42827.048765859574
578,2,42810.71796619103
578,3,42816.731892769196
578,4,42619.86609969489
578,5,42738.909095978
578,6,42431.84235391333
578,7,42222.03244468622
578,8,42086.682595825696
578,9,24180.68848352764
579,1,22705.763552161192
579,2,23312.196842986727
579,3,23312.144476769492
579,4,23623.5712346157
579,5,24017.14755196016
579,6,24235.19619654997
579,7,23460.20548185007
579,8,23599.42303075017
579,9,13428.87461501797
580,1,46026.2893371098
580,2,46193.56414202909
580,3,46365.07077176236
580,4,46300.17487227363
580,5,46701.14370815802
580,6,46217.16311314417
580,7,46479.629379307094
580,8,46349.937831823394
580,9,26789.17458577246
581,1,48609.510051382436
581,2,48429.82708720594
581,3,48863.11899084418
581,4,49085.06153750127
581,5,48734.5816596379
581,6,48048.01771911887
581,7,48271.10494291994
581,8,48547.3820625669
581,9,27522.19958719652
582,1,44471.90741958301
582,2,45267.45047875302
582,3,45447.46023817944
582,4,45218.83658581246
582,5,45787.71169828666
582,6,45573.639505982756
582,7,45681.34392435063
582,8,45557.96384084066
582,9,26286.439757019434
583,1,31634.291766924973
583,2,32130.717162995366
583,3,32788.91938544586
583,4,32326.577367535465
583,5,32427.58597724129
583,6,32953.57536492803
583,7,33422.583358804986
583,8,33319.781087169154
583,9,18745.371680916513
584,1,43894.40135221094
584,2,43027.33242762719
584,3,43011.82273374061
584,4,43314.996042260915
584,5,43104.85722165735
584,6,43060.31153845373
584,7,42906.5184147657
584,8,43128.08679160852
584,9,24618.333937264455
585,1,41306.644903280845
585,2,40515.88828288306
585,3,40234.67219208734
585,4,40577.75178086164
585,5,39824.35778903763
585,6,40063.45206775759
585,7,39521.63823103849
585,8,40015.84304418849
585,9,22730.470740340676
586,1,44264.84014972538
586,2,44223.304675906365
586,3,44461.59376362959
586,4,44969.87825068403
586,5,45051.89145573044
586,6,45481.76341519153
586,7,45179.54924612466
586,8,45392.93954837669
586,9,25602.92053604854
587,1,36929.78999414554
587,2,37434.83924108039
587,3,37230.6941734465
587,4,37268.15918746864
587,5,37741.07707000233
587,6,38322.717434936625
587,7,37864.8068493801
587,8,37274.59642499658
587,9,21323.29420420512
588,1,29720.224906895364
588,2,30390.137960352666
588,3,30902.30106147506
588,4,30582.547412010696
588,5,31066.40266763466
588,6,30884.722827093123
588,7,31148.611418081295
588,8,30619.37361004146
588,9,17646.742764533137
589,1,34823.7737416292
589,2,34879.025076212136
589,3,34605.57978651107
589,4,34515.797774012724
589,5,34527.624434138255
589,6,34382.835325941305
589,7,34346.607935187225
589,8,33962.48734400854
589,9,19264.636720203984
590,1,46874.8546317012
590,2,46577.16379795589
590,3,45961.34005294066
590,4,46249.80859281236
590,5,46370.63189220014
590,6,46802.21178526468
590,7,45975.27877667364
590,8,46352.39708554968
590,9,26324.83864398868
591,1,45144.48356408779
591,2,44735.82729338776
591,3,45025.151212549266
591,4,44944.001638192894
591,5,44813.7611621343
591,6,44133.16128941931
591,7,44618.02100767133
591,8,44761.915269621255
591,9,25413.761828905335
592,1,32174.98312343907
592,2,32775.519220999115
592,3,32984.86507638254
592,4,32802.51948354708
592,5,32927.89596965943
592,6,33081.967081918374
592,7,33190.805099258745
592,8,33068.66763215092
592,9,18813.170943868154
593,1,39936.6562953707
593,2,38281.6557996605
593,3,36674.454308141605
593,4,36139.21754541145
593,5,36030.08128640186
593,6,35492.207476070274
593,7,35382.151081698015
593,8,35327.74332734532
593,9,20093.823871554512
594,1,42735.53433386849
594,2,42685.573735181475
594,3,42243.33009397813
594,4,42946.33185552736
594,5,43304.20494446614
594,6,43327.92149361286
594,7,43179.121490393685
594,8,43298.756164453116
594,9,24744.372883667103
595,1,40190.36100031507
595,2,40763.10361566938
595,3,40613.11058476327
595,4,40194.109076292065
595,5,40555.96134325628
595,6,40755.639987258095
595,7,41317.91778134744
595,8,40880.361842670856
595,9,23398.193267949493
596,1,39397.31055782606
596,2,39845.19599669447
596,3,39883.29842276278
596,4,40152.53009701811
596,5,40520.33989475843
596,6,40789.222389258684
596,7,40882.59702288392
596,8,40695.173119200765
596,9,23297.438480085235
597,1,41642.29731415465
597,2,41969.08358990206
597,3,41971.842751878794
597,4,41886.72712461895
597,5,41968.579289955094
597,6,41926.76133356567
597,7,41795.97285281054
597,8,41564.39922675451
597,9,24024.799020487015
598,1,32429.714707980536
598,2,32185.300063431016
598,3,31903.325507681708
598,4,31258.381376147343
598,5,30804.175188594563
598,6,30244.351033465726
598,7,30761.52845345609
598,8,30552.666898703847
598,9,17133.209369139542
599,1,38785.90297845453
599,2,38379.450553331946
599,3,38138.56370545841
599,4,38128.861066323785
599,5,38186.11656578447
599,6,38434.5895358746
599,7,38008.89846969595
599,8,38168.64361993534
599,9,21669.891511248286
600,1,51723.966472699496
600,2,51189.1450945285
600,3,50882.40726418361
600,4,50993.64724326192
600,5,50911.40091218087
600,6,50735.94380261501
600,7,50565.0744800462
600,8,50741.210508516524
600,9,29145.43215142407
601,1,36376.849271086845
601,2,36511.933463649475
601,3,37056.24792182532
601,4,36333.30412874863
601,5,36560.07491921497
601,6,36380.45223477059
601,7,37084.66236485127
601,8,36794.022757559665
601,9,21222.77228270226
602,1,37460.23357797394
602,2,37583.64551725446
602,3,37574.81514285294
602,4,37439.528827180366
602,5,37622.69562061965
602,6,37980.73449279612
602,7,37605.66623427836
602,8,37627.871725837875
602,9,21166.875933836847
603,1,40680.56692991895
603,2,40688.775692242736
603,3,40308.04866351273
603,4,40460.686539141185
603,5,40590.06599620296
603,6,40532.51194684457
603,7,39907.03017314939
603,8,39837.42515782356
603,9,22913.308582824633
604,1,41772.57912429484
604,2,42223.26599453962
604,3,42336.430109006265
604,4,42049.27915633261
604,5,42210.292670072384
604,6,41799.70426560807
604,7,42087.48273975544
604,8,41657.66428818384
604,9,24141.689596250486
605,1,36273.44756872488
605,2,36663.90394046604
605,3,36777.33933134224
605,4,36400.2619945732
605,5,36139.699702461425
605,6,35970.40388809853
605,7,36592.81686323185
605,8,36149.536638276484
605,9,20504.83981124787
606,1,22545.291375474088
606,2,24121.10913396468
606,3,23635.8627205173
606,4,22867.526492607612
606,5,23028.14734414183
606,6,23763.308250582635
606,7,24986.12033093304
606,8,24085.215666809225
606,9,13297.023427092172
607,1,46530.53018729406
607,2,46263.70248274038
607,3,46119.60114616879
607,4,45905.860749716994
607,5,45911.3046906643
607,6,45850.66945520503
607,7,46002.96011604889
607,8,46223.09037632182
607,9,26618.562381332707
608,1,41000.62705239078
608,2,41010.99458965949
608,3,41253.74735159938
608,4,41445.55657337999
608,5,41716.15054994707
608,6,41026.3973860384
608,7,41443.11898734553
608,8,41406.75513028356
608,9,23759.65521732776
609,1,46416.336758636244
609,2,46775.67018885759
609,3,46674.55029043871
609,4,46123.08288682143
609,5,46194.32179822075
609,6,46093.557919246836
609,7,46310.650243798365
609,8,45784.079107229
609,9,26221.55300590917
610,1,33368.64202481962
610,2,34044.484508776564
610,3,34056.761911527414
610,4,33855.8244377982
610,5,34066.079388786915
610,6,34386.4891598448
610,7,34250.08407099463
610,8,33863.715865805454
610,9,19650.562184936676
611,1,51243.06978416408
611,2,50778.03241987478
611,3,50522.34238819944
611,4,50955.98584106812
611,5,51104.02011510558
611,6,50867.31748132751
611,7,50239.37430257141
611,8,50487.01175525673
611,9,28878.706815674144
612,1,39656.822298601735
612,2,40252.423066672935
612,3,40545.271669257825
612,4,40237.07757366535
612,5,40461.965393467195
612,6,40380.63319358469
612,7,38872.82754718301
612,8,38930.382996613596
612,9,22151.454022564452
613,1,43832.179516462216
613,2,42741.526863245344
613,3,41457.96915180801
613,4,42305.95068973209
613,5,42019.09697791926
613,6,42625.16178654476
613,7,41278.88616218385
613,8,41581.821278005285
613,9,23330.988368352384
614,1,49575.78697709165
614,2,49365.48416413481
614,3,49056.27587404295
614,4,49179.404042620685
614,5,49037.446615422086
614,6,49279.71818139787
614,7,48904.82035547653
614,8,49137.00695874289
614,9,28136.072180220548
615,1,18549.030960162927
615,2,19647.52983029095
615,3,20447.02013418956
615,4,20501.64466109412
615,5,20637.89518273996
615,6,21307.739976588626
615,7,21407.450303322137
615,8,21195.202716190917
615,9,12219.850907025826
616,1,35907.8821150266
616,2,36451.87647614441
616,3,36402.47913130836
616,4,36308.69692755388
616,5,36325.70875739328
616,6,36641.73898783257
616,7,36675.39100872929
616,8,36794.40357573574
616,9,20926.905473295596
617,1,44913.341207868616
617,2,45644.45920111696
617,3,45919.01490891386
617,4,45570.78100414878
617,5,45522.50687589517
617,6,45576.88172675933
617,7,46185.62791641917
617,8,46121.33860096408
617,9,26232.429486520312
618,1,35005.14080622903
618,2,35947.71215629847
618,3,36009.72512952435
618,4,35609.03409613854
618,5,35700.70566852871
618,6,35223.89517685991
618,7,35268.524468417054
618,8,34702.68923434648
618,9,20304.485339355164
619,1,32821.06661579326
619,2,32935.06849796728
619,3,31849.194417134313
619,4,32086.822095630127
619,5,32558.196061624985
619,6,33226.47751986474
619,7,32676.728679875217
619,8,32265.830658164217
619,9,18480.505514877274
620,1,38740.239986199675
620,2,39323.521870379125
620,3,39073.19958767052
620,4,38905.72832844395
620,5,38971.99769461026
620,6,39027.60888630217
620,7,39004.97619998104
620,8,38734.58783772158
620,9,22188.897518764166
621,1,43504.67284796141
621,2,43373.18787643022
621,3,42953.23092344667
621,4,43058.11930548139
621,5,43146.18313117983
621,6,43151.746780272275
621,7,42773.27200072919
621,8,42889.649313334696
621,9,24395.603964961396
622,1,42799.92736359145
622,2,43121.999730953474
622,3,43041.35210723935
622,4,43096.90690231611
622,5,43762.757613611495
622,6,43301.27465324102
622,7,43091.12656342512
622,8,42984.591854690814
622,9,24994.0560486481
623,1,49392.1219343958
623,2,48717.35979710764
623,3,48612.04706891231
623,4,48535.526021346326
623,5,48353.9472721488
623,6,48153.882153556835
623,7,48040.65873484737
623,8,47712.37098916552
623,9,27155.418103277563
624,1,35435.11299452319
624,2,36562.97686865513
624,3,37818.55299482513
624,4,37335.983224804295
624,5,36635.93355790458
624,6,37436.036938841025
624,7,38710.17323774332
624,8,38449.25455787051
624,9,21809.102287644346
625,1,43370.48064943993
625,2,43339.64773361013
625,3,43240.57943903413
625,4,43177.741977321646
625,5,42684.88950921761
625,6,42894.50404658784
625,7,42497.55139649126
625,8,42753.0407886734
625,9,23995.449025764217
626,1,44524.09069563043
626,2,44378.83204091215
626,3,44802.779240710435
626,4,44995.523995890144
626,5,44628.040845005125
626,6,44717.029222923215
626,7,44805.36020346911
626,8,44953.41238405099
626,9,25605.79185114526
627,1,43185.14474727213
627,2,42590.41041641645
627,3,41234.22844468543
627,4,40833.35580384173
627,5,40069.469160745924
627,6,39790.692102703215
627,7,39140.702709925055
627,8,39018.06010946857
627,9,22081.89663086681
628,1,46775.64162567292
628,2,46452.65458830741
628,3,45767.941031241426
628,4,46472.51339710352
628,5,46922.07655758342
628,6,47271.95899895213
628,7,46736.99347540748
628,8,46672.01929592449
628,9,26861.312019113557
629,1,28545.602621313912
629,2,28911.616503601195
629,3,29061.63307893378
629,4,29251.0138908886
629,5,28998.958114134755
629,6,29568.25881068754
629,7,30474.405124750483
629,8,30722.53783296104
629,9,17459.0374758263
630,1,36860.55472967009
630,2,37017.09689844038
630,3,36655.121199048284
630,4,36419.18060541525
630,5,35707.733267876756
630,6,35823.236466946095
630,7,35549.7029162691
630,8,35499.87696045127
630,9,20083.450864065515
631,1,40268.43430423082
631,2,40512.699813075735
631,3,40769.79320181987
631,4,40563.24182513665
631,5,40668.904066320865
631,6,40694.27097737904
631,7,40944.317119653904
631,8,40686.2992052219
631,9,23337.808533692572
632,1,42817.20679905538
632,2,43599.00467769108
632,3,43849.440088996525
632,4,42943.115078704206
632,5,43652.5363443697
632,6,43267.631610079196
632,7,44121.17647251012
632,8,43666.10272846669
632,9,25139.269445900893
633,1,46245.87927838476
633,2,45857.502056999794
633,3,45834.52657392214
633,4,46211.9690635358
633,5,45935.6407241602
633,6,46114.80780223724
633,7,46389.32206821376
633,8,46530.80106316695
633,9,26652.345840606464
634,1,39765.51335957763
634,2,38638.10475693124
634,3,38428.44207852452
634,4,38884.521666948414
634,5,38649.50619063446
634,6,38998.951496988106
634,7,37954.02680437167
634,8,38436.87201819305
634,9,21768.00432154548
635,1,42172.76019735182
635,2,42066.301863781926
635,3,42242.14432235686
635,4,42202.27615248234
635,5,42022.73917390529
635,6,41777.757521717445
635,7,42232.147084733806
635,8,42251.76437512673
635,9,24179.510079356358
636,1,41186.9053796894
636,2,41261.081431810475
636,3,40885.120197138596
636,4,41005.32169940079
636,5,41183.69274420468
636,6,41286.6006344412
636,7,41179.09275585557
636,8,41005.96140955578
636,9,23572.340439210027
637,1,45499.687948203
637,2,45699.47048989329
637,3,45845.19990516479
637,4,45554.18523582675
637,5,45904.64641097929
637,6,45538.95394027727
637,7,45755.380796031866
637,8,45298.1435030412
637,9,26208.865309477314
638,1,45223.26273555095
638,2,44940.53343969808
638,3,45523.18987265415
638,4,45287.54534311215
638,5,45331.74338002689
638,6,45226.420095817986
638,7,45509.82047540099
638,8,45633.16969536085
638,9,25886.581047032098
639,1,29307.40724172524
639,2,28651.355519552057
639,3,27443.807470388572
639,4,27301.509790364915
639,5,26571.62887413876
639,6,27436.382112590603
639,7,26496.20270945614
639,8,26055.23304715322
639,9,14651.674920825426
640,1,34500.74158787651
640,2,34299.71587431019
640,3,34217.46818479199
640,4,34334.23849729449
640,5,34369.631342832785
640,6,34383.4211407041
640,7,34228.24279176006
640,8,34100.90374631302
640,9,19369.76224450132
641,1,36131.86154090012
641,2,36278.73024748672
641,3,35944.404584202086
641,4,35654.54107274628
641,5,35682.63925759862
641,6,35306.75918786612
641,7,35554.88482319612
641,8,35465.28415494368
641,9,20149.427522850296
642,1,38654.52209082852
642,2,38786.776348005544
642,3,38869.99023751107
642,4,38995.804003971796
642,5,38997.59890978504
642,6,38855.9412094697
642,7,39039.01764800427
642,8,39190.232515845986
642,9,22456.07448851116
643,1,30964.413387314977
643,2,31695.14816270309
643,3,31423.21608369532
643,4,30824.067761627164
643,5,31359.382675357665
643,6,32404.897570965135
643,7,31942.57747470341
643,8,31286.927975871607
643,9,17757.77912344388
644,1,41277.10196710957
644,2,40221.2086185286
644,3,39441.11878663873
644,4,39773.434144089195
644,5,39487.1561208006
644,6,39840.52000085793
644,7,40139.61011752547
644,8,40719.67528885322
644,9,23101.363062007258
645,1,37043.34259604166
645,2,36574.39645729656
645,3,36015.142863232206
645,4,36284.29587789398
645,5,36485.63327144793
645,6,36524.27425233578
645,7,36460.59569501453
645,8,36404.05241490767
645,9,20752.957612716964
646,1,43915.79020598945
646,2,44225.824829291465
646,3,43865.3918946891
646,4,43552.32892354992
646,5,43751.74448952028
646,6,43881.499741585336
646,7,44016.8769637094
646,8,43628.584199200704
646,9,25214.43684502352
647,1,50440.615249854556
647,2,50347.00258168234
647,3,50061.64656274986
647,4,49907.00599104645
647,5,49901.954447121345
647,6,50197.57665065229
647,7,49982.48707373236
647,8,49955.473662544646
647,9,28483.44325779291
648,1,16497.910318261325
648,2,17385.32099059339
648,3,17525.219945407716
648,4,17451.40109161551
648,5,17540.09927253447
648,6,18568.387071019428
648,7,18705.31739135285
648,8,18462.93389857099
648,9,10485.64015188368
649,1,42577.88179813076
649,2,42786.113410052814
649,3,42385.56762714519
649,4,42521.00588700549
649,5,42529.91237576754
649,6,42967.80592015423
649,7,42576.30513201279
649,8,42537.883963542
649,9,24559.95844133495
650,1,40966.548868608406
650,2,40841.96618401957
650,3,39971.98389801069
650,4,40588.64195871678
650,5,40569.526886893655
650,6,41145.609811584734
650,7,40789.147948479316
650,8,40828.06838162438
650,9,23186.54305713556
651,1,34573.186229149265
651,2,35145.86227236333
651,3,34980.811079399995
651,4,35144.32637675949
651,5,35542.83934549614
651,6,36409.390501142305
651,7,36386.173167509405
651,8,35747.794471871915
651,9,20268.63861308863
652,1,32259.407881057537
652,2,32676.29790988768
652,3,33027.50371650637
652,4,32825.54596186496
652,5,32902.80830548033
652,6,33177.68370842988
652,7,33579.24027698839
652,8,33203.234247739085
652,9,19009.144872239864
653,1,53191.973762338865
653,2,52819.97390994834
653,3,52251.246882804146
653,4,52777.125785722
653,5,52517.821853972
653,6,52440.28427342061
653,7,51961.538039983716
653,8,52411.485478507144
653,9,30035.697424492264
654,1,40068.566731677485
654,2,40250.00868843687
654,3,40306.2951799029
654,4,40574.8438234295
654,5,41002.38752043533
654,6,40629.79721548664
654,7,40764.09806060299
654,8,40514.24318064839
654,9,23203.219416067215
655,1,50046.52100027248
655,2,49613.35628045081
655,3,49152.85163169619
655,4,49177.43434806275
655,5,49344.31760900774
655,6,49248.86554658103
655,7,48698.00985400972
655,8,48761.736810530594
655,9,28048.540554225263
656,1,56438.95407018443
656,2,55951.88551935917
656,3,56839.047914692914
656,4,56393.3466096025
656,5,56531.26422184329
656,6,55896.57851991381
656,7,56862.65976984237
656,8,57276.985415819225
656,9,32825.86441945015
657,1,24027.99014930605
657,2,27586.62833677901
657,3,28234.968305970324
657,4,26967.520038424427
657,5,27797.613627654486
657,6,27882.33837260554
657,7,27836.196650126745
657,8,25893.14863774488
657,9,14452.697482852718
658,1,43017.42175887839
658,2,43136.928059907914
658,3,43182.606140215015
658,4,43058.177642282266
658,5,43179.89533355253
658,6,43414.56305312751
658,7,43155.27367698482
658,8,42604.388015880904
658,9,24020.993597772354
659,1,40732.666957363916
659,2,41455.26811016618
659,3,41759.11112948507
659,4,41297.87389664346
659,5,41620.80508697839
659,6,41229.25548239986
659,7,42053.367191804326
659,8,41321.97968026414
659,9,23717.25963210751
660,1,45716.658675211715
660,2,44942.698479952174
660,3,44593.23216619504
660,4,44946.0249499742
660,5,44779.25071591233
660,6,44677.19100804148
660,7,44424.67349144039
660,8,44807.15877527736
660,9,25467.68411895288
661,1,31711.409542012916
661,2,33004.33016268451
661,3,33877.09454977408
661,4,33229.50920203398
661,5,33269.83024628803
661,6,33297.04390778359
661,7,34495.892009701005
661,8,34204.65230928768
661,9,19595.079686745335
662,1,44356.24257143054
662,2,44175.043072064145
662,3,44434.3932241031
662,4,44665.19202080645
662,5,44610.42979574509
662,6,44188.05952443475
662,7,44599.390554794074
662,8,44846.13371438986
662,9,25486.53812258562
663,1,39423.097886998985
663,2,39362.5170052901
663,3,39313.452969395155
663,4,39141.30814937362
663,5,38681.735022457084
663,6,38673.020532031056
663,7,38625.53097467318
663,8,37996.56442903797
663,9,21713.037310092404
664,1,38359.639640531204
664,2,37950.59622910409
664,3,38151.54424539161
664,4,38751.879870416116
664,5,38707.58158227655
664,6,39107.595142606784
664,7,38333.88532089775
664,8,38674.03757731938
664,9,21872.095668523078
665,1,35289.26963201676
665,2,35497.720088600676
665,3,35680.27559560597
665,4,35772.80099047175
665,5,35976.71320428145
665,6,36102.39491458338
665,7,36414.03822693729
665,8,36216.51880335065
665,9,20601.551462407933
666,1,23213.32788599255
666,2,23953.168832496867
666,3,24456.582297048477
666,4,24369.43293790495
666,5,24547.744358871765
666,6,24486.66121916519
666,7,24698.138205425006
666,8,24777.960264346057
666,9,14114.183660812112
667,1,35057.34594434823
667,2,35113.05259554667
667,3,35638.64673893651
667,4,35372.58444725532
667,5,34666.349648901174
667,6,34624.757082279284
667,7,36286.00149372101
667,8,36290.30531905251
667,9,20597.727227834373
668,1,43071.893757823666
668,2,43217.23690246441
668,3,43296.26367834478
668,4,43118.40275552816
668,5,43273.899534965436
668,6,43371.899282161874
668,7,43421.105975188606
668,8,43307.37877453753
668,9,24701.24983626183
669,1,42159.769467633036
669,2,42271.42530450014
669,3,42476.62691458238
669,4,42615.56469589668
669,5,42428.905569867675
669,6,42412.131157812604
669,7,41291.05473425064
669,8,41100.41339188543
669,9,23216.54797167845
670,1,47194.14508724535
670,2,47131.49528520303
670,3,47536.18973962962
670,4,47184.72490649288
670,5,46853.23384002273
670,6,46922.74621526608
670,7,47312.59878718749
670,8,47206.05709608238
670,9,26797.715279987176
671,1,46650.93454056438
671,2,46524.45529054988
671,3,45316.200925604986
671,4,45558.67630502963
671,5,45808.01900385576
671,6,45951.09266775003
671,7,45614.466412787326
671,8,45386.08510782292
671,9,26014.995459554153
672,1,43200.87727294076
672,2,43955.475824391484
672,3,43750.61788433047
672,4,42883.95472184123
672,5,43139.03590376954
672,6,42529.316388527644
672,7,43681.05269356422
672,8,43054.832695323414
672,9,24871.04001187138
673,1,45353.47755224736
673,2,45463.27404559708
673,3,45322.53418435257
673,4,44832.096684385746
673,5,44565.81187915983
673,6,44613.25533026197
673,7,45231.33372729898
673,8,44893.633191614834
673,9,25427.10993834912
674,1,42931.38770656492
674,2,42751.64629506963
674,3,42600.852323380925
674,4,42669.257871291135
674,5,42888.78708865966
674,6,42676.838438133265
674,7,42854.61194563839
674,8,42942.090981910485
674,9,24604.1690936651
675,1,39199.16939846474
675,2,39179.97110415707
675,3,39470.8324998141
675,4,39467.355564497615
675,5,39658.874827835134
675,6,39339.52145004679
675,7,39398.86747506099
675,8,39326.32133971314
675,9,22529.508243041804
676,1,36799.721126947275
676,2,37493.39746814018
676,3,37101.000095151925
676,4,37144.22633279585
676,5,37165.73494932688
676,6,36882.487512253785
676,7,36603.4220022497
676,8,36210.91230973474
676,9,20757.91313629285
