store_id,forecast_week,sales_prediction
1,1,28776.56658143535
1,2,27982.719918482322
1,3,27541.31779106128
1,4,27181.7625685749
1,5,26943.558608385425
1,6,27034.479921216014
1,7,26828.50283640814
1,8,26771.264754002736
1,9,15211.705316173884
2,1,48678.18040955074
2,2,48580.58477169238
2,3,48524.48261807144
2,4,48820.69338109512
2,5,48508.949767827464
2,6,48814.1581488292
2,7,48343.358938781515
2,8,48522.69849574857
2,9,27529.74399923524
3,1,46218.475726087476
3,2,45944.69135930331
3,3,45065.52628582665
3,4,45192.16613382334
3,5,45523.36916507819
3,6,45689.71784114591
3,7,44950.33297868247
3,8,44692.722921388675
3,9,25750.996327288805
4,1,45189.55329688333
4,2,45394.47212154282
4,3,45663.6641950545
4,4,45641.0171392464
4,5,45889.14694356764
4,6,45672.96894768586
4,7,45547.20865709186
4,8,45438.966654279466
4,9,26144.61073518829
5,1,48259.68985218419
5,2,47505.62406179589
5,3,47070.19481386938
5,4,47562.17809136126
5,5,47623.30320855027
5,6,47289.102154200424
5,7,47097.927821720106
5,8,47158.84811280017
5,9,26952.94441255198
6,1,47240.253905923986
6,2,46830.89036456396
6,3,47379.578055344566
6,4,47814.854016594996
6,5,47594.07029352099
6,6,47495.18919241843
6,7,47496.373115964365
6,8,47648.19398265285
6,9,27141.426795726093
7,1,39456.965137045176
7,2,39029.271896207676
7,3,38398.02607805341
7,4,38315.53508954893
7,5,38309.68262670395
7,6,38007.66585423518
7,7,37390.280962835226
7,8,37557.44831721627
7,9,21563.165645269983
8,1,53657.95711099163
8,2,52458.019997017545
8,3,52455.3503674111
8,4,53226.988819424434
8,5,53207.68984294909
8,6,52821.47751981847
8,7,52265.13468984397
8,8,52729.428259962384
8,9,30330.548339381494
9,1,31572.493815138594
9,2,32267.5888967096
9,3,32782.26122783926
9,4,33243.702203922614
9,5,33163.86677835042
9,6,33298.094519723796
9,7,34040.956253878656
9,8,34194.69086946596
9,9,19410.949841923746
10,1,45306.228568611616
10,2,45297.07229786088
10,3,44385.70255859272
10,4,44288.578693463496
10,5,44866.95500864061
10,6,44920.44024645606
10,7,44351.17049561832
10,8,44160.20647505847
10,9,25231.516245933715
11,1,42243.64339991923
11,2,42492.44793897228
11,3,43342.13932902504
11,4,42887.285339745904
11,5,43058.28424948513
11,6,42964.922942210746
11,7,43270.774397922214
11,8,43041.565929798875
11,9,24542.096517223406
12,1,47307.77222828915
12,2,47063.497793005954
12,3,46921.66102837897
12,4,47449.72162425637
12,5,47659.54501008522
12,6,47456.15249489245
12,7,47302.85375418631
12,8,47254.78078584728
12,9,27151.59469539997
13,1,49528.39092255011
13,2,49629.08394291547
13,3,49698.15891471463
13,4,49951.14007220989
13,5,49870.31594524798
13,6,49787.85787426588
13,7,49486.94029980154
13,8,49498.692299613394
13,9,28305.060504530054
14,1,47647.97017511767
14,2,47366.866987485046
14,3,46792.22306729311
14,4,46810.959559716786
14,5,46409.210394309725
14,6,46781.323938960864
14,7,46362.59674717234
14,8,46763.88150569046
14,9,26895.347696540684
15,1,24184.23521974963
15,2,25008.0384315306
15,3,25308.82527357193
15,4,25232.4422784059
15,5,25416.610951075527
15,6,26091.993168068897
15,7,26654.0561868639
15,8,26717.58745669736
15,9,15063.54885851116
16,1,37490.09262094283
16,2,37347.033022805874
16,3,37272.24688165397
16,4,37088.929566684885
16,5,37105.18341449351
16,6,37089.63665518833
16,7,37516.86425223596
16,8,37599.56326205227
16,9,21209.698342776566
17,1,7954.314657705718
17,2,8677.13535012921
17,3,9312.992331705156
17,4,9058.904297507048
17,5,8879.8270476873
17,6,9161.260490717297
17,7,10453.886860556973
17,8,10271.034915010088
17,9,5838.282425100073
18,1,48060.949115516494
18,2,47646.37120811902
18,3,47563.642509643076
18,4,47730.561694278054
18,5,47743.56197834465
18,6,47658.60137187578
18,7,47257.65761186302
18,8,47508.95109154386
18,9,27027.66424616245
19,1,49896.74977582577
19,2,49965.499105646704
19,3,50110.09686653406
19,4,50472.59202917619
19,5,50153.21629816442
19,6,50165.84575460039
19,7,50370.761851491574
19,8,50389.36807620936
19,9,28662.20998454779
20,1,22971.37375060114
20,2,24767.247290743162
20,3,25535.150008972556
20,4,24901.230162680888
20,5,25398.45522279738
20,6,25073.35757925937
20,7,25007.061830896717
20,8,25060.88709875839
20,9,14567.494698750756
21,1,35680.989633063386
21,2,35905.050082405185
21,3,35958.61058678994
21,4,35597.758532733584
21,5,35792.47464068989
21,6,36192.28866220062
21,7,36465.74444278523
21,8,36383.8134401558
21,9,20697.495086378764
22,1,53158.9033392258
22,2,53087.4264614749
22,3,52633.61174146911
22,4,52340.8987508814
22,5,52354.08500006735
22,6,52614.94549875667
22,7,52058.86398252524
22,8,51850.99397502533
22,9,29513.04079503174
23,1,21319.510700670315
23,2,22580.19560332931
23,3,23069.82367300147
23,4,22704.15826412675
23,5,22809.846590171484
23,6,23503.689051960457
23,7,23245.965441303513
23,8,22770.75279078538
23,9,12912.573146532413
24,1,57620.44487131854
24,2,57248.906591020066
24,3,57466.96963767012
24,4,57814.8335489945
24,5,57843.604383240825
24,6,57240.06907687973
24,7,57089.37947717921
24,8,57228.55875082463
24,9,32790.803997965806
25,1,55980.53086847405
25,2,55301.82132928611
25,3,54853.33056393202
25,4,55361.74840006189
25,5,55458.00954252753
25,6,55267.05378671853
25,7,54793.76346185779
25,8,54686.65415605252
25,9,31276.821355444565
26,1,41188.31329534353
26,2,41317.89706653299
26,3,41626.21375565663
26,4,41603.20203782394
26,5,41595.13211566181
26,6,41403.936110368966
26,7,41729.07311840143
26,8,41518.15198563896
26,9,23895.124072374547
27,1,24164.913829814654
27,2,25255.012424956127
27,3,24743.074474911267
27,4,24175.13233377382
27,5,24135.75521617064
27,6,24838.74544161584
27,7,25742.347944029567
27,8,24950.767401132558
27,9,14313.034758659473
28,1,34819.52269509753
28,2,34717.71209879954
28,3,34039.28134746667
28,4,33972.861314186455
28,5,33622.30211202419
28,6,33802.64763905279
28,7,32708.03618576408
28,8,32500.081536232105
28,9,18585.260157455603
29,1,29664.431902442368
29,2,30363.32635803229
29,3,29837.006557964956
29,4,29906.256967617766
29,5,30463.268999325104
29,6,30505.165961117928
29,7,30284.076672548603
29,8,30345.142669782457
29,9,17375.752416548912
30,1,46551.44472829062
30,2,46456.737990009264
30,3,46635.05942002183
30,4,46562.15438777162
30,5,46591.35780287469
30,6,46272.20281886726
30,7,46417.4915192403
30,8,46454.11697504242
30,9,26612.146296531424
31,1,54524.335659814
31,2,53562.1261460257
31,3,52509.82657206654
31,4,52993.81401993149
31,5,53049.99366676607
31,6,53339.77800035751
31,7,52275.14989811236
31,8,52488.92859850207
31,9,30080.801137762377
32,1,26131.13880814742
32,2,27637.325877990217
32,3,29133.20673248457
32,4,28333.12962291839
32,5,27274.555591117147
32,6,27782.17348664483
32,7,30390.42812288207
32,8,29800.03864765377
32,9,17057.47756269
33,1,38684.50379006314
33,2,38661.14119187334
33,3,38051.790616080805
33,4,38011.18412951991
33,5,38101.390700947784
33,6,37612.927029485756
33,7,37091.25567962596
33,8,36888.30232797055
33,9,21323.416917917682
34,1,45451.188825784106
34,2,46023.17958855875
34,3,45362.91123384982
34,4,45100.586367889584
34,5,45297.89523671836
34,6,45473.74188511788
34,7,44492.42068923173
34,8,43845.55454117323
34,9,24948.504016430412
35,1,49624.9359964169
35,2,49770.2365648108
35,3,49725.902272275525
35,4,49601.79680846713
35,5,49304.032172085615
35,6,49263.83063280696
35,7,49233.74541438282
35,8,49192.18858805946
35,9,28146.644440831667
36,1,46548.516021682495
36,2,46799.77543284593
36,3,46984.76453558022
36,4,46692.27167920277
36,5,46953.12937483203
36,6,46626.22675884739
36,7,46908.598919854354
36,8,46544.263610873466
36,9,26981.736850739533
37,1,49710.28858766609
37,2,49218.58218468728
37,3,48888.38052134737
37,4,49278.64388446462
37,5,49330.122698204774
37,6,49418.73228826088
37,7,48722.97401833511
37,8,48949.62484466881
37,9,27883.96784288365
38,1,56269.95743324462
38,2,56316.056045341706
38,3,56071.03534572559
38,4,55714.976438805876
38,5,55455.954164102404
38,6,55245.78841509712
38,7,55417.030033981086
38,8,55319.891279835414
38,9,31713.151547559293
39,1,23908.499238829754
39,2,25025.076961925854
39,3,25640.904948541396
39,4,25775.155334005925
39,5,26224.75173228052
39,6,26928.62297865255
39,7,27383.03542152674
39,8,27508.692237200183
39,9,15344.726211489242
40,1,25975.729947105545
40,2,27838.75406077155
40,3,28995.921971250045
40,4,28546.610217577694
40,5,28782.0901553189
40,6,28579.92262824274
40,7,29645.61345905764
40,8,29163.207550151878
40,9,16565.12581716463
41,1,41917.20090780824
41,2,42624.48031174975
41,3,42904.265857475526
41,4,42430.64919767266
41,5,42638.02910597666
41,6,42114.434360622996
41,7,43099.69825432666
41,8,42743.94783642156
41,9,24464.112292278693
42,1,48531.38182935633
42,2,48487.9965449048
42,3,48558.61277912667
42,4,48547.19560650926
42,5,48500.25410351461
42,6,48209.765701590455
42,7,48456.33092637309
42,8,48617.44387449475
42,9,27778.200929816863
43,1,54621.066938319025
43,2,54031.7816846098
43,3,53832.07932862782
43,4,54214.063496307805
43,5,53780.83261305989
43,6,54133.31627198696
43,7,53565.85262750892
43,8,53894.06547916931
43,9,30570.761425650096
44,1,39018.04814662854
44,2,39508.69322106744
44,3,39553.70178644571
44,4,39263.1027742041
44,5,39958.05630214781
44,6,39909.57477837421
44,7,40191.095518818875
44,8,39569.39912615017
44,9,22868.60915737325
45,1,29762.430194397566
45,2,29723.50859174343
45,3,29434.054515525993
45,4,29397.111772757395
45,5,29293.10575609999
45,6,29350.94155414186
45,7,29272.229988717645
45,8,29031.183060242663
45,9,16542.022693308612
46,1,39945.39939116551
46,2,39824.945851514356
46,3,39951.23602059122
46,4,40362.827705344294
46,5,40552.527171983864
46,6,40327.40078380795
46,7,40106.6377034447
46,8,40273.969543415646
46,9,23114.69915051326
47,1,39840.22661430235
47,2,39931.641513570554
47,3,40008.629688901005
47,4,40020.59801156612
47,5,40278.823308362946
47,6,40529.295539384824
47,7,40492.13593382464
47,8,40469.297652524714
47,9,23017.972843990618
48,1,57252.423203180864
48,2,55808.62116275615
48,3,56202.73923919436
48,4,56335.86352162258
48,5,55783.12638586316
48,6,55710.40655905644
48,7,55528.23684521098
48,8,56253.97362590321
48,9,31624.01793381281
49,1,55478.180692707836
49,2,54473.698456204525
49,3,54558.88802799565
49,4,54788.73494454108
49,5,54212.0883794884
49,6,53818.44140694839
49,7,54067.59330185858
49,8,54745.33960909067
49,9,31513.9143127319
50,1,22288.062215252263
50,2,23539.849508703035
50,3,23499.837508799686
50,4,23006.646284014478
50,5,22317.237348819195
50,6,22760.77834680115
50,7,22826.02339287959
50,8,21666.780878382742
50,9,11689.559952103378
51,1,47943.71021140555
51,2,47554.12274430955
51,3,47475.41739561742
51,4,47995.363099978815
51,5,48223.65988471071
51,6,47676.63001631561
51,7,47651.41612398994
51,8,47885.62208710723
51,9,27498.12631349262
52,1,44627.01783331912
52,2,44466.91740910739
52,3,44228.14623829266
52,4,44368.45279521628
52,5,44251.099766835716
52,6,44326.55547009175
52,7,44161.344534182426
52,8,44324.213445205256
52,9,25359.54082414967
53,1,24605.723906667048
53,2,25264.02910876996
53,3,24859.369073517304
53,4,25008.826446330215
53,5,25362.805759779993
53,6,26520.8552772136
53,7,26005.48846565455
53,8,26079.298190376638
53,9,14840.806698206794
54,1,37826.30631354115
54,2,37961.70636013626
54,3,38282.53089688816
54,4,38116.96594777922
54,5,38341.23803098658
54,6,38426.45222302716
54,7,38562.775602083144
54,8,38385.06042214767
54,9,21912.357127051477
55,1,36753.92255141203
55,2,36885.15342740796
55,3,36866.14715744568
55,4,36579.2559467083
55,5,36732.93628868238
55,6,36535.62366054927
55,7,36602.04406318886
55,8,36536.80675413598
55,9,21026.449922846754
56,1,41390.082954196245
56,2,41852.333966572645
56,3,42476.61881100134
56,4,42133.154822298326
56,5,41866.265027648216
56,6,42002.139644348645
56,7,42579.25510514864
56,8,42695.12953247951
56,9,24004.04106611554
57,1,27640.68897019867
57,2,28636.822045847963
57,3,28888.245693271107
57,4,28495.20991333239
57,5,29090.575404654905
57,6,29788.89286872034
57,7,29157.45975819492
57,8,28832.080110919826
57,9,16433.06586595315
58,1,43547.205735676056
58,2,43744.0741540371
58,3,43412.300612738385
58,4,43326.147698672714
58,5,43643.99538065441
58,6,44231.89913526493
58,7,43743.331601585916
58,8,43638.1490219133
58,9,24900.505941206673
59,1,49391.120149913346
59,2,49328.26615168994
59,3,49434.27450237932
59,4,49624.166463858346
59,5,49981.375752869004
59,6,49735.47240707972
59,7,49529.683597657146
59,8,49438.4725831542
59,9,28018.46885307356
60,1,41776.119672886955
60,2,41643.36818054166
60,3,41948.67746477109
60,4,41750.839752736254
60,5,41439.460605005755
60,6,41260.301558054874
60,7,42199.142934878364
60,8,42452.83716667709
60,9,23813.97190396148
61,1,48802.88735965807
61,2,48749.97213064915
61,3,49038.23526954198
61,4,49079.058826260836
61,5,48637.69707991425
61,6,47924.97313265251
61,7,48330.10839519277
61,8,48385.4031645774
61,9,27177.069382267837
62,1,22629.63205400388
62,2,23386.119980178955
62,3,22952.678938654375
62,4,22934.9718348362
62,5,23155.3161110617
62,6,23738.05557191227
62,7,23199.667261675288
62,8,23104.37374022503
62,9,13221.389331124974
63,1,45598.02608520277
63,2,44982.33959406265
63,3,44325.64749134692
63,4,44688.47583277562
63,5,45163.60525440971
63,6,45181.932354424905
63,7,44936.77195866575
63,8,45038.17408103156
63,9,25625.878326332066
64,1,39354.76493371449
64,2,38889.68872102298
64,3,38491.19934465454
64,4,38739.154586721
64,5,38939.12437026157
64,6,38866.5632187825
64,7,38310.03816367045
64,8,38485.23518758804
64,9,22149.766780297683
65,1,41186.30652979324
65,2,41656.51720542316
65,3,41501.55604218804
65,4,41278.540997441996
65,5,41218.77462512241
65,6,41362.70819398566
65,7,42050.898492781605
65,8,41875.860500065945
65,9,23787.343008868596
66,1,37850.35747690249
66,2,37125.515027006324
66,3,35826.76890261362
66,4,35517.26508894759
66,5,35994.494946840336
66,6,36068.996452771746
66,7,35246.945938606994
66,8,34995.670117889735
66,9,20077.020832849354
67,1,45282.03172328977
67,2,44712.512589821716
67,3,44512.90576841067
67,4,44366.490175295854
67,5,44813.31471366352
67,6,44084.878530803435
67,7,44012.99167350131
67,8,43994.39301413115
67,9,25229.20022124363
68,1,45803.80285811173
68,2,45547.342081585084
68,3,45447.89030079592
68,4,45924.10174871191
68,5,45773.09294237667
68,6,45763.91200769496
68,7,45177.03563056518
68,8,45546.040574315775
68,9,25894.662868146308
69,1,44072.849431635
69,2,44077.29803817897
69,3,44515.93614665342
69,4,44128.903299265075
69,5,43954.89028907451
69,6,43705.31390856912
69,7,44131.18046243346
69,8,44257.32220412722
69,9,25411.76916576995
70,1,53410.3908862362
70,2,52821.97226648105
70,3,52735.13692764701
70,4,53317.02413800451
70,5,53305.68309757272
70,6,52749.14197579956
70,7,52348.54058079675
70,8,52432.28053286983
70,9,29783.73960290322
71,1,24439.817883237436
71,2,25486.631426689313
71,3,25758.87723790344
71,4,25437.001071209357
71,5,25633.239679554623
71,6,26159.733417790514
71,7,26349.838205096814
71,8,25936.784494320425
71,9,14992.814134269602
72,1,36875.27298168714
72,2,36922.66533703275
72,3,37232.61411024171
72,4,37117.30904493256
72,5,36600.68336671075
72,6,37185.45056591378
72,7,37363.38953601148
72,8,37298.337070246394
72,9,21117.479910795304
73,1,37661.11933010697
73,2,37922.87998094489
73,3,37944.74577634984
73,4,37903.16792952583
73,5,37879.08433014122
73,6,37832.84443077635
73,7,38129.2285053796
73,8,38113.78721596563
73,9,21809.66887477385
74,1,37672.22444930202
74,2,38169.45822110257
74,3,38299.67125145511
74,4,38006.9517761215
74,5,38049.70676833204
74,6,38583.5455134899
74,7,38446.510930345474
74,8,38172.06103216712
74,9,21723.10037957324
75,1,44114.90780055373
75,2,44287.10831298671
75,3,44640.110096048316
75,4,44513.53095077246
75,5,44505.058111798164
75,6,44184.99865082145
75,7,44623.87342250823
75,8,44229.02026879472
75,9,25173.344469799926
76,1,28477.287669902344
76,2,30373.963006401576
76,3,30731.923378756896
76,4,29871.327729702425
76,5,30207.507842791427
76,6,30248.359548983688
76,7,31596.683845880943
76,8,30427.96250318773
76,9,17338.745205811694
77,1,42909.70857229394
77,2,42222.94488763974
77,3,41887.26211232574
77,4,42554.57117410222
77,5,41709.57735687218
77,6,42283.99722975025
77,7,41760.88078628276
77,8,42304.99613859071
77,9,23901.308238634847
78,1,39380.03278469624
78,2,39773.01109786866
78,3,40124.20239125269
78,4,40268.554615557325
78,5,39913.511804415335
78,6,40223.35575739414
78,7,40103.63337849276
78,8,40242.411645924
78,9,22855.737433949642
79,1,41096.36467319399
79,2,40277.16409106606
79,3,39543.96944148543
79,4,39924.195091341775
79,5,39674.13664495065
79,6,39452.577432441605
79,7,39936.79328601274
79,8,40296.78958199641
79,9,23033.392798941488
80,1,31775.337830307613
80,2,32121.17086105769
80,3,31665.905752533443
80,4,31551.345789477713
80,5,32102.107351510156
80,6,32320.239653787394
80,7,31911.361522762127
80,8,31288.028225413746
80,9,17977.59558279632
81,1,37620.168727598895
81,2,37858.343060940126
81,3,38450.46105058356
81,4,38309.37095454579
81,5,38479.845047622926
81,6,38194.37892232984
81,7,38826.07022574431
81,8,38726.828177845055
81,9,22265.367043423525
82,1,42084.24583067816
82,2,41625.43613628672
82,3,42292.84694311495
82,4,42629.869210304234
82,5,42381.287262185055
82,6,42508.05989453901
82,7,42652.00605377772
82,8,43030.274608204214
82,9,24505.083200344703
83,1,34157.67862017354
83,2,34122.49766957645
83,3,34104.67806546112
83,4,34032.668766541254
83,5,33976.424859424704
83,6,34313.658692276425
83,7,33521.27798814175
83,8,32613.897184807174
83,9,18329.523005058523
84,1,41695.193993098546
84,2,41974.81081062526
84,3,41489.579082994605
84,4,41523.53269272038
84,5,41583.048827964434
84,6,41980.550196096185
84,7,42304.60246601024
84,8,42344.34365642837
84,9,24029.18438482496
85,1,27548.7247084847
85,2,28635.713793451152
85,3,27778.977108137737
85,4,27838.425804917948
85,5,27811.179092987037
85,6,28970.887818696865
85,7,28737.3580781975
85,8,28852.96730506853
85,9,16419.565104836896
86,1,37214.0657267404
86,2,37508.3350582357
86,3,37353.836185933134
86,4,36767.571558705815
86,5,36991.537612527114
86,6,36831.86796170592
86,7,36993.11246908837
86,8,36810.13758908627
86,9,20957.30982226775
87,1,44514.82309593205
87,2,43422.2003650335
87,3,43741.8492628394
87,4,44546.420028555585
87,5,44664.87331171183
87,6,43856.807866602474
87,7,43857.8040417947
87,8,44781.63523395403
87,9,25472.946768877206
88,1,44193.896638757906
88,2,44384.3876789433
88,3,44458.26991544398
88,4,43998.6558823323
88,5,44414.77232456805
88,6,44494.180642349485
88,7,44418.150354925536
88,8,44034.17266229793
88,9,25243.00695867687
89,1,49298.37442253173
89,2,49297.51568894064
89,3,49240.405338141674
89,4,49216.376819527766
89,5,49701.569638446585
89,6,49516.6253191115
89,7,49074.438173319184
89,8,48899.48801774254
89,9,27923.873711522225
90,1,42287.52650607623
90,2,42316.07107354222
90,3,41960.79496876308
90,4,42232.73008827225
90,5,42098.26730909477
90,6,42383.105895792265
90,7,42410.13970833814
90,8,42103.433980411864
90,9,24023.838350855312
91,1,40026.07431982888
91,2,40454.89618668951
91,3,39671.35609128756
91,4,39601.564357593204
91,5,40080.20319783036
91,6,40438.683841316655
91,7,39858.21514114322
91,8,39600.34324150813
91,9,22654.014910130296
92,1,32810.79038117987
92,2,33806.13987161231
92,3,34003.25903757822
92,4,33939.68773374398
92,5,34053.99256539356
92,6,34254.73445828029
92,7,34158.300468588735
92,8,33654.92221994599
92,9,19333.892519822562
93,1,34283.98711926195
93,2,33584.20482303371
93,3,33657.2935141209
93,4,33623.52614241121
93,5,33378.95033647097
93,6,33604.424747628276
93,7,33713.2606619561
93,8,33821.27425526833
93,9,19272.893528213706
94,1,35988.05989952637
94,2,36884.63272412594
94,3,36728.02413415701
94,4,36535.45037920058
94,5,36980.93123227406
94,6,37423.2867914523
94,7,37362.98170459148
94,8,36769.127160901255
94,9,21101.94139895995
95,1,30479.365092367356
95,2,31216.932387288787
95,3,31287.35906141137
95,4,31075.217818599616
95,5,31058.261230719414
95,6,31449.723686966478
95,7,31773.64499290951
95,8,31463.290704959312
95,9,17970.32392190894
96,1,51642.89586871469
96,2,51654.210600720595
96,3,51536.78854060157
96,4,51060.568129587344
96,5,51414.218792407235
96,6,51334.13610751167
96,7,51072.551165004515
96,8,50635.91308019457
96,9,28814.144882960525
97,1,36399.85020345265
97,2,35290.76978950575
97,3,34327.25131995559
97,4,34363.30286829296
97,5,33910.79859619613
97,6,34008.081772472346
97,7,34516.24546056532
97,8,35062.549016302
97,9,19893.379576497064
98,1,44450.39200311947
98,2,44195.17147424685
98,3,44381.996736648776
98,4,45065.35198989451
98,5,45130.75969191197
98,6,44878.80040293802
98,7,45142.51497182676
98,8,45485.77177615571
98,9,25988.979164887176
99,1,56010.54192554226
99,2,55518.102807380405
99,3,55015.18369912189
99,4,55388.02151704779
99,5,55931.977879149694
99,6,55518.32303142061
99,7,54998.29018947531
99,8,55164.15475397776
99,9,31651.066622792365
100,1,41220.067755623364
100,2,40649.9571634587
100,3,39505.62589774495
100,4,39951.08060272694
100,5,39916.44362326413
100,6,40385.40468567693
100,7,39850.79056281302
100,8,39776.68472967154
100,9,22782.950705118124
101,1,45465.97593264021
101,2,46230.9516081864
101,3,46741.879943328495
101,4,46458.42932401547
101,5,46240.19996599098
101,6,46553.97124019436
101,7,47529.44048386054
101,8,47433.06132919048
101,9,27182.44782251711
102,1,48100.4186297389
102,2,46968.418623814156
102,3,46608.73616162133
102,4,47877.674889939284
102,5,48010.618940863395
102,6,47944.60863275711
102,7,47015.17683292224
102,8,47371.498381321566
102,9,27381.778651462948
103,1,38362.52773949177
103,2,37829.116100640465
103,3,37361.29236596628
103,4,37414.70863435746
103,5,36855.829508849536
103,6,36248.728172968506
103,7,35407.446685806135
103,8,35200.4056428187
103,9,19196.38667829241
104,1,38181.71210573606
104,2,38740.907217815606
104,3,39259.316589509675
104,4,39628.82755294326
104,5,39905.384054234084
104,6,40023.14838306955
104,7,40301.55001959465
104,8,40461.71216105829
104,9,23195.174184925414
105,1,44039.92627066713
105,2,43752.47591636591
105,3,43596.066279215534
105,4,43372.7004190165
105,5,43357.30209921459
105,6,43129.798866014055
105,7,43001.92433796503
105,8,43100.105639265385
105,9,24551.209644934333
106,1,41046.43815983274
106,2,41087.37300428693
106,3,41277.809893620295
106,4,41249.37322008697
106,5,41278.32679342324
106,6,40982.17029918779
106,7,41592.56734673288
106,8,41417.22426951715
106,9,23786.552879747083
107,1,43359.276219739906
107,2,43074.133712529045
107,3,42936.9357784752
107,4,43213.82863858364
107,5,43011.11926541902
107,6,42894.40637113329
107,7,42881.28368839954
107,8,43060.36262235936
107,9,24651.57115172935
108,1,31597.360290511533
108,2,32411.529710328447
108,3,31876.19488299849
108,4,31191.042756392548
108,5,31695.380622985736
108,6,31400.293294169514
108,7,31283.413173469744
108,8,30358.515704838832
108,9,16982.447237072134
109,1,41240.461829149135
109,2,40849.44064596502
109,3,40880.92364582221
109,4,40815.9986190146
109,5,40362.527857263
109,6,40294.23971716798
109,7,40611.38294841811
109,8,40507.5924366076
109,9,23242.080107249112
110,1,50988.702913373134
110,2,50527.361567364926
110,3,50006.963026738
110,4,50053.46473200854
110,5,49758.356297664104
110,6,49557.9021769183
110,7,49445.60159723848
110,8,49681.95757099866
110,9,28441.915810921262
111,1,57785.365161099464
111,2,57132.26235478421
111,3,57319.589501578535
111,4,57524.86824463515
111,5,57810.805298046915
111,6,56924.030357957025
111,7,57095.97194299099
111,8,57215.06585786285
111,9,32887.127124513834
112,1,22584.89025123442
112,2,23860.4217113061
112,3,24152.035383351573
112,4,23986.69387936135
112,5,24655.53359865417
112,6,25169.878487454265
112,7,24578.078895320392
112,8,24393.891535408977
112,9,14050.724717202465
113,1,40859.8173353976
113,2,40853.80835592492
113,3,40662.32548972649
113,4,40723.310877587806
113,5,40653.7005896113
113,6,40875.85325006776
113,7,40711.738958619906
113,8,41129.85534258153
113,9,23554.59082458339
114,1,42384.36174131258
114,2,42130.46997360544
114,3,42249.54194725019
114,4,42074.86778391128
114,5,41988.94743261157
114,6,41990.8047552804
114,7,41412.24053962664
114,8,41526.49255618899
114,9,23574.81602329766
115,1,40593.85583223666
115,2,40694.61134076174
115,3,40541.572165476275
115,4,40350.598706934274
115,5,40622.260789572836
115,6,40806.74839515476
115,7,40291.2439029959
115,8,40360.42013048013
115,9,22980.517903283086
116,1,33576.34751566225
116,2,33424.08124957763
116,3,32500.546029404297
116,4,32290.22985050273
116,5,32090.341734531255
116,6,32131.743241694458
116,7,31930.700565375602
116,8,31667.195335410695
116,9,17891.14301565021
117,1,24273.591466950154
117,2,25051.675089909575
117,3,25357.46737398286
117,4,25353.779554968685
117,5,25572.626063789547
117,6,25885.622459619346
117,7,26311.31756258502
117,8,25717.755780833137
117,9,14698.913823465042
118,1,42901.61115517089
118,2,42354.681252148635
118,3,42381.964737688715
118,4,42932.57646602117
118,5,42577.6816565003
118,6,42514.286601794105
118,7,43119.54327593756
118,8,43135.48622785852
118,9,24807.75994669488
119,1,47715.1472206919
119,2,47642.37436024475
119,3,47674.8003170964
119,4,47829.313472387905
119,5,47875.14692657014
119,6,48007.1743180274
119,7,47695.146190297164
119,8,47782.69483408374
119,9,27119.182707993623
120,1,61716.77640442259
120,2,61153.31012930817
120,3,60655.73432489815
120,4,60785.507128955345
120,5,60528.09859877508
120,6,60419.58032373572
120,7,60060.798449423615
120,8,60158.61094442064
120,9,34434.72690307405
121,1,21820.007789958257
121,2,22390.225671856282
121,3,21723.044613567003
121,4,21242.493577086978
121,5,21490.264555945683
121,6,21660.055558828088
121,7,21400.182756000373
121,8,20948.069997045743
121,9,12193.925222204363
122,1,46176.62779501525
122,2,46090.45878846212
122,3,45594.39150902401
122,4,46045.23662107037
122,5,46272.74227802761
122,6,46522.31285902096
122,7,45985.0782854452
122,8,45926.02783717518
122,9,26153.746628534827
123,1,40442.19210825911
123,2,40452.069604861106
123,3,40629.77659971016
123,4,40386.00216562392
123,5,40164.17522277137
123,6,39710.49152802247
123,7,39650.276254586504
123,8,39261.946597485265
123,9,22210.67863955849
124,1,40654.506206150196
124,2,40527.43932459732
124,3,40486.51912304281
124,4,40566.93459317384
124,5,40590.058520431805
124,6,40389.30235862264
124,7,40163.415000588255
124,8,40312.52317772013
124,9,23294.015982626926
125,1,45660.933465529255
125,2,45491.382100766335
125,3,45467.668704506665
125,4,45690.106190029626
125,5,45412.37293110686
125,6,45778.247366054835
125,7,45633.37749475039
125,8,45740.43708473292
125,9,26048.043386034497
126,1,31431.18588460318
126,2,32003.084918368317
126,3,32386.784319039198
126,4,32761.41235003282
126,5,32559.00783121084
126,6,32757.367819294777
126,7,33947.59318770367
126,8,33932.342108132805
126,9,19148.621698516446
127,1,40475.255678281224
127,2,40747.07985154861
127,3,40925.99095213169
127,4,40821.85171818223
127,5,41010.72133362023
127,6,41352.5969044397
127,7,42111.42099028048
127,8,41922.93141417111
127,9,23835.75944837198
128,1,36440.36727687101
128,2,37017.30799861532
128,3,37288.05420431656
128,4,37176.71776639225
128,5,37621.50418931389
128,6,37881.89771577546
128,7,38352.794702960105
128,8,37872.27953251525
128,9,21511.057653475706
129,1,49811.7658905029
129,2,49201.54458027508
129,3,48854.28475396229
129,4,49092.911034608376
129,5,49476.99001126593
129,6,49229.41438037513
129,7,48865.628224284075
129,8,49098.99941777022
129,9,28123.945702445897
130,1,36250.26475937247
130,2,39252.60017154655
130,3,40160.70519236004
130,4,40165.05458730816
130,5,40410.08756823654
130,6,40825.423308327154
130,7,40790.50084887206
130,8,39661.6221735822
130,9,22808.53874653329
131,1,46175.05579368951
131,2,45613.920665450576
131,3,45371.03570626807
131,4,45554.11492755401
131,5,45314.3670115666
131,6,45019.89055745646
131,7,44826.76233627748
131,8,45059.98715362679
131,9,25486.20257932567
132,1,47643.48458829417
132,2,47358.19489206269
132,3,47310.096114725675
132,4,47542.10061231176
132,5,47590.70838714636
132,6,47720.023872140795
132,7,47232.929798816614
132,8,47440.78905446085
132,9,27119.972170977962
133,1,46728.2123182384
133,2,46783.095945149966
133,3,47077.23852811734
133,4,46922.018175397076
133,5,46807.988506411435
133,6,46723.10535882446
133,7,47147.81856719021
133,8,47246.294820545016
133,9,26670.723683182598
134,1,43962.73021943685
134,2,43755.171675854974
134,3,43359.41876694295
134,4,43663.48759706716
134,5,43738.512538107345
134,6,43988.47267136103
134,7,44039.33702745399
134,8,44125.16496213224
134,9,25112.83112201238
135,1,27211.053504362324
135,2,28471.936530186475
135,3,28633.88538351972
135,4,28404.178142674158
135,5,28791.40848016878
135,6,29476.780652773865
135,7,29596.90284600319
135,8,28767.477978468753
135,9,16460.70179348636
136,1,31935.925841319095
136,2,31519.99324166317
136,3,31111.053816360894
136,4,31008.63227617543
136,5,30870.208401872063
136,6,30377.55858551539
136,7,30417.224929520147
136,8,30526.857864426358
136,9,17228.798540406053
137,1,44880.706167130666
137,2,44417.51907357939
137,3,44864.741222108874
137,4,44635.77888139716
137,5,44692.01054302557
137,6,44201.998071670234
137,7,44901.997122441564
137,8,44882.82551759521
137,9,25698.399970140526
138,1,44485.11194194992
138,2,45004.62915340928
138,3,45357.23692069303
138,4,44994.89559539697
138,5,44988.96624321038
138,6,45047.79424356619
138,7,45472.01399505248
138,8,45162.86140665382
138,9,25982.02146623778
139,1,43985.71259696846
139,2,43725.10690622467
139,3,44033.67938764817
139,4,44570.12443946242
139,5,44568.03847077505
139,6,44325.86897339631
139,7,44424.35677612828
139,8,44796.9048119938
139,9,25374.845655069814
140,1,29846.023895784925
140,2,29579.961884513774
140,3,28622.79255564781
140,4,28096.601438421407
140,5,28141.250815802785
140,6,27933.53871477158
140,7,28902.24089203799
140,8,28577.369643300346
140,9,16185.750417851716
141,1,45504.01448403051
141,2,45096.37635074224
141,3,45264.61249040771
141,4,45399.408553198795
141,5,45241.25896829646
141,6,45438.92918125834
141,7,45617.46780921233
141,8,45805.781191147544
141,9,26125.644536275257
142,1,17814.41981164686
142,2,19200.321936029475
142,3,20197.821012647564
142,4,19544.547169977654
142,5,18966.986318519237
142,6,19306.700540462047
142,7,20431.156414252775
142,8,20069.206799551204
142,9,11496.102416490254
143,1,45152.306079858674
143,2,45015.09890615884
143,3,44985.224490653985
143,4,44954.27754204776
143,5,45028.019644343185
143,6,45148.30561990021
143,7,45053.11139670317
143,8,45128.84523249926
143,9,25522.65946495346
144,1,36023.05127453404
144,2,36036.981354360134
144,3,36006.37449195253
144,4,35665.84700097999
144,5,35493.37118463243
144,6,35482.46154801676
144,7,35899.7112271806
144,8,35710.42884433867
144,9,20357.20590136385
145,1,31444.85904469429
145,2,30049.448206285793
145,3,28886.241401641004
145,4,28366.94984983817
145,5,27533.56921525433
145,6,27145.771692980336
145,7,27360.816497098844
145,8,27252.07449302599
145,9,15216.544983048823
146,1,42738.15051717093
146,2,42499.71568604687
146,3,42778.120789295266
146,4,42477.72503798155
146,5,42793.2886563747
146,6,42746.02483687382
146,7,43044.47346709256
146,8,43188.424732875275
146,9,24625.66213675304
147,1,42256.07313445258
147,2,42558.288055333054
147,3,43121.92302783924
147,4,42916.30337764618
147,5,42806.41244000127
147,6,42821.94378390521
147,7,42721.52642576659
147,8,42594.86589034659
147,9,24175.090001586614
148,1,50069.32160870794
148,2,49995.052780380276
148,3,50354.37858170201
148,4,50442.797110958345
148,5,50380.50143505599
148,6,49718.99656053334
148,7,49567.87276681795
148,8,49557.64104842525
148,9,28096.503556804186
149,1,61961.767592848606
149,2,62000.22113448253
149,3,62117.7683541183
149,4,61807.067152490665
149,5,62019.74229467599
149,6,62082.37690284709
149,7,62167.900658787796
149,8,61879.29720208896
149,9,35480.534671684065
150,1,30786.41714413285
150,2,31793.46131425192
150,3,32912.80139826548
150,4,33019.39641921165
150,5,33333.33594937582
150,6,33679.02037033859
150,7,34833.725703026015
150,8,34803.01336588413
150,9,19835.059924677043
151,1,58046.1017569941
151,2,57504.90190261048
151,3,57348.52598094248
151,4,57152.0776941107
151,5,57124.090532368085
151,6,56586.78274038354
151,7,57037.24434541305
151,8,56932.23657758645
151,9,32479.095955861812
152,1,54242.54123070437
152,2,53624.761678547795
152,3,53444.37430784371
152,4,53685.42795368581
152,5,53556.2219362508
152,6,53253.16596709578
152,7,53302.50039224369
152,8,53563.41555413083
152,9,30714.822534410203
153,1,58654.472851484
153,2,58229.62073181577
153,3,58262.94904609059
153,4,58492.23803479712
153,5,58420.83095504131
153,6,58280.33151870541
153,7,57723.65857754296
153,8,57969.077962632095
153,9,32917.46698725337
154,1,23564.698089861246
154,2,24225.755378016118
154,3,24442.654643031903
154,4,24039.255673923493
154,5,24101.014915815307
154,6,24284.798175899115
154,7,24822.961194217056
154,8,24426.770189879062
154,9,13769.49186654859
155,1,39451.07386259258
155,2,39921.83790456308
155,3,39877.294276237626
155,4,39581.68092539429
155,5,39581.250913173775
155,6,39712.45347876307
155,7,39983.126427856565
155,8,39565.81754707683
155,9,22548.653205045077
156,1,41496.853365835486
156,2,41587.65714246935
156,3,40993.13099438856
156,4,41240.50064598746
156,5,41370.372575538786
156,6,41737.09659493193
156,7,41178.233753864944
156,8,41140.37398678738
156,9,23416.072479279843
157,1,40661.833621076825
157,2,40647.8954179289
157,3,40663.61406175434
157,4,40894.737212902284
157,5,40924.60311302913
157,6,41018.22889803885
157,7,41137.92378193505
157,8,41202.667940553285
157,9,23690.838645881835
158,1,40482.99944931653
158,2,40266.56512960342
158,3,39460.95097279261
158,4,39463.91196978834
158,5,39407.039758333325
158,6,39744.75663373755
158,7,39341.41899056423
158,8,39368.68426701506
158,9,22306.281495416682
159,1,25530.552271112516
159,2,27372.75155616533
159,3,27884.329573465267
159,4,27624.286660772657
159,5,28359.041412283557
159,6,29021.670598103367
159,7,29737.78103630532
159,8,29351.184347654143
159,9,16907.09457936053
160,1,38829.951782650714
160,2,38777.40305321778
160,3,38570.83462150595
160,4,38120.312900006655
160,5,38252.8296292234
160,6,37910.95211722781
160,7,37963.4708260127
160,8,37532.020955923785
160,9,21324.262088884512
161,1,49074.607704298985
161,2,49069.758151015
161,3,48886.758507552535
161,4,48760.81337921873
161,5,48949.58593931077
161,6,49097.263073287984
161,7,48441.22144102566
161,8,48272.89626996769
161,9,27901.14642576244
162,1,43054.957691044125
162,2,42650.05035351252
162,3,42271.0931312156
162,4,42358.427458918704
162,5,42206.12019833135
162,6,41968.14181741129
162,7,42286.041610841894
162,8,42359.35795718475
162,9,24133.160294055262
163,1,18494.025134250922
163,2,19080.75724463902
163,3,18920.603888932823
163,4,18889.496233280526
163,5,19207.828730756628
163,6,19464.588070358965
163,7,18932.753990416393
163,8,18603.880270544494
163,9,10635.973342981808
164,1,40631.28337384326
164,2,39875.354074294446
164,3,39593.594597924675
164,4,40214.229199082154
164,5,39864.075994011786
164,6,40030.59337481711
164,7,39784.17566436911
164,8,40183.28589653206
164,9,23042.014827111714
165,1,39864.97694926368
165,2,40286.77166388787
165,3,40511.83703464691
165,4,40030.75881827462
165,5,40653.285030471474
165,6,40503.89413472799
165,7,41090.145067493686
165,8,40386.23490837605
165,9,22831.444325163367
166,1,45135.81333488206
166,2,45811.54519493009
166,3,46227.93027894757
166,4,45924.22117896842
166,5,45880.52649277871
166,6,45782.681886514365
166,7,45868.105722990265
166,8,45345.81977292018
166,9,25774.714039911087
167,1,44293.54217180391
167,2,44278.85123254915
167,3,44583.35495125115
167,4,44655.56820924803
167,5,44500.04331583748
167,6,44554.765246675925
167,7,44403.35782242181
167,8,44780.501492112395
167,9,25461.2254149695
168,1,24531.069403728736
168,2,26030.478395805247
168,3,26118.99245096976
168,4,25932.199564268925
168,5,25572.21765048454
168,6,26686.148260554135
168,7,25713.95934753797
168,8,24858.40256050417
168,9,14001.138188278908
169,1,44416.12476051164
169,2,44169.67607366064
169,3,43532.70765763228
169,4,43715.09424959668
169,5,44177.42891438838
169,6,44523.45174821506
169,7,42986.19465537981
169,8,42840.52228962885
169,9,24671.085613818854
170,1,60628.53290915057
170,2,58763.13707725301
170,3,57845.071975077146
170,4,58178.92049499292
170,5,57707.53046013988
170,6,57694.96795340803
170,7,56787.74977335719
170,8,57639.318075629875
170,9,32999.45980317051
171,1,53630.5677253955
171,2,52756.59319406002
171,3,52153.08324502354
171,4,52824.364468595115
171,5,53047.66342538829
171,6,53041.15822177935
171,7,52507.92904172407
171,8,52963.992451749014
171,9,30481.864494211706
172,1,42828.37605422111
172,2,44596.128107338955
172,3,44750.63124732851
172,4,44308.310735396575
172,5,44412.12262130752
172,6,44951.506113207455
172,7,44877.68368476815
172,8,44175.87366385414
172,9,25080.997370566347
173,1,40173.03624318444
173,2,40450.00077526224
173,3,40254.12611329259
173,4,40286.90178679373
173,5,40231.14734669073
173,6,40109.12506179643
173,7,39938.96163364559
173,8,39773.16227186553
173,9,22739.036856855004
174,1,39150.72689856829
174,2,39401.12883637682
174,3,39816.29626862383
174,4,39803.14718644765
174,5,39695.04533897902
174,6,39836.65683252484
174,7,40383.276568897665
174,8,40260.796864112264
174,9,22929.33616326972
175,1,38906.64734090812
175,2,39180.932756440205
175,3,38981.97237507307
175,4,38688.4704895784
175,5,39020.42487909012
175,6,38617.88073961152
175,7,38421.09221995865
175,8,38078.26635671761
175,9,21531.968597480474
176,1,40464.852196498396
176,2,40603.588535600116
176,3,40524.75557042048
176,4,40275.757533943724
176,5,40740.426138115894
176,6,40660.31695868727
176,7,40511.70526945285
176,8,40457.827952303734
176,9,23147.27065766049
177,1,40294.3486243115
177,2,40264.711783440136
177,3,40699.241834218454
177,4,40388.72793447212
177,5,40359.75515309873
177,6,40075.195206525495
177,7,40513.224766254534
177,8,40270.794685607325
177,9,22808.857449583826
178,1,42229.65222273434
178,2,42334.42504111405
178,3,42164.17328315458
178,4,41799.85373451279
178,5,41647.108542699265
178,6,42024.51540423639
178,7,41890.69312578398
178,8,41690.96597562843
178,9,23497.093452628433
179,1,40403.874053137806
179,2,40477.421531853164
179,3,41151.72136603271
179,4,41512.145609633946
179,5,41123.26984590849
179,6,40996.74788808313
179,7,41017.37818843572
179,8,41184.88167751756
179,9,23484.026748327175
180,1,47613.858669766996
180,2,47454.97466856898
180,3,47425.1556538474
180,4,47443.2749115597
180,5,47284.85300245981
180,6,47313.86227966611
180,7,47185.675158128724
180,8,47078.71376885266
180,9,26818.160499367754
181,1,49250.86047495327
181,2,48781.84424470272
181,3,48578.680733370806
181,4,48871.76863192333
181,5,48959.00898470703
181,6,49263.50019578901
181,7,48911.778146365876
181,8,49201.84602923621
181,9,28080.69817524797
182,1,37931.61609070081
182,2,37601.91180286021
182,3,36589.269080078244
182,4,36407.5236893658
182,5,35917.0347313665
182,6,35849.42313921875
182,7,35295.7236750101
182,8,35088.72507115027
182,9,19945.22294370534
183,1,45177.685307874825
183,2,45053.46342403915
183,3,44933.32870501057
183,4,44928.6028343222
183,5,44762.82104777702
183,6,44753.77645358688
183,7,44894.42925117771
183,8,44695.038355497825
183,9,25521.70597608814
184,1,40047.503524910535
184,2,38895.975245976384
184,3,38620.90000673267
184,4,38879.96862681709
184,5,38487.45610928911
184,6,38722.491220593976
184,7,38340.686145389
184,8,38545.17765426935
184,9,21787.78988150526
185,1,41324.8500317114
185,2,42063.21977552312
185,3,41641.312478231244
185,4,41226.81756334584
185,5,41116.066892208095
185,6,41324.830809108666
185,7,40917.66504585584
185,8,40218.70921207608
185,9,23014.374968112003
186,1,43032.86682364774
186,2,43219.46964519635
186,3,43163.89629607502
186,4,43087.4814777079
186,5,43102.492842350985
186,6,43368.1866860721
186,7,43616.16081838253
186,8,43991.642987677944
186,9,25127.443023775573
187,1,12427.218180870757
187,2,12749.486854717368
187,3,12162.575519674992
187,4,11680.83953145375
187,5,11977.144485788333
187,6,12122.642223396317
187,7,12223.27428782016
187,8,11768.458083368689
187,9,6735.544345878449
188,1,45735.28237501036
188,2,44559.87138552373
188,3,44520.92525327285
188,4,44798.768490367656
188,5,44578.351090246564
188,6,44334.6096619046
188,7,44346.3928716549
188,8,44522.60925667966
188,9,25237.344537001543
189,1,41600.818676695686
189,2,41196.765467599056
189,3,41093.140214418905
189,4,40891.88440197263
189,5,40585.73251079273
189,6,40596.67839535531
189,7,40511.26032802313
189,8,40256.89606995168
189,9,22900.50511432901
190,1,49150.6117479911
190,2,49376.268513192226
190,3,48929.49267416601
190,4,49390.594619782816
190,5,49616.302482546045
190,6,49836.814095368
190,7,50287.05717599804
190,8,50024.04605139348
190,9,28870.456039813194
191,1,27009.12888158384
191,2,28136.821683489146
191,3,28057.989527069796
191,4,28015.022766245045
191,5,28130.870285952056
191,6,28707.954279491118
191,7,29064.108442707813
191,8,28689.19072347773
191,9,16245.318355947982
192,1,41403.66447468222
192,2,41508.5114676695
192,3,41313.28220175666
192,4,41566.6146508575
192,5,41819.15544402087
192,6,41959.82764150658
192,7,41584.948834569695
192,8,41580.86641680862
192,9,23856.9860617178
193,1,40401.596312935304
193,2,39807.29726445389
193,3,39653.135325981035
193,4,39797.75881666022
193,5,39540.84918767038
193,6,39579.98198643093
193,7,38719.1622634108
193,8,38701.64928685584
193,9,21908.3456114145
194,1,35240.60893399213
194,2,35182.98960212291
194,3,34540.575382298026
194,4,34635.37530009537
194,5,34749.47567488505
194,6,34951.348975131856
194,7,34594.679823436454
194,8,34494.892591239346
194,9,19872.866739667574
195,1,38288.92892972278
195,2,38555.80118779521
195,3,38739.07573344804
195,4,38535.06539100067
195,5,38545.720054274716
195,6,38527.70629730141
195,7,38838.49071971501
195,8,38861.12292854581
195,9,22236.204157768578
196,1,21819.17444474343
196,2,22716.421802135654
196,3,22854.500759122315
196,4,23094.772353828335
196,5,23043.53468388265
196,6,23751.202511026102
196,7,24359.307101470476
196,8,24179.015651346795
196,9,13582.00592315402
197,1,37199.04060828241
197,2,37033.580602686794
197,3,36900.72129666041
197,4,37051.7849702078
197,5,37272.778289229165
197,6,37390.21687625565
197,7,37075.275178770746
197,8,37399.1396783465
197,9,21211.438818085942
198,1,50426.8784388979
198,2,49657.65845363611
198,3,49102.25067581398
198,4,49789.199571106314
198,5,49542.74953483694
198,6,49885.86040831113
198,7,48919.17920606908
198,8,49323.3145949191
198,9,28207.46027917084
199,1,42716.52290944579
199,2,42684.04124264672
199,3,42479.97686906316
199,4,42647.78677789972
199,5,42413.920140502916
199,6,42812.4427642908
199,7,42631.796254287176
199,8,42737.94079660139
199,9,24207.65911395421
200,1,38815.92836559606
200,2,38805.02211990595
200,3,38656.971813480195
200,4,38547.587906738816
200,5,38666.03764365489
200,6,38539.55815313838
200,7,37722.165070485986
200,8,37382.126817914
200,9,21365.07178752446
201,1,34347.642579259205
201,2,34474.24553133175
201,3,34455.44584595915
201,4,34581.41939998098
201,5,34448.73190054307
201,6,34669.49866973174
201,7,35176.55286900434
201,8,34955.225829683994
201,9,20012.277895387204
202,1,41980.70643672152
202,2,40931.47375688801
202,3,40988.79644587859
202,4,41291.27787696385
202,5,40804.994875035234
202,6,40840.06646436477
202,7,40553.44223276304
202,8,41019.878073763335
202,9,23087.42991748976
203,1,39987.29696344632
203,2,39808.18040328744
203,3,39665.64468649631
203,4,39816.61443379456
203,5,39667.56019978866
203,6,40146.05935343729
203,7,39865.72525259529
203,8,39851.87377648829
203,9,22678.473230721793
204,1,19324.916201716416
204,2,20633.920917042327
204,3,20860.78559653674
204,4,20006.366591648602
204,5,20503.904555394995
204,6,20218.868597563454
204,7,21395.958519880347
204,8,20202.9701303835
204,9,11687.764084937815
205,1,44157.69546002131
205,2,43534.461363787326
205,3,43397.923273839246
205,4,43774.32074092765
205,5,43512.132906827974
205,6,43926.38804870732
205,7,43477.96370859626
205,8,43652.41561852755
205,9,24558.33884749727
206,1,48576.30134995532
206,2,47910.03088698603
206,3,48858.11216839796
206,4,48940.8632923438
206,5,48838.55623733312
206,6,47875.25391439219
206,7,47395.40513754414
206,8,47596.03382518871
206,9,27054.296824331628
207,1,55809.993659237356
207,2,55443.719622154225
207,3,55251.15812455863
207,4,55681.86304512545
207,5,56072.730128208685
207,6,56118.40292380271
207,7,56378.92019772388
207,8,56380.524314638365
207,9,32084.638885814962
208,1,44003.397213753786
208,2,43835.064038677585
208,3,44086.3897921924
208,4,44053.915722014135
208,5,43820.6262805626
208,6,43680.12037377646
208,7,43980.78793580018
208,8,43822.24687303201
208,9,25097.69521319837
209,1,30669.428104866656
209,2,30875.950246320757
209,3,30502.584767467288
209,4,30642.390795605632
209,5,31115.84380318803
209,6,31695.638190315894
209,7,31421.013291656465
209,8,31096.896006332237
209,9,17639.73719675673
210,1,44544.39159700892
210,2,44119.290855407104
210,3,44439.04357198777
210,4,44727.08451727065
210,5,44164.334348262746
210,6,44025.908611037834
210,7,43974.11245888646
210,8,44390.36522258566
210,9,24980.338398957447
211,1,41148.24027437834
211,2,41142.89952386424
211,3,40939.236205656736
211,4,40730.93276572852
211,5,39567.851102111934
211,6,39386.63538941546
211,7,39625.42731647407
211,8,39647.131116436125
211,9,22204.17605628264
212,1,47457.93934964306
212,2,48171.573093876126
212,3,48458.43434163183
212,4,48003.478835904614
212,5,47589.77084138123
212,6,47740.52716273159
212,7,48154.099019908936
212,8,47990.845588570475
212,9,27276.936991378956
213,1,43539.33509388464
213,2,42946.675341065915
213,3,42961.416695139356
213,4,43527.50596121271
213,5,42355.40542803211
213,6,42254.06511896038
213,7,42291.565850974315
213,8,42662.7073837384
213,9,24349.115250425515
214,1,38793.22666546055
214,2,38675.880471592056
214,3,37784.192381334
214,4,37397.87688934319
214,5,37424.43285255524
214,6,37100.7534990429
214,7,37284.1026971349
214,8,37154.84486392207
214,9,21337.91560227491
215,1,40537.543361756834
215,2,40218.73488124074
215,3,39995.64763744622
215,4,40293.22060509873
215,5,40168.10664900458
215,6,39690.61297576337
215,7,38672.88517144675
215,8,38887.72689358604
215,9,21885.655419410683
216,1,43844.54886052308
216,2,43546.755245633445
216,3,42728.276029614746
216,4,43267.52406289985
216,5,43073.57537208464
216,6,43357.08824227106
216,7,42791.088834617716
216,8,42646.326603547204
216,9,24487.230330026472
217,1,41969.65748330194
217,2,42067.97334031841
217,3,42378.79654195408
217,4,42411.63069237943
217,5,42136.70946731241
217,6,42202.5251476078
217,7,42176.818187528836
217,8,42266.69345748304
217,9,23873.343981982645
218,1,45339.385930533266
218,2,45388.36141813993
218,3,45734.73108100423
218,4,45707.343484111596
218,5,45858.555844576986
218,6,45674.139622676266
218,7,45830.55582212711
218,8,45940.71462728542
218,9,26388.90754852642
219,1,30776.149041428827
219,2,31021.03748524038
219,3,29712.1114207557
219,4,29319.397580577766
219,5,29546.55859102127
219,6,29963.51638463084
219,7,29407.15991515994
219,8,28739.667369959207
219,9,16481.623161568936
220,1,45274.39135369387
220,2,45718.41553234048
220,3,45818.38003532652
220,4,45464.31150046052
220,5,45632.683053417
220,6,45326.99060008387
220,7,45930.57517736983
220,8,45463.33755899784
220,9,26006.00759058676
221,1,42669.91510118776
221,2,41873.5697620054
221,3,41288.4755293343
221,4,41613.14157382204
221,5,41583.88810541751
221,6,41723.3294005875
221,7,41113.660439648986
221,8,41548.606752924476
221,9,23953.83898810993
222,1,47260.82312279413
222,2,46434.30960976362
222,3,46572.33844027523
222,4,46587.820662506296
222,5,46777.3081772974
222,6,46074.63786978117
222,7,46210.017610392024
222,8,46302.185787189694
222,9,26497.746236649706
223,1,22487.865672636373
223,2,23035.6088294483
223,3,22788.584075939612
223,4,22860.132141869555
223,5,24048.113753021087
223,6,24842.6612463873
223,7,24371.632235711208
223,8,24141.264094135273
223,9,13743.322074078103
224,1,45120.95281511101
224,2,44762.77213441362
224,3,44348.16440151909
224,4,44588.38421617734
224,5,44776.394408413515
224,6,44510.91808450847
224,7,44642.165451178254
224,8,45074.18308494823
224,9,25829.77936319147
225,1,45205.590986447496
225,2,45336.86144008896
225,3,45647.77688190515
225,4,45717.807846692696
225,5,45701.978653503196
225,6,45933.68053759784
225,7,46158.66496253685
225,8,46313.01378358921
225,9,26334.96609933943
226,1,41902.746105220096
226,2,42450.909528964236
226,3,43137.73819816996
226,4,42907.49571960813
226,5,43168.14142277073
226,6,42289.505526824534
226,7,42877.6673698725
226,8,42163.35853435487
226,9,24139.491819292296
227,1,55136.08175439461
227,2,55335.355043241136
227,3,55492.80534249575
227,4,54907.06034156538
227,5,54580.09063223578
227,6,54172.93392465763
227,7,53938.56493814957
227,8,53575.03681169973
227,9,30436.665961800252
228,1,21170.771295886265
228,2,21891.551415028236
228,3,22115.32179484867
228,4,21999.087045123844
228,5,21795.076964307507
228,6,22823.200478326497
228,7,23120.62553738446
228,8,23111.989024093666
228,9,13064.212533524547
229,1,37517.01011094541
229,2,37208.76117881715
229,3,36923.350507886884
229,4,37473.05515887715
229,5,37549.772876134266
229,6,37261.85786753539
229,7,36481.705678260514
229,8,36467.28739220944
229,9,20886.867975121793
230,1,32724.566439152302
230,2,32890.26537926143
230,3,33424.13947553434
230,4,33598.691042979095
230,5,32871.87486464219
230,6,32965.10191582388
230,7,33433.737967769084
230,8,33589.7021778894
230,9,18779.84284588849
231,1,52697.26810638127
231,2,52434.36531556066
231,3,52545.489952179916
231,4,52806.35922452377
231,5,52527.359549532324
231,6,52505.539312286535
231,7,52474.700644809345
231,8,52765.67681083807
231,9,29987.243789358316
232,1,15054.109682400165
232,2,15504.145231144676
232,3,15690.743096887014
232,4,15515.693244360471
232,5,15198.882309716679
232,6,15273.016023745911
232,7,16153.737767124267
232,8,16198.698207920304
232,9,9336.250416173138
233,1,23630.131521077612
233,2,25518.08238673613
233,3,25703.053301272488
233,4,25581.87422187194
233,5,26489.53745537638
233,6,28027.553784164662
233,7,28775.13638231074
233,8,28694.48028700786
233,9,16534.98076872019
234,1,25647.604480173875
234,2,26307.14258067813
234,3,26014.076437765667
234,4,26098.33451649157
234,5,26187.94712503764
234,6,26891.473193132322
234,7,26633.476507358075
234,8,26397.942214219343
234,9,15039.865881025115
235,1,38143.993612692844
235,2,38209.5311481464
235,3,38541.14029912303
235,4,38274.571266275736
235,5,38286.87508461413
235,6,37725.79035346862
235,7,38260.89315875893
235,8,38077.01855456617
235,9,21986.698149969216
236,1,64646.45956647689
236,2,63570.98013709703
236,3,63512.49264586814
236,4,63921.31193184755
236,5,64076.212194810345
236,6,63736.15594509683
236,7,62612.58759823979
236,8,62911.42278182786
236,9,36117.98395957692
237,1,26590.52755276165
237,2,27325.676460832005
237,3,27420.199994414783
237,4,27431.750052192907
237,5,27674.36471151938
237,6,28517.80731002956
237,7,29413.054172593143
237,8,28880.497885233417
237,9,16190.738673163643
238,1,42486.09833393825
238,2,43070.302889399245
238,3,43539.67468166179
238,4,42926.1870662227
238,5,42973.1609084852
238,6,42460.645633035216
238,7,43323.01413531297
238,8,43379.214001599066
238,9,24686.935917720977
239,1,64496.37730126052
239,2,63537.99411525409
239,3,63579.899934017536
239,4,64111.74249007965
239,5,64278.42692468618
239,6,63685.25358113397
239,7,63436.56067800525
239,8,63794.82773362684
239,9,36315.11187809006
240,1,53273.276225111906
240,2,52856.099330577636
240,3,53388.77172240662
240,4,53147.08749443125
240,5,53118.84346458991
240,6,52386.79483769058
240,7,52662.79624425967
240,8,52232.51224228427
240,9,30028.72988450557
241,1,24344.886491771776
241,2,28832.212226874115
241,3,30294.968074390534
241,4,29420.376484151147
241,5,29998.707038570228
241,6,30139.811766439474
241,7,30913.64811123213
241,8,29448.091680633104
241,9,17022.395833184342
242,1,42369.378895045076
242,2,42074.78472804552
242,3,41916.05601543683
242,4,42209.6205116195
242,5,42353.48941540375
242,6,42541.72979339641
242,7,42184.44273799965
242,8,42413.55876729881
242,9,24436.622963521582
243,1,45225.268675992134
243,2,44979.14683397493
243,3,44791.3424593758
243,4,44747.98366852601
243,5,44877.48750229619
243,6,44927.65603560276
243,7,44828.320977272204
243,8,44793.66973524526
243,9,25441.283996871076
244,1,43774.86092137282
244,2,43826.045060134944
244,3,43946.57608524246
244,4,44203.371983545454
244,5,44512.50505140118
244,6,44441.40933880093
244,7,44416.9441163866
244,8,44486.85533029815
244,9,25483.24938409305
245,1,45062.05573430899
245,2,45175.56249909804
245,3,45250.34693151769
245,4,45244.31301645494
245,5,45476.526916364186
245,6,45002.12062986809
245,7,44658.381002643895
245,8,44507.874934481675
245,9,25542.591372292445
246,1,23364.72046008453
246,2,24430.92928524403
246,3,24728.015584661494
246,4,23977.695956095282
246,5,24565.092190908304
246,6,24632.585814386985
246,7,25607.383183529597
246,8,24780.889703319128
246,9,13968.922550977435
247,1,41240.48701983008
247,2,41720.702933636654
247,3,41854.422169881334
247,4,42277.73530263734
247,5,42376.988365962665
247,6,42695.30291021669
247,7,42499.991677421465
247,8,42321.63812920419
247,9,24269.849095096488
248,1,40334.689559537524
248,2,39782.41570153819
248,3,39385.502795698536
248,4,39863.441519782275
248,5,39494.035863934936
248,6,40010.45832483941
248,7,39042.94543184161
248,8,39776.38094953651
248,9,22197.472804480174
249,1,46662.35052681045
249,2,46517.0249098868
249,3,46314.60384067171
249,4,46259.113474234575
249,5,46189.12248115475
249,6,46102.27679054529
249,7,46354.87299751006
249,8,46276.674372871516
249,9,26326.432061037398
250,1,51687.5317981739
250,2,50041.22698485787
250,3,48699.46420928985
250,4,48697.71687823111
250,5,48660.701638992694
250,6,48347.63796545405
250,7,48532.01816362435
250,8,48771.67082972383
250,9,27710.316936832827
251,1,38449.866658383915
251,2,38394.03602585405
251,3,37537.428402605045
251,4,37595.0587489063
251,5,37628.62622308459
251,6,37737.826218242335
251,7,37313.338665714684
251,8,37288.13673848484
251,9,21385.525759200747
252,1,52688.53883767547
252,2,52948.736189287
252,3,53455.24541259346
252,4,53495.37485783324
252,5,53421.98857522415
252,6,52264.73656336695
252,7,52192.66726277515
252,8,51660.603450034076
252,9,29520.48620273491
253,1,46278.47921660241
253,2,45698.24694793858
253,3,45971.46151653162
253,4,45823.64845314632
253,5,45676.80169166166
253,6,44928.79956276608
253,7,45375.518598898554
253,8,45640.29029226222
253,9,25924.4545013816
254,1,48107.22856948716
254,2,48160.19391065692
254,3,49070.46319057818
254,4,48732.02020166277
254,5,48624.26356253644
254,6,48453.73078157427
254,7,49302.16711419266
254,8,49260.47841303033
254,9,27938.7031792208
255,1,53389.99242491797
255,2,52477.0866762158
255,3,51899.01076732725
255,4,52222.7080701981
255,5,52274.37171805152
255,6,52318.70615117325
255,7,51949.846581686405
255,8,52074.4537960141
255,9,29845.578231082498
256,1,47694.51836194188
256,2,46976.927500508566
256,3,45884.087116308154
256,4,46903.26718297669
256,5,47286.31796393228
256,6,47763.91666089091
256,7,46694.243600893344
256,8,46815.03854770286
256,9,26593.0225990858
257,1,40168.71653627935
257,2,40348.89006005773
257,3,40789.832091089935
257,4,40542.34354991965
257,5,40467.025822269046
257,6,40282.44159173218
257,7,40720.337290839685
257,8,40924.84149845198
257,9,23342.624894816472
258,1,44587.40343215442
258,2,44775.048291638246
258,3,44949.6820120535
258,4,44563.751379078814
258,5,44686.26969134833
258,6,44747.90457026832
258,7,45068.07243343124
258,8,44909.70630163239
258,9,25494.298603736956
259,1,34109.026405362
259,2,34188.59056940604
259,3,33868.05120708185
259,4,34017.18162939191
259,5,34201.858568947995
259,6,34235.52420625441
259,7,33668.464220391004
259,8,33614.838537750686
259,9,19418.845844887364
260,1,37121.98797907174
260,2,37395.72439429682
260,3,37571.003328365005
260,4,37605.72717528153
260,5,37655.03680043025
260,6,36860.63913968912
260,7,37500.570522133494
260,8,37416.43996605375
260,9,21506.75445939383
261,1,44912.428344265085
261,2,44759.35930147758
261,3,44370.93927048587
261,4,44274.195587098984
261,5,44700.55723094718
261,6,44656.12897600608
261,7,44404.65190769233
261,8,44526.43940560828
261,9,25590.69356914518
262,1,49129.80610662252
262,2,48935.30806577639
262,3,49214.95214597793
262,4,49514.10064748094
262,5,49432.62731897742
262,6,49074.82574950287
262,7,49299.05390884091
262,8,49518.523424750216
262,9,28432.95810788028
263,1,47411.707330428966
263,2,47531.12976485392
263,3,47670.38410444329
263,4,47575.887512955065
263,5,47646.0870844446
263,6,47517.919147497516
263,7,46863.049438206785
263,8,47063.006117654026
263,9,26845.06673087774
264,1,52549.57401811017
264,2,52185.127447568106
264,3,52343.85711375273
264,4,52770.03540941432
264,5,52262.32487745927
264,6,52367.56933049547
264,7,52792.98492103609
264,8,53026.55019506623
264,9,30067.642720912398
265,1,29527.558758821368
265,2,29689.00880934952
265,3,30130.656912522267
265,4,30065.290653768247
265,5,29937.70726128237
265,6,29695.500293073863
265,7,30646.281439984064
265,8,30520.75990988325
265,9,17400.644528974397
266,1,46246.509513581725
266,2,45490.20498560049
266,3,44941.01399650896
266,4,44880.20870550013
266,5,44573.2824764881
266,6,44575.80698101036
266,7,44412.10454899127
266,8,44441.636503594214
266,9,25180.78536982347
267,1,49168.208069820954
267,2,48850.646427105225
267,3,48931.09308072241
267,4,49003.23392760215
267,5,48758.45084743294
267,6,48529.24424076605
267,7,48087.84636537259
267,8,48013.03453391189
267,9,27254.210724701756
268,1,42112.285594749046
268,2,41077.3453672495
268,3,40123.3933717393
268,4,40089.96364313865
268,5,40222.26263472825
268,6,40018.27397399223
268,7,39872.622008578415
268,8,39881.86837602327
268,9,22733.40294223273
269,1,52667.97530877336
269,2,51932.95246070809
269,3,51726.70641838951
269,4,51887.866704731816
269,5,51615.96759304629
269,6,51698.254417727825
269,7,51401.21310306831
269,8,51320.43832831198
269,9,29378.227842441658
270,1,33329.81944077204
270,2,33077.62052220096
270,3,33320.38165042248
270,4,32772.98876727102
270,5,32300.73365302366
270,6,31874.350079584026
270,7,31198.313423536456
270,8,31010.865185153696
270,9,17755.735035681766
271,1,44909.30983268468
271,2,44833.95359026154
271,3,44988.82919437292
271,4,45106.33835214045
271,5,44800.534520850735
271,6,44757.880434922496
271,7,45469.31872071583
271,8,45498.312471411096
271,9,25851.163339319948
272,1,33583.64447902462
272,2,33811.686001336326
272,3,33864.20072098692
272,4,33572.633868881465
272,5,33464.631437087875
272,6,33380.66723596089
272,7,33236.04670756977
272,8,32917.43378571339
272,9,18717.461173230477
273,1,37544.707531054686
273,2,37964.10491173658
273,3,38009.50733064345
273,4,37459.992287168905
273,5,37571.34478725381
273,6,37804.90150136546
273,7,38048.50744841815
273,8,37626.4820151532
273,9,21504.164392030863
274,1,16006.840664807949
274,2,16953.107746901118
274,3,16837.45926091821
274,4,16425.9404448918
274,5,16638.85726192288
274,6,16868.439181094527
274,7,16725.484431054247
274,8,16003.127253668757
274,9,9014.378877335426
275,1,38005.68507330862
275,2,37887.77234943485
275,3,37410.31295688545
275,4,37174.388051442176
275,5,36913.11516874383
275,6,37161.66845466834
275,7,36613.76307228785
275,8,36349.49591209488
275,9,20565.223629241107
276,1,41688.30712319579
276,2,40617.065146619105
276,3,40820.40994280497
276,4,41300.02036929774
276,5,40895.81594675324
276,6,40667.53235285763
276,7,40629.05134579177
276,8,41496.038141528275
276,9,23715.82440562713
277,1,41299.692540414355
277,2,41012.02698574154
277,3,40774.465385095216
277,4,40870.6425708997
277,5,41351.759729524434
277,6,41306.62481197929
277,7,41215.087810464975
277,8,41360.65613789535
277,9,23724.76616098288
278,1,47889.49499960424
278,2,48143.14139239118
278,3,48040.23316653517
278,4,47645.342575545794
278,5,47687.19186936513
278,6,47933.28500709672
278,7,48151.6774079056
278,8,47908.64549542905
278,9,27254.564678827337
279,1,29196.96595836444
279,2,30848.331102127726
279,3,31716.924176160846
279,4,31090.71844609588
279,5,31051.651249395887
279,6,31597.715804126237
279,7,32776.11036973462
279,8,31935.32026246759
279,9,18001.108023948138
280,1,40258.50037506965
280,2,40403.18836209638
280,3,40545.468774996596
280,4,40431.977932092224
280,5,40653.33519071951
280,6,40286.83993091464
280,7,40854.15381831219
280,8,40646.04500566704
280,9,23052.578336528182
281,1,38099.69060205537
281,2,37564.68737671159
281,3,37697.32341407767
281,4,37645.44355524119
281,5,37436.75985467971
281,6,37291.88741645012
281,7,37640.75801914511
281,8,37834.16753592562
281,9,21437.479049317964
282,1,41249.847572031314
282,2,41434.197366005115
282,3,41560.11163011078
282,4,41484.08076428636
282,5,41776.77816239653
282,6,41850.52505412366
282,7,41993.66497999846
282,8,42069.95909695502
282,9,24299.414296415503
283,1,21371.917533491178
283,2,22256.35048576305
283,3,22708.482315768306
283,4,22289.549750717048
283,5,22460.523265081523
283,6,23169.963840922206
283,7,23843.06289018228
283,8,23458.303678522014
283,9,13198.188697703417
284,1,40858.11971239343
284,2,41156.55634140094
284,3,41474.43399218927
284,4,40778.00281238435
284,5,40513.182964922096
284,6,40489.16546873051
284,7,40968.49326323318
284,8,40466.01248421314
284,9,22982.859617728896
285,1,49998.29172217887
285,2,49677.76536500865
285,3,49646.09839808388
285,4,49308.98046590456
285,5,49451.81672715966
285,6,49114.8248298228
285,7,49019.24676121509
285,8,48899.94279673383
285,9,27956.644632564254
286,1,42619.61601743408
286,2,42449.15509730985
286,3,42457.31705045235
286,4,42366.19977907425
286,5,42323.939156777844
286,6,42242.232342118594
286,7,42380.780868002905
286,8,42377.61715382586
286,9,24538.316148277892
287,1,52133.92504177026
287,2,52048.28342208825
287,3,51786.6546026783
287,4,52055.75709765075
287,5,52325.59044573069
287,6,52333.4085178587
287,7,51756.207601651025
287,8,51882.168293462455
287,9,29612.2388666876
288,1,30358.147497012927
288,2,31503.644407017742
288,3,31905.108756129062
288,4,31530.10967553929
288,5,32128.077753296788
288,6,32728.622129053987
288,7,32451.643848410396
288,8,32358.248489798723
288,9,18550.0277865285
289,1,37833.40427449403
289,2,37563.72981148932
289,3,36884.066164354044
289,4,37117.61102303638
289,5,36781.03493903709
289,6,36465.965920710245
289,7,36832.76267452335
289,8,36799.23886379846
289,9,21107.298280928575
290,1,47574.384369246465
290,2,47429.76603247605
290,3,47759.06977810827
290,4,47878.35496230284
290,5,48284.717478841885
290,6,48336.40545259161
290,7,48382.71800347018
290,8,48749.08948431666
290,9,27873.843229596532
291,1,54639.833757102206
291,2,54492.22462286173
291,3,54289.32305023373
291,4,54860.15678381889
291,5,54934.019537344204
291,6,55177.54292257839
291,7,54135.14310823449
291,8,54503.91092109885
291,9,31073.23392912608
292,1,49963.37139835051
292,2,49882.40342078206
292,3,49695.90898579074
292,4,49749.34423115467
292,5,50145.047204833565
292,6,49820.34175251416
292,7,49588.158545540326
292,8,49376.564641232115
292,9,28332.587567114806
293,1,32365.191250648226
293,2,30934.608384363633
293,3,30360.844680622562
293,4,29853.516761792445
293,5,29865.840408737706
293,6,29906.62354750815
293,7,30127.359230424667
293,8,29845.30461395721
293,9,16665.657251250195
294,1,35462.511795629674
294,2,35575.38415747366
294,3,35649.52799033422
294,4,35791.83084748854
294,5,36013.52681047205
294,6,36332.13554060555
294,7,35762.00847011632
294,8,35953.82047995901
294,9,20609.366982001135
295,1,38758.26451306404
295,2,38953.111952762985
295,3,38827.734713230006
295,4,38812.3357714556
295,5,39229.259696736925
295,6,39438.948097254935
295,7,39369.301281232874
295,8,39331.84305368791
295,9,22563.062156126638
296,1,41552.91099247273
296,2,41336.73653415476
296,3,41628.13520631233
296,4,41615.23367395562
296,5,41336.857428018026
296,6,41234.88072300974
296,7,41676.408856037604
296,8,41914.35823073478
296,9,23704.583414740493
297,1,37243.312294599404
297,2,37568.18406700401
297,3,37790.96515686551
297,4,37936.14573744862
297,5,37887.2933453971
297,6,37991.70042352793
297,7,38395.067133240016
297,8,38246.410254551076
297,9,21859.539745305996
298,1,37144.845799797156
298,2,37237.119652316025
298,3,37438.80738046273
298,4,37091.62787504097
298,5,37832.02491460921
298,6,37589.71456739269
298,7,37628.38966781938
298,8,37119.12730966232
298,9,20856.251460980522
299,1,42457.51901524144
299,2,41859.62637088613
299,3,41709.812004934305
299,4,42060.09438939058
299,5,41940.20272028465
299,6,41643.846244474895
299,7,41171.73503471111
299,8,41181.9903764119
299,9,23030.202680972117
300,1,46655.70459358419
300,2,46519.573226850254
300,3,45708.10360772522
300,4,45973.31797646214
300,5,45923.69376043373
300,6,45851.65155691975
300,7,44770.73857694858
300,8,44895.01850222241
300,9,25823.892463270065
301,1,15730.8416689816
301,2,19103.886838036688
301,3,20409.827598288706
301,4,19876.599723018942
301,5,19986.54385932154
301,6,19860.232686126903
301,7,20587.696232801853
301,8,19103.536214116044
301,9,10808.335077699045
302,1,39123.292852931896
302,2,39147.92865337926
302,3,39423.5844317255
302,4,39086.36518875971
302,5,38968.41640094029
302,6,39094.960957794676
302,7,39550.633312740734
302,8,39424.740901746736
302,9,22238.977383936457
303,1,42240.14749636247
303,2,42141.58866267826
303,3,42399.52047175487
303,4,42654.22690770692
303,5,42549.10467888114
303,6,42070.53064656774
303,7,42314.296085647715
303,8,42505.43975988162
303,9,24451.0301668443
304,1,41070.83575148625
304,2,40785.780726302044
304,3,40917.10929648507
304,4,41127.66051086046
304,5,40834.26946121159
304,6,41511.462351812355
304,7,40906.49348516751
304,8,41150.160782453575
304,9,23117.848899216093
305,1,44677.56543753756
305,2,44567.598123186624
305,3,44278.8737691819
305,4,44240.91836317717
305,5,44171.52617993395
305,6,44251.84706873684
305,7,44319.87369564268
305,8,44287.9555857042
305,9,25226.68408892357
306,1,26499.77791881676
306,2,27635.959185964188
306,3,28520.11227936589
306,4,28243.002573146274
306,5,28230.045092805736
306,6,28465.638112480447
306,7,29276.12941615926
306,8,29098.711977841296
306,9,16467.159513393126
307,1,37026.03750723636
307,2,36855.568838801686
307,3,35943.39870714045
307,4,35911.02282273797
307,5,35683.60558770564
307,6,35063.94063886889
307,7,34320.884004818356
307,8,33795.35740366807
307,9,19371.65233030816
308,1,45921.800857192095
308,2,45490.12514877091
308,3,45364.07230315748
308,4,45556.915345508336
308,5,45753.51619047807
308,6,45397.35775553281
308,7,45489.31643125319
308,8,45413.865445047624
308,9,25942.568010482166
309,1,48459.86383680138
309,2,48019.24331830159
309,3,48003.10417775323
309,4,47910.74804438308
309,5,48134.85146100138
309,6,47935.06830222522
309,7,47845.9004003379
309,8,47674.789670272265
309,9,27364.03042033166
310,1,27074.61855960791
310,2,28164.47902800814
310,3,30217.57059331649
310,4,29333.41463145411
310,5,29577.45699786368
310,6,29857.0108976567
310,7,31503.587993196063
310,8,31248.244404710746
310,9,17963.465490362774
311,1,41701.77627428741
311,2,41675.9598959346
311,3,41556.970551262115
311,4,41820.09002896429
311,5,41927.943651685186
311,6,42091.56480830336
311,7,41367.87352503701
311,8,41402.23669760005
311,9,23491.489482128298
312,1,43083.80761745484
312,2,43646.67833019575
312,3,43748.387686571776
312,4,43304.38784896277
312,5,43399.586657701046
312,6,43666.46680301231
312,7,43641.8760390788
312,8,43373.25388079137
312,9,24793.0242060033
313,1,40924.20706824735
313,2,40937.847187047686
313,3,40712.404327239514
313,4,40492.685555880416
313,5,40479.23882158933
313,6,40660.474620670015
313,7,40747.319522727026
313,8,40559.212546251976
313,9,23043.88633668669
314,1,41208.0289969581
314,2,41399.391912158644
314,3,41293.00046110071
314,4,41197.51700157967
314,5,41407.13502698178
314,6,41141.08666248814
314,7,41279.802796764074
314,8,40905.44233653468
314,9,23459.93182107071
315,1,29265.35965902329
315,2,29906.20075106437
315,3,30628.05622211642
315,4,30447.501656962606
315,5,30615.027572437713
315,6,30726.40894371827
315,7,31080.62081983454
315,8,31190.514600399165
315,9,17706.65281689037
316,1,38202.79411221169
316,2,37829.53698272968
316,3,37557.43937862666
316,4,37940.842392912935
316,5,38050.9190741744
316,6,38189.71697514326
316,7,38127.41573156668
316,8,38224.08909527443
316,9,21885.64645191552
317,1,44176.66011334679
317,2,44318.76585994878
317,3,44030.308876386014
317,4,43589.26441449478
317,5,43933.33502084718
317,6,43541.212751670726
317,7,43467.07015803934
317,8,43040.083674132395
317,9,24481.940451922987
318,1,40781.07538692777
318,2,40698.40443527121
318,3,40735.95273984865
318,4,40847.34424940762
318,5,40955.8732117558
318,6,40964.622529399494
318,7,40960.53841155083
318,8,40668.49319377587
318,9,23344.521744713027
319,1,55015.039508937465
319,2,54518.947658987556
319,3,54347.80444552982
319,4,54687.80045538755
319,5,54870.672454290456
319,6,54773.69002403236
319,7,54286.93677252252
319,8,54705.067746712404
319,9,31139.650801140826
320,1,41209.224874357824
320,2,40849.67318974911
320,3,40803.53600341108
320,4,41060.14242159703
320,5,41070.483637165074
320,6,41022.07858089609
320,7,40982.21351284842
320,8,41079.86169302252
320,9,23474.105227606153
321,1,42748.944581722404
321,2,42778.197900251194
321,3,42373.68690477919
321,4,42588.31438026288
321,5,43079.31824504953
321,6,42678.761419561066
321,7,42255.91002847636
321,8,42076.01491381021
321,9,24334.981063688316
322,1,39896.342908631086
322,2,39764.786337567624
322,3,39846.0031440315
322,4,39769.780349356726
322,5,39755.650959407125
322,6,39682.993963575704
322,7,39643.67980939825
322,8,39750.464381183294
322,9,22613.202558700294
323,1,40053.077750743876
323,2,39774.22320353097
323,3,39463.30149749586
323,4,39478.944039473616
323,5,39489.38828036895
323,6,39841.06287089998
323,7,39867.16928442197
323,8,39970.61327440002
323,9,22703.34065027209
324,1,32842.78080120818
324,2,33006.87955832125
324,3,33048.80291224996
324,4,33053.09801136867
324,5,33658.86673370872
324,6,34376.7765097969
324,7,34368.112885938244
324,8,34131.70602140928
324,9,19306.67536382898
325,1,42602.11962950879
325,2,42354.0884059091
325,3,43083.89171497036
325,4,42997.76653511805
325,5,42437.59577288624
325,6,42099.88105813198
325,7,43541.70820560341
325,8,43770.16541543163
325,9,24751.512271331914
326,1,45711.40716400369
326,2,45673.69212711852
326,3,45524.857665595155
326,4,45551.680192161526
326,5,45518.02484355886
326,6,45416.98448511268
326,7,45105.45593041347
326,8,45300.57342766221
326,9,26204.061188618027
327,1,41519.42050352774
327,2,41710.163465988604
327,3,42263.05145751206
327,4,42286.98185384611
327,5,42147.68969633816
327,6,42393.7029924612
327,7,42635.68027124758
327,8,42787.73984893014
327,9,24513.874767263016
328,1,43855.16893601925
328,2,43635.11713173263
328,3,43517.69107469954
328,4,43950.3316878747
328,5,43724.71914434619
328,6,43519.64403289042
328,7,43189.23851200471
328,8,43521.73196317742
328,9,25057.142829904682
329,1,47256.5084682075
329,2,46728.58040739086
329,3,47165.49103126461
329,4,47662.483320028885
329,5,47218.07977308519
329,6,46895.956405365
329,7,47185.20109085048
329,8,47713.127090699716
329,9,27251.90998449562
330,1,44248.184719145414
330,2,44397.17813222412
330,3,44246.672216279076
330,4,43799.34198410943
330,5,43594.218738943106
330,6,43865.67016306199
330,7,43399.425230226596
330,8,43205.14852730894
330,9,24622.964772964428
331,1,59817.09808056109
331,2,59656.39591942893
331,3,59219.62377242399
331,4,59622.34156012729
331,5,59789.02422462938
331,6,59731.4090865667
331,7,59382.04043791616
331,8,59583.43474548486
331,9,34035.1354450654
332,1,48900.557899641295
332,2,48697.55111523888
332,3,48541.66747813517
332,4,48247.20863173003
332,5,48280.2412273798
332,6,48090.503398917375
332,7,48009.930068883754
332,8,47699.53911109256
332,9,27373.63518636123
333,1,44020.99825689693
333,2,43355.98885901934
333,3,42982.365993368556
333,4,43713.194895945766
333,5,43917.34036289782
333,6,43867.78003279142
333,7,43236.16368760274
333,8,43783.981114744834
333,9,24917.529942521163
334,1,34878.48459459672
334,2,35220.98065600658
334,3,34379.59440929488
334,4,34390.47054691507
334,5,34536.97951243287
334,6,34467.4745924206
334,7,34048.839646545704
334,8,33779.27180583026
334,9,19444.31293161493
335,1,42649.1889994497
335,2,42418.278392492575
335,3,42541.96309024382
335,4,42681.27074198607
335,5,42765.239039697284
335,6,42913.42648141077
335,7,42715.08662096465
335,8,42672.20249556661
335,9,24417.50917000981
336,1,36561.72706272227
336,2,37242.76272710889
336,3,37926.903891031165
336,4,37885.270871655615
336,5,37180.01000836202
336,6,37219.493697386824
336,7,38106.50211773833
336,8,38036.363793205135
336,9,21584.612895936636
337,1,42710.12673713944
337,2,42986.223821356805
337,3,43120.22103054647
337,4,42962.20776170022
337,5,42694.22193507637
337,6,42896.55052611796
337,7,43220.10284365431
337,8,43401.8989410598
337,9,24770.90605723629
338,1,41920.53196332385
338,2,42171.26031708302
338,3,42321.10944263396
338,4,42045.31695375251
338,5,42411.84435476385
338,6,42202.76912287699
338,7,42583.77200413972
338,8,42296.63984813172
338,9,24467.539581675388
339,1,27454.385664607456
339,2,28558.13214288163
339,3,29319.462974457947
339,4,28999.771731552384
339,5,29043.54468892366
339,6,29530.268951348102
339,7,30013.560557750767
339,8,29602.03225500092
339,9,16798.011309559683
340,1,45503.73947768657
340,2,45771.70061189061
340,3,46444.83072594685
340,4,46423.32407144594
340,5,46376.657746904806
340,6,46136.462181987845
340,7,46850.392441650394
340,8,46577.96219508397
340,9,26566.788663387488
341,1,45416.711687688374
341,2,44862.11832155472
341,3,45148.87025509003
341,4,45441.01112246862
341,5,45356.11278292724
341,6,45362.76344519852
341,7,45251.59225611014
341,8,45484.29005075821
341,9,25825.82401452266
342,1,50033.7940873822
342,2,49968.8544157879
342,3,49311.93628553158
342,4,48754.972735401156
342,5,49281.41630768125
342,6,48819.671198908596
342,7,48948.476233563095
342,8,48592.66053232257
342,9,27865.508378553503
343,1,10148.44100995447
343,2,10498.875826559524
343,3,10600.77307715329
343,4,10549.703105681989
343,5,10681.393273036589
343,6,10756.99583307031
343,7,10515.730957069703
343,8,10326.671065870134
343,9,5843.102659968101
344,1,39352.272490375915
344,2,39733.268458330975
344,3,39835.34990358852
344,4,39887.52431122537
344,5,40008.906241735705
344,6,40161.313181098536
344,7,40394.27703596804
344,8,40306.52222874042
344,9,22988.15623759011
345,1,43886.718793067485
345,2,44399.901344147576
345,3,44478.42499640079
345,4,44323.696627469246
345,5,44787.80015351725
345,6,44611.076124518215
345,7,45067.071468053706
345,8,44835.0123627772
345,9,25812.112892070138
346,1,40765.72677956882
346,2,40616.9649076634
346,3,41368.817679457046
346,4,41437.115887336826
346,5,41377.736081272844
346,6,41251.21281781118
346,7,41818.9467127902
346,8,42058.2889412501
346,9,23841.543694775824
347,1,43213.27424120769
347,2,43348.39158805527
347,3,43614.55631974788
347,4,43616.19912122491
347,5,43585.30496440348
347,6,43203.963939991205
347,7,43955.754032630415
347,8,43920.236737926614
347,9,25386.147177435418
348,1,28405.754651706444
348,2,29018.63431577381
348,3,30196.772887237552
348,4,30443.705156251388
348,5,30199.530581386796
348,6,30644.48973847752
348,7,31392.477846602145
348,8,31341.087210496484
348,9,17717.62569802694
349,1,43501.06225000456
349,2,43526.58616026757
349,3,43484.4650302609
349,4,43521.23170347875
349,5,43624.183448164804
349,6,43507.06925521223
349,7,43558.90899045259
349,8,43419.19622832965
349,9,24626.13351984842
350,1,47702.34512626492
350,2,47977.830701476916
350,3,48427.54815003686
350,4,48201.55545409402
350,5,47777.58758786292
350,6,47885.71057755286
350,7,48548.17009996038
350,8,48486.00699755414
350,9,27528.620952078505
351,1,53544.83044332959
351,2,52917.07619165877
351,3,52700.36644216554
351,4,53313.863050655156
351,5,53543.27449250491
351,6,53189.80841579171
351,7,52405.3433818328
351,8,52646.93496639968
351,9,30208.572914386266
352,1,28448.44327657452
352,2,29881.704408239806
352,3,31572.441680887925
352,4,31256.689231621916
352,5,31195.794956817528
352,6,30845.725089977863
352,7,31957.242932476096
352,8,31476.65834319114
352,9,17513.383171686728
353,1,31989.66303345388
353,2,31991.574947806595
353,3,31686.554319199386
353,4,31531.251951082733
353,5,31596.402851371055
353,6,31453.18029904866
353,7,31191.063313254162
353,8,31319.300823284764
353,9,17869.732115128285
354,1,41856.044034257495
354,2,42240.106832428486
354,3,42609.77290338297
354,4,42335.845577303604
354,5,41946.390367924294
354,6,41930.65196092779
354,7,42168.35883311402
354,8,42099.46054374426
354,9,23987.220691146707
355,1,38373.83853177091
355,2,38302.28133904343
355,3,38562.391493146155
355,4,38766.536716092276
355,5,38652.21459145071
355,6,38658.439859237405
355,7,38601.81844787288
355,8,38642.17382995848
355,9,21948.727945409253
356,1,40664.66389847253
356,2,40839.226455837896
356,3,41307.29206471382
356,4,41310.47278390085
356,5,41353.58973599947
356,6,41254.562460941
356,7,41221.463642098824
356,8,41216.94203903191
356,9,23542.08787644098
357,1,23917.820071474907
357,2,25926.80498347954
357,3,26875.260639152184
357,4,26561.032661926343
357,5,26825.619062651134
357,6,27196.406502219324
357,7,28666.385075086975
357,8,28080.321557130494
357,9,16011.392177411952
358,1,45886.522906033846
358,2,45465.780588420974
358,3,45502.86001709252
358,4,45653.840046326564
358,5,45871.62872593707
358,6,45511.715359406044
358,7,45550.761641285775
358,8,45666.37160872305
358,9,26024.09839937807
359,1,39360.563971634925
359,2,39852.636147580066
359,3,39382.16482030127
359,4,39232.4899874506
359,5,39965.88501225595
359,6,40202.91159527164
359,7,40390.74321953768
359,8,39921.21512563314
359,9,22986.07407327896
360,1,44440.85715192622
360,2,44498.9317120881
360,3,45015.12404668845
360,4,44777.62986805297
360,5,44699.656891557475
360,6,44336.89888210446
360,7,44958.309238313996
360,8,44788.92904358793
360,9,25396.163681913262
361,1,33394.32201988088
361,2,33922.292348602
361,3,34413.53768057907
361,4,35408.27514118856
361,5,36027.11154011598
361,6,36891.01997579281
361,7,37051.10344268329
361,8,37025.990787402356
361,9,21166.474600500325
362,1,42483.73112853187
362,2,42196.86394799475
362,3,42305.143476093406
362,4,42468.57259383601
362,5,42604.19047015268
362,6,42417.89361422448
362,7,42512.650234149194
362,8,42800.13886184273
362,9,24198.92521638683
363,1,38355.62187260108
363,2,39195.902125145956
363,3,39332.83374149731
363,4,38772.09293766177
363,5,38771.922906761276
363,6,38267.15709488109
363,7,39186.04873078807
363,8,38543.532451395986
363,9,22074.800841631295
364,1,40803.27388480635
364,2,41049.115365988524
364,3,41230.36778489407
364,4,41260.26474577094
364,5,40847.03091797396
364,6,40622.16602808065
364,7,41073.45555946778
364,8,41009.15362076211
364,9,23166.298814813792
365,1,42752.09548542673
365,2,43424.43529928608
365,3,44324.00431089093
365,4,43622.86842536913
365,5,43560.41750122299
365,6,43534.28698818858
365,7,44086.44813765936
365,8,43616.79978965969
365,9,24589.68399489147
366,1,24193.654394683646
366,2,24896.87987265885
366,3,25185.990570049653
366,4,25265.56088077102
366,5,24976.24244948289
366,6,25322.871294542998
366,7,26242.67238078476
366,8,26133.74069932039
366,9,14762.081740231959
367,1,38220.81980808187
367,2,37488.14765173675
367,3,37287.74118526411
367,4,37549.69967733083
367,5,37293.576432906855
367,6,37263.90592171371
367,7,36837.38913747287
367,8,37043.141804751314
367,9,21055.1929005318
368,1,48210.68847368425
368,2,47806.72920261743
368,3,47512.1916600254
368,4,47534.03730560283
368,5,47542.41270315503
368,6,47203.76917247296
368,7,46854.40232368442
368,8,47283.165088298825
368,9,27102.581760385132
369,1,51398.0424954809
369,2,50937.164618495015
369,3,50765.70065310181
369,4,51117.29853249111
369,5,51055.91381863374
369,6,51385.37954562397
369,7,50871.63266025028
369,8,50655.28405501274
369,9,28845.67707907196
370,1,49125.627834659215
370,2,48433.29392255421
370,3,47642.70812204446
370,4,48492.108160082746
370,5,48325.704593180206
370,6,48928.08692835011
370,7,47791.48928005918
370,8,48390.19839867546
370,9,27781.988163846003
371,1,40203.066387726845
371,2,40768.77396389834
371,3,40811.30844219621
371,4,40584.60660282651
371,5,40621.92783680588
371,6,40678.63363166858
371,7,40280.94883778567
371,8,39943.91796329632
371,9,23102.55873351769
372,1,50987.8813970911
372,2,50386.990585634434
372,3,49929.76127368174
372,4,50201.53958503477
372,5,50076.155838330626
372,6,50081.927684757604
372,7,49614.81931380041
372,8,49808.49216385299
372,9,28475.805615406738
373,1,25186.62935260585
373,2,26048.253616363727
373,3,27257.77974037436
373,4,26841.404263199463
373,5,27007.000780234364
373,6,27034.108253023172
373,7,28058.303826183415
373,8,28046.189308012144
373,9,15358.095334427388
374,1,39742.08974781596
374,2,39631.9953988082
374,3,39892.824280629466
374,4,40495.51557017611
374,5,40555.24560543852
374,6,40772.92067278355
374,7,40974.474458017015
374,8,41148.9153606715
374,9,23590.96030093798
375,1,41451.027749208995
375,2,41776.67908504193
375,3,42277.82464782405
375,4,42259.939819935105
375,5,42145.44416551452
375,6,41897.51359087474
375,7,42096.010985406865
375,8,41915.46421841308
375,9,23696.419662355784
376,1,21021.747192702394
376,2,22649.696188531747
376,3,24990.702835987107
376,4,24422.80727522621
376,5,24272.281870628267
376,6,24832.817279086736
376,7,25727.450048258852
376,8,25683.834310629452
376,9,14479.244356643772
377,1,43043.773303395865
377,2,42560.526549639486
377,3,43019.602380361044
377,4,43106.408912871484
377,5,42716.32167590286
377,6,42583.81129170412
377,7,42417.54543238352
377,8,42501.3430725045
377,9,24211.134466018735
378,1,48470.987142672166
378,2,48123.09904074764
378,3,47760.80801618791
378,4,47763.27149006266
378,5,47704.972394367556
378,6,47707.63406069592
378,7,47296.439229259675
378,8,47326.97830240622
378,9,27052.352304661104
379,1,38899.12011700306
379,2,39217.47964250073
379,3,39600.72072909119
379,4,39279.6163206916
379,5,38789.87371420838
379,6,38014.103565331665
379,7,38775.71143094495
379,8,38446.907368461056
379,9,21911.98867934092
380,1,27674.475206795567
380,2,28840.87238399222
380,3,28552.271997892778
380,4,28281.127790635637
380,5,28749.090855877497
380,6,29916.40887333564
380,7,29427.776739194167
380,8,28922.456351690103
380,9,16518.94534674325
381,1,41836.03931910572
381,2,41804.45021214846
381,3,41565.03431152909
381,4,42043.42651409254
381,5,42319.0938827544
381,6,42437.00220065823
381,7,42239.84754862902
381,8,41987.67157450322
381,9,24225.310155649713
382,1,39260.249056302375
382,2,39337.67700331537
382,3,39078.01464555041
382,4,39210.2983163415
382,5,39170.21927879419
382,6,39145.0009790192
382,7,38872.41165917337
382,8,39025.58015681309
382,9,22296.440241283806
383,1,41053.733169518
383,2,40670.48915351843
383,3,41313.798781042286
383,4,41215.187693647225
383,5,40859.06324247298
383,6,40954.390630882015
383,7,41256.19088818038
383,8,41580.99570800048
383,9,23333.283536834857
384,1,42124.12770551981
384,2,42064.80789142585
384,3,42159.225985081546
384,4,42081.732280565644
384,5,42421.25991549363
384,6,42477.90302063286
384,7,42776.35556605134
384,8,42532.965776181234
384,9,24534.62958639533
385,1,25711.593284899252
385,2,26864.985246312946
385,3,26915.10758220541
385,4,26489.858877883507
385,5,27179.33158797839
385,6,27330.409716816983
385,7,27300.91136170243
385,8,27118.579014594074
385,9,15816.107211155204
386,1,43730.58956718341
386,2,43383.776711250226
386,3,42907.00110025525
386,4,43164.76475547556
386,5,43619.567077257256
386,6,43471.86042879151
386,7,42780.14828011825
386,8,43042.34210269031
386,9,24901.312560276077
387,1,41839.76178368849
387,2,41685.99948702191
387,3,41466.36371070334
387,4,41620.336487912704
387,5,41814.93838467506
387,6,41900.8268028742
387,7,41640.75781930766
387,8,41586.93725248069
387,9,23917.148244350385
388,1,49629.98499834299
388,2,49548.33169688485
388,3,50055.44262233576
388,4,49753.53958828375
388,5,49390.94952380227
388,6,49431.32894808378
388,7,50080.43141922226
388,8,49653.600797513514
388,9,28441.9504684395
389,1,51422.34358713402
389,2,51080.46239072768
389,3,50915.513362425096
389,4,51341.165651444055
389,5,51279.17885210447
389,6,51265.09024788156
389,7,50519.3123314771
389,8,51136.789262289305
389,9,29202.719752430366
390,1,37137.351575712026
390,2,37487.21171005573
390,3,38051.458396442285
390,4,37958.330801165
390,5,37698.34664326033
390,6,37767.266528103755
390,7,38223.66036256226
390,8,38350.96202820141
390,9,21810.397087063582
391,1,48723.751968413344
391,2,47674.493459811885
391,3,47382.063046202195
391,4,47236.40902553906
391,5,47794.34700097782
391,6,47435.66377417556
391,7,46896.46001100664
391,8,46798.113189889824
391,9,26700.905261238175
392,1,49340.21499262898
392,2,48467.12363595608
392,3,48319.90866610693
392,4,48470.94116564714
392,5,48004.58534467482
392,6,47520.04821969465
392,7,47325.91901357599
392,8,47440.968920210435
392,9,26862.309058871935
393,1,49243.86845731873
393,2,48495.766451802774
393,3,49070.94880911899
393,4,49362.32581430164
393,5,48988.7330235861
393,6,48967.453199901254
393,7,49323.18301771572
393,8,49575.781241142206
393,9,28171.792918650954
394,1,34963.2331723582
394,2,36247.67307896495
394,3,36594.89847440257
394,4,36418.645006246545
394,5,36331.77127086113
394,6,37086.95673755214
394,7,37313.16292268284
394,8,36659.88105123453
394,9,20762.640152324362
395,1,34919.168273344934
395,2,35838.070244777664
395,3,36666.22583446981
395,4,36330.69194548232
395,5,36531.15802571881
395,6,36583.91879088129
395,7,37445.141977047555
395,8,37193.617133175925
395,9,21470.070899701634
396,1,42838.66819642232
396,2,43261.2287933957
396,3,43372.056245186555
396,4,43038.4592087863
396,5,42972.04547654134
396,6,42773.752232101455
396,7,43739.50332137059
396,8,43461.27436275986
396,9,24745.532902940988
397,1,42725.37385533116
397,2,43114.14731929832
397,3,43123.083305239175
397,4,43018.1174183908
397,5,43023.49932986178
397,6,42983.06950458535
397,7,42934.21902927514
397,8,42498.211259252676
397,9,24371.8605086367
398,1,42357.65345564011
398,2,42527.400633575635
398,3,42756.48018618777
398,4,42603.22544330684
398,5,42627.63913501943
398,6,42498.73611760907
398,7,42776.44093232214
398,8,42618.0934848311
398,9,24322.966773175438
399,1,23966.583065233135
399,2,24324.058362136704
399,3,24194.654518038882
399,4,23389.21594417673
399,5,23363.70674660641
399,6,23498.42610128426
399,7,24907.22895952464
399,8,24288.185034885944
399,9,13772.743446612656
400,1,49721.32777729526
400,2,49383.864235865636
400,3,48893.992540124986
400,4,48794.531613836254
400,5,48917.35775334731
400,6,48797.76244301604
400,7,48307.594119136695
400,8,49034.504454186026
400,9,28158.548389826243
401,1,49443.39577125512
401,2,47835.526374281886
401,3,47534.00983940638
401,4,47601.59444034727
401,5,47259.57361561647
401,6,47453.45615556092
401,7,47139.31976645222
401,8,47973.358303942245
401,9,27227.896774828714
402,1,62306.86906174806
402,2,61224.508881589165
402,3,61333.68949766552
402,4,61881.85822005856
402,5,61669.32262844372
402,6,61555.34079363117
402,7,61944.10225197853
402,8,62426.633271097264
402,9,35398.22778816406
403,1,42654.118927327676
403,2,42802.72520696506
403,3,42484.461299499824
403,4,42307.392410151995
403,5,42374.70490342297
403,6,42521.985408480956
403,7,42834.51030024947
403,8,42516.81715050059
403,9,24223.51082520997
404,1,37749.738924518286
404,2,37943.99795086199
404,3,37070.67845930515
404,4,36933.921699727354
404,5,37123.03065665263
404,6,36984.21564326598
404,7,36707.511924437254
404,8,36222.41951792623
404,9,20576.943029310056
405,1,39510.628672369014
405,2,39817.551347195535
405,3,40020.07895104064
405,4,40077.10720536007
405,5,40200.81987226987
405,6,40488.03669430458
405,7,40401.83911323544
405,8,40325.00938730302
405,9,23221.491013543775
406,1,40843.37902244625
406,2,41181.77339577967
406,3,41090.46624682
406,4,40795.944472525036
406,5,40966.77286424224
406,6,41108.67871311137
406,7,41473.77738422698
406,8,41465.960313423755
406,9,23623.637533637197
407,1,45450.67698360648
407,2,45518.70066468928
407,3,45542.03923074936
407,4,45136.007706786986
407,5,45611.607230145266
407,6,45500.57022084034
407,7,45645.08059030497
407,8,45162.50702433777
407,9,25783.494384109414
408,1,43455.30390879426
408,2,42843.37507424633
408,3,42500.73691218016
408,4,42620.39783786127
408,5,42105.58398371523
408,6,41646.452411414575
408,7,41144.58859209234
408,8,41422.634239382
408,9,23435.668455375973
409,1,48257.37345726906
409,2,48037.04312585042
409,3,47480.178678735305
409,4,47734.24931680714
409,5,48054.27689508035
409,6,48128.97705681386
409,7,47715.319197972414
409,8,47791.91584888451
409,9,27477.84662922403
410,1,55034.16879738958
410,2,54640.17460079209
410,3,53845.542932166296
410,4,54059.04801558322
410,5,54446.5173275018
410,6,54615.56700307598
410,7,54106.448432422665
410,8,54161.96792326992
410,9,31206.76696069628
411,1,60064.979666683226
411,2,59325.47546556372
411,3,58813.334392150224
411,4,58562.88989111604
411,5,58902.84035349591
411,6,58419.58299717066
411,7,58283.464120240205
411,8,58141.31334887935
411,9,33427.306964043826
412,1,32535.9568783141
412,2,32128.576467052673
412,3,30838.499038317077
412,4,31165.793715143896
412,5,30454.931068742433
412,6,30901.65742718589
412,7,29925.072068338945
412,8,29842.883910322435
412,9,17055.228744239175
413,1,35152.64931543596
413,2,35089.413064982306
413,3,35563.26359464919
413,4,35515.522723166665
413,5,35092.775479467164
413,6,35098.667645988746
413,7,35348.45144796582
413,8,35447.183853390845
413,9,20141.741606458938
414,1,36399.26738143198
414,2,36626.366857330155
414,3,36686.49663840763
414,4,36638.748157384085
414,5,36594.0306785488
414,6,36395.217565612926
414,7,36798.60686091087
414,8,36888.90670542398
414,9,21033.89537823145
415,1,41507.13289276838
415,2,41453.75341921627
415,3,41314.940782663056
415,4,41258.14825141914
415,5,41670.43987878848
415,6,41350.28938093094
415,7,41207.07118919004
415,8,41108.18380077844
415,9,23597.216437496394
416,1,40803.575498474485
416,2,41647.50249156114
416,3,41184.80879448992
416,4,40783.45977304306
416,5,40792.21925599118
416,6,40653.85049523201
416,7,41045.34379131497
416,8,40512.559775267895
416,9,22959.837983596204
417,1,14033.576348081007
417,2,14552.300575226813
417,3,14198.125914387125
417,4,13942.116768982296
417,5,14120.959648523532
417,6,14786.144118543216
417,7,14432.204049921913
417,8,13945.926878054379
417,9,7823.54355672762
418,1,47646.76110586581
418,2,47924.58850310276
418,3,48547.70179292662
418,4,48105.40070063796
418,5,47932.82804896136
418,6,47205.27633028922
418,7,47429.75054783198
418,8,47567.938796804185
418,9,27058.672556556026
419,1,41778.80840522864
419,2,41667.5124902736
419,3,40994.82834462379
419,4,40980.77335249882
419,5,40829.371668792526
419,6,40893.15362656757
419,7,40813.098675038695
419,8,40837.48176335997
419,9,23284.362230665367
420,1,55810.819789591405
420,2,54588.88786187283
420,3,54467.761237657265
420,4,55300.27003905565
420,5,55019.92486960393
420,6,55375.668290544745
420,7,54886.975900787234
420,8,55993.82868651506
420,9,32283.462060531838
421,1,20731.21326431117
421,2,21590.931667243924
421,3,22326.098869459955
421,4,21843.396838747758
421,5,21840.864471382585
421,6,22042.05737588193
421,7,22957.203759042935
421,8,22462.801946839078
421,9,12853.123984267164
422,1,39471.623956069976
422,2,39525.26152202954
422,3,39480.30357506885
422,4,39810.57820478411
422,5,39823.02808359922
422,6,40578.448882670884
422,7,40431.35847114533
422,8,40533.31157653768
422,9,23012.564223369394
423,1,36108.47699241375
423,2,36148.13629632254
423,3,35832.36630018909
423,4,35829.700942317984
423,5,35693.54273125716
423,6,35677.40582452248
423,7,35776.87988533925
423,8,35663.33924770357
423,9,20262.224234447545
424,1,41458.66912605454
424,2,41791.86043887686
424,3,41181.444898550486
424,4,41421.39206996395
424,5,42011.478113619676
424,6,41941.44708566215
424,7,41383.25417864401
424,8,40967.065995774894
424,9,23376.881394306234
425,1,37704.03335808854
425,2,37533.63093899992
425,3,37631.35194297074
425,4,37911.16917882251
425,5,37908.51799483268
425,6,38168.604307234906
425,7,38067.86746106764
425,8,38660.1697910011
425,9,22093.91066977781
426,1,17723.925441128147
426,2,17902.234271444995
426,3,17346.892311224365
426,4,17531.51078092536
426,5,17908.545306436266
426,6,18304.94103850546
426,7,18295.866452701684
426,8,18041.32353915042
426,9,10362.011002520227
427,1,46524.39797193497
427,2,46090.755904788864
427,3,46195.34318590315
427,4,46330.60495989031
427,5,46378.65914393635
427,6,46371.39072162289
427,7,46463.294190378896
427,8,46277.25611890299
427,9,26305.041919592983
428,1,45120.860912696575
428,2,44865.216567161544
428,3,44839.1706416398
428,4,44875.58447567445
428,5,44933.477612546885
428,6,44637.02411763025
428,7,44447.61067575431
428,8,44289.02404696316
428,9,25402.176558237043
429,1,47749.267412910165
429,2,47284.80572753734
429,3,46950.598618315336
429,4,47273.421482957114
429,5,47228.78995462766
429,6,47056.717222003215
429,7,46549.96049450847
429,8,46377.996781957656
429,9,26728.15315693724
430,1,24696.381178850614
430,2,25545.094808396883
430,3,25925.470086063615
430,4,25528.714803901654
430,5,26070.240923205944
430,6,26297.027854731616
430,7,26929.60827756304
430,8,26410.21477843938
430,9,15265.929041837904
431,1,40561.58354449733
431,2,40582.96037995249
431,3,41232.382623558544
431,4,40838.64643407896
431,5,40920.41826642694
431,6,40784.34366998985
431,7,40959.64810493767
431,8,41297.55100752248
431,9,23580.865734953284
432,1,43472.13015435596
432,2,44002.678793984145
432,3,43723.89507133799
432,4,43510.83200158145
432,5,43896.118545380494
432,6,43813.81549397472
432,7,43902.39202357357
432,8,43742.7629340947
432,9,25104.097321426765
433,1,40464.97379522189
433,2,40198.98842369084
433,3,40070.692462473155
433,4,40260.12198875706
433,5,40174.26426945679
433,6,40738.60146955734
433,7,40410.62640320809
433,8,40562.80160473275
433,9,22945.020878672654
434,1,37610.33823554411
434,2,37937.33448771722
434,3,38514.898076013356
434,4,38702.48153450592
434,5,38546.17955231636
434,6,38745.95535683251
434,7,38694.17799978738
434,8,39100.64451292306
434,9,22350.016836708666
435,1,20750.023856139545
435,2,21757.162521367587
435,3,21432.05260373577
435,4,21086.49776483621
435,5,21482.674060017955
435,6,22325.13339061276
435,7,22033.490618456442
435,8,21615.907791649774
435,9,12167.328364797195
436,1,43516.637093585516
436,2,42949.74858547839
436,3,42476.271172774046
436,4,42676.20478689201
436,5,42828.031950214034
436,6,42831.26432589854
436,7,42293.909941408405
436,8,42342.08469713128
436,9,24119.32419272386
437,1,46556.3777753255
437,2,45866.61177904073
437,3,45479.28426142374
437,4,45956.870960497465
437,5,46304.34293349607
437,6,46276.988884466446
437,7,45817.72814708622
437,8,45885.03424018895
437,9,26244.046307027216
438,1,43111.05505225339
438,2,43029.47614311818
438,3,42885.98592127069
438,4,42777.0556116272
438,5,43289.807842770366
438,6,43260.052256005605
438,7,42654.90779220172
438,8,42476.36111056451
438,9,24378.822078476274
439,1,45816.19848104107
439,2,45486.332144213666
439,3,45235.61612331707
439,4,45200.48171533805
439,5,45173.68513362742
439,6,45435.160325984514
439,7,44952.56146000915
439,8,45102.15542555812
439,9,25813.311027477022
440,1,39974.32978772012
440,2,39330.94704366868
440,3,38220.93333337334
440,4,38590.66300095484
440,5,38587.799323264095
440,6,38598.65222091373
440,7,37272.8487023488
440,8,37264.60310210437
440,9,21351.478438526785
441,1,44778.70196178577
441,2,44745.84009855596
441,3,44707.26618624364
441,4,44599.92509855806
441,5,44639.03675724074
441,6,44349.570442683646
441,7,44436.95594531767
441,8,44521.81165360131
441,9,25464.833950513774
442,1,43754.4297056774
442,2,43810.251080396505
442,3,43432.22752126741
442,4,43964.06083614076
442,5,44449.86643898127
442,6,43977.990527072296
442,7,44079.16390668214
442,8,44074.69429277233
442,9,25347.62098155536
443,1,33944.72973387113
443,2,34043.36966117011
443,3,33731.02147728644
443,4,33911.153668185056
443,5,34049.05264220352
443,6,34277.716106076405
443,7,34166.758211014974
443,8,34161.299012022195
443,9,19519.887919920846
444,1,39733.634910674016
444,2,39841.733822114446
444,3,39456.74712157687
444,4,39364.722583316994
444,5,39353.32864973543
444,6,39494.304509734335
444,7,39294.374860979886
444,8,39270.18973031287
444,9,22542.787770084444
445,1,39754.36163123591
445,2,39842.418546453635
445,3,39651.18662173081
445,4,39487.55460036804
445,5,39453.47465258039
445,6,39096.89257425018
445,7,39500.060023535334
445,8,39443.496339713245
445,9,22698.552131596312
446,1,42306.79762359138
446,2,42225.33871594924
446,3,42698.5091372013
446,4,42612.64365841883
446,5,42086.54635493886
446,6,41812.33817471504
446,7,42224.451644233246
446,8,42086.22135480736
446,9,24008.96032037493
447,1,45439.08715504839
447,2,45279.91743872927
447,3,44821.10553292031
447,4,45391.96912576132
447,5,45947.44247838734
447,6,45545.39238562679
447,7,44962.5869552813
447,8,44866.953696007935
447,9,25912.075810949493
448,1,45657.066211682606
448,2,44574.65332297827
448,3,43191.97634533833
448,4,43477.31631395471
448,5,41755.07952240252
448,6,41953.76397428435
448,7,40164.75772647666
448,8,40384.987342242035
448,9,22337.671620314395
449,1,56197.24505225022
449,2,55284.12345151049
449,3,54958.27625668907
449,4,55585.87594278698
449,5,55523.49446563468
449,6,55442.86953379308
449,7,54756.08013731012
449,8,55082.43182123963
449,9,31518.682585942606
450,1,48168.96252531671
450,2,48125.171849808656
450,3,47849.897802900094
450,4,48024.94020902962
450,5,48340.73308984355
450,6,48416.56344748045
450,7,48039.27889781951
450,8,48060.518929480306
450,9,27433.539380317954
451,1,40353.89593514441
451,2,39661.241259543036
451,3,39374.94948449731
451,4,39570.09951209921
451,5,39237.84877480467
451,6,39145.4034897598
451,7,39250.7669808487
451,8,39567.31341372843
451,9,22267.51886919123
452,1,38899.91811999991
452,2,38684.7309819562
452,3,38432.34783680713
452,4,38237.391321881456
452,5,38259.76818412167
452,6,38435.32283451797
452,7,38507.45250116628
452,8,38852.78375281117
452,9,22415.265615656757
453,1,37120.40083942174
453,2,37847.313630797464
453,3,38294.315129205
453,4,38338.478787212596
453,5,38421.216965733525
453,6,38871.343662375635
453,7,39278.20752591039
453,8,39251.666908586005
453,9,22426.458133012893
454,1,23931.786843830872
454,2,24514.50389129017
454,3,24733.464442099612
454,4,25212.436310864767
454,5,25648.282265914346
454,6,26151.41804284318
454,7,25917.91841609198
454,8,25673.990775274608
454,9,14720.040319297943
455,1,41043.35943133512
455,2,40577.69508634776
455,3,40047.63468342913
455,4,40175.15410052504
455,5,40214.2001959577
455,6,40142.66036905745
455,7,40403.84210744521
455,8,40507.76462945786
455,9,23005.665593951868
456,1,49281.18241012049
456,2,49054.47640810926
456,3,49352.38895571676
456,4,49327.09012182046
456,5,49010.84759610596
456,6,48893.65313566111
456,7,48635.87486920341
456,8,49116.82913451168
456,9,27857.255103275573
457,1,50853.586653179584
457,2,50917.85373797428
457,3,50737.6674523726
457,4,51016.415588861746
457,5,50503.882323738144
457,6,50644.40101620533
457,7,48617.84772176827
457,8,48451.38649046031
457,9,27375.354069482422
458,1,46732.14942952194
458,2,45953.862106601584
458,3,45583.859844517916
458,4,45751.26658878097
458,5,45502.949674278476
458,6,45176.518177708065
458,7,45073.46449769046
458,8,45429.219637508475
458,9,26016.832054632287
459,1,20359.015515061852
459,2,21093.465630381703
459,3,21398.780348659384
459,4,20545.623514338404
459,5,21207.004103239353
459,6,21104.799797808555
459,7,21810.31957528954
459,8,21031.023219833853
459,9,11867.448996565809
460,1,35953.46773522157
460,2,35951.812587821885
460,3,35771.49622668168
460,4,36258.696427879404
460,5,36224.14537079336
460,6,36518.08874900409
460,7,35627.989345436064
460,8,36113.61411301545
460,9,20348.48065048281
461,1,36150.3961385155
461,2,36201.54771146425
461,3,36508.93699441175
461,4,36143.26584185414
461,5,36380.6721862916
461,6,36088.7362354972
461,7,36173.15720755599
461,8,36077.142878648025
461,9,20574.15399441459
462,1,39590.78576500753
462,2,39729.97802047148
462,3,39927.56296813591
462,4,39987.363865296735
462,5,39904.970156924945
462,6,40297.286237995184
462,7,40476.17210161577
462,8,40446.06855184441
462,9,22987.00645426433
463,1,9953.678756599787
463,2,10718.975462226492
463,3,10606.144178215613
463,4,10281.202875580711
463,5,10335.582282321158
463,6,10622.20883266437
463,7,10959.030340538866
463,8,10653.83227434548
463,9,6192.678449014264
464,1,37357.06527326621
464,2,37150.71101875458
464,3,36987.917469475884
464,4,36995.93044991985
464,5,37033.175662241134
464,6,36945.947834375285
464,7,37282.58348678882
464,8,37053.10022400948
464,9,21022.319886688667
465,1,44506.39840423573
465,2,44408.57135357332
465,3,44774.912431088924
465,4,44875.61306476418
465,5,44667.82403079003
465,6,44781.477200756446
465,7,44570.267476211506
465,8,44656.48731358445
465,9,25417.41442782181
466,1,48177.165027592666
466,2,48188.1756811304
466,3,48217.813128491776
466,4,48585.897506923895
466,5,48353.951727898966
466,6,48593.223031651294
466,7,48371.10716812674
466,8,48598.10609875915
466,9,27761.426432459662
467,1,55332.42068303729
467,2,55905.58977286234
467,3,57022.050294113076
467,4,55811.36623332797
467,5,55111.22036267497
467,6,54758.03823353809
467,7,56462.27846813018
467,8,56163.528966557904
467,9,31755.715932951844
468,1,23181.983746044243
468,2,24049.350022575356
468,3,24901.05352829592
468,4,24994.572574618796
468,5,24978.298935558363
468,6,25382.14008534824
468,7,25718.253737415387
468,8,25872.62104420527
468,9,14663.142445981466
469,1,40650.54315421973
469,2,40471.045952476314
469,3,40696.994442818206
469,4,40708.130468689975
469,5,40963.972379200844
469,6,40567.96297075297
469,7,40631.14306571308
469,8,40547.99795314864
469,9,23161.783258375377
470,1,23107.795594721087
470,2,24169.69473619782
470,3,23903.001398563207
470,4,23301.009373386954
470,5,23875.988895294016
470,6,23894.781573841166
470,7,24227.752398119028
470,8,23658.687385146433
470,9,13585.603160761519
471,1,33842.07908069558
471,2,34054.16453204399
471,3,33726.72370771553
471,4,33742.82860750557
471,5,33782.02113268985
471,6,33918.55895723307
471,7,33992.11276461198
471,8,34030.320187617144
471,9,19405.734453430607
472,1,30977.320969093707
472,2,32254.685323763595
472,3,33943.06326981711
472,4,33540.601473300485
472,5,33367.45712090149
472,6,33196.18293458112
472,7,34560.369864649576
472,8,34486.51382309976
472,9,19698.503582647823
473,1,32032.685518515384
473,2,31906.547342568774
473,3,32022.943305548277
473,4,32111.43377678127
473,5,32094.827315860417
473,6,32254.903422763284
473,7,32263.35190688922
473,8,32472.01543717421
473,9,18395.493072654812
474,1,44747.834846831014
474,2,44608.55748773186
474,3,44593.08291094594
474,4,44751.065006069235
474,5,44962.943935441035
474,6,44974.00854222705
474,7,45373.437517902596
474,8,45344.11581822477
474,9,26030.363223340963
475,1,27979.250651995335
475,2,28864.769878256706
475,3,29265.872775356773
475,4,28937.12676749118
475,5,28975.244869925562
475,6,29393.274469417047
475,7,29859.689831370964
475,8,29756.894937948815
475,9,16946.59387117016
476,1,41772.95526925023
476,2,41906.18998281062
476,3,41940.92098298811
476,4,41915.39063737718
476,5,42355.48983349089
476,6,42281.08426650237
476,7,42624.3501596353
476,8,42601.37041610573
476,9,24309.739329543947
477,1,30904.93735639854
477,2,31406.21516672825
477,3,32242.249499782774
477,4,32068.73162492918
477,5,32383.037394098472
477,6,32437.042237021335
477,7,32672.911001517463
477,8,32626.393119118275
477,9,18630.13687554684
478,1,49505.276597343895
478,2,48969.383873307386
478,3,48944.117203672984
478,4,49311.03222816232
478,5,49024.880444744886
478,6,48616.371404223646
478,7,48354.5378269584
478,8,49104.944070689955
478,9,27918.658741971696
479,1,58956.00828009745
479,2,58124.712320954015
479,3,57962.454504059206
479,4,58228.36435304825
479,5,58327.74480790594
479,6,57387.72967701584
479,7,56843.654552310916
479,8,57167.90283649118
479,9,32743.1277563026
480,1,65014.39526837776
480,2,64900.75204256066
480,3,64851.49355625293
480,4,64571.111042528835
480,5,64538.94473749182
480,6,64393.38403724937
480,7,64117.88048484817
480,8,64070.34082370733
480,9,36508.60541656535
481,1,76631.84072298433
481,2,75470.56194589465
481,3,74815.77095802083
481,4,76267.44153026945
481,5,76941.54551946925
481,6,76961.17552782886
481,7,75441.69982833436
481,8,76004.98082144564
481,9,43201.96715450149
482,1,37677.29231367121
482,2,37843.98504212253
482,3,37621.28857566366
482,4,36813.787156777995
482,5,36469.50261140176
482,6,36891.06862166938
482,7,37318.74863710303
482,8,37123.64866221651
482,9,21205.954268002944
483,1,39595.1421030159
483,2,39366.37966333122
483,3,39012.3316484089
483,4,39073.33478999489
483,5,39568.800165755674
483,6,40075.35648419981
483,7,39144.02253709979
483,8,39180.33300052953
483,9,22509.691397671064
484,1,47321.02720531552
484,2,47346.46419154363
484,3,47203.911040712985
484,4,47459.316248256015
484,5,47632.34079087169
484,6,47723.89861399263
484,7,47830.538520614085
484,8,47689.61436775669
484,9,27490.391358352084
485,1,42215.60995476233
485,2,42698.91201769495
485,3,42558.28669965166
485,4,42629.0016444324
485,5,42781.52944149084
485,6,43101.66737663844
485,7,43611.49635810543
485,8,43052.40652122372
485,9,24807.443325856613
486,1,42687.51682802825
486,2,42830.12194708151
486,3,41712.3190318145
486,4,41620.29594757901
486,5,41996.92390930662
486,6,42567.40894205392
486,7,41230.978347009834
486,8,41015.360449974985
486,9,23455.326227795584
487,1,38407.84193491433
487,2,37643.31269513099
487,3,36875.558877491785
487,4,37141.431464710826
487,5,36546.38246128169
487,6,37231.52633385036
487,7,37489.17366752184
487,8,37146.80839459977
487,9,21188.59527441231
488,1,49361.74608904417
488,2,48213.52708103055
488,3,47946.13910658934
488,4,48406.76918178701
488,5,48537.16787326071
488,6,48435.40543851442
488,7,47462.99364079336
488,8,48099.99480341308
488,9,27565.794272834373
489,1,56295.55669788961
489,2,55919.996046093635
489,3,55938.29813879069
489,4,55898.10428217041
489,5,55691.884772234014
489,6,55582.23604949479
489,7,55505.047794223756
489,8,55558.906215846444
489,9,31536.60590589491
490,1,61789.37632284564
490,2,60937.792740512436
490,3,61737.51735080887
490,4,62312.311657279366
490,5,61839.84831015275
490,6,61114.34737393401
490,7,60658.58999109494
490,8,61422.2502009899
490,9,34899.16092340682
491,1,22719.407131693544
491,2,25255.05746624769
491,3,25870.15843228579
491,4,24600.922192681384
491,5,25649.397562003272
491,6,25227.358638519378
491,7,26133.230608120484
491,8,24105.1698621673
491,9,13928.554584113706
492,1,51946.43975152071
492,2,51315.205147639295
492,3,51033.40006697849
492,4,51519.62401042293
492,5,51167.499335488086
492,6,51326.348150049795
492,7,51325.39476193307
492,8,51302.964843671456
492,9,29121.67341182128
493,1,41555.46907912453
493,2,42140.484953784166
493,3,42065.006627755385
493,4,41842.56390150018
493,5,41853.82596075637
493,6,41539.32800695445
493,7,41749.39730501033
493,8,41625.81234203131
493,9,23516.988350803695
494,1,39470.23391001697
494,2,39173.814178378
494,3,38890.971717167566
494,4,39195.589356433804
494,5,39574.52911529342
494,6,39894.17032267741
494,7,39214.763509788725
494,8,39174.890053847914
494,9,22462.59471146838
495,1,40398.213975954815
495,2,39127.18754325739
495,3,39390.666532148345
495,4,39277.42639400136
495,5,39164.95706988724
495,6,39203.26001909038
495,7,39420.215379341076
495,8,39706.0045689392
495,9,22580.879954047094
496,1,23035.164905529084
496,2,24039.65937617626
496,3,23432.39829058887
496,4,22998.972943727924
496,5,23366.674517470463
496,6,23851.5246720074
496,7,23524.079309259
496,8,22868.34561190452
496,9,13292.269961801569
497,1,36650.22148155555
497,2,36737.37837445319
497,3,36923.54536825317
497,4,36522.99440858618
497,5,36442.8342577314
497,6,36120.86945972708
497,7,35842.159882754524
497,8,35621.75385020186
497,9,20416.282919366018
498,1,41642.66391204603
498,2,41627.92166015084
498,3,41170.68781159112
498,4,41140.6426607625
498,5,41422.787602334785
498,6,41655.10735586212
498,7,41245.700235830016
498,8,40995.315221241544
498,9,23599.975277405458
499,1,50027.30417515053
499,2,49950.934313658676
499,3,49524.12352322126
499,4,49457.27108193835
499,5,49394.33901479296
499,6,49455.393054473025
499,7,49568.71058483331
499,8,49654.24506821524
499,9,28331.251381868056
500,1,39338.468523960706
500,2,39356.219653265434
500,3,38668.254384758344
500,4,38701.68981351956
500,5,38790.189943187084
500,6,38949.94404156679
500,7,38539.07393875576
500,8,38283.985448871856
500,9,21983.197951840677
501,1,40351.32859595096
501,2,40103.77008328509
501,3,39950.25884049833
501,4,40195.16432669978
501,5,39914.629418700766
501,6,40176.5840703124
501,7,39858.98045314686
501,8,40208.811203813355
501,9,23032.017014750978
502,1,35330.1996979674
502,2,35582.013787353724
502,3,35423.534075363896
502,4,35572.33640529146
502,5,35778.4751121779
502,6,35838.74233429224
502,7,36126.82013303502
502,8,35864.710633047434
502,9,20373.531627451095
503,1,36356.14347046884
503,2,35148.308158192805
503,3,33734.178003057066
503,4,34131.18291753615
503,5,34165.60280271464
503,6,34916.61674085866
503,7,34381.39288634573
503,8,34617.89184789148
503,9,19690.436430078025
504,1,26644.244821954635
504,2,27637.731013273762
504,3,28540.74236260317
504,4,28493.33019256035
504,5,28879.99728438425
504,6,28996.058849099274
504,7,29589.8014368724
504,8,29104.486671398503
504,9,16708.206464245875
505,1,42885.589801127615
505,2,42821.3679418764
505,3,43120.727370683206
505,4,43102.49901410696
505,5,42777.87097934557
505,6,42643.33048772588
505,7,42776.13647800364
505,8,42984.49795516274
505,9,24573.330801601383
506,1,35502.44084006568
506,2,35389.9559671808
506,3,35803.41539753094
506,4,35600.55329508532
506,5,35542.26512723317
506,6,35450.00620385668
506,7,35852.58406187405
506,8,35765.62224138799
506,9,20448.028414581822
507,1,43845.61846117659
507,2,43282.943181805196
507,3,43116.83911190559
507,4,43454.35585075231
507,5,43660.897539236415
507,6,43564.96902111448
507,7,43502.738597174444
507,8,43815.04013985163
507,9,25057.042572172533
508,1,43798.361010220615
508,2,43669.60332319518
508,3,43932.5102511955
508,4,44438.23551770282
508,5,44381.43239418869
508,6,43995.768950921716
508,7,44007.31273107125
508,8,44387.98517746403
508,9,25583.036602598946
509,1,36027.8659531399
509,2,37080.710219391185
509,3,37387.36406509645
509,4,37054.8135005243
509,5,36723.82008951988
509,6,36632.07602498484
509,7,37173.01809541453
509,8,36896.970023758906
509,9,21163.212277493825
510,1,42100.55546729264
510,2,41825.730510276335
510,3,41752.48890470335
510,4,41438.84826439671
510,5,41450.60982508243
510,6,40519.99382464405
510,7,39928.9107733311
510,8,39795.273617039755
510,9,22867.357188961476
511,1,46061.51145657754
511,2,45370.57933135256
511,3,45197.406752454204
511,4,45632.93071647024
511,5,45667.21539858529
511,6,45834.33919521054
511,7,45036.909726262515
511,8,45241.57724097099
511,9,25690.918204012032
512,1,42467.28564980896
512,2,42651.91106859449
512,3,42105.016408184485
512,4,42137.04018222763
512,5,42672.70607822313
512,6,42934.26662940828
512,7,42811.608332979275
512,8,42899.53145187181
512,9,24565.987036793173
513,1,21722.22094358968
513,2,24373.007743302154
513,3,25102.45060406003
513,4,24782.41384520786
513,5,25321.133510950578
513,6,25802.78373615786
513,7,25531.218071275674
513,8,24986.517803954248
513,9,14430.963754916618
514,1,34105.60843355145
514,2,34080.35621240701
514,3,33830.10420831812
514,4,34425.15073041076
514,5,34466.14608569815
514,6,34861.659338203186
514,7,34146.176508653705
514,8,34227.57285604528
514,9,19661.748906262525
515,1,46379.71539437926
515,2,46160.76652824292
515,3,46011.798432628864
515,4,46076.67095889914
515,5,46176.130352974964
515,6,46480.708704959805
515,7,46221.41425971083
515,8,46517.22346665876
515,9,26414.340813657553
516,1,48067.17092084436
516,2,48272.05042367564
516,3,48124.640544277056
516,4,48255.57489081
516,5,48310.347690195624
516,6,47932.325598467745
516,7,48225.9262336026
516,8,48222.14346273238
516,9,27781.04656386138
517,1,45325.21041560179
517,2,45371.921489199754
517,3,45927.27504723784
517,4,45303.51161726138
517,5,44894.22388826371
517,6,44841.73901894893
517,7,45677.90460185202
517,8,45517.123501505775
517,9,25962.0305173956
518,1,49327.725752637605
518,2,49187.46411432237
518,3,48926.15061604562
518,4,48823.5306044099
518,5,49041.70467077335
518,6,48928.797636414834
518,7,48298.54408635372
518,8,48535.70763570707
518,9,27551.025051983826
519,1,35651.735704297695
519,2,34143.06181772349
519,3,33872.32945724469
519,4,33814.02970266767
519,5,33423.907883442094
519,6,33043.81875086829
519,7,33855.59020648457
519,8,34924.51474618662
519,9,19874.923291867573
520,1,42511.35804553339
520,2,42393.51473513365
520,3,42991.27910752242
520,4,42737.90938098498
520,5,42436.65070538796
520,6,42242.7829117491
520,7,42662.03921123804
520,8,42668.62734175451
520,9,24175.0083430667
521,1,39568.156680013635
521,2,38984.7940928307
521,3,38865.7959556562
521,4,38957.95315431842
521,5,39238.55819944129
521,6,38895.59669427547
521,7,38272.89383329399
521,8,38288.0082636381
521,9,21995.079789142557
522,1,38573.9498784689
522,2,39346.255922515455
522,3,39619.97306175459
522,4,39311.93962374786
522,5,39386.73306872462
522,6,39210.27687790893
522,7,39676.90108338397
522,8,39635.422705660036
522,9,22615.588986230647
523,1,27306.6374542419
523,2,26860.851751505026
523,3,26669.828381768595
523,4,27133.525086224756
523,5,26679.90289980203
523,6,27222.171608318815
523,7,26830.0999149551
523,8,27095.05690071453
523,9,15314.57113348717
524,1,46875.107921926465
524,2,46503.82783851473
524,3,46366.68668058489
524,4,46914.03356726551
524,5,46340.15739872164
524,6,46712.888771595186
524,7,46435.56546178002
524,8,47050.08491120026
524,9,26959.17698364873
525,1,44735.81139487228
525,2,44243.790790991356
525,3,44288.18987772614
525,4,44758.34587669795
525,5,44930.50261296096
525,6,44799.40187599715
525,7,44498.48767865001
525,8,44877.57370889671
525,9,25581.924334431584
526,1,42798.00996387432
526,2,42363.38975609299
526,3,42398.74860525711
526,4,42713.01117089185
526,5,42316.8661934469
526,6,41803.95167462984
526,7,41837.89839609388
526,8,42335.2421807254
526,9,23940.71303929092
527,1,64115.448463253
527,2,63921.31767143301
527,3,64185.25334501684
527,4,64534.78032205801
527,5,64549.923148714326
527,6,64388.151087648956
527,7,64195.83614089434
527,8,64367.92057161725
527,9,36728.34344186348
528,1,25116.97902429566
528,2,26681.954640635784
528,3,27508.901022937665
528,4,26551.00051076332
528,5,27135.896027958403
528,6,27407.456858089117
528,7,28843.50929503036
528,8,28210.902825654593
528,9,15739.921345496488
529,1,42532.32897686326
529,2,41337.56330276162
529,3,40688.10905697519
529,4,40947.30583562047
529,5,40917.71991695064
529,6,40594.04335725873
529,7,39856.13849345347
529,8,40451.30546460361
529,9,23017.381020276196
530,1,41469.8290749215
530,2,41437.31502462702
530,3,41349.93501288798
530,4,41276.27780692739
530,5,41375.63401928183
530,6,41968.619915740586
530,7,41741.50400407938
530,8,41615.882236568155
530,9,23924.45442655602
531,1,43347.41754672371
531,2,43069.49039678302
531,3,43046.12215595447
531,4,42942.68351703622
531,5,43028.85964363961
531,6,43337.95380584973
531,7,43283.38668160297
531,8,43242.02243925559
531,9,24745.566057785018
532,1,25076.4679359543
532,2,26559.209238275536
532,3,27017.389139941533
532,4,26742.23973708977
532,5,26572.656780580714
532,6,27713.810607900203
532,7,28589.5117860892
532,8,28061.55008107082
532,9,16377.440854234641
533,1,41320.11519541653
533,2,41259.08185501082
533,3,41466.07318791126
533,4,41789.25689756077
533,5,41211.51550711796
533,6,41292.48050337135
533,7,41917.21677689898
533,8,41998.520486489826
533,9,23815.774164996412
534,1,40485.862988482986
534,2,40244.84927480345
534,3,40550.075841060294
534,4,40427.94310094761
534,5,40124.844864637955
534,6,40314.13691022766
534,7,40680.33781655331
534,8,40889.323048438106
534,9,23115.20960638623
535,1,46129.3037072017
535,2,46283.76468556988
535,3,46387.740204205504
535,4,46430.54215620873
535,5,46182.92923168981
535,6,46096.75632092038
535,7,46545.029610388505
535,8,46425.183178366526
535,9,26389.37482696799
536,1,54493.076999479475
536,2,53939.99885200861
536,3,53250.34136186712
536,4,53531.48835363867
536,5,53364.950887636245
536,6,52966.83222590338
536,7,52560.06077500817
536,8,52643.304338397764
536,9,30094.330947880197
537,1,31535.77359433555
537,2,32113.152245735622
537,3,31591.261449884398
537,4,32008.33195398392
537,5,32050.056889961812
537,6,32478.229096825522
537,7,32189.325567227836
537,8,32295.868977234164
537,9,18490.318477606263
538,1,40050.29761371744
538,2,40121.35224087479
538,3,40431.13006545255
538,4,40427.37140191092
538,5,40391.904285722085
538,6,40210.17786891699
538,7,40090.51913685339
538,8,39970.66975327375
538,9,22792.66100914841
539,1,34479.37012369964
539,2,34968.01339893023
539,3,35520.65875659724
539,4,34887.28219703898
539,5,34775.02745177433
539,6,34822.032523930204
539,7,35256.792437169686
539,8,35051.52158088363
539,9,19899.455279106944
540,1,44320.7294482077
540,2,44987.57203588697
540,3,44938.52497325781
540,4,44704.58391442655
540,5,44800.299876341596
540,6,45284.388239272565
540,7,44960.15457298476
540,8,44551.59609510706
540,9,25373.337308283088
541,1,16907.899003995026
541,2,18031.212638097346
541,3,18337.544733993094
541,4,17931.415447235053
541,5,18227.35437315515
541,6,18342.439685201534
541,7,17272.32179788126
541,8,17011.845368989085
541,9,9656.860221598376
542,1,31745.549541903576
542,2,32513.06477074557
542,3,33165.92636715496
542,4,32552.012630619993
542,5,31197.00931528882
542,6,31126.99592505013
542,7,32087.593356490772
542,8,32039.72259045604
542,9,18067.242145029377
543,1,53768.8088112641
543,2,52956.86138691934
543,3,53063.158347885896
543,4,53696.83562806385
543,5,53897.102369814944
543,6,53153.60109645445
543,7,52820.145088472564
543,8,53177.244781619345
543,9,30380.42353257664
544,1,47267.50293904831
544,2,47205.60025367189
544,3,47038.541633187735
544,4,46787.35938329556
544,5,46183.97175388202
544,6,46341.57811061664
544,7,45931.97721954916
544,8,45674.45010834615
544,9,26064.980866323524
545,1,41363.19407914026
545,2,41191.60568620298
545,3,40696.410160726075
545,4,40972.72328278127
545,5,40881.76724174429
545,6,41216.388674165006
545,7,41123.09861294237
545,8,41194.82794415761
545,9,23401.497514687417
546,1,27859.180227077166
546,2,29251.693608734513
546,3,29876.07815265347
546,4,29410.57449850996
546,5,29931.54430162641
546,6,30123.840827011445
546,7,30442.841684399384
546,8,30038.308177404248
546,9,17069.79533806227
547,1,36835.85286088573
547,2,36910.93177246028
547,3,36567.87200862805
547,4,36612.93385097373
547,5,36661.47318125547
547,6,37142.86853974335
547,7,37351.91534071235
547,8,37290.24242725385
547,9,21356.007728066197
548,1,37874.43001005602
548,2,38078.430961738566
548,3,37946.71066857332
548,4,37587.32748672719
548,5,37574.67281173242
548,6,37259.072331776915
548,7,36851.75967524195
548,8,36706.83627368541
548,9,20905.64015182028
549,1,39369.757392606945
549,2,38929.4509199521
549,3,38975.56204773883
549,4,38905.40421713226
549,5,38912.23288642614
549,6,38789.85342977425
549,7,38745.665951247815
549,8,38355.938741009246
549,9,22159.895272282876
550,1,32841.15762781948
550,2,33293.85051512315
550,3,33755.56404432641
550,4,34128.31434171456
550,5,34293.76642544206
550,6,34720.37519653381
550,7,34853.86228738435
550,8,34780.815254468216
550,9,19865.237251543775
551,1,37324.923681059074
551,2,38053.84050493571
551,3,38799.56509466178
551,4,38672.6586407808
551,5,38203.920611095076
551,6,38157.84138897342
551,7,38919.522949792314
551,8,38645.48595154402
551,9,21863.849318716155
552,1,48229.679056761
552,2,47796.269800445436
552,3,47841.54223185856
552,4,47751.16742472717
552,5,47353.81715114591
552,6,47041.439641024575
552,7,47036.28874934506
552,8,46972.88629485374
552,9,26743.198472314205
553,1,41835.93623873997
553,2,41945.897733971025
553,3,42144.01224257567
553,4,42440.62855327712
553,5,42501.54397557999
553,6,42451.38672404417
553,7,41970.86295324974
553,8,42329.73589302972
553,9,24167.2182119191
554,1,48143.21941028249
554,2,47983.077939721436
554,3,48369.24750610872
554,4,48425.77627035174
554,5,48183.66820298011
554,6,47936.307997099146
554,7,48202.95851360134
554,8,48179.66935821204
554,9,27285.417505048776
555,1,54700.25183992923
555,2,53666.02654395174
555,3,53158.15900524996
555,4,53999.23417201425
555,5,53757.582129362985
555,6,53630.78372591942
555,7,53104.554110780875
555,8,53289.198458984596
555,9,30513.168094292712
556,1,24606.684453351416
556,2,24456.081226453003
556,3,24181.568462117037
556,4,24544.535441979348
556,5,24703.75794447669
556,6,25211.71407761424
556,7,24889.333677833736
556,8,24794.386100064716
556,9,14093.661954468454
557,1,40052.726923591654
557,2,40517.891054067084
557,3,40754.29246044397
557,4,40906.22243551289
557,5,41083.041593860566
557,6,41351.7147033635
557,7,41236.10177057295
557,8,41151.537628578706
557,9,23600.9921381764
558,1,38415.03994740573
558,2,38034.198861597215
558,3,37751.786731701184
558,4,37775.43625014218
558,5,37302.14026823718
558,6,37145.42549103258
558,7,37330.878143186346
558,8,36959.61435607176
558,9,21200.83496768481
559,1,35252.77828915846
559,2,35964.29275524145
559,3,36303.606964523824
559,4,35877.73415877772
559,5,36493.450016541115
559,6,36506.94962395931
559,7,36876.85105564661
559,8,36770.80578135073
559,9,21104.067629402383
560,1,38161.223186632094
560,2,37568.948349814484
560,3,36176.292370418596
560,4,36739.62327491456
560,5,36804.17606336724
560,6,37543.60088413062
560,7,36179.51732486368
560,8,36482.04143132596
560,9,20895.337169229213
561,1,40976.14607324821
561,2,40827.55679654297
561,3,41177.476482163285
561,4,41475.12252354821
561,5,41417.98731714808
561,6,41111.96923750468
561,7,41114.99916608527
561,8,41189.45901838462
561,9,23495.71005842704
562,1,42449.05148866563
562,2,42651.7966075519
562,3,42728.11026393528
562,4,42839.68564398552
562,5,42671.16814117357
562,6,42878.95059747502
562,7,42719.11625877032
562,8,42766.40982468169
562,9,24526.8598109597
563,1,54189.33537968219
563,2,53819.011948898406
563,3,53760.01174018359
563,4,54073.41222913934
563,5,53702.436072908495
563,6,53323.58350940125
563,7,53037.443744929755
563,8,53540.173221065124
563,9,30588.39087373737
564,1,53297.31662957053
564,2,52985.904186862674
564,3,53100.70076220108
564,4,53147.989255288514
564,5,53190.17699205686
564,6,52704.46648490031
564,7,53026.602073814116
564,8,52802.708498829794
564,9,30346.64746298502
565,1,30197.593055304755
565,2,30467.704838029535
565,3,29900.301443306966
565,4,29631.83687148865
565,5,29083.120644771654
565,6,28769.790287105745
565,7,28603.94139219615
565,8,28399.32327503678
565,9,16210.963707105844
566,1,36778.442817873
566,2,36611.716165975886
566,3,36613.31597415231
566,4,36652.62989407695
566,5,36424.74626369465
566,6,36557.39452103627
566,7,36685.589259781256
566,8,36562.880707576674
566,9,20862.83982513753
567,1,41071.92216924322
567,2,41005.58189488631
567,3,41259.557436568495
567,4,41767.66839917773
567,5,41649.38392429291
567,6,41697.32738303589
567,7,41527.00326821732
567,8,41540.50591283969
567,9,23778.953058978364
568,1,40456.23018275357
568,2,40268.87594201534
568,3,40053.614521478674
568,4,40273.843709641005
568,5,40337.756408292604
568,6,40319.68756741703
568,7,40122.77221436792
568,8,40160.542523299366
568,9,23049.700264055984
569,1,40774.78182067906
569,2,41303.74244451681
569,3,41631.30811603175
569,4,41226.29488152791
569,5,41071.12730548204
569,6,41043.56291397019
569,7,41433.69220747376
569,8,41431.21061139736
569,9,23743.799726928355
570,1,51446.144033654964
570,2,51289.40848533352
570,3,51100.475498906126
570,4,51395.812064771104
570,5,50734.03416290135
570,6,51198.710007696005
570,7,50918.75313716385
570,8,51236.97191108006
570,9,29082.646391148595
571,1,53863.740097701615
571,2,53149.505620910764
571,3,52565.03493839883
571,4,53271.64988705552
571,5,53694.355527776555
571,6,53731.71502644107
571,7,53089.14836183539
571,8,53655.91744391795
571,9,30883.94050162615
572,1,47876.555059786304
572,2,46979.66629591499
572,3,46534.71155473892
572,4,46834.51542011123
572,5,46516.169343125155
572,6,46238.45744240645
572,7,46178.239159592114
572,8,46584.25221744359
572,9,26516.455850851555
573,1,51657.56136160582
573,2,51152.764792698275
573,3,51249.27169064757
573,4,51417.60442767334
573,5,50907.16463221385
573,6,51257.192530404325
573,7,50877.77166086764
573,8,51144.31043510992
573,9,28941.185247124966
574,1,18835.122511342026
574,2,19220.899375076286
574,3,19690.827139176363
574,4,19831.79609868398
574,5,20204.005957866095
574,6,20509.976638161
574,7,21381.218950730112
574,8,21135.715181588228
574,9,11986.284679404553
575,1,39933.33980514333
575,2,39852.073631302046
575,3,39424.32638093521
575,4,39617.01570405556
575,5,39954.82413727148
575,6,40079.5771064878
575,7,39213.56721169742
575,8,39420.6398706842
575,9,22705.30322756841
576,1,37846.03476190435
576,2,37421.477536160055
576,3,37403.45643387849
576,4,37786.77650393989
576,5,37744.048337835775
576,6,37895.257302814665
576,7,37832.80025087878
576,8,38090.33521045636
576,9,21763.265805058436
577,1,41695.597543916316
577,2,41511.795833986034
577,3,41534.40949137038
577,4,41872.0549458554
577,5,41600.89683073065
577,6,42040.73717198373
577,7,41873.044777234376
577,8,42200.88229596533
577,9,24085.599641032222
578,1,42407.6996934549
578,2,42283.60878283932
578,3,41913.12259167457
578,4,42126.68758382049
578,5,42548.49324185587
578,6,42516.16234361012
578,7,41884.79832511093
578,8,41771.1601017569
578,9,23798.94274550552
579,1,20582.61303384374
579,2,21032.24706188672
579,3,20877.918376034308
579,4,21125.494745402782
579,5,21447.545306299286
579,6,21988.480820327237
579,7,21212.49259570808
579,8,21146.58458177893
579,9,12064.04413604823
580,1,46783.4129388795
580,2,46562.168114457025
580,3,46333.39960477614
580,4,46718.626024903584
580,5,46541.93401602191
580,6,46745.440081542874
580,7,46444.3235729603
580,8,46680.61189223326
580,9,26667.745531676952
581,1,47729.78872143662
581,2,47837.33140262858
581,3,48015.19153242563
581,4,47878.84602419233
581,5,47923.98190815138
581,6,47774.699360341074
581,7,47806.47318626505
581,8,47799.30009513914
581,9,27131.88244964495
582,1,45307.57301163807
582,2,45878.3599611121
582,3,45889.336393680744
582,4,45733.21278104501
582,5,45908.46121798315
582,6,45668.836189933834
582,7,45630.94509814008
582,8,45636.68399605311
582,9,26226.32166681853
583,1,27809.597178510503
583,2,28180.18462609951
583,3,28118.21692378623
583,4,28743.151832155385
583,5,28759.04998304078
583,6,29763.955295001724
583,7,29454.465615139907
583,8,29437.788028188428
583,9,16823.47112030822
584,1,40189.76460595463
584,2,39692.86761186691
584,3,39486.45200712685
584,4,39856.06287569612
584,5,39775.50875583295
584,6,39718.18188449739
584,7,39392.8230197929
584,8,39547.60191642681
584,9,22475.43491440927
585,1,40890.97008245515
585,2,41099.69281900598
585,3,41119.25457004705
585,4,40633.20896961951
585,5,40700.07580288253
585,6,40103.54793702257
585,7,40359.81825132629
585,8,39897.77076538383
585,9,22655.092835306794
586,1,45891.66033550397
586,2,45947.59729544759
586,3,46591.81751435999
586,4,46945.02565996754
586,5,46899.95215188215
586,6,47106.75409157411
586,7,47329.755001302525
586,8,47438.23007391204
586,9,26965.31484695436
587,1,35926.41387298325
587,2,36372.10912842759
587,3,36087.03318652143
587,4,35966.71781720164
587,5,36253.4790848744
587,6,36658.696949924466
587,7,36128.48367787345
587,8,35872.77965052319
587,9,20422.04799584626
588,1,21026.457572774976
588,2,22286.635251032098
588,3,23242.621314967593
588,4,22587.621648571694
588,5,23330.928267353203
588,6,23444.917725314615
588,7,23794.007520562103
588,8,23072.79005224463
588,9,12847.049098924563
589,1,37390.11661108626
589,2,37857.543132706836
589,3,37621.16996389611
589,4,37265.46113570352
589,5,37313.059833507374
589,6,37107.53491402538
589,7,37162.50442921664
589,8,36891.05167997554
589,9,21039.6328502307
590,1,47645.12510436482
590,2,47360.19085608839
590,3,47183.98889895815
590,4,47736.184251636165
590,5,47496.3124178459
590,6,47848.52315841796
590,7,47728.34659766818
590,8,48092.252643190455
590,9,27292.60933477741
591,1,46679.49351286216
591,2,46388.73098335589
591,3,46695.799495798026
591,4,46924.743049836055
591,5,46823.312416564964
591,6,46320.03915996194
591,7,45604.567266129925
591,8,45855.16118062963
591,9,26254.963085089308
592,1,26562.747606626694
592,2,27378.676501106285
592,3,27946.697546277046
592,4,27616.23099587637
592,5,27985.714953018884
592,6,27869.211390784156
592,7,28027.290611008102
592,8,27681.026368822597
592,9,15711.796605293954
593,1,40663.443300170045
593,2,38858.549694088186
593,3,37474.19240663934
593,4,36870.25534327334
593,5,36386.88000127011
593,6,36176.36654902552
593,7,36086.10615231776
593,8,36459.0312059512
593,9,20714.71644156192
594,1,43262.50990985884
594,2,43389.762928180746
594,3,43771.79426212661
594,4,44061.14057991074
594,5,44232.34397490589
594,6,44400.33758463057
594,7,44171.733801077105
594,8,44339.7180164415
594,9,25441.537875845715
595,1,40755.330597952576
595,2,40699.74842196085
595,3,41007.44021326552
595,4,40860.71674429504
595,5,40578.0129510289
595,6,40742.69764757087
595,7,41277.96153020218
595,8,41144.925280551666
595,9,23320.445313892
596,1,40218.845652373
596,2,40367.114964024346
596,3,40438.16065358023
596,4,40843.38480827993
596,5,41325.23338313708
596,6,41374.782090013985
596,7,40911.758776338116
596,8,40898.037163218105
596,9,23528.826145641404
597,1,43234.084033568506
597,2,42854.67388474317
597,3,42643.82430953743
597,4,42778.465428548225
597,5,42974.5649051903
597,6,42990.16864302782
597,7,42924.33162764723
597,8,42791.939911927846
597,9,24474.77630278065
598,1,31145.93080938195
598,2,30324.58822239003
598,3,29602.690329370307
598,4,29337.339004715504
598,5,28123.350640022873
598,6,27837.66984566033
598,7,26817.645094085517
598,8,26650.286036784724
598,9,14880.790900676337
599,1,39493.34622441723
599,2,39759.15905714146
599,3,39738.39917024877
599,4,39479.2330052193
599,5,39182.48020141546
599,6,39304.59286926057
599,7,39528.84280696236
599,8,39524.8134027389
599,9,22354.023656788933
600,1,51892.99997748287
600,2,51447.144824406634
600,3,51350.24584161006
600,4,51226.80595002625
600,5,51357.793985179844
600,6,50455.58005995531
600,7,50885.93487800058
600,8,51060.59188948841
600,9,29365.175325394383
601,1,35382.8747731326
601,2,35635.06532518349
601,3,35928.75880409991
601,4,35902.87904567007
601,5,35900.04203551309
601,6,36141.05459464079
601,7,36060.57833474119
601,8,35712.613709051875
601,9,20279.37495346498
602,1,37281.68505913662
602,2,37491.72231267488
602,3,37501.23978011987
602,4,37444.30787207078
602,5,37506.58970466182
602,6,37595.591852633595
602,7,37493.75599768951
602,8,37434.21291972895
602,9,21077.09710414365
603,1,39565.31708359561
603,2,39529.86236351309
603,3,39777.04485779312
603,4,39680.75006884845
603,5,39585.98360388444
603,6,39508.72904888399
603,7,39701.9445073396
603,8,39670.17225889277
603,9,22611.503434337385
604,1,41749.53731493718
604,2,42015.16518474453
604,3,42609.81854648666
604,4,42887.80825126002
604,5,42754.90413581395
604,6,42825.42712107079
604,7,42863.783994080455
604,8,43113.20935560343
604,9,24637.508220843167
605,1,37299.90415854757
605,2,37227.63250523791
605,3,37690.259722419054
605,4,37220.862594663166
605,5,37261.67533281005
605,6,37266.58087731385
605,7,37396.69984802864
605,8,37082.73606113761
605,9,21076.78403919393
606,1,21423.428662076964
606,2,23010.266928395402
606,3,22876.401839898346
606,4,22511.499499283047
606,5,22940.56594897273
606,6,23600.800499080593
606,7,24225.094968218884
606,8,23556.094233179
606,9,13757.81799094239
607,1,46728.303183876604
607,2,46320.121913920695
607,3,46369.98692122227
607,4,46680.11037900423
607,5,46123.448484261666
607,6,46318.99313319026
607,7,46421.21083097909
607,8,46950.35256239652
607,9,26588.484934973996
608,1,41559.19780522667
608,2,41767.67536127615
608,3,42363.152517766495
608,4,42147.57135295882
608,5,42173.85670993097
608,6,41284.349483407015
608,7,42088.09526460573
608,8,41980.96595703266
608,9,24019.132020262492
609,1,47795.95753584731
609,2,47455.19204143683
609,3,47438.65962841743
609,4,47178.3474120785
609,5,46981.44948129403
609,6,47034.32758925167
609,7,46676.181080478535
609,8,46446.34774340113
609,9,26484.572253330924
610,1,29657.792675864835
610,2,30456.06547596278
610,3,30936.288286876046
610,4,30786.241432603172
610,5,31057.21403146382
610,6,31492.825742917492
610,7,30878.773045731316
610,8,30804.491597102424
610,9,17603.900094939996
611,1,51842.36343550726
611,2,51515.32561285115
611,3,51611.2419375841
611,4,51588.817470123744
611,5,51497.79245354776
611,6,51154.55043728352
611,7,51425.826518614114
611,8,51498.02763212459
611,9,29356.11222641936
612,1,40096.53615204486
612,2,40891.407195140026
612,3,41499.84811613817
612,4,41062.289179801046
612,5,41358.25558427947
612,6,40990.191543201676
612,7,40031.50395872163
612,8,39730.937333487156
612,9,22470.323702080343
613,1,44865.564440996786
613,2,43917.92929550685
613,3,43445.54978566301
613,4,43718.95542916702
613,5,43333.387292578605
613,6,43405.83095160959
613,7,42958.41791396956
613,8,42731.85808501972
613,9,23943.502821561997
614,1,50817.41147264345
614,2,50413.317775873395
614,3,50150.56863107923
614,4,50580.82610755381
614,5,50819.4912752012
614,6,50598.25260823946
614,7,50223.12761780776
614,8,50418.65844666707
614,9,29124.706118684382
615,1,17100.049822686575
615,2,18305.42571627921
615,3,19498.757488245166
615,4,19610.199348933646
615,5,19668.25105083783
615,6,20312.507688680176
615,7,20953.827929170595
615,8,20559.125637336012
615,9,11545.597187272804
616,1,35891.4637376076
616,2,36479.41973307846
616,3,36489.072574407735
616,4,36354.23958792788
616,5,36727.69762067682
616,6,36938.7324933445
616,7,37279.43984449541
616,8,36719.65532432116
616,9,21171.150316338622
617,1,44412.88484866392
617,2,44729.460430403036
617,3,44992.236624790894
617,4,44918.08005491877
617,5,45088.49534910725
617,6,44914.87544695928
617,7,45260.15049663089
617,8,45001.67223922968
617,9,25706.07613945719
618,1,34636.17461321547
618,2,34492.32715829617
618,3,34572.95530158648
618,4,34459.68175792625
618,5,34045.660729797484
618,6,33908.28411548323
618,7,33788.34603338484
618,8,33792.601510466426
618,9,19389.971192467798
619,1,31076.449377649464
619,2,31706.81705839951
619,3,32461.329346745406
619,4,32225.17821175401
619,5,32279.25136670893
619,6,32516.934293948303
619,7,32400.27945266314
619,8,32100.53132624304
619,9,18156.02694032936
620,1,39232.74154600283
620,2,38967.82398976161
620,3,39112.0673752423
620,4,39141.64866375386
620,5,39247.19160034172
620,6,39077.505032660854
620,7,39116.73660332068
620,8,39334.70316310138
620,9,22475.879742824338
621,1,43725.78628927275
621,2,44090.35553569408
621,3,43979.18474036675
621,4,43916.150725836225
621,5,43721.74737983895
621,6,44063.288447730636
621,7,43774.15603877513
621,8,43930.15919382577
621,9,25004.140997081562
622,1,43605.87416526681
622,2,43666.539335840906
622,3,43619.22698324223
622,4,43734.31979467469
622,5,44031.15290801617
622,6,43541.69012810372
622,7,43616.4362271591
622,8,43620.369150792096
622,9,24996.429190364408
623,1,49821.660299714786
623,2,49156.32339328459
623,3,49094.51884648201
623,4,49087.04846828147
623,5,48832.47919629838
623,6,48290.720524450364
623,7,48049.669486682
623,8,48136.03137829841
623,9,27342.866361458444
624,1,35487.979605811226
624,2,36469.98679963058
624,3,38720.37750042883
624,4,38303.18186066143
624,5,37579.20774178666
624,6,37573.997306691075
624,7,39538.556682941715
624,8,39346.46728599211
624,9,22142.471626168983
625,1,42046.105654866195
625,2,41439.816961951925
625,3,41623.82256673298
625,4,42035.98054782447
625,5,41441.732128741
625,6,41296.93930020744
625,7,41387.03580185404
625,8,41715.690890930404
625,9,23205.117357231167
626,1,44437.08729750043
626,2,43996.37935810624
626,3,43848.93542992486
626,4,44294.40928595211
626,5,44506.69074911601
626,6,44611.655715664245
626,7,44219.107509419104
626,8,44457.226150554576
626,9,25343.908001205593
627,1,45820.95064499292
627,2,45041.69361884855
627,3,44320.70823767132
627,4,44075.02835242519
627,5,43342.40055341323
627,6,42751.06372015657
627,7,42412.7456674767
627,8,42434.531191255766
627,9,24252.356615231405
628,1,45698.334094979095
628,2,45394.78063509507
628,3,44636.31606969227
628,4,44635.759663910794
628,5,45200.77152327822
628,6,45394.763618594116
628,7,44912.58505748047
628,8,44599.4650152455
628,9,25599.496781342532
629,1,27007.29529857068
629,2,27155.83824264751
629,3,27319.083883132927
629,4,27170.58895265764
629,5,27387.457401971467
629,6,27642.074802234754
629,7,28206.669144267275
629,8,28083.689309575795
629,9,16126.575898947927
630,1,38932.73045916083
630,2,38827.025704325424
630,3,38865.16890942524
630,4,38910.38308813884
630,5,38496.45202830622
630,6,38274.195317278005
630,7,38315.12182222562
630,8,38283.790936365964
630,9,22034.14749184948
631,1,41057.08272107844
631,2,41407.806070167775
631,3,41181.54639745553
631,4,40838.33235927864
631,5,40942.17223305223
631,6,41180.45440659776
631,7,41169.20649922374
631,8,41032.08260370941
631,9,23243.448857686217
632,1,44439.8357646817
632,2,44801.93917221139
632,3,45173.53926541621
632,4,45164.539214881515
632,5,45642.552010469604
632,6,45904.445642969345
632,7,46939.07805921055
632,8,46963.89319594832
632,9,26989.703951132786
633,1,47928.246581878615
633,2,47556.69826458784
633,3,47819.51361018411
633,4,48131.60601343319
633,5,47509.40609903662
633,6,47390.199365595836
633,7,48497.86093875574
633,8,48630.847461245685
633,9,27648.08508761587
634,1,39181.01172345616
634,2,38221.33423268038
634,3,38390.36148191196
634,4,38389.50887993142
634,5,38002.84280191713
634,6,37503.3078679337
634,7,37203.67112436333
634,8,37828.564557662794
634,9,21483.937478276373
635,1,41251.64524993086
635,2,41057.69131316637
635,3,40627.32243305154
635,4,40514.064714402135
635,5,40430.153206145755
635,6,40449.239306446114
635,7,40456.960751321625
635,8,40470.68781147078
635,9,23156.001394166986
636,1,42446.57386687605
636,2,42127.460915510084
636,3,41973.09422790836
636,4,42246.668727689634
636,5,42201.59812079703
636,6,42444.81044964317
636,7,42078.92340386717
636,8,42002.45164594525
636,9,23907.01051158501
637,1,44247.98785213249
637,2,44125.72320798657
637,3,43841.897557774864
637,4,44273.29254358426
637,5,44347.31176918665
637,6,44788.26103521249
637,7,44376.3527057527
637,8,44384.46618378563
637,9,25493.92105132498
638,1,46591.710668117856
638,2,46367.12933461522
638,3,45971.93878440982
638,4,46531.61726998866
638,5,46405.45875086792
638,6,46871.19134485476
638,7,46483.42271660405
638,8,46656.87142415307
638,9,26574.23447330962
639,1,27178.670955012636
639,2,27108.304556153184
639,3,26518.334375877024
639,4,26165.311831033043
639,5,25626.677796039545
639,6,25847.198959745743
639,7,25645.901639568918
639,8,25168.743816354592
639,9,14078.796275219904
640,1,33880.58578509095
640,2,33999.06479190151
640,3,34088.111402982024
640,4,34156.921038287204
640,5,33798.09299162906
640,6,33686.500473301974
640,7,33737.6168359623
640,8,33641.560115734625
640,9,19072.30669188744
641,1,37141.87992220656
641,2,37281.146204602206
641,3,37296.06184320394
641,4,36645.61980849608
641,5,36464.17542792282
641,6,36300.58348468672
641,7,36183.096284120744
641,8,36001.25205946709
641,9,20494.756914431724
642,1,39483.33966631271
642,2,39258.148118134646
642,3,38821.768482878426
642,4,38720.260085117254
642,5,38855.86095585472
642,6,39532.62668125162
642,7,39003.361749933974
642,8,38744.65648812104
642,9,22212.510102140128
643,1,28789.431259632394
643,2,30013.186844920147
643,3,30365.454852635463
643,4,29724.09747220718
643,5,29926.97576457123
643,6,30240.47865800709
643,7,30402.634735738146
643,8,29903.275133275187
643,9,16806.687712731356
644,1,44094.29060802518
644,2,42462.81324558187
644,3,41787.15376013168
644,4,41873.55514461344
644,5,42368.87643210935
644,6,42420.844524959735
644,7,42362.40616535941
644,8,42350.382511045944
644,9,24256.96370840266
645,1,38684.38391495614
645,2,38130.70846349779
645,3,38029.38325175208
645,4,38108.080538711285
645,5,38182.44529843063
645,6,38419.46345255405
645,7,38789.87437454085
645,8,38583.034773290405
645,9,22177.593099552803
646,1,44495.338704079295
646,2,44682.43040293257
646,3,44859.35678898418
646,4,44971.24405087542
646,5,44671.40831231537
646,6,44714.94568952813
646,7,45064.96725499149
646,8,44946.87044685323
646,9,25870.589065733126
647,1,49764.08180700098
647,2,49416.63778373356
647,3,49360.325936964844
647,4,49365.88522567297
647,5,49387.31531019575
647,6,49279.18411776584
647,7,49103.987317981395
647,8,49207.56948536665
647,9,27964.595150879948
648,1,15036.40960652932
648,2,16137.19141897852
648,3,17187.320708695348
648,4,16936.504755952912
648,5,16662.672879009606
648,6,17531.125287859188
648,7,18355.668289203713
648,8,18304.2289961339
648,9,9958.222384348268
649,1,40489.52060162341
649,2,40490.20528074373
649,3,40553.66468416651
649,4,40489.3607973099
649,5,40392.4073658926
649,6,41311.6293393052
649,7,40794.37211550788
649,8,40727.54484569555
649,9,23045.430414783244
650,1,43759.21228711397
650,2,42957.44346107987
650,3,42022.085905182765
650,4,42825.89064730886
650,5,42634.446508038025
650,6,42876.7579574822
650,7,42048.884239356696
650,8,42414.797466415745
650,9,24369.64209502297
651,1,33137.04164420724
651,2,34087.518267935724
651,3,34736.16689657067
651,4,34214.61555367748
651,5,34609.36421000514
651,6,34637.183704290204
651,7,35480.892520646405
651,8,34635.13777668572
651,9,19926.2298883647
652,1,32018.97271944717
652,2,32385.517627029723
652,3,32164.734484825523
652,4,32257.633779690772
652,5,32676.93524781442
652,6,32821.84892407538
652,7,33433.99077290801
652,8,33250.51024535686
652,9,19213.90496310738
653,1,54110.38953899741
653,2,53888.82201807802
653,3,53430.06274304616
653,4,53600.45045854801
653,5,53878.56568564046
653,6,53701.703411386254
653,7,52763.507139472975
653,8,52838.58478301498
653,9,30267.13284592026
654,1,45429.874403688125
654,2,44915.37048840107
654,3,44641.066367276675
654,4,45219.831585389475
654,5,45436.69984359058
654,6,45284.51785680162
654,7,45289.46111478164
654,8,45500.18832037284
654,9,26073.612621601995
655,1,50112.35054765657
655,2,49705.625810173085
655,3,49336.07180100848
655,4,49751.611732430814
655,5,49761.718970962655
655,6,49707.148772754124
655,7,49208.222449447276
655,8,49487.12316098307
655,9,28629.729124528556
656,1,55057.74087094349
656,2,55328.03126418738
656,3,56379.192097299754
656,4,56162.872206848406
656,5,56068.53240992779
656,6,55137.20961007397
656,7,56040.21759317185
656,8,55878.48145963625
656,9,32026.843994287337
657,1,22621.510010370064
657,2,25872.078058709445
657,3,26780.408069975805
657,4,26071.077376664314
657,5,26862.482820219593
657,6,26694.60522503549
657,7,26167.65587156322
657,8,24224.391298288316
657,9,14131.355417635663
658,1,44382.60210474067
658,2,44665.382751771256
658,3,45221.04152116507
658,4,44860.03062570039
658,5,44939.48258434902
658,6,44420.93960079528
658,7,45491.90003506993
658,8,45180.33558712596
658,9,25879.26604567365
659,1,40759.25965799161
659,2,40797.22046825132
659,3,41245.356482209456
659,4,40920.85635883064
659,5,40878.1544940765
659,6,40713.40928662978
659,7,41353.194575442445
659,8,41394.209231306646
659,9,23572.67212878643
660,1,46023.849466658416
660,2,45318.29753926508
660,3,45406.83086492308
660,4,45425.381204909136
660,5,45027.631053952005
660,6,44850.123918122415
660,7,45078.85669614751
660,8,45543.40340892097
660,9,25785.490389312334
661,1,27061.9519036624
661,2,28047.873357900222
661,3,28554.072289842778
661,4,28616.281995595233
661,5,28973.829611772293
661,6,30060.971449054407
661,7,30645.021974077226
661,8,30325.504735252718
661,9,17227.02602187391
662,1,44766.059766335384
662,2,44523.612502261145
662,3,44657.1109028889
662,4,45089.40120845132
662,5,44995.7072952751
662,6,44915.19545647935
662,7,44861.683621050855
662,8,45186.05931891683
662,9,25563.0244737881
663,1,40498.38905167789
663,2,40522.07984696938
663,3,40866.86028487364
663,4,40807.406222866455
663,5,40444.51934524259
663,6,39631.40137102582
663,7,39988.52006227338
663,8,39474.499492257775
663,9,22308.076703046194
664,1,37090.59965642422
664,2,37042.44535392046
664,3,37444.13069941607
664,4,37546.43287402452
664,5,37435.70744695206
664,6,37502.16329573774
664,7,37643.09905561265
664,8,37718.175888871876
664,9,21455.811554599295
665,1,36434.41203975539
665,2,36650.515740327886
665,3,36814.010982036656
665,4,36566.9322259553
665,5,36722.61062720729
665,6,36839.73659000884
665,7,37164.09827292201
665,8,36970.21984613655
665,9,21088.419389289964
666,1,22302.441827281913
666,2,23257.844411086426
666,3,23623.176715997564
666,4,23561.628561465128
666,5,24025.39131900222
666,6,24028.13429480913
666,7,23442.515122220513
666,8,23546.503659444606
666,9,13408.455076622617
667,1,36840.21592440268
667,2,36870.89022785906
667,3,36836.68777268645
667,4,36678.214659362304
667,5,36073.9217850058
667,6,35848.883880550755
667,7,37138.989730673784
667,8,37277.483005124894
667,9,21078.74706221531
668,1,43259.65029706372
668,2,43314.39993744981
668,3,43112.3458985914
668,4,42997.15551377825
668,5,43447.65903027282
668,6,43450.705123051484
668,7,43237.21307453904
668,8,43134.63588629688
668,9,24501.600653348985
669,1,44126.73307406696
669,2,43380.67705004621
669,3,43343.562019410434
669,4,42974.99905309514
669,5,43562.14700441934
669,6,42796.14426742668
669,7,43106.79645272652
669,8,43043.348611133755
669,9,25088.11617833886
670,1,50793.26191034045
670,2,50506.58188579442
670,3,50282.77167624117
670,4,50475.2211854231
670,5,50449.376912513515
670,6,50657.610112987415
670,7,49932.43862533651
670,8,50074.045838335755
670,9,28665.373669015156
671,1,46963.11398337169
671,2,46460.872772317474
671,3,45892.073555648734
671,4,46227.41696694386
671,5,46534.128758708146
671,6,46606.986931212654
671,7,45930.412259245546
671,8,45984.36069122591
671,9,26259.64457342582
672,1,45683.13007755624
672,2,45512.6104909079
672,3,45470.24869544356
672,4,45250.17400138285
672,5,45440.11615743922
672,6,45225.124043325995
672,7,45240.97823033149
672,8,45336.82933102518
672,9,25822.420842509884
673,1,44898.24293351856
673,2,44853.215183082306
673,3,44958.04933462181
673,4,45032.15271538619
673,5,44983.41314845713
673,6,44744.473336180934
673,7,45063.76060158473
673,8,44802.854325950684
673,9,25618.21467669352
674,1,42583.038969798254
674,2,42683.78278972214
674,3,42398.833349907945
674,4,42433.40429058565
674,5,42402.43417072971
674,6,42529.43577557135
674,7,42137.94655109191
674,8,42215.30366019255
674,9,23882.670921796456
675,1,36687.06385502786
675,2,36994.64355725526
675,3,37120.911069807866
675,4,36954.81109556186
675,5,37254.60856915389
675,6,37234.411016519574
675,7,37487.0002105149
675,8,37399.423930064506
675,9,21313.955811055916
676,1,35538.53292550654
676,2,35707.75004083426
676,3,36091.447504490854
676,4,35904.33635747223
676,5,35877.24664855511
676,6,35170.76196704102
676,7,34931.97997473243
676,8,34673.21585449419
676,9,19605.765512184735
